INSERT INTO venues (id, name) VALUES (10003, 'Venue10003');
INSERT INTO items (id, venue_id, name) VALUES (12201, 10003, 'Space12057');
INSERT INTO spaces (id, item_id, hour_price) VALUES (12057, 12201, 0);
INSERT INTO items (id, venue_id, name) VALUES (12202, 10003, 'Space12058');
INSERT INTO spaces (id, item_id, hour_price) VALUES (12058, 12202, 0);
INSERT INTO items (id, venue_id, name) VALUES (12203, 10003, 'Space12059');
INSERT INTO spaces (id, item_id, hour_price) VALUES (12059, 12203, 0);
INSERT INTO items (id, venue_id, name) VALUES (12204, 10003, 'Space12060');
INSERT INTO spaces (id, item_id, hour_price) VALUES (12060, 12204, 0);
INSERT INTO items (id, venue_id, name) VALUES (12205, 10003, 'Space12061');
INSERT INTO spaces (id, item_id, hour_price) VALUES (12061, 12205, 0);
INSERT INTO items (id, venue_id, name) VALUES (12206, 10003, 'Space12062');
INSERT INTO spaces (id, item_id, hour_price) VALUES (12062, 12206, 0);
INSERT INTO items (id, venue_id, name) VALUES (12207, 10003, 'Product10143');
INSERT INTO products (id, item_id, price) VALUES (10143, 12207, 0);
INSERT INTO items (id, venue_id, name) VALUES (12208, 10003, 'Space12063');
INSERT INTO spaces (id, item_id, hour_price) VALUES (12063, 12208, 7.5);
INSERT INTO items (id, venue_id, name) VALUES (12210, 10003, 'Space12065');
INSERT INTO spaces (id, item_id, hour_price) VALUES (12065, 12210, 35);
INSERT INTO items (id, venue_id, name) VALUES (14187, 10003, 'Space13689');
INSERT INTO spaces (id, item_id, hour_price) VALUES (13689, 14187, 20);
INSERT INTO items (id, venue_id, name) VALUES (14188, 10003, 'Product10497');
INSERT INTO products (id, item_id, price) VALUES (10497, 14188, 0);
INSERT INTO venues (id, name) VALUES (10009, 'Venue10009');
INSERT INTO items (id, venue_id, name) VALUES (12212, 10009, 'Space12067');
INSERT INTO spaces (id, item_id, hour_price) VALUES (12067, 12212, 0);
INSERT INTO items (id, venue_id, name) VALUES (12213, 10009, 'Space12068');
INSERT INTO spaces (id, item_id, hour_price) VALUES (12068, 12213, 0);
INSERT INTO items (id, venue_id, name) VALUES (12214, 10009, 'Space12069');
INSERT INTO spaces (id, item_id, hour_price) VALUES (12069, 12214, 0);
INSERT INTO items (id, venue_id, name) VALUES (12215, 10009, 'Space12070');
INSERT INTO spaces (id, item_id, hour_price) VALUES (12070, 12215, 0);
INSERT INTO items (id, venue_id, name) VALUES (12216, 10009, 'Space12071');
INSERT INTO spaces (id, item_id, hour_price) VALUES (12071, 12216, 0);
INSERT INTO items (id, venue_id, name) VALUES (12217, 10009, 'Space12072');
INSERT INTO spaces (id, item_id, hour_price) VALUES (12072, 12217, 0);
INSERT INTO items (id, venue_id, name) VALUES (12218, 10009, 'Product10144');
INSERT INTO products (id, item_id, price) VALUES (10144, 12218, 4);
INSERT INTO items (id, venue_id, name) VALUES (12219, 10009, 'Product10145');
INSERT INTO products (id, item_id, price) VALUES (10145, 12219, 8);
INSERT INTO items (id, venue_id, name) VALUES (12220, 10009, 'Space12073');
INSERT INTO spaces (id, item_id, hour_price) VALUES (12073, 12220, 4);
INSERT INTO items (id, venue_id, name) VALUES (12221, 10009, 'Space12074');
INSERT INTO spaces (id, item_id, hour_price) VALUES (12074, 12221, 17.5);
INSERT INTO items (id, venue_id, name) VALUES (12223, 10009, 'Space12076');
INSERT INTO spaces (id, item_id, hour_price) VALUES (12076, 12223, 10);
INSERT INTO items (id, venue_id, name) VALUES (14184, 10009, 'Product10494');
INSERT INTO products (id, item_id, price) VALUES (10494, 14184, 0);
INSERT INTO items (id, venue_id, name) VALUES (14185, 10009, 'Product10495');
INSERT INTO products (id, item_id, price) VALUES (10495, 14185, 15);
INSERT INTO items (id, venue_id, name) VALUES (15730, 10009, 'Space14860');
INSERT INTO spaces (id, item_id, hour_price) VALUES (14860, 15730, 10);
INSERT INTO items (id, venue_id, name) VALUES (15892, 10009, 'Product10884');
INSERT INTO products (id, item_id, price) VALUES (10884, 15892, 2);
INSERT INTO items (id, venue_id, name) VALUES (17766, 10009, 'Product11313');
INSERT INTO products (id, item_id, price) VALUES (11313, 17766, 2.5);
INSERT INTO venues (id, name) VALUES (10019, 'Venue10019');
INSERT INTO items (id, venue_id, name) VALUES (12240, 10019, 'Space12084');
INSERT INTO spaces (id, item_id, hour_price) VALUES (12084, 12240, 0);
INSERT INTO items (id, venue_id, name) VALUES (12241, 10019, 'Space12085');
INSERT INTO spaces (id, item_id, hour_price) VALUES (12085, 12241, 0);
INSERT INTO items (id, venue_id, name) VALUES (12242, 10019, 'Space12086');
INSERT INTO spaces (id, item_id, hour_price) VALUES (12086, 12242, 0);
INSERT INTO items (id, venue_id, name) VALUES (12243, 10019, 'Space12087');
INSERT INTO spaces (id, item_id, hour_price) VALUES (12087, 12243, 0);
INSERT INTO items (id, venue_id, name) VALUES (12244, 10019, 'Space12088');
INSERT INTO spaces (id, item_id, hour_price) VALUES (12088, 12244, 0);
INSERT INTO items (id, venue_id, name) VALUES (12245, 10019, 'Space12089');
INSERT INTO spaces (id, item_id, hour_price) VALUES (12089, 12245, 0);
INSERT INTO items (id, venue_id, name) VALUES (12246, 10019, 'Product10155');
INSERT INTO products (id, item_id, price) VALUES (10155, 12246, 10);
INSERT INTO items (id, venue_id, name) VALUES (12247, 10019, 'Product10156');
INSERT INTO products (id, item_id, price) VALUES (10156, 12247, 30);
INSERT INTO items (id, venue_id, name) VALUES (12248, 10019, 'Product10157');
INSERT INTO products (id, item_id, price) VALUES (10157, 12248, 15);
INSERT INTO items (id, venue_id, name) VALUES (12249, 10019, 'Product10158');
INSERT INTO products (id, item_id, price) VALUES (10158, 12249, 2.5);
INSERT INTO items (id, venue_id, name) VALUES (12250, 10019, 'Product10159');
INSERT INTO products (id, item_id, price) VALUES (10159, 12250, 0);
INSERT INTO items (id, venue_id, name) VALUES (12251, 10019, 'Space12090');
INSERT INTO spaces (id, item_id, hour_price) VALUES (12090, 12251, 3);
INSERT INTO items (id, venue_id, name) VALUES (12252, 10019, 'Space12091');
INSERT INTO spaces (id, item_id, hour_price) VALUES (12091, 12252, 22.5);
INSERT INTO items (id, venue_id, name) VALUES (12253, 10019, 'Space12092');
INSERT INTO spaces (id, item_id, hour_price) VALUES (12092, 12253, 30);
INSERT INTO items (id, venue_id, name) VALUES (19422, 10019, 'Product12016');
INSERT INTO products (id, item_id, price) VALUES (12016, 19422, 10);
INSERT INTO venues (id, name) VALUES (10024, 'Venue10024');
INSERT INTO items (id, venue_id, name) VALUES (12254, 10024, 'Space12093');
INSERT INTO spaces (id, item_id, hour_price) VALUES (12093, 12254, 0);
INSERT INTO items (id, venue_id, name) VALUES (12255, 10024, 'Space12094');
INSERT INTO spaces (id, item_id, hour_price) VALUES (12094, 12255, 0);
INSERT INTO items (id, venue_id, name) VALUES (12256, 10024, 'Space12095');
INSERT INTO spaces (id, item_id, hour_price) VALUES (12095, 12256, 0);
INSERT INTO items (id, venue_id, name) VALUES (12257, 10024, 'Space12096');
INSERT INTO spaces (id, item_id, hour_price) VALUES (12096, 12257, 0);
INSERT INTO items (id, venue_id, name) VALUES (12258, 10024, 'Space12097');
INSERT INTO spaces (id, item_id, hour_price) VALUES (12097, 12258, 0);
INSERT INTO items (id, venue_id, name) VALUES (12259, 10024, 'Space12098');
INSERT INTO spaces (id, item_id, hour_price) VALUES (12098, 12259, 0);
INSERT INTO items (id, venue_id, name) VALUES (12260, 10024, 'Product10160');
INSERT INTO products (id, item_id, price) VALUES (10160, 12260, 20);
INSERT INTO items (id, venue_id, name) VALUES (12261, 10024, 'Space12099');
INSERT INTO spaces (id, item_id, hour_price) VALUES (12099, 12261, 15);
INSERT INTO items (id, venue_id, name) VALUES (12262, 10024, 'Space12100');
INSERT INTO spaces (id, item_id, hour_price) VALUES (12100, 12262, 39);
INSERT INTO venues (id, name) VALUES (10025, 'Venue10025');
INSERT INTO items (id, venue_id, name) VALUES (12263, 10025, 'Space12101');
INSERT INTO spaces (id, item_id, hour_price) VALUES (12101, 12263, 0);
INSERT INTO items (id, venue_id, name) VALUES (12264, 10025, 'Space12102');
INSERT INTO spaces (id, item_id, hour_price) VALUES (12102, 12264, 0);
INSERT INTO items (id, venue_id, name) VALUES (12265, 10025, 'Space12103');
INSERT INTO spaces (id, item_id, hour_price) VALUES (12103, 12265, 0);
INSERT INTO items (id, venue_id, name) VALUES (12266, 10025, 'Space12104');
INSERT INTO spaces (id, item_id, hour_price) VALUES (12104, 12266, 0);
INSERT INTO items (id, venue_id, name) VALUES (12267, 10025, 'Space12105');
INSERT INTO spaces (id, item_id, hour_price) VALUES (12105, 12267, 0);
INSERT INTO items (id, venue_id, name) VALUES (12268, 10025, 'Space12106');
INSERT INTO spaces (id, item_id, hour_price) VALUES (12106, 12268, 0);
INSERT INTO items (id, venue_id, name) VALUES (12272, 10025, 'Space12110');
INSERT INTO spaces (id, item_id, hour_price) VALUES (12110, 12272, 20);
INSERT INTO items (id, venue_id, name) VALUES (15577, 10025, 'Space14731');
INSERT INTO spaces (id, item_id, hour_price) VALUES (14731, 15577, 15);
INSERT INTO items (id, venue_id, name) VALUES (16861, 10025, 'Product11093');
INSERT INTO products (id, item_id, price) VALUES (11093, 16861, 20);
INSERT INTO items (id, venue_id, name) VALUES (19775, 10025, 'Space17605');
INSERT INTO spaces (id, item_id, hour_price) VALUES (17605, 19775, 15);
INSERT INTO items (id, venue_id, name) VALUES (25400, 10025, 'Space20433');
INSERT INTO spaces (id, item_id, hour_price) VALUES (20433, 25400, 20);
INSERT INTO venues (id, name) VALUES (10034, 'Venue10034');
INSERT INTO items (id, venue_id, name) VALUES (12310, 10034, 'Space12130');
INSERT INTO spaces (id, item_id, hour_price) VALUES (12130, 12310, 0);
INSERT INTO items (id, venue_id, name) VALUES (12311, 10034, 'Space12131');
INSERT INTO spaces (id, item_id, hour_price) VALUES (12131, 12311, 0);
INSERT INTO items (id, venue_id, name) VALUES (12312, 10034, 'Space12132');
INSERT INTO spaces (id, item_id, hour_price) VALUES (12132, 12312, 0);
INSERT INTO items (id, venue_id, name) VALUES (12313, 10034, 'Space12133');
INSERT INTO spaces (id, item_id, hour_price) VALUES (12133, 12313, 0);
INSERT INTO items (id, venue_id, name) VALUES (12314, 10034, 'Space12134');
INSERT INTO spaces (id, item_id, hour_price) VALUES (12134, 12314, 0);
INSERT INTO items (id, venue_id, name) VALUES (12315, 10034, 'Space12135');
INSERT INTO spaces (id, item_id, hour_price) VALUES (12135, 12315, 0);
INSERT INTO items (id, venue_id, name) VALUES (12316, 10034, 'Space12136');
INSERT INTO spaces (id, item_id, hour_price) VALUES (12136, 12316, 10);
INSERT INTO items (id, venue_id, name) VALUES (14190, 10034, 'Space13691');
INSERT INTO spaces (id, item_id, hour_price) VALUES (13691, 14190, 25);
INSERT INTO items (id, venue_id, name) VALUES (14191, 10034, 'Space13692');
INSERT INTO spaces (id, item_id, hour_price) VALUES (13692, 14191, 35);
INSERT INTO items (id, venue_id, name) VALUES (14194, 10034, 'Product10499');
INSERT INTO products (id, item_id, price) VALUES (10499, 14194, 28);
INSERT INTO items (id, venue_id, name) VALUES (14195, 10034, 'Product10500');
INSERT INTO products (id, item_id, price) VALUES (10500, 14195, 28);
INSERT INTO items (id, venue_id, name) VALUES (14196, 10034, 'Product10501');
INSERT INTO products (id, item_id, price) VALUES (10501, 14196, 13.5);
INSERT INTO items (id, venue_id, name) VALUES (14197, 10034, 'Product10502');
INSERT INTO products (id, item_id, price) VALUES (10502, 14197, 5);
INSERT INTO items (id, venue_id, name) VALUES (15849, 10034, 'Space14968');
INSERT INTO spaces (id, item_id, hour_price) VALUES (14968, 15849, 110);
INSERT INTO items (id, venue_id, name) VALUES (19637, 10034, 'Product12108');
INSERT INTO products (id, item_id, price) VALUES (12108, 19637, 18.5);
INSERT INTO venues (id, name) VALUES (10046, 'Venue10046');
INSERT INTO items (id, venue_id, name) VALUES (12324, 10046, 'Space12144');
INSERT INTO spaces (id, item_id, hour_price) VALUES (12144, 12324, 0);
INSERT INTO items (id, venue_id, name) VALUES (12325, 10046, 'Space12145');
INSERT INTO spaces (id, item_id, hour_price) VALUES (12145, 12325, 0);
INSERT INTO items (id, venue_id, name) VALUES (12326, 10046, 'Space12146');
INSERT INTO spaces (id, item_id, hour_price) VALUES (12146, 12326, 0);
INSERT INTO items (id, venue_id, name) VALUES (12327, 10046, 'Space12147');
INSERT INTO spaces (id, item_id, hour_price) VALUES (12147, 12327, 0);
INSERT INTO items (id, venue_id, name) VALUES (12328, 10046, 'Space12148');
INSERT INTO spaces (id, item_id, hour_price) VALUES (12148, 12328, 0);
INSERT INTO items (id, venue_id, name) VALUES (12329, 10046, 'Space12149');
INSERT INTO spaces (id, item_id, hour_price) VALUES (12149, 12329, 0);
INSERT INTO items (id, venue_id, name) VALUES (12330, 10046, 'Space12150');
INSERT INTO spaces (id, item_id, hour_price) VALUES (12150, 12330, 5);
INSERT INTO items (id, venue_id, name) VALUES (12333, 10046, 'Space12153');
INSERT INTO spaces (id, item_id, hour_price) VALUES (12153, 12333, 50);
INSERT INTO items (id, venue_id, name) VALUES (12334, 10046, 'Space12154');
INSERT INTO spaces (id, item_id, hour_price) VALUES (12154, 12334, 15);
INSERT INTO items (id, venue_id, name) VALUES (14175, 10046, 'Product10488');
INSERT INTO products (id, item_id, price) VALUES (10488, 14175, 0);
INSERT INTO items (id, venue_id, name) VALUES (14176, 10046, 'Product10489');
INSERT INTO products (id, item_id, price) VALUES (10489, 14176, 17.5);
INSERT INTO items (id, venue_id, name) VALUES (14177, 10046, 'Product10490');
INSERT INTO products (id, item_id, price) VALUES (10490, 14177, 7.5);
INSERT INTO items (id, venue_id, name) VALUES (14178, 10046, 'Product10491');
INSERT INTO products (id, item_id, price) VALUES (10491, 14178, 15);
INSERT INTO items (id, venue_id, name) VALUES (18779, 10046, 'Product11775');
INSERT INTO products (id, item_id, price) VALUES (11775, 18779, 25);
INSERT INTO venues (id, name) VALUES (10052, 'Venue10052');
INSERT INTO items (id, venue_id, name) VALUES (12335, 10052, 'Space12155');
INSERT INTO spaces (id, item_id, hour_price) VALUES (12155, 12335, 0);
INSERT INTO items (id, venue_id, name) VALUES (12336, 10052, 'Space12156');
INSERT INTO spaces (id, item_id, hour_price) VALUES (12156, 12336, 0);
INSERT INTO items (id, venue_id, name) VALUES (12337, 10052, 'Space12157');
INSERT INTO spaces (id, item_id, hour_price) VALUES (12157, 12337, 0);
INSERT INTO items (id, venue_id, name) VALUES (12338, 10052, 'Space12158');
INSERT INTO spaces (id, item_id, hour_price) VALUES (12158, 12338, 0);
INSERT INTO items (id, venue_id, name) VALUES (12339, 10052, 'Space12159');
INSERT INTO spaces (id, item_id, hour_price) VALUES (12159, 12339, 0);
INSERT INTO items (id, venue_id, name) VALUES (12340, 10052, 'Space12160');
INSERT INTO spaces (id, item_id, hour_price) VALUES (12160, 12340, 0);
INSERT INTO items (id, venue_id, name) VALUES (12341, 10052, 'Space12161');
INSERT INTO spaces (id, item_id, hour_price) VALUES (12161, 12341, 12.5);
INSERT INTO items (id, venue_id, name) VALUES (12342, 10052, 'Space12162');
INSERT INTO spaces (id, item_id, hour_price) VALUES (12162, 12342, 12.5);
INSERT INTO items (id, venue_id, name) VALUES (14179, 10052, 'Product10492');
INSERT INTO products (id, item_id, price) VALUES (10492, 14179, 0);
INSERT INTO venues (id, name) VALUES (10056, 'Venue10056');
INSERT INTO items (id, venue_id, name) VALUES (12343, 10056, 'Space12163');
INSERT INTO spaces (id, item_id, hour_price) VALUES (12163, 12343, 0);
INSERT INTO items (id, venue_id, name) VALUES (12344, 10056, 'Space12164');
INSERT INTO spaces (id, item_id, hour_price) VALUES (12164, 12344, 0);
INSERT INTO items (id, venue_id, name) VALUES (12345, 10056, 'Space12165');
INSERT INTO spaces (id, item_id, hour_price) VALUES (12165, 12345, 0);
INSERT INTO items (id, venue_id, name) VALUES (12346, 10056, 'Space12166');
INSERT INTO spaces (id, item_id, hour_price) VALUES (12166, 12346, 0);
INSERT INTO items (id, venue_id, name) VALUES (12347, 10056, 'Space12167');
INSERT INTO spaces (id, item_id, hour_price) VALUES (12167, 12347, 0);
INSERT INTO items (id, venue_id, name) VALUES (12348, 10056, 'Space12168');
INSERT INTO spaces (id, item_id, hour_price) VALUES (12168, 12348, 0);
INSERT INTO items (id, venue_id, name) VALUES (12349, 10056, 'Space12169');
INSERT INTO spaces (id, item_id, hour_price) VALUES (12169, 12349, 0);
INSERT INTO items (id, venue_id, name) VALUES (14088, 10056, 'Space13620');
INSERT INTO spaces (id, item_id, hour_price) VALUES (13620, 14088, 5);
INSERT INTO venues (id, name) VALUES (10062, 'Venue10062');
INSERT INTO items (id, venue_id, name) VALUES (12350, 10062, 'Space12170');
INSERT INTO spaces (id, item_id, hour_price) VALUES (12170, 12350, 0);
INSERT INTO items (id, venue_id, name) VALUES (12351, 10062, 'Space12171');
INSERT INTO spaces (id, item_id, hour_price) VALUES (12171, 12351, 0);
INSERT INTO items (id, venue_id, name) VALUES (12352, 10062, 'Space12172');
INSERT INTO spaces (id, item_id, hour_price) VALUES (12172, 12352, 0);
INSERT INTO items (id, venue_id, name) VALUES (12353, 10062, 'Space12173');
INSERT INTO spaces (id, item_id, hour_price) VALUES (12173, 12353, 0);
INSERT INTO items (id, venue_id, name) VALUES (12354, 10062, 'Space12174');
INSERT INTO spaces (id, item_id, hour_price) VALUES (12174, 12354, 0);
INSERT INTO items (id, venue_id, name) VALUES (12355, 10062, 'Space12175');
INSERT INTO spaces (id, item_id, hour_price) VALUES (12175, 12355, 0);
INSERT INTO items (id, venue_id, name) VALUES (12356, 10062, 'Space12176');
INSERT INTO spaces (id, item_id, hour_price) VALUES (12176, 12356, 2);
INSERT INTO items (id, venue_id, name) VALUES (12357, 10062, 'Space12177');
INSERT INTO spaces (id, item_id, hour_price) VALUES (12177, 12357, 8);
INSERT INTO items (id, venue_id, name) VALUES (12358, 10062, 'Space12178');
INSERT INTO spaces (id, item_id, hour_price) VALUES (12178, 12358, 10);
INSERT INTO items (id, venue_id, name) VALUES (12359, 10062, 'Space12179');
INSERT INTO spaces (id, item_id, hour_price) VALUES (12179, 12359, 15);
INSERT INTO items (id, venue_id, name) VALUES (14205, 10062, 'Product10503');
INSERT INTO products (id, item_id, price) VALUES (10503, 14205, 0);
INSERT INTO items (id, venue_id, name) VALUES (14206, 10062, 'Product10504');
INSERT INTO products (id, item_id, price) VALUES (10504, 14206, 0);
INSERT INTO items (id, venue_id, name) VALUES (22640, 10062, 'Product13506');
INSERT INTO products (id, item_id, price) VALUES (13506, 22640, 4.75);
INSERT INTO items (id, venue_id, name) VALUES (22641, 10062, 'Product13507');
INSERT INTO products (id, item_id, price) VALUES (13507, 22641, 4.75);
INSERT INTO items (id, venue_id, name) VALUES (22642, 10062, 'Product13508');
INSERT INTO products (id, item_id, price) VALUES (13508, 22642, 2.75);
INSERT INTO items (id, venue_id, name) VALUES (22643, 10062, 'Product13509');
INSERT INTO products (id, item_id, price) VALUES (13509, 22643, 0.95);
INSERT INTO items (id, venue_id, name) VALUES (22644, 10062, 'Product13510');
INSERT INTO products (id, item_id, price) VALUES (13510, 22644, 6.5);
INSERT INTO items (id, venue_id, name) VALUES (22645, 10062, 'Product13511');
INSERT INTO products (id, item_id, price) VALUES (13511, 22645, 9.25);
INSERT INTO items (id, venue_id, name) VALUES (25001, 10062, 'Product14786');
INSERT INTO products (id, item_id, price) VALUES (14786, 25001, 0);
INSERT INTO venues (id, name) VALUES (10073, 'Venue10073');
INSERT INTO items (id, venue_id, name) VALUES (12369, 10073, 'Space12189');
INSERT INTO spaces (id, item_id, hour_price) VALUES (12189, 12369, 0);
INSERT INTO items (id, venue_id, name) VALUES (12370, 10073, 'Space12190');
INSERT INTO spaces (id, item_id, hour_price) VALUES (12190, 12370, 0);
INSERT INTO items (id, venue_id, name) VALUES (12371, 10073, 'Space12191');
INSERT INTO spaces (id, item_id, hour_price) VALUES (12191, 12371, 0);
INSERT INTO items (id, venue_id, name) VALUES (12372, 10073, 'Space12192');
INSERT INTO spaces (id, item_id, hour_price) VALUES (12192, 12372, 0);
INSERT INTO items (id, venue_id, name) VALUES (12373, 10073, 'Space12193');
INSERT INTO spaces (id, item_id, hour_price) VALUES (12193, 12373, 0);
INSERT INTO items (id, venue_id, name) VALUES (12374, 10073, 'Space12194');
INSERT INTO spaces (id, item_id, hour_price) VALUES (12194, 12374, 0);
INSERT INTO items (id, venue_id, name) VALUES (12375, 10073, 'Space12195');
INSERT INTO spaces (id, item_id, hour_price) VALUES (12195, 12375, 3);
INSERT INTO items (id, venue_id, name) VALUES (14192, 10073, 'Product10498');
INSERT INTO products (id, item_id, price) VALUES (10498, 14192, 0);
INSERT INTO items (id, venue_id, name) VALUES (18673, 10073, 'Space16931');
INSERT INTO spaces (id, item_id, hour_price) VALUES (16931, 18673, 50);
INSERT INTO venues (id, name) VALUES (10094, 'Venue10094');
INSERT INTO items (id, venue_id, name) VALUES (12401, 10094, 'Space12219');
INSERT INTO spaces (id, item_id, hour_price) VALUES (12219, 12401, 0);
INSERT INTO items (id, venue_id, name) VALUES (12402, 10094, 'Space12220');
INSERT INTO spaces (id, item_id, hour_price) VALUES (12220, 12402, 0);
INSERT INTO items (id, venue_id, name) VALUES (12403, 10094, 'Space12221');
INSERT INTO spaces (id, item_id, hour_price) VALUES (12221, 12403, 0);
INSERT INTO items (id, venue_id, name) VALUES (12404, 10094, 'Space12222');
INSERT INTO spaces (id, item_id, hour_price) VALUES (12222, 12404, 0);
INSERT INTO items (id, venue_id, name) VALUES (12405, 10094, 'Space12223');
INSERT INTO spaces (id, item_id, hour_price) VALUES (12223, 12405, 0);
INSERT INTO items (id, venue_id, name) VALUES (12406, 10094, 'Space12224');
INSERT INTO spaces (id, item_id, hour_price) VALUES (12224, 12406, 0);
INSERT INTO items (id, venue_id, name) VALUES (12407, 10094, 'Space12225');
INSERT INTO spaces (id, item_id, hour_price) VALUES (12225, 12407, 5);
INSERT INTO items (id, venue_id, name) VALUES (14907, 10094, 'Space14247');
INSERT INTO spaces (id, item_id, hour_price) VALUES (14247, 14907, 6.67);
INSERT INTO venues (id, name) VALUES (10095, 'Venue10095');
INSERT INTO items (id, venue_id, name) VALUES (12408, 10095, 'Space12226');
INSERT INTO spaces (id, item_id, hour_price) VALUES (12226, 12408, 0);
INSERT INTO items (id, venue_id, name) VALUES (12409, 10095, 'Space12227');
INSERT INTO spaces (id, item_id, hour_price) VALUES (12227, 12409, 0);
INSERT INTO items (id, venue_id, name) VALUES (12410, 10095, 'Space12228');
INSERT INTO spaces (id, item_id, hour_price) VALUES (12228, 12410, 0);
INSERT INTO items (id, venue_id, name) VALUES (12411, 10095, 'Space12229');
INSERT INTO spaces (id, item_id, hour_price) VALUES (12229, 12411, 0);
INSERT INTO items (id, venue_id, name) VALUES (12412, 10095, 'Space12230');
INSERT INTO spaces (id, item_id, hour_price) VALUES (12230, 12412, 0);
INSERT INTO items (id, venue_id, name) VALUES (12413, 10095, 'Space12231');
INSERT INTO spaces (id, item_id, hour_price) VALUES (12231, 12413, 0);
INSERT INTO items (id, venue_id, name) VALUES (12414, 10095, 'Space12232');
INSERT INTO spaces (id, item_id, hour_price) VALUES (12232, 12414, 20);
INSERT INTO venues (id, name) VALUES (10098, 'Venue10098');
INSERT INTO items (id, venue_id, name) VALUES (12415, 10098, 'Space12233');
INSERT INTO spaces (id, item_id, hour_price) VALUES (12233, 12415, 0);
INSERT INTO items (id, venue_id, name) VALUES (12416, 10098, 'Space12234');
INSERT INTO spaces (id, item_id, hour_price) VALUES (12234, 12416, 0);
INSERT INTO items (id, venue_id, name) VALUES (12417, 10098, 'Space12235');
INSERT INTO spaces (id, item_id, hour_price) VALUES (12235, 12417, 0);
INSERT INTO items (id, venue_id, name) VALUES (12418, 10098, 'Space12236');
INSERT INTO spaces (id, item_id, hour_price) VALUES (12236, 12418, 0);
INSERT INTO items (id, venue_id, name) VALUES (12419, 10098, 'Space12237');
INSERT INTO spaces (id, item_id, hour_price) VALUES (12237, 12419, 0);
INSERT INTO items (id, venue_id, name) VALUES (12420, 10098, 'Space12238');
INSERT INTO spaces (id, item_id, hour_price) VALUES (12238, 12420, 0);
INSERT INTO items (id, venue_id, name) VALUES (12421, 10098, 'Space12239');
INSERT INTO spaces (id, item_id, hour_price) VALUES (12239, 12421, 5);
INSERT INTO items (id, venue_id, name) VALUES (12423, 10098, 'Space12241');
INSERT INTO spaces (id, item_id, hour_price) VALUES (12241, 12423, 5);
INSERT INTO items (id, venue_id, name) VALUES (14255, 10098, 'Product10532');
INSERT INTO products (id, item_id, price) VALUES (10532, 14255, 2.5);
INSERT INTO items (id, venue_id, name) VALUES (14256, 10098, 'Product10533');
INSERT INTO products (id, item_id, price) VALUES (10533, 14256, 5);
INSERT INTO items (id, venue_id, name) VALUES (14905, 10098, 'Space14246');
INSERT INTO spaces (id, item_id, hour_price) VALUES (14246, 14905, 6.67);
INSERT INTO venues (id, name) VALUES (10102, 'Venue10102');
INSERT INTO items (id, venue_id, name) VALUES (12424, 10102, 'Space12242');
INSERT INTO spaces (id, item_id, hour_price) VALUES (12242, 12424, 0);
INSERT INTO items (id, venue_id, name) VALUES (12425, 10102, 'Space12243');
INSERT INTO spaces (id, item_id, hour_price) VALUES (12243, 12425, 0);
INSERT INTO items (id, venue_id, name) VALUES (12426, 10102, 'Space12244');
INSERT INTO spaces (id, item_id, hour_price) VALUES (12244, 12426, 0);
INSERT INTO items (id, venue_id, name) VALUES (12427, 10102, 'Space12245');
INSERT INTO spaces (id, item_id, hour_price) VALUES (12245, 12427, 0);
INSERT INTO items (id, venue_id, name) VALUES (12428, 10102, 'Space12246');
INSERT INTO spaces (id, item_id, hour_price) VALUES (12246, 12428, 0);
INSERT INTO items (id, venue_id, name) VALUES (12429, 10102, 'Space12247');
INSERT INTO spaces (id, item_id, hour_price) VALUES (12247, 12429, 0);
INSERT INTO items (id, venue_id, name) VALUES (12430, 10102, 'Space12248');
INSERT INTO spaces (id, item_id, hour_price) VALUES (12248, 12430, 5);
INSERT INTO items (id, venue_id, name) VALUES (12431, 10102, 'Space12249');
INSERT INTO spaces (id, item_id, hour_price) VALUES (12249, 12431, 17.5);
INSERT INTO items (id, venue_id, name) VALUES (12433, 10102, 'Space12251');
INSERT INTO spaces (id, item_id, hour_price) VALUES (12251, 12433, 10);
INSERT INTO items (id, venue_id, name) VALUES (14364, 10102, 'Space13762');
INSERT INTO spaces (id, item_id, hour_price) VALUES (13762, 14364, 35);
INSERT INTO items (id, venue_id, name) VALUES (14365, 10102, 'Product10601');
INSERT INTO products (id, item_id, price) VALUES (10601, 14365, 1);
INSERT INTO items (id, venue_id, name) VALUES (14366, 10102, 'Product10602');
INSERT INTO products (id, item_id, price) VALUES (10602, 14366, 25);
INSERT INTO items (id, venue_id, name) VALUES (14383, 10102, 'Product10613');
INSERT INTO products (id, item_id, price) VALUES (10613, 14383, 9.5);
INSERT INTO venues (id, name) VALUES (10106, 'Venue10106');
INSERT INTO items (id, venue_id, name) VALUES (12434, 10106, 'Space12252');
INSERT INTO spaces (id, item_id, hour_price) VALUES (12252, 12434, 0);
INSERT INTO items (id, venue_id, name) VALUES (12435, 10106, 'Space12253');
INSERT INTO spaces (id, item_id, hour_price) VALUES (12253, 12435, 0);
INSERT INTO items (id, venue_id, name) VALUES (12436, 10106, 'Space12254');
INSERT INTO spaces (id, item_id, hour_price) VALUES (12254, 12436, 0);
INSERT INTO items (id, venue_id, name) VALUES (12437, 10106, 'Space12255');
INSERT INTO spaces (id, item_id, hour_price) VALUES (12255, 12437, 0);
INSERT INTO items (id, venue_id, name) VALUES (12438, 10106, 'Space12256');
INSERT INTO spaces (id, item_id, hour_price) VALUES (12256, 12438, 0);
INSERT INTO items (id, venue_id, name) VALUES (12439, 10106, 'Space12257');
INSERT INTO spaces (id, item_id, hour_price) VALUES (12257, 12439, 0);
INSERT INTO items (id, venue_id, name) VALUES (12440, 10106, 'Space12258');
INSERT INTO spaces (id, item_id, hour_price) VALUES (12258, 12440, 5);
INSERT INTO items (id, venue_id, name) VALUES (12441, 10106, 'Space12259');
INSERT INTO spaces (id, item_id, hour_price) VALUES (12259, 12441, 20);
INSERT INTO items (id, venue_id, name) VALUES (12442, 10106, 'Space12260');
INSERT INTO spaces (id, item_id, hour_price) VALUES (12260, 12442, 15);
INSERT INTO items (id, venue_id, name) VALUES (12443, 10106, 'Space12261');
INSERT INTO spaces (id, item_id, hour_price) VALUES (12261, 12443, 29);
INSERT INTO items (id, venue_id, name) VALUES (12444, 10106, 'Space12262');
INSERT INTO spaces (id, item_id, hour_price) VALUES (12262, 12444, 15);
INSERT INTO items (id, venue_id, name) VALUES (18994, 10106, 'Product11866');
INSERT INTO products (id, item_id, price) VALUES (11866, 18994, 25);
INSERT INTO items (id, venue_id, name) VALUES (19077, 10106, 'Product11891');
INSERT INTO products (id, item_id, price) VALUES (11891, 19077, 5.5);
INSERT INTO items (id, venue_id, name) VALUES (19078, 10106, 'Product11892');
INSERT INTO products (id, item_id, price) VALUES (11892, 19078, 5.5);
INSERT INTO items (id, venue_id, name) VALUES (19083, 10106, 'Space17179');
INSERT INTO spaces (id, item_id, hour_price) VALUES (17179, 19083, 10);
INSERT INTO items (id, venue_id, name) VALUES (19084, 10106, 'Space17180');
INSERT INTO spaces (id, item_id, hour_price) VALUES (17180, 19084, 0);
INSERT INTO items (id, venue_id, name) VALUES (19085, 10106, 'Space17181');
INSERT INTO spaces (id, item_id, hour_price) VALUES (17181, 19085, 0);
INSERT INTO items (id, venue_id, name) VALUES (19086, 10106, 'Product11897');
INSERT INTO products (id, item_id, price) VALUES (11897, 19086, 7.5);
INSERT INTO items (id, venue_id, name) VALUES (19087, 10106, 'Product11898');
INSERT INTO products (id, item_id, price) VALUES (11898, 19087, 5.5);
INSERT INTO items (id, venue_id, name) VALUES (19089, 10106, 'Product11899');
INSERT INTO products (id, item_id, price) VALUES (11899, 19089, 10);
INSERT INTO venues (id, name) VALUES (10112, 'Venue10112');
INSERT INTO items (id, venue_id, name) VALUES (12445, 10112, 'Space12263');
INSERT INTO spaces (id, item_id, hour_price) VALUES (12263, 12445, 0);
INSERT INTO items (id, venue_id, name) VALUES (12446, 10112, 'Space12264');
INSERT INTO spaces (id, item_id, hour_price) VALUES (12264, 12446, 0);
INSERT INTO items (id, venue_id, name) VALUES (12447, 10112, 'Space12265');
INSERT INTO spaces (id, item_id, hour_price) VALUES (12265, 12447, 0);
INSERT INTO items (id, venue_id, name) VALUES (12448, 10112, 'Space12266');
INSERT INTO spaces (id, item_id, hour_price) VALUES (12266, 12448, 0);
INSERT INTO items (id, venue_id, name) VALUES (12449, 10112, 'Space12267');
INSERT INTO spaces (id, item_id, hour_price) VALUES (12267, 12449, 0);
INSERT INTO items (id, venue_id, name) VALUES (12450, 10112, 'Space12268');
INSERT INTO spaces (id, item_id, hour_price) VALUES (12268, 12450, 0);
INSERT INTO items (id, venue_id, name) VALUES (12451, 10112, 'Product10181');
INSERT INTO products (id, item_id, price) VALUES (10181, 12451, 8.25);
INSERT INTO items (id, venue_id, name) VALUES (12452, 10112, 'Product10182');
INSERT INTO products (id, item_id, price) VALUES (10182, 12452, 11.09);
INSERT INTO items (id, venue_id, name) VALUES (12453, 10112, 'Product10183');
INSERT INTO products (id, item_id, price) VALUES (10183, 12453, 13.92);
INSERT INTO items (id, venue_id, name) VALUES (12454, 10112, 'Product10184');
INSERT INTO products (id, item_id, price) VALUES (10184, 12454, 4.72);
INSERT INTO items (id, venue_id, name) VALUES (12455, 10112, 'Product10185');
INSERT INTO products (id, item_id, price) VALUES (10185, 12455, 7.08);
INSERT INTO items (id, venue_id, name) VALUES (12456, 10112, 'Product10186');
INSERT INTO products (id, item_id, price) VALUES (10186, 12456, 9.44);
INSERT INTO items (id, venue_id, name) VALUES (12457, 10112, 'Product10187');
INSERT INTO products (id, item_id, price) VALUES (10187, 12457, 23.59);
INSERT INTO items (id, venue_id, name) VALUES (12458, 10112, 'Product10188');
INSERT INTO products (id, item_id, price) VALUES (10188, 12458, 3.54);
INSERT INTO items (id, venue_id, name) VALUES (12459, 10112, 'Product10189');
INSERT INTO products (id, item_id, price) VALUES (10189, 12459, 4.01);
INSERT INTO items (id, venue_id, name) VALUES (12460, 10112, 'Product10190');
INSERT INTO products (id, item_id, price) VALUES (10190, 12460, 15);
INSERT INTO items (id, venue_id, name) VALUES (12461, 10112, 'Product10191');
INSERT INTO products (id, item_id, price) VALUES (10191, 12461, 10);
INSERT INTO items (id, venue_id, name) VALUES (12462, 10112, 'Product10192');
INSERT INTO products (id, item_id, price) VALUES (10192, 12462, 25);
INSERT INTO items (id, venue_id, name) VALUES (12463, 10112, 'Product10193');
INSERT INTO products (id, item_id, price) VALUES (10193, 12463, 2.5);
INSERT INTO items (id, venue_id, name) VALUES (12464, 10112, 'Product10194');
INSERT INTO products (id, item_id, price) VALUES (10194, 12464, 10);
INSERT INTO items (id, venue_id, name) VALUES (12465, 10112, 'Product10195');
INSERT INTO products (id, item_id, price) VALUES (10195, 12465, 5);
INSERT INTO items (id, venue_id, name) VALUES (12466, 10112, 'Product10196');
INSERT INTO products (id, item_id, price) VALUES (10196, 12466, 10);
INSERT INTO items (id, venue_id, name) VALUES (12467, 10112, 'Product10197');
INSERT INTO products (id, item_id, price) VALUES (10197, 12467, 7.5);
INSERT INTO items (id, venue_id, name) VALUES (12468, 10112, 'Space12269');
INSERT INTO spaces (id, item_id, hour_price) VALUES (12269, 12468, 2.75);
INSERT INTO items (id, venue_id, name) VALUES (12473, 10112, 'Space12274');
INSERT INTO spaces (id, item_id, hour_price) VALUES (12274, 12473, 12.5);
INSERT INTO items (id, venue_id, name) VALUES (12474, 10112, 'Space12275');
INSERT INTO spaces (id, item_id, hour_price) VALUES (12275, 12474, 12.5);
INSERT INTO items (id, venue_id, name) VALUES (12475, 10112, 'Space12276');
INSERT INTO spaces (id, item_id, hour_price) VALUES (12276, 12475, 12.5);
INSERT INTO items (id, venue_id, name) VALUES (12476, 10112, 'Space12277');
INSERT INTO spaces (id, item_id, hour_price) VALUES (12277, 12476, 12.5);
INSERT INTO items (id, venue_id, name) VALUES (12477, 10112, 'Space12278');
INSERT INTO spaces (id, item_id, hour_price) VALUES (12278, 12477, 12.5);
INSERT INTO items (id, venue_id, name) VALUES (12478, 10112, 'Space12279');
INSERT INTO spaces (id, item_id, hour_price) VALUES (12279, 12478, 12.5);
INSERT INTO items (id, venue_id, name) VALUES (12479, 10112, 'Space12280');
INSERT INTO spaces (id, item_id, hour_price) VALUES (12280, 12479, 12.5);
INSERT INTO items (id, venue_id, name) VALUES (15610, 10112, 'Product10842');
INSERT INTO products (id, item_id, price) VALUES (10842, 15610, 4);
INSERT INTO items (id, venue_id, name) VALUES (15898, 10112, 'Product10889');
INSERT INTO products (id, item_id, price) VALUES (10889, 15898, 11.79);
INSERT INTO items (id, venue_id, name) VALUES (15974, 10112, 'Product10911');
INSERT INTO products (id, item_id, price) VALUES (10911, 15974, 11.79);
INSERT INTO items (id, venue_id, name) VALUES (16341, 10112, 'Space15350');
INSERT INTO spaces (id, item_id, hour_price) VALUES (15350, 16341, 125);
INSERT INTO items (id, venue_id, name) VALUES (16380, 10112, 'Product10992');
INSERT INTO products (id, item_id, price) VALUES (10992, 16380, 1.98);
INSERT INTO items (id, venue_id, name) VALUES (16381, 10112, 'Product10993');
INSERT INTO products (id, item_id, price) VALUES (10993, 16381, 1.9);
INSERT INTO items (id, venue_id, name) VALUES (16382, 10112, 'Product10994');
INSERT INTO products (id, item_id, price) VALUES (10994, 16382, 1.89);
INSERT INTO items (id, venue_id, name) VALUES (16383, 10112, 'Product10995');
INSERT INTO products (id, item_id, price) VALUES (10995, 16383, 2.12);
INSERT INTO items (id, venue_id, name) VALUES (16384, 10112, 'Product10996');
INSERT INTO products (id, item_id, price) VALUES (10996, 16384, 1.89);
INSERT INTO items (id, venue_id, name) VALUES (16385, 10112, 'Product10997');
INSERT INTO products (id, item_id, price) VALUES (10997, 16385, 2.83);
INSERT INTO items (id, venue_id, name) VALUES (16386, 10112, 'Product10998');
INSERT INTO products (id, item_id, price) VALUES (10998, 16386, 1.89);
INSERT INTO items (id, venue_id, name) VALUES (16425, 10112, 'Product11005');
INSERT INTO products (id, item_id, price) VALUES (11005, 16425, 2.59);
INSERT INTO items (id, venue_id, name) VALUES (16426, 10112, 'Product11006');
INSERT INTO products (id, item_id, price) VALUES (11006, 16426, 1.89);
INSERT INTO items (id, venue_id, name) VALUES (16427, 10112, 'Product11007');
INSERT INTO products (id, item_id, price) VALUES (11007, 16427, 2.59);
INSERT INTO items (id, venue_id, name) VALUES (16428, 10112, 'Product11008');
INSERT INTO products (id, item_id, price) VALUES (11008, 16428, 2.12);
INSERT INTO items (id, venue_id, name) VALUES (16591, 10112, 'Product11034');
INSERT INTO products (id, item_id, price) VALUES (11034, 16591, 7.08);
INSERT INTO items (id, venue_id, name) VALUES (16971, 10112, 'Space15844');
INSERT INTO spaces (id, item_id, hour_price) VALUES (15844, 16971, 12.5);
INSERT INTO items (id, venue_id, name) VALUES (17030, 10112, 'Product11149');
INSERT INTO products (id, item_id, price) VALUES (11149, 17030, 7.09);
INSERT INTO items (id, venue_id, name) VALUES (17112, 10112, 'Product11177');
INSERT INTO products (id, item_id, price) VALUES (11177, 17112, 50);
INSERT INTO items (id, venue_id, name) VALUES (17147, 10112, 'Product11179');
INSERT INTO products (id, item_id, price) VALUES (11179, 17147, 2.06);
INSERT INTO items (id, venue_id, name) VALUES (17148, 10112, 'Product11180');
INSERT INTO products (id, item_id, price) VALUES (11180, 17148, 5.42);
INSERT INTO items (id, venue_id, name) VALUES (17149, 10112, 'Product11181');
INSERT INTO products (id, item_id, price) VALUES (11181, 17149, 9.2);
INSERT INTO items (id, venue_id, name) VALUES (17150, 10112, 'Product11182');
INSERT INTO products (id, item_id, price) VALUES (11182, 17150, 6.6);
INSERT INTO items (id, venue_id, name) VALUES (17469, 10112, 'Space16202');
INSERT INTO spaces (id, item_id, hour_price) VALUES (16202, 17469, 6);
INSERT INTO items (id, venue_id, name) VALUES (19043, 10112, 'Product11880');
INSERT INTO products (id, item_id, price) VALUES (11880, 19043, 12.5);
INSERT INTO venues (id, name) VALUES (10117, 'Venue10117');
INSERT INTO items (id, venue_id, name) VALUES (12480, 10117, 'Space12281');
INSERT INTO spaces (id, item_id, hour_price) VALUES (12281, 12480, 0);
INSERT INTO items (id, venue_id, name) VALUES (12481, 10117, 'Space12282');
INSERT INTO spaces (id, item_id, hour_price) VALUES (12282, 12481, 0);
INSERT INTO items (id, venue_id, name) VALUES (12482, 10117, 'Space12283');
INSERT INTO spaces (id, item_id, hour_price) VALUES (12283, 12482, 0);
INSERT INTO items (id, venue_id, name) VALUES (12483, 10117, 'Space12284');
INSERT INTO spaces (id, item_id, hour_price) VALUES (12284, 12483, 0);
INSERT INTO items (id, venue_id, name) VALUES (12484, 10117, 'Space12285');
INSERT INTO spaces (id, item_id, hour_price) VALUES (12285, 12484, 0);
INSERT INTO items (id, venue_id, name) VALUES (12485, 10117, 'Space12286');
INSERT INTO spaces (id, item_id, hour_price) VALUES (12286, 12485, 0);
INSERT INTO items (id, venue_id, name) VALUES (12487, 10117, 'Product10199');
INSERT INTO products (id, item_id, price) VALUES (10199, 12487, 15);
INSERT INTO items (id, venue_id, name) VALUES (12488, 10117, 'Space12287');
INSERT INTO spaces (id, item_id, hour_price) VALUES (12287, 12488, 2.75);
INSERT INTO items (id, venue_id, name) VALUES (12489, 10117, 'Space12288');
INSERT INTO spaces (id, item_id, hour_price) VALUES (12288, 12489, 6.5);
INSERT INTO venues (id, name) VALUES (10121, 'Venue10121');
INSERT INTO items (id, venue_id, name) VALUES (12490, 10121, 'Space12289');
INSERT INTO spaces (id, item_id, hour_price) VALUES (12289, 12490, 0);
INSERT INTO items (id, venue_id, name) VALUES (12491, 10121, 'Space12290');
INSERT INTO spaces (id, item_id, hour_price) VALUES (12290, 12491, 0);
INSERT INTO items (id, venue_id, name) VALUES (12492, 10121, 'Space12291');
INSERT INTO spaces (id, item_id, hour_price) VALUES (12291, 12492, 0);
INSERT INTO items (id, venue_id, name) VALUES (12493, 10121, 'Space12292');
INSERT INTO spaces (id, item_id, hour_price) VALUES (12292, 12493, 0);
INSERT INTO items (id, venue_id, name) VALUES (12494, 10121, 'Space12293');
INSERT INTO spaces (id, item_id, hour_price) VALUES (12293, 12494, 0);
INSERT INTO items (id, venue_id, name) VALUES (12495, 10121, 'Space12294');
INSERT INTO spaces (id, item_id, hour_price) VALUES (12294, 12495, 0);
INSERT INTO items (id, venue_id, name) VALUES (12496, 10121, 'Product10200');
INSERT INTO products (id, item_id, price) VALUES (10200, 12496, 14.85);
INSERT INTO items (id, venue_id, name) VALUES (12498, 10121, 'Product10202');
INSERT INTO products (id, item_id, price) VALUES (10202, 12498, 6.3);
INSERT INTO items (id, venue_id, name) VALUES (12499, 10121, 'Product10203');
INSERT INTO products (id, item_id, price) VALUES (10203, 12499, 17.3);
INSERT INTO items (id, venue_id, name) VALUES (12500, 10121, 'Product10204');
INSERT INTO products (id, item_id, price) VALUES (10204, 12500, 10.75);
INSERT INTO items (id, venue_id, name) VALUES (12501, 10121, 'Space12295');
INSERT INTO spaces (id, item_id, hour_price) VALUES (12295, 12501, 15);
INSERT INTO items (id, venue_id, name) VALUES (12502, 10121, 'Space12296');
INSERT INTO spaces (id, item_id, hour_price) VALUES (12296, 12502, 62.5);
INSERT INTO items (id, venue_id, name) VALUES (12503, 10121, 'Space12297');
INSERT INTO spaces (id, item_id, hour_price) VALUES (12297, 12503, 32.5);
INSERT INTO items (id, venue_id, name) VALUES (12504, 10121, 'Space12298');
INSERT INTO spaces (id, item_id, hour_price) VALUES (12298, 12504, 15);
INSERT INTO items (id, venue_id, name) VALUES (12505, 10121, 'Space12299');
INSERT INTO spaces (id, item_id, hour_price) VALUES (12299, 12505, 40);
INSERT INTO items (id, venue_id, name) VALUES (12506, 10121, 'Space12300');
INSERT INTO spaces (id, item_id, hour_price) VALUES (12300, 12506, 15);
INSERT INTO items (id, venue_id, name) VALUES (14211, 10121, 'Product10506');
INSERT INTO products (id, item_id, price) VALUES (10506, 14211, 37.5);
INSERT INTO items (id, venue_id, name) VALUES (14212, 10121, 'Product10507');
INSERT INTO products (id, item_id, price) VALUES (10507, 14212, 5);
INSERT INTO items (id, venue_id, name) VALUES (14213, 10121, 'Product10508');
INSERT INTO products (id, item_id, price) VALUES (10508, 14213, 2.5);
INSERT INTO items (id, venue_id, name) VALUES (14214, 10121, 'Product10509');
INSERT INTO products (id, item_id, price) VALUES (10509, 14214, 3.5);
INSERT INTO items (id, venue_id, name) VALUES (14215, 10121, 'Product10510');
INSERT INTO products (id, item_id, price) VALUES (10510, 14215, 4.5);
INSERT INTO items (id, venue_id, name) VALUES (17856, 10121, 'Product11323');
INSERT INTO products (id, item_id, price) VALUES (11323, 17856, 21.5);
INSERT INTO venues (id, name) VALUES (10126, 'Venue10126');
INSERT INTO items (id, venue_id, name) VALUES (12513, 10126, 'Space12307');
INSERT INTO spaces (id, item_id, hour_price) VALUES (12307, 12513, 0);
INSERT INTO items (id, venue_id, name) VALUES (12514, 10126, 'Space12308');
INSERT INTO spaces (id, item_id, hour_price) VALUES (12308, 12514, 0);
INSERT INTO items (id, venue_id, name) VALUES (12515, 10126, 'Space12309');
INSERT INTO spaces (id, item_id, hour_price) VALUES (12309, 12515, 0);
INSERT INTO items (id, venue_id, name) VALUES (12516, 10126, 'Space12310');
INSERT INTO spaces (id, item_id, hour_price) VALUES (12310, 12516, 0);
INSERT INTO items (id, venue_id, name) VALUES (12517, 10126, 'Space12311');
INSERT INTO spaces (id, item_id, hour_price) VALUES (12311, 12517, 0);
INSERT INTO items (id, venue_id, name) VALUES (12518, 10126, 'Space12312');
INSERT INTO spaces (id, item_id, hour_price) VALUES (12312, 12518, 0);
INSERT INTO items (id, venue_id, name) VALUES (12519, 10126, 'Product10205');
INSERT INTO products (id, item_id, price) VALUES (10205, 12519, 50);
INSERT INTO items (id, venue_id, name) VALUES (12520, 10126, 'Product10206');
INSERT INTO products (id, item_id, price) VALUES (10206, 12520, 8.5);
INSERT INTO items (id, venue_id, name) VALUES (12521, 10126, 'Product10207');
INSERT INTO products (id, item_id, price) VALUES (10207, 12521, 16.5);
INSERT INTO items (id, venue_id, name) VALUES (12522, 10126, 'Product10208');
INSERT INTO products (id, item_id, price) VALUES (10208, 12522, 12.5);
INSERT INTO items (id, venue_id, name) VALUES (12523, 10126, 'Space12313');
INSERT INTO spaces (id, item_id, hour_price) VALUES (12313, 12523, 0);
INSERT INTO items (id, venue_id, name) VALUES (12524, 10126, 'Space12314');
INSERT INTO spaces (id, item_id, hour_price) VALUES (12314, 12524, 33);
INSERT INTO items (id, venue_id, name) VALUES (12525, 10126, 'Space12315');
INSERT INTO spaces (id, item_id, hour_price) VALUES (12315, 12525, 25);
INSERT INTO items (id, venue_id, name) VALUES (12526, 10126, 'Space12316');
INSERT INTO spaces (id, item_id, hour_price) VALUES (12316, 12526, 25);
INSERT INTO items (id, venue_id, name) VALUES (14216, 10126, 'Product10511');
INSERT INTO products (id, item_id, price) VALUES (10511, 14216, 0);
INSERT INTO venues (id, name) VALUES (10130, 'Venue10130');
INSERT INTO items (id, venue_id, name) VALUES (12527, 10130, 'Space12317');
INSERT INTO spaces (id, item_id, hour_price) VALUES (12317, 12527, 0);
INSERT INTO items (id, venue_id, name) VALUES (12528, 10130, 'Space12318');
INSERT INTO spaces (id, item_id, hour_price) VALUES (12318, 12528, 0);
INSERT INTO items (id, venue_id, name) VALUES (12529, 10130, 'Space12319');
INSERT INTO spaces (id, item_id, hour_price) VALUES (12319, 12529, 0);
INSERT INTO items (id, venue_id, name) VALUES (12530, 10130, 'Space12320');
INSERT INTO spaces (id, item_id, hour_price) VALUES (12320, 12530, 0);
INSERT INTO items (id, venue_id, name) VALUES (12531, 10130, 'Space12321');
INSERT INTO spaces (id, item_id, hour_price) VALUES (12321, 12531, 0);
INSERT INTO items (id, venue_id, name) VALUES (12532, 10130, 'Space12322');
INSERT INTO spaces (id, item_id, hour_price) VALUES (12322, 12532, 0);
INSERT INTO items (id, venue_id, name) VALUES (14217, 10130, 'Space13704');
INSERT INTO spaces (id, item_id, hour_price) VALUES (13704, 14217, 17.5);
INSERT INTO items (id, venue_id, name) VALUES (14218, 10130, 'Space13705');
INSERT INTO spaces (id, item_id, hour_price) VALUES (13705, 14218, 4);
INSERT INTO items (id, venue_id, name) VALUES (14219, 10130, 'Product10512');
INSERT INTO products (id, item_id, price) VALUES (10512, 14219, 6.5);
INSERT INTO items (id, venue_id, name) VALUES (14220, 10130, 'Product10513');
INSERT INTO products (id, item_id, price) VALUES (10513, 14220, 12.5);
INSERT INTO items (id, venue_id, name) VALUES (14221, 10130, 'Space13706');
INSERT INTO spaces (id, item_id, hour_price) VALUES (13706, 14221, 37.5);
INSERT INTO items (id, venue_id, name) VALUES (14226, 10130, 'Product10517');
INSERT INTO products (id, item_id, price) VALUES (10517, 14226, 0);
INSERT INTO items (id, venue_id, name) VALUES (14227, 10130, 'Product10518');
INSERT INTO products (id, item_id, price) VALUES (10518, 14227, 0);
INSERT INTO items (id, venue_id, name) VALUES (24398, 10130, 'Space19952');
INSERT INTO spaces (id, item_id, hour_price) VALUES (19952, 24398, 15);
INSERT INTO venues (id, name) VALUES (10133, 'Venue10133');
INSERT INTO items (id, venue_id, name) VALUES (12533, 10133, 'Space12323');
INSERT INTO spaces (id, item_id, hour_price) VALUES (12323, 12533, 0);
INSERT INTO items (id, venue_id, name) VALUES (12534, 10133, 'Space12324');
INSERT INTO spaces (id, item_id, hour_price) VALUES (12324, 12534, 0);
INSERT INTO items (id, venue_id, name) VALUES (12535, 10133, 'Space12325');
INSERT INTO spaces (id, item_id, hour_price) VALUES (12325, 12535, 0);
INSERT INTO items (id, venue_id, name) VALUES (12536, 10133, 'Space12326');
INSERT INTO spaces (id, item_id, hour_price) VALUES (12326, 12536, 0);
INSERT INTO items (id, venue_id, name) VALUES (12537, 10133, 'Space12327');
INSERT INTO spaces (id, item_id, hour_price) VALUES (12327, 12537, 0);
INSERT INTO items (id, venue_id, name) VALUES (12538, 10133, 'Space12328');
INSERT INTO spaces (id, item_id, hour_price) VALUES (12328, 12538, 0);
INSERT INTO items (id, venue_id, name) VALUES (12539, 10133, 'Space12329');
INSERT INTO spaces (id, item_id, hour_price) VALUES (12329, 12539, 4);
INSERT INTO items (id, venue_id, name) VALUES (12540, 10133, 'Space12330');
INSERT INTO spaces (id, item_id, hour_price) VALUES (12330, 12540, 6.25);
INSERT INTO items (id, venue_id, name) VALUES (12541, 10133, 'Space12331');
INSERT INTO spaces (id, item_id, hour_price) VALUES (12331, 12541, 15);
INSERT INTO items (id, venue_id, name) VALUES (12542, 10133, 'Space12332');
INSERT INTO spaces (id, item_id, hour_price) VALUES (12332, 12542, 30);
INSERT INTO items (id, venue_id, name) VALUES (14223, 10133, 'Product10514');
INSERT INTO products (id, item_id, price) VALUES (10514, 14223, 0);
INSERT INTO items (id, venue_id, name) VALUES (14224, 10133, 'Product10515');
INSERT INTO products (id, item_id, price) VALUES (10515, 14224, 13.5);
INSERT INTO items (id, venue_id, name) VALUES (14225, 10133, 'Product10516');
INSERT INTO products (id, item_id, price) VALUES (10516, 14225, 17.5);
INSERT INTO items (id, venue_id, name) VALUES (14228, 10133, 'Product10519');
INSERT INTO products (id, item_id, price) VALUES (10519, 14228, 0);
INSERT INTO items (id, venue_id, name) VALUES (19772, 10133, 'Product12160');
INSERT INTO products (id, item_id, price) VALUES (12160, 19772, 40);
INSERT INTO items (id, venue_id, name) VALUES (19773, 10133, 'Product12161');
INSERT INTO products (id, item_id, price) VALUES (12161, 19773, 20);
INSERT INTO venues (id, name) VALUES (10145, 'Venue10145');
INSERT INTO items (id, venue_id, name) VALUES (12559, 10145, 'Space12349');
INSERT INTO spaces (id, item_id, hour_price) VALUES (12349, 12559, 0);
INSERT INTO items (id, venue_id, name) VALUES (12560, 10145, 'Space12350');
INSERT INTO spaces (id, item_id, hour_price) VALUES (12350, 12560, 0);
INSERT INTO items (id, venue_id, name) VALUES (12561, 10145, 'Space12351');
INSERT INTO spaces (id, item_id, hour_price) VALUES (12351, 12561, 0);
INSERT INTO items (id, venue_id, name) VALUES (12562, 10145, 'Space12352');
INSERT INTO spaces (id, item_id, hour_price) VALUES (12352, 12562, 0);
INSERT INTO items (id, venue_id, name) VALUES (12563, 10145, 'Space12353');
INSERT INTO spaces (id, item_id, hour_price) VALUES (12353, 12563, 0);
INSERT INTO items (id, venue_id, name) VALUES (12564, 10145, 'Space12354');
INSERT INTO spaces (id, item_id, hour_price) VALUES (12354, 12564, 0);
INSERT INTO items (id, venue_id, name) VALUES (14461, 10145, 'Space13832');
INSERT INTO spaces (id, item_id, hour_price) VALUES (13832, 14461, 5);
INSERT INTO venues (id, name) VALUES (10149, 'Venue10149');
INSERT INTO items (id, venue_id, name) VALUES (12566, 10149, 'Space12356');
INSERT INTO spaces (id, item_id, hour_price) VALUES (12356, 12566, 0);
INSERT INTO items (id, venue_id, name) VALUES (12567, 10149, 'Space12357');
INSERT INTO spaces (id, item_id, hour_price) VALUES (12357, 12567, 0);
INSERT INTO items (id, venue_id, name) VALUES (12568, 10149, 'Space12358');
INSERT INTO spaces (id, item_id, hour_price) VALUES (12358, 12568, 0);
INSERT INTO items (id, venue_id, name) VALUES (12569, 10149, 'Space12359');
INSERT INTO spaces (id, item_id, hour_price) VALUES (12359, 12569, 0);
INSERT INTO items (id, venue_id, name) VALUES (12570, 10149, 'Space12360');
INSERT INTO spaces (id, item_id, hour_price) VALUES (12360, 12570, 0);
INSERT INTO items (id, venue_id, name) VALUES (12571, 10149, 'Space12361');
INSERT INTO spaces (id, item_id, hour_price) VALUES (12361, 12571, 0);
INSERT INTO items (id, venue_id, name) VALUES (12572, 10149, 'Product10209');
INSERT INTO products (id, item_id, price) VALUES (10209, 12572, 25);
INSERT INTO items (id, venue_id, name) VALUES (12573, 10149, 'Space12362');
INSERT INTO spaces (id, item_id, hour_price) VALUES (12362, 12573, 4.5);
INSERT INTO items (id, venue_id, name) VALUES (12574, 10149, 'Space12363');
INSERT INTO spaces (id, item_id, hour_price) VALUES (12363, 12574, 70);
INSERT INTO items (id, venue_id, name) VALUES (19967, 10149, 'Product12220');
INSERT INTO products (id, item_id, price) VALUES (12220, 19967, 11.5);
INSERT INTO items (id, venue_id, name) VALUES (19968, 10149, 'Product12221');
INSERT INTO products (id, item_id, price) VALUES (12221, 19968, 13.5);
INSERT INTO items (id, venue_id, name) VALUES (19969, 10149, 'Product12222');
INSERT INTO products (id, item_id, price) VALUES (12222, 19969, 14.5);
INSERT INTO items (id, venue_id, name) VALUES (19970, 10149, 'Product12223');
INSERT INTO products (id, item_id, price) VALUES (12223, 19970, 23.5);
INSERT INTO items (id, venue_id, name) VALUES (19971, 10149, 'Product12224');
INSERT INTO products (id, item_id, price) VALUES (12224, 19971, 0);
INSERT INTO items (id, venue_id, name) VALUES (19972, 10149, 'Product12225');
INSERT INTO products (id, item_id, price) VALUES (12225, 19972, 25);
INSERT INTO venues (id, name) VALUES (10157, 'Venue10157');
INSERT INTO items (id, venue_id, name) VALUES (12582, 10157, 'Space12371');
INSERT INTO spaces (id, item_id, hour_price) VALUES (12371, 12582, 0);
INSERT INTO items (id, venue_id, name) VALUES (12583, 10157, 'Space12372');
INSERT INTO spaces (id, item_id, hour_price) VALUES (12372, 12583, 0);
INSERT INTO items (id, venue_id, name) VALUES (12584, 10157, 'Space12373');
INSERT INTO spaces (id, item_id, hour_price) VALUES (12373, 12584, 0);
INSERT INTO items (id, venue_id, name) VALUES (12585, 10157, 'Space12374');
INSERT INTO spaces (id, item_id, hour_price) VALUES (12374, 12585, 0);
INSERT INTO items (id, venue_id, name) VALUES (12586, 10157, 'Space12375');
INSERT INTO spaces (id, item_id, hour_price) VALUES (12375, 12586, 0);
INSERT INTO items (id, venue_id, name) VALUES (12587, 10157, 'Space12376');
INSERT INTO spaces (id, item_id, hour_price) VALUES (12376, 12587, 0);
INSERT INTO items (id, venue_id, name) VALUES (12588, 10157, 'Product10210');
INSERT INTO products (id, item_id, price) VALUES (10210, 12588, 15);
INSERT INTO items (id, venue_id, name) VALUES (12589, 10157, 'Product10211');
INSERT INTO products (id, item_id, price) VALUES (10211, 12589, 6);
INSERT INTO items (id, venue_id, name) VALUES (12590, 10157, 'Product10212');
INSERT INTO products (id, item_id, price) VALUES (10212, 12590, 10);
INSERT INTO items (id, venue_id, name) VALUES (12591, 10157, 'Space12377');
INSERT INTO spaces (id, item_id, hour_price) VALUES (12377, 12591, 0);
INSERT INTO items (id, venue_id, name) VALUES (12592, 10157, 'Space12378');
INSERT INTO spaces (id, item_id, hour_price) VALUES (12378, 12592, 15);
INSERT INTO venues (id, name) VALUES (10161, 'Venue10161');
INSERT INTO items (id, venue_id, name) VALUES (12593, 10161, 'Space12379');
INSERT INTO spaces (id, item_id, hour_price) VALUES (12379, 12593, 0);
INSERT INTO items (id, venue_id, name) VALUES (12594, 10161, 'Space12380');
INSERT INTO spaces (id, item_id, hour_price) VALUES (12380, 12594, 0);
INSERT INTO items (id, venue_id, name) VALUES (12595, 10161, 'Space12381');
INSERT INTO spaces (id, item_id, hour_price) VALUES (12381, 12595, 0);
INSERT INTO items (id, venue_id, name) VALUES (12596, 10161, 'Space12382');
INSERT INTO spaces (id, item_id, hour_price) VALUES (12382, 12596, 0);
INSERT INTO items (id, venue_id, name) VALUES (12597, 10161, 'Space12383');
INSERT INTO spaces (id, item_id, hour_price) VALUES (12383, 12597, 0);
INSERT INTO items (id, venue_id, name) VALUES (12598, 10161, 'Space12384');
INSERT INTO spaces (id, item_id, hour_price) VALUES (12384, 12598, 0);
INSERT INTO items (id, venue_id, name) VALUES (12599, 10161, 'Product10213');
INSERT INTO products (id, item_id, price) VALUES (10213, 12599, 0);
INSERT INTO items (id, venue_id, name) VALUES (12600, 10161, 'Space12385');
INSERT INTO spaces (id, item_id, hour_price) VALUES (12385, 12600, 2.5);
INSERT INTO items (id, venue_id, name) VALUES (12601, 10161, 'Space12386');
INSERT INTO spaces (id, item_id, hour_price) VALUES (12386, 12601, 50);
INSERT INTO items (id, venue_id, name) VALUES (12602, 10161, 'Space12387');
INSERT INTO spaces (id, item_id, hour_price) VALUES (12387, 12602, 15);
INSERT INTO items (id, venue_id, name) VALUES (20098, 10161, 'Space17829');
INSERT INTO spaces (id, item_id, hour_price) VALUES (17829, 20098, 16);
INSERT INTO items (id, venue_id, name) VALUES (20099, 10161, 'Space17830');
INSERT INTO spaces (id, item_id, hour_price) VALUES (17830, 20099, 30);
INSERT INTO venues (id, name) VALUES (10167, 'Venue10167');
INSERT INTO items (id, venue_id, name) VALUES (12616, 10167, 'Space12401');
INSERT INTO spaces (id, item_id, hour_price) VALUES (12401, 12616, 0);
INSERT INTO items (id, venue_id, name) VALUES (12617, 10167, 'Space12402');
INSERT INTO spaces (id, item_id, hour_price) VALUES (12402, 12617, 0);
INSERT INTO items (id, venue_id, name) VALUES (12618, 10167, 'Space12403');
INSERT INTO spaces (id, item_id, hour_price) VALUES (12403, 12618, 0);
INSERT INTO items (id, venue_id, name) VALUES (12619, 10167, 'Space12404');
INSERT INTO spaces (id, item_id, hour_price) VALUES (12404, 12619, 0);
INSERT INTO items (id, venue_id, name) VALUES (12620, 10167, 'Space12405');
INSERT INTO spaces (id, item_id, hour_price) VALUES (12405, 12620, 0);
INSERT INTO items (id, venue_id, name) VALUES (12621, 10167, 'Space12406');
INSERT INTO spaces (id, item_id, hour_price) VALUES (12406, 12621, 0);
INSERT INTO items (id, venue_id, name) VALUES (12622, 10167, 'Product10214');
INSERT INTO products (id, item_id, price) VALUES (10214, 12622, 35);
INSERT INTO items (id, venue_id, name) VALUES (12623, 10167, 'Product10215');
INSERT INTO products (id, item_id, price) VALUES (10215, 12623, 12.5);
INSERT INTO items (id, venue_id, name) VALUES (12624, 10167, 'Product10216');
INSERT INTO products (id, item_id, price) VALUES (10216, 12624, 15);
INSERT INTO items (id, venue_id, name) VALUES (12625, 10167, 'Space12407');
INSERT INTO spaces (id, item_id, hour_price) VALUES (12407, 12625, 4.5);
INSERT INTO items (id, venue_id, name) VALUES (12627, 10167, 'Space12409');
INSERT INTO spaces (id, item_id, hour_price) VALUES (12409, 12627, 50);
INSERT INTO items (id, venue_id, name) VALUES (12629, 10167, 'Space12411');
INSERT INTO spaces (id, item_id, hour_price) VALUES (12411, 12629, 15);
INSERT INTO items (id, venue_id, name) VALUES (14229, 10167, 'Space13708');
INSERT INTO spaces (id, item_id, hour_price) VALUES (13708, 14229, 85);
INSERT INTO items (id, venue_id, name) VALUES (14230, 10167, 'Product10520');
INSERT INTO products (id, item_id, price) VALUES (10520, 14230, 0);
INSERT INTO items (id, venue_id, name) VALUES (14231, 10167, 'Product10521');
INSERT INTO products (id, item_id, price) VALUES (10521, 14231, 0);
INSERT INTO items (id, venue_id, name) VALUES (20414, 10167, 'Product12374');
INSERT INTO products (id, item_id, price) VALUES (12374, 20414, 10);
INSERT INTO items (id, venue_id, name) VALUES (20415, 10167, 'Product12375');
INSERT INTO products (id, item_id, price) VALUES (12375, 20415, 15);
INSERT INTO venues (id, name) VALUES (10171, 'Venue10171');
INSERT INTO items (id, venue_id, name) VALUES (12630, 10171, 'Space12412');
INSERT INTO spaces (id, item_id, hour_price) VALUES (12412, 12630, 0);
INSERT INTO items (id, venue_id, name) VALUES (12631, 10171, 'Space12413');
INSERT INTO spaces (id, item_id, hour_price) VALUES (12413, 12631, 0);
INSERT INTO items (id, venue_id, name) VALUES (12632, 10171, 'Space12414');
INSERT INTO spaces (id, item_id, hour_price) VALUES (12414, 12632, 0);
INSERT INTO items (id, venue_id, name) VALUES (12633, 10171, 'Space12415');
INSERT INTO spaces (id, item_id, hour_price) VALUES (12415, 12633, 0);
INSERT INTO items (id, venue_id, name) VALUES (12634, 10171, 'Space12416');
INSERT INTO spaces (id, item_id, hour_price) VALUES (12416, 12634, 0);
INSERT INTO items (id, venue_id, name) VALUES (12635, 10171, 'Space12417');
INSERT INTO spaces (id, item_id, hour_price) VALUES (12417, 12635, 0);
INSERT INTO items (id, venue_id, name) VALUES (12636, 10171, 'Product10217');
INSERT INTO products (id, item_id, price) VALUES (10217, 12636, 7.5);
INSERT INTO items (id, venue_id, name) VALUES (12637, 10171, 'Space12418');
INSERT INTO spaces (id, item_id, hour_price) VALUES (12418, 12637, 5);
INSERT INTO items (id, venue_id, name) VALUES (12638, 10171, 'Space12419');
INSERT INTO spaces (id, item_id, hour_price) VALUES (12419, 12638, 15);
INSERT INTO items (id, venue_id, name) VALUES (12639, 10171, 'Space12420');
INSERT INTO spaces (id, item_id, hour_price) VALUES (12420, 12639, 10);
INSERT INTO items (id, venue_id, name) VALUES (16997, 10171, 'Product11129');
INSERT INTO products (id, item_id, price) VALUES (11129, 16997, 45);
INSERT INTO items (id, venue_id, name) VALUES (16998, 10171, 'Product11130');
INSERT INTO products (id, item_id, price) VALUES (11130, 16998, 75);
INSERT INTO items (id, venue_id, name) VALUES (16999, 10171, 'Product11131');
INSERT INTO products (id, item_id, price) VALUES (11131, 16999, 4.5);
INSERT INTO items (id, venue_id, name) VALUES (17006, 10171, 'Product11138');
INSERT INTO products (id, item_id, price) VALUES (11138, 17006, 25);
INSERT INTO items (id, venue_id, name) VALUES (17007, 10171, 'Product11139');
INSERT INTO products (id, item_id, price) VALUES (11139, 17007, 1);
INSERT INTO items (id, venue_id, name) VALUES (17008, 10171, 'Product11140');
INSERT INTO products (id, item_id, price) VALUES (11140, 17008, 5);
INSERT INTO venues (id, name) VALUES (10175, 'Venue10175');
INSERT INTO items (id, venue_id, name) VALUES (12640, 10175, 'Space12421');
INSERT INTO spaces (id, item_id, hour_price) VALUES (12421, 12640, 0);
INSERT INTO items (id, venue_id, name) VALUES (12641, 10175, 'Space12422');
INSERT INTO spaces (id, item_id, hour_price) VALUES (12422, 12641, 0);
INSERT INTO items (id, venue_id, name) VALUES (12642, 10175, 'Space12423');
INSERT INTO spaces (id, item_id, hour_price) VALUES (12423, 12642, 0);
INSERT INTO items (id, venue_id, name) VALUES (12643, 10175, 'Space12424');
INSERT INTO spaces (id, item_id, hour_price) VALUES (12424, 12643, 0);
INSERT INTO items (id, venue_id, name) VALUES (12644, 10175, 'Space12425');
INSERT INTO spaces (id, item_id, hour_price) VALUES (12425, 12644, 0);
INSERT INTO items (id, venue_id, name) VALUES (12645, 10175, 'Space12426');
INSERT INTO spaces (id, item_id, hour_price) VALUES (12426, 12645, 0);
INSERT INTO items (id, venue_id, name) VALUES (12646, 10175, 'Product10218');
INSERT INTO products (id, item_id, price) VALUES (10218, 12646, 9.95);
INSERT INTO items (id, venue_id, name) VALUES (12647, 10175, 'Space12427');
INSERT INTO spaces (id, item_id, hour_price) VALUES (12427, 12647, 7.5);
INSERT INTO items (id, venue_id, name) VALUES (12649, 10175, 'Space12429');
INSERT INTO spaces (id, item_id, hour_price) VALUES (12429, 12649, 38);
INSERT INTO items (id, venue_id, name) VALUES (12650, 10175, 'Space12430');
INSERT INTO spaces (id, item_id, hour_price) VALUES (12430, 12650, 24);
INSERT INTO items (id, venue_id, name) VALUES (14238, 10175, 'Product10524');
INSERT INTO products (id, item_id, price) VALUES (10524, 14238, 0);
INSERT INTO items (id, venue_id, name) VALUES (14239, 10175, 'Product10525');
INSERT INTO products (id, item_id, price) VALUES (10525, 14239, 0);
INSERT INTO items (id, venue_id, name) VALUES (17808, 10175, 'Space16485');
INSERT INTO spaces (id, item_id, hour_price) VALUES (16485, 17808, 7.87);
INSERT INTO items (id, venue_id, name) VALUES (17809, 10175, 'Space16486');
INSERT INTO spaces (id, item_id, hour_price) VALUES (16486, 17809, 14.35);
INSERT INTO venues (id, name) VALUES (10184, 'Venue10184');
INSERT INTO items (id, venue_id, name) VALUES (12665, 10184, 'Space12444');
INSERT INTO spaces (id, item_id, hour_price) VALUES (12444, 12665, 0);
INSERT INTO items (id, venue_id, name) VALUES (12666, 10184, 'Space12445');
INSERT INTO spaces (id, item_id, hour_price) VALUES (12445, 12666, 0);
INSERT INTO items (id, venue_id, name) VALUES (12667, 10184, 'Space12446');
INSERT INTO spaces (id, item_id, hour_price) VALUES (12446, 12667, 0);
INSERT INTO items (id, venue_id, name) VALUES (12668, 10184, 'Space12447');
INSERT INTO spaces (id, item_id, hour_price) VALUES (12447, 12668, 0);
INSERT INTO items (id, venue_id, name) VALUES (12669, 10184, 'Space12448');
INSERT INTO spaces (id, item_id, hour_price) VALUES (12448, 12669, 0);
INSERT INTO items (id, venue_id, name) VALUES (12670, 10184, 'Space12449');
INSERT INTO spaces (id, item_id, hour_price) VALUES (12449, 12670, 0);
INSERT INTO items (id, venue_id, name) VALUES (12671, 10184, 'Product10220');
INSERT INTO products (id, item_id, price) VALUES (10220, 12671, 200);
INSERT INTO items (id, venue_id, name) VALUES (12672, 10184, 'Product10221');
INSERT INTO products (id, item_id, price) VALUES (10221, 12672, 50);
INSERT INTO items (id, venue_id, name) VALUES (12673, 10184, 'Product10222');
INSERT INTO products (id, item_id, price) VALUES (10222, 12673, 1.5);
INSERT INTO items (id, venue_id, name) VALUES (12674, 10184, 'Product10223');
INSERT INTO products (id, item_id, price) VALUES (10223, 12674, 5);
INSERT INTO items (id, venue_id, name) VALUES (12675, 10184, 'Space12450');
INSERT INTO spaces (id, item_id, hour_price) VALUES (12450, 12675, 3.5);
INSERT INTO items (id, venue_id, name) VALUES (12676, 10184, 'Space12451');
INSERT INTO spaces (id, item_id, hour_price) VALUES (12451, 12676, 12);
INSERT INTO items (id, venue_id, name) VALUES (12677, 10184, 'Space12452');
INSERT INTO spaces (id, item_id, hour_price) VALUES (12452, 12677, 12);
INSERT INTO items (id, venue_id, name) VALUES (14186, 10184, 'Product10496');
INSERT INTO products (id, item_id, price) VALUES (10496, 14186, 0);
INSERT INTO items (id, venue_id, name) VALUES (15706, 10184, 'Product10862');
INSERT INTO products (id, item_id, price) VALUES (10862, 15706, 0);
INSERT INTO venues (id, name) VALUES (10188, 'Venue10188');
INSERT INTO items (id, venue_id, name) VALUES (12678, 10188, 'Space12453');
INSERT INTO spaces (id, item_id, hour_price) VALUES (12453, 12678, 0);
INSERT INTO items (id, venue_id, name) VALUES (12679, 10188, 'Space12454');
INSERT INTO spaces (id, item_id, hour_price) VALUES (12454, 12679, 0);
INSERT INTO items (id, venue_id, name) VALUES (12680, 10188, 'Space12455');
INSERT INTO spaces (id, item_id, hour_price) VALUES (12455, 12680, 0);
INSERT INTO items (id, venue_id, name) VALUES (12681, 10188, 'Space12456');
INSERT INTO spaces (id, item_id, hour_price) VALUES (12456, 12681, 0);
INSERT INTO items (id, venue_id, name) VALUES (12682, 10188, 'Space12457');
INSERT INTO spaces (id, item_id, hour_price) VALUES (12457, 12682, 0);
INSERT INTO items (id, venue_id, name) VALUES (12683, 10188, 'Space12458');
INSERT INTO spaces (id, item_id, hour_price) VALUES (12458, 12683, 0);
INSERT INTO items (id, venue_id, name) VALUES (12684, 10188, 'Product10224');
INSERT INTO products (id, item_id, price) VALUES (10224, 12684, 5);
INSERT INTO items (id, venue_id, name) VALUES (12685, 10188, 'Product10225');
INSERT INTO products (id, item_id, price) VALUES (10225, 12685, 25);
INSERT INTO items (id, venue_id, name) VALUES (12686, 10188, 'Space12459');
INSERT INTO spaces (id, item_id, hour_price) VALUES (12459, 12686, 5);
INSERT INTO items (id, venue_id, name) VALUES (12690, 10188, 'Space12463');
INSERT INTO spaces (id, item_id, hour_price) VALUES (12463, 12690, 25);
INSERT INTO items (id, venue_id, name) VALUES (12691, 10188, 'Space12464');
INSERT INTO spaces (id, item_id, hour_price) VALUES (12464, 12691, 15);
INSERT INTO items (id, venue_id, name) VALUES (14240, 10188, 'Product10526');
INSERT INTO products (id, item_id, price) VALUES (10526, 14240, 0);
INSERT INTO items (id, venue_id, name) VALUES (14241, 10188, 'Product10527');
INSERT INTO products (id, item_id, price) VALUES (10527, 14241, 0);
INSERT INTO items (id, venue_id, name) VALUES (14680, 10188, 'Product10636');
INSERT INTO products (id, item_id, price) VALUES (10636, 14680, 7.5);
INSERT INTO items (id, venue_id, name) VALUES (14682, 10188, 'Product10638');
INSERT INTO products (id, item_id, price) VALUES (10638, 14682, 0.1);
INSERT INTO venues (id, name) VALUES (10198, 'Venue10198');
INSERT INTO items (id, venue_id, name) VALUES (12702, 10198, 'Space12475');
INSERT INTO spaces (id, item_id, hour_price) VALUES (12475, 12702, 0);
INSERT INTO items (id, venue_id, name) VALUES (12703, 10198, 'Space12476');
INSERT INTO spaces (id, item_id, hour_price) VALUES (12476, 12703, 0);
INSERT INTO items (id, venue_id, name) VALUES (12704, 10198, 'Space12477');
INSERT INTO spaces (id, item_id, hour_price) VALUES (12477, 12704, 0);
INSERT INTO items (id, venue_id, name) VALUES (12705, 10198, 'Space12478');
INSERT INTO spaces (id, item_id, hour_price) VALUES (12478, 12705, 0);
INSERT INTO items (id, venue_id, name) VALUES (12706, 10198, 'Space12479');
INSERT INTO spaces (id, item_id, hour_price) VALUES (12479, 12706, 0);
INSERT INTO items (id, venue_id, name) VALUES (12707, 10198, 'Space12480');
INSERT INTO spaces (id, item_id, hour_price) VALUES (12480, 12707, 0);
INSERT INTO items (id, venue_id, name) VALUES (12708, 10198, 'Product10226');
INSERT INTO products (id, item_id, price) VALUES (10226, 12708, 1.9);
INSERT INTO items (id, venue_id, name) VALUES (12709, 10198, 'Space12481');
INSERT INTO spaces (id, item_id, hour_price) VALUES (12481, 12709, 5);
INSERT INTO items (id, venue_id, name) VALUES (12710, 10198, 'Space12482');
INSERT INTO spaces (id, item_id, hour_price) VALUES (12482, 12710, 5);
INSERT INTO items (id, venue_id, name) VALUES (12713, 10198, 'Space12485');
INSERT INTO spaces (id, item_id, hour_price) VALUES (12485, 12713, 50);
INSERT INTO items (id, venue_id, name) VALUES (12714, 10198, 'Space12486');
INSERT INTO spaces (id, item_id, hour_price) VALUES (12486, 12714, 40);
INSERT INTO items (id, venue_id, name) VALUES (12715, 10198, 'Space12487');
INSERT INTO spaces (id, item_id, hour_price) VALUES (12487, 12715, 29);
INSERT INTO items (id, venue_id, name) VALUES (14258, 10198, 'Space13722');
INSERT INTO spaces (id, item_id, hour_price) VALUES (13722, 14258, 25);
INSERT INTO items (id, venue_id, name) VALUES (14260, 10198, 'Product10535');
INSERT INTO products (id, item_id, price) VALUES (10535, 14260, 0);
INSERT INTO items (id, venue_id, name) VALUES (14261, 10198, 'Product10536');
INSERT INTO products (id, item_id, price) VALUES (10536, 14261, 0);
INSERT INTO items (id, venue_id, name) VALUES (14284, 10198, 'Product10551');
INSERT INTO products (id, item_id, price) VALUES (10551, 14284, 2.12);
INSERT INTO items (id, venue_id, name) VALUES (14285, 10198, 'Product10552');
INSERT INTO products (id, item_id, price) VALUES (10552, 14285, 4.5);
INSERT INTO items (id, venue_id, name) VALUES (14286, 10198, 'Product10553');
INSERT INTO products (id, item_id, price) VALUES (10553, 14286, 8);
INSERT INTO items (id, venue_id, name) VALUES (14287, 10198, 'Product10554');
INSERT INTO products (id, item_id, price) VALUES (10554, 14287, 9);
INSERT INTO items (id, venue_id, name) VALUES (14288, 10198, 'Product10555');
INSERT INTO products (id, item_id, price) VALUES (10555, 14288, 2.5);
INSERT INTO venues (id, name) VALUES (10212, 'Venue10212');
INSERT INTO items (id, venue_id, name) VALUES (12742, 10212, 'Space12511');
INSERT INTO spaces (id, item_id, hour_price) VALUES (12511, 12742, 0);
INSERT INTO items (id, venue_id, name) VALUES (12743, 10212, 'Space12512');
INSERT INTO spaces (id, item_id, hour_price) VALUES (12512, 12743, 0);
INSERT INTO items (id, venue_id, name) VALUES (12744, 10212, 'Space12513');
INSERT INTO spaces (id, item_id, hour_price) VALUES (12513, 12744, 0);
INSERT INTO items (id, venue_id, name) VALUES (12745, 10212, 'Space12514');
INSERT INTO spaces (id, item_id, hour_price) VALUES (12514, 12745, 0);
INSERT INTO items (id, venue_id, name) VALUES (12746, 10212, 'Space12515');
INSERT INTO spaces (id, item_id, hour_price) VALUES (12515, 12746, 0);
INSERT INTO items (id, venue_id, name) VALUES (12747, 10212, 'Space12516');
INSERT INTO spaces (id, item_id, hour_price) VALUES (12516, 12747, 0);
INSERT INTO items (id, venue_id, name) VALUES (12748, 10212, 'Product10230');
INSERT INTO products (id, item_id, price) VALUES (10230, 12748, 5.95);
INSERT INTO items (id, venue_id, name) VALUES (12749, 10212, 'Product10231');
INSERT INTO products (id, item_id, price) VALUES (10231, 12749, 9.95);
INSERT INTO items (id, venue_id, name) VALUES (12750, 10212, 'Product10232');
INSERT INTO products (id, item_id, price) VALUES (10232, 12750, 15);
INSERT INTO items (id, venue_id, name) VALUES (12751, 10212, 'Product10233');
INSERT INTO products (id, item_id, price) VALUES (10233, 12751, 19.95);
INSERT INTO items (id, venue_id, name) VALUES (12752, 10212, 'Product10234');
INSERT INTO products (id, item_id, price) VALUES (10234, 12752, 12.95);
INSERT INTO items (id, venue_id, name) VALUES (14262, 10212, 'Space13724');
INSERT INTO spaces (id, item_id, hour_price) VALUES (13724, 14262, 55);
INSERT INTO items (id, venue_id, name) VALUES (14263, 10212, 'Product10537');
INSERT INTO products (id, item_id, price) VALUES (10537, 14263, 0);
INSERT INTO items (id, venue_id, name) VALUES (14264, 10212, 'Product10538');
INSERT INTO products (id, item_id, price) VALUES (10538, 14264, 0);
INSERT INTO items (id, venue_id, name) VALUES (22032, 10212, 'Space18834');
INSERT INTO spaces (id, item_id, hour_price) VALUES (18834, 22032, 128);
INSERT INTO items (id, venue_id, name) VALUES (22033, 10212, 'Space18835');
INSERT INTO spaces (id, item_id, hour_price) VALUES (18835, 22033, 15);
INSERT INTO items (id, venue_id, name) VALUES (22034, 10212, 'Space18836');
INSERT INTO spaces (id, item_id, hour_price) VALUES (18836, 22034, 55);
INSERT INTO items (id, venue_id, name) VALUES (22035, 10212, 'Space18837');
INSERT INTO spaces (id, item_id, hour_price) VALUES (18837, 22035, 55);
INSERT INTO items (id, venue_id, name) VALUES (22036, 10212, 'Space18838');
INSERT INTO spaces (id, item_id, hour_price) VALUES (18838, 22036, 120);
INSERT INTO venues (id, name) VALUES (10216, 'Venue10216');
INSERT INTO items (id, venue_id, name) VALUES (12754, 10216, 'Space12518');
INSERT INTO spaces (id, item_id, hour_price) VALUES (12518, 12754, 0);
INSERT INTO items (id, venue_id, name) VALUES (12755, 10216, 'Space12519');
INSERT INTO spaces (id, item_id, hour_price) VALUES (12519, 12755, 0);
INSERT INTO items (id, venue_id, name) VALUES (12756, 10216, 'Space12520');
INSERT INTO spaces (id, item_id, hour_price) VALUES (12520, 12756, 0);
INSERT INTO items (id, venue_id, name) VALUES (12757, 10216, 'Space12521');
INSERT INTO spaces (id, item_id, hour_price) VALUES (12521, 12757, 0);
INSERT INTO items (id, venue_id, name) VALUES (12758, 10216, 'Space12522');
INSERT INTO spaces (id, item_id, hour_price) VALUES (12522, 12758, 0);
INSERT INTO items (id, venue_id, name) VALUES (12759, 10216, 'Space12523');
INSERT INTO spaces (id, item_id, hour_price) VALUES (12523, 12759, 0);
INSERT INTO items (id, venue_id, name) VALUES (12760, 10216, 'Product10235');
INSERT INTO products (id, item_id, price) VALUES (10235, 12760, 10);
INSERT INTO items (id, venue_id, name) VALUES (12761, 10216, 'Product10236');
INSERT INTO products (id, item_id, price) VALUES (10236, 12761, 50);
INSERT INTO items (id, venue_id, name) VALUES (12762, 10216, 'Product10237');
INSERT INTO products (id, item_id, price) VALUES (10237, 12762, 15);
INSERT INTO items (id, venue_id, name) VALUES (12763, 10216, 'Space12524');
INSERT INTO spaces (id, item_id, hour_price) VALUES (12524, 12763, 15);
INSERT INTO items (id, venue_id, name) VALUES (12764, 10216, 'Space12525');
INSERT INTO spaces (id, item_id, hour_price) VALUES (12525, 12764, 15);
INSERT INTO items (id, venue_id, name) VALUES (12765, 10216, 'Space12526');
INSERT INTO spaces (id, item_id, hour_price) VALUES (12526, 12765, 15);
INSERT INTO items (id, venue_id, name) VALUES (17363, 10216, 'Space16137');
INSERT INTO spaces (id, item_id, hour_price) VALUES (16137, 17363, 15);
INSERT INTO items (id, venue_id, name) VALUES (19806, 10216, 'Product12166');
INSERT INTO products (id, item_id, price) VALUES (12166, 19806, 50);
INSERT INTO venues (id, name) VALUES (10222, 'Venue10222');
INSERT INTO items (id, venue_id, name) VALUES (12766, 10222, 'Space12527');
INSERT INTO spaces (id, item_id, hour_price) VALUES (12527, 12766, 0);
INSERT INTO items (id, venue_id, name) VALUES (12767, 10222, 'Space12528');
INSERT INTO spaces (id, item_id, hour_price) VALUES (12528, 12767, 0);
INSERT INTO items (id, venue_id, name) VALUES (12768, 10222, 'Space12529');
INSERT INTO spaces (id, item_id, hour_price) VALUES (12529, 12768, 0);
INSERT INTO items (id, venue_id, name) VALUES (12769, 10222, 'Space12530');
INSERT INTO spaces (id, item_id, hour_price) VALUES (12530, 12769, 0);
INSERT INTO items (id, venue_id, name) VALUES (12770, 10222, 'Space12531');
INSERT INTO spaces (id, item_id, hour_price) VALUES (12531, 12770, 0);
INSERT INTO items (id, venue_id, name) VALUES (12771, 10222, 'Space12532');
INSERT INTO spaces (id, item_id, hour_price) VALUES (12532, 12771, 0);
INSERT INTO items (id, venue_id, name) VALUES (12772, 10222, 'Space12533');
INSERT INTO spaces (id, item_id, hour_price) VALUES (12533, 12772, 4.5);
INSERT INTO items (id, venue_id, name) VALUES (12773, 10222, 'Space12534');
INSERT INTO spaces (id, item_id, hour_price) VALUES (12534, 12773, 17.5);
INSERT INTO items (id, venue_id, name) VALUES (12776, 10222, 'Space12537');
INSERT INTO spaces (id, item_id, hour_price) VALUES (12537, 12776, 12.5);
INSERT INTO items (id, venue_id, name) VALUES (14087, 10222, 'Space13619');
INSERT INTO spaces (id, item_id, hour_price) VALUES (13619, 14087, 25);
INSERT INTO items (id, venue_id, name) VALUES (14347, 10222, 'Product10587');
INSERT INTO products (id, item_id, price) VALUES (10587, 14347, 7.5);
INSERT INTO items (id, venue_id, name) VALUES (14348, 10222, 'Product10588');
INSERT INTO products (id, item_id, price) VALUES (10588, 14348, 14.5);
INSERT INTO items (id, venue_id, name) VALUES (14349, 10222, 'Product10589');
INSERT INTO products (id, item_id, price) VALUES (10589, 14349, 0);
INSERT INTO items (id, venue_id, name) VALUES (25558, 10222, 'Product15061');
INSERT INTO products (id, item_id, price) VALUES (15061, 25558, 7.5);
INSERT INTO items (id, venue_id, name) VALUES (25559, 10222, 'Product15062');
INSERT INTO products (id, item_id, price) VALUES (15062, 25559, 7.5);
INSERT INTO items (id, venue_id, name) VALUES (25560, 10222, 'Product15063');
INSERT INTO products (id, item_id, price) VALUES (15063, 25560, 3.5);
INSERT INTO items (id, venue_id, name) VALUES (25561, 10222, 'Product15064');
INSERT INTO products (id, item_id, price) VALUES (15064, 25561, 1.75);
INSERT INTO items (id, venue_id, name) VALUES (25563, 10222, 'Product15066');
INSERT INTO products (id, item_id, price) VALUES (15066, 25563, 0.75);
INSERT INTO items (id, venue_id, name) VALUES (28591, 10222, 'Space21870');
INSERT INTO spaces (id, item_id, hour_price) VALUES (21870, 28591, 10);
INSERT INTO items (id, venue_id, name) VALUES (28592, 10222, 'Space21871');
INSERT INTO spaces (id, item_id, hour_price) VALUES (21871, 28592, 20);
INSERT INTO venues (id, name) VALUES (10229, 'Venue10229');
INSERT INTO items (id, venue_id, name) VALUES (12788, 10229, 'Space12549');
INSERT INTO spaces (id, item_id, hour_price) VALUES (12549, 12788, 0);
INSERT INTO items (id, venue_id, name) VALUES (12789, 10229, 'Space12550');
INSERT INTO spaces (id, item_id, hour_price) VALUES (12550, 12789, 0);
INSERT INTO items (id, venue_id, name) VALUES (12790, 10229, 'Space12551');
INSERT INTO spaces (id, item_id, hour_price) VALUES (12551, 12790, 0);
INSERT INTO items (id, venue_id, name) VALUES (12791, 10229, 'Space12552');
INSERT INTO spaces (id, item_id, hour_price) VALUES (12552, 12791, 0);
INSERT INTO items (id, venue_id, name) VALUES (12792, 10229, 'Space12553');
INSERT INTO spaces (id, item_id, hour_price) VALUES (12553, 12792, 0);
INSERT INTO items (id, venue_id, name) VALUES (12793, 10229, 'Space12554');
INSERT INTO spaces (id, item_id, hour_price) VALUES (12554, 12793, 0);
INSERT INTO items (id, venue_id, name) VALUES (12794, 10229, 'Product10238');
INSERT INTO products (id, item_id, price) VALUES (10238, 12794, 15);
INSERT INTO items (id, venue_id, name) VALUES (12795, 10229, 'Product10239');
INSERT INTO products (id, item_id, price) VALUES (10239, 12795, 25);
INSERT INTO items (id, venue_id, name) VALUES (12797, 10229, 'Space12556');
INSERT INTO spaces (id, item_id, hour_price) VALUES (12556, 12797, 25);
INSERT INTO items (id, venue_id, name) VALUES (12798, 10229, 'Space12557');
INSERT INTO spaces (id, item_id, hour_price) VALUES (12557, 12798, 15);
INSERT INTO items (id, venue_id, name) VALUES (26111, 10229, 'Space20718');
INSERT INTO spaces (id, item_id, hour_price) VALUES (20718, 26111, 3);
INSERT INTO items (id, venue_id, name) VALUES (26112, 10229, 'Space20719');
INSERT INTO spaces (id, item_id, hour_price) VALUES (20719, 26112, 40);
INSERT INTO items (id, venue_id, name) VALUES (26113, 10229, 'Space20720');
INSERT INTO spaces (id, item_id, hour_price) VALUES (20720, 26113, 50);
INSERT INTO items (id, venue_id, name) VALUES (26114, 10229, 'Space20721');
INSERT INTO spaces (id, item_id, hour_price) VALUES (20721, 26114, 20);
INSERT INTO venues (id, name) VALUES (10237, 'Venue10237');
INSERT INTO items (id, venue_id, name) VALUES (12806, 10237, 'Space12565');
INSERT INTO spaces (id, item_id, hour_price) VALUES (12565, 12806, 0);
INSERT INTO items (id, venue_id, name) VALUES (12807, 10237, 'Space12566');
INSERT INTO spaces (id, item_id, hour_price) VALUES (12566, 12807, 0);
INSERT INTO items (id, venue_id, name) VALUES (12808, 10237, 'Space12567');
INSERT INTO spaces (id, item_id, hour_price) VALUES (12567, 12808, 0);
INSERT INTO items (id, venue_id, name) VALUES (12809, 10237, 'Space12568');
INSERT INTO spaces (id, item_id, hour_price) VALUES (12568, 12809, 0);
INSERT INTO items (id, venue_id, name) VALUES (12810, 10237, 'Space12569');
INSERT INTO spaces (id, item_id, hour_price) VALUES (12569, 12810, 0);
INSERT INTO items (id, venue_id, name) VALUES (12811, 10237, 'Space12570');
INSERT INTO spaces (id, item_id, hour_price) VALUES (12570, 12811, 0);
INSERT INTO items (id, venue_id, name) VALUES (12812, 10237, 'Space12571');
INSERT INTO spaces (id, item_id, hour_price) VALUES (12571, 12812, 20);
INSERT INTO items (id, venue_id, name) VALUES (14293, 10237, 'Space13733');
INSERT INTO spaces (id, item_id, hour_price) VALUES (13733, 14293, 10);
INSERT INTO items (id, venue_id, name) VALUES (14294, 10237, 'Product10559');
INSERT INTO products (id, item_id, price) VALUES (10559, 14294, 10);
INSERT INTO items (id, venue_id, name) VALUES (14295, 10237, 'Product10560');
INSERT INTO products (id, item_id, price) VALUES (10560, 14295, 0);
INSERT INTO items (id, venue_id, name) VALUES (14297, 10237, 'Product10562');
INSERT INTO products (id, item_id, price) VALUES (10562, 14297, 1);
INSERT INTO items (id, venue_id, name) VALUES (14298, 10237, 'Product10563');
INSERT INTO products (id, item_id, price) VALUES (10563, 14298, 1);
INSERT INTO items (id, venue_id, name) VALUES (15700, 10237, 'Product10859');
INSERT INTO products (id, item_id, price) VALUES (10859, 15700, 0);
INSERT INTO items (id, venue_id, name) VALUES (15893, 10237, 'Product10885');
INSERT INTO products (id, item_id, price) VALUES (10885, 15893, 15);
INSERT INTO items (id, venue_id, name) VALUES (16408, 10237, 'Product11000');
INSERT INTO products (id, item_id, price) VALUES (11000, 16408, 5);
INSERT INTO items (id, venue_id, name) VALUES (22767, 10237, 'Product13579');
INSERT INTO products (id, item_id, price) VALUES (13579, 22767, 30);
INSERT INTO items (id, venue_id, name) VALUES (26918, 10237, 'Space21085');
INSERT INTO spaces (id, item_id, hour_price) VALUES (21085, 26918, 30);
INSERT INTO venues (id, name) VALUES (10245, 'Venue10245');
INSERT INTO items (id, venue_id, name) VALUES (12820, 10245, 'Space12579');
INSERT INTO spaces (id, item_id, hour_price) VALUES (12579, 12820, 0);
INSERT INTO items (id, venue_id, name) VALUES (12821, 10245, 'Space12580');
INSERT INTO spaces (id, item_id, hour_price) VALUES (12580, 12821, 0);
INSERT INTO items (id, venue_id, name) VALUES (12822, 10245, 'Space12581');
INSERT INTO spaces (id, item_id, hour_price) VALUES (12581, 12822, 0);
INSERT INTO items (id, venue_id, name) VALUES (12823, 10245, 'Space12582');
INSERT INTO spaces (id, item_id, hour_price) VALUES (12582, 12823, 0);
INSERT INTO items (id, venue_id, name) VALUES (12824, 10245, 'Space12583');
INSERT INTO spaces (id, item_id, hour_price) VALUES (12583, 12824, 0);
INSERT INTO items (id, venue_id, name) VALUES (12825, 10245, 'Space12584');
INSERT INTO spaces (id, item_id, hour_price) VALUES (12584, 12825, 0);
INSERT INTO items (id, venue_id, name) VALUES (12826, 10245, 'Product10240');
INSERT INTO products (id, item_id, price) VALUES (10240, 12826, 35);
INSERT INTO items (id, venue_id, name) VALUES (12827, 10245, 'Product10241');
INSERT INTO products (id, item_id, price) VALUES (10241, 12827, 7.5);
INSERT INTO items (id, venue_id, name) VALUES (12831, 10245, 'Space12587');
INSERT INTO spaces (id, item_id, hour_price) VALUES (12587, 12831, 15);
INSERT INTO venues (id, name) VALUES (10257, 'Venue10257');
INSERT INTO items (id, venue_id, name) VALUES (12848, 10257, 'Space12604');
INSERT INTO spaces (id, item_id, hour_price) VALUES (12604, 12848, 0);
INSERT INTO items (id, venue_id, name) VALUES (12849, 10257, 'Space12605');
INSERT INTO spaces (id, item_id, hour_price) VALUES (12605, 12849, 0);
INSERT INTO items (id, venue_id, name) VALUES (12850, 10257, 'Space12606');
INSERT INTO spaces (id, item_id, hour_price) VALUES (12606, 12850, 0);
INSERT INTO items (id, venue_id, name) VALUES (12851, 10257, 'Space12607');
INSERT INTO spaces (id, item_id, hour_price) VALUES (12607, 12851, 0);
INSERT INTO items (id, venue_id, name) VALUES (12852, 10257, 'Space12608');
INSERT INTO spaces (id, item_id, hour_price) VALUES (12608, 12852, 0);
INSERT INTO items (id, venue_id, name) VALUES (12853, 10257, 'Space12609');
INSERT INTO spaces (id, item_id, hour_price) VALUES (12609, 12853, 0);
INSERT INTO items (id, venue_id, name) VALUES (12854, 10257, 'Product10243');
INSERT INTO products (id, item_id, price) VALUES (10243, 12854, 2);
INSERT INTO items (id, venue_id, name) VALUES (12857, 10257, 'Space12612');
INSERT INTO spaces (id, item_id, hour_price) VALUES (12612, 12857, 15);
INSERT INTO items (id, venue_id, name) VALUES (15224, 10257, 'Space14452');
INSERT INTO spaces (id, item_id, hour_price) VALUES (14452, 15224, 5);
INSERT INTO venues (id, name) VALUES (10261, 'Venue10261');
INSERT INTO items (id, venue_id, name) VALUES (12858, 10261, 'Space12613');
INSERT INTO spaces (id, item_id, hour_price) VALUES (12613, 12858, 0);
INSERT INTO items (id, venue_id, name) VALUES (12859, 10261, 'Space12614');
INSERT INTO spaces (id, item_id, hour_price) VALUES (12614, 12859, 0);
INSERT INTO items (id, venue_id, name) VALUES (12860, 10261, 'Space12615');
INSERT INTO spaces (id, item_id, hour_price) VALUES (12615, 12860, 0);
INSERT INTO items (id, venue_id, name) VALUES (12861, 10261, 'Space12616');
INSERT INTO spaces (id, item_id, hour_price) VALUES (12616, 12861, 0);
INSERT INTO items (id, venue_id, name) VALUES (12862, 10261, 'Space12617');
INSERT INTO spaces (id, item_id, hour_price) VALUES (12617, 12862, 0);
INSERT INTO items (id, venue_id, name) VALUES (12863, 10261, 'Space12618');
INSERT INTO spaces (id, item_id, hour_price) VALUES (12618, 12863, 0);
INSERT INTO items (id, venue_id, name) VALUES (12864, 10261, 'Space12619');
INSERT INTO spaces (id, item_id, hour_price) VALUES (12619, 12864, 5);
INSERT INTO items (id, venue_id, name) VALUES (12865, 10261, 'Space12620');
INSERT INTO spaces (id, item_id, hour_price) VALUES (12620, 12865, 8);
INSERT INTO items (id, venue_id, name) VALUES (14303, 10261, 'Product10566');
INSERT INTO products (id, item_id, price) VALUES (10566, 14303, 0);
INSERT INTO items (id, venue_id, name) VALUES (14304, 10261, 'Product10567');
INSERT INTO products (id, item_id, price) VALUES (10567, 14304, 0);
INSERT INTO items (id, venue_id, name) VALUES (19541, 10261, 'Product12066');
INSERT INTO products (id, item_id, price) VALUES (12066, 19541, 40);
INSERT INTO venues (id, name) VALUES (10262, 'Venue10262');
INSERT INTO items (id, venue_id, name) VALUES (12866, 10262, 'Space12621');
INSERT INTO spaces (id, item_id, hour_price) VALUES (12621, 12866, 0);
INSERT INTO items (id, venue_id, name) VALUES (12867, 10262, 'Space12622');
INSERT INTO spaces (id, item_id, hour_price) VALUES (12622, 12867, 0);
INSERT INTO items (id, venue_id, name) VALUES (12868, 10262, 'Space12623');
INSERT INTO spaces (id, item_id, hour_price) VALUES (12623, 12868, 0);
INSERT INTO items (id, venue_id, name) VALUES (12869, 10262, 'Space12624');
INSERT INTO spaces (id, item_id, hour_price) VALUES (12624, 12869, 0);
INSERT INTO items (id, venue_id, name) VALUES (12870, 10262, 'Space12625');
INSERT INTO spaces (id, item_id, hour_price) VALUES (12625, 12870, 0);
INSERT INTO items (id, venue_id, name) VALUES (12871, 10262, 'Space12626');
INSERT INTO spaces (id, item_id, hour_price) VALUES (12626, 12871, 0);
INSERT INTO items (id, venue_id, name) VALUES (12872, 10262, 'Product10244');
INSERT INTO products (id, item_id, price) VALUES (10244, 12872, 0);
INSERT INTO items (id, venue_id, name) VALUES (12873, 10262, 'Space12627');
INSERT INTO spaces (id, item_id, hour_price) VALUES (12627, 12873, 5.33);
INSERT INTO items (id, venue_id, name) VALUES (12874, 10262, 'Space12628');
INSERT INTO spaces (id, item_id, hour_price) VALUES (12628, 12874, 10.67);
INSERT INTO items (id, venue_id, name) VALUES (12875, 10262, 'Space12629');
INSERT INTO spaces (id, item_id, hour_price) VALUES (12629, 12875, 13.33);
INSERT INTO venues (id, name) VALUES (10276, 'Venue10276');
INSERT INTO items (id, venue_id, name) VALUES (12890, 10276, 'Space12644');
INSERT INTO spaces (id, item_id, hour_price) VALUES (12644, 12890, 0);
INSERT INTO items (id, venue_id, name) VALUES (12891, 10276, 'Space12645');
INSERT INTO spaces (id, item_id, hour_price) VALUES (12645, 12891, 0);
INSERT INTO items (id, venue_id, name) VALUES (12892, 10276, 'Space12646');
INSERT INTO spaces (id, item_id, hour_price) VALUES (12646, 12892, 0);
INSERT INTO items (id, venue_id, name) VALUES (12893, 10276, 'Space12647');
INSERT INTO spaces (id, item_id, hour_price) VALUES (12647, 12893, 0);
INSERT INTO items (id, venue_id, name) VALUES (12894, 10276, 'Space12648');
INSERT INTO spaces (id, item_id, hour_price) VALUES (12648, 12894, 0);
INSERT INTO items (id, venue_id, name) VALUES (12895, 10276, 'Space12649');
INSERT INTO spaces (id, item_id, hour_price) VALUES (12649, 12895, 0);
INSERT INTO items (id, venue_id, name) VALUES (12896, 10276, 'Product10245');
INSERT INTO products (id, item_id, price) VALUES (10245, 12896, 0);
INSERT INTO items (id, venue_id, name) VALUES (12897, 10276, 'Space12650');
INSERT INTO spaces (id, item_id, hour_price) VALUES (12650, 12897, 6);
INSERT INTO items (id, venue_id, name) VALUES (12898, 10276, 'Space12651');
INSERT INTO spaces (id, item_id, hour_price) VALUES (12651, 12898, 12.5);
INSERT INTO items (id, venue_id, name) VALUES (19263, 10276, 'Product11958');
INSERT INTO products (id, item_id, price) VALUES (11958, 19263, 3.5);
INSERT INTO venues (id, name) VALUES (10291, 'Venue10291');
INSERT INTO items (id, venue_id, name) VALUES (12916, 10291, 'Space12669');
INSERT INTO spaces (id, item_id, hour_price) VALUES (12669, 12916, 0);
INSERT INTO items (id, venue_id, name) VALUES (12917, 10291, 'Space12670');
INSERT INTO spaces (id, item_id, hour_price) VALUES (12670, 12917, 0);
INSERT INTO items (id, venue_id, name) VALUES (12918, 10291, 'Space12671');
INSERT INTO spaces (id, item_id, hour_price) VALUES (12671, 12918, 0);
INSERT INTO items (id, venue_id, name) VALUES (12919, 10291, 'Space12672');
INSERT INTO spaces (id, item_id, hour_price) VALUES (12672, 12919, 0);
INSERT INTO items (id, venue_id, name) VALUES (12920, 10291, 'Space12673');
INSERT INTO spaces (id, item_id, hour_price) VALUES (12673, 12920, 0);
INSERT INTO items (id, venue_id, name) VALUES (12921, 10291, 'Space12674');
INSERT INTO spaces (id, item_id, hour_price) VALUES (12674, 12921, 0);
INSERT INTO items (id, venue_id, name) VALUES (12922, 10291, 'Space12675');
INSERT INTO spaces (id, item_id, hour_price) VALUES (12675, 12922, 3);
INSERT INTO items (id, venue_id, name) VALUES (12923, 10291, 'Space12676');
INSERT INTO spaces (id, item_id, hour_price) VALUES (12676, 12923, 3);
INSERT INTO items (id, venue_id, name) VALUES (12925, 10291, 'Space12678');
INSERT INTO spaces (id, item_id, hour_price) VALUES (12678, 12925, 20);
INSERT INTO items (id, venue_id, name) VALUES (12926, 10291, 'Space12679');
INSERT INTO spaces (id, item_id, hour_price) VALUES (12679, 12926, 10);
INSERT INTO items (id, venue_id, name) VALUES (14311, 10291, 'Space13740');
INSERT INTO spaces (id, item_id, hour_price) VALUES (13740, 14311, 10);
INSERT INTO items (id, venue_id, name) VALUES (15009, 10291, 'Product10670');
INSERT INTO products (id, item_id, price) VALUES (10670, 15009, 10);
INSERT INTO items (id, venue_id, name) VALUES (18745, 10291, 'Space16972');
INSERT INTO spaces (id, item_id, hour_price) VALUES (16972, 18745, 17.33);
INSERT INTO items (id, venue_id, name) VALUES (19181, 10291, 'Product11935');
INSERT INTO products (id, item_id, price) VALUES (11935, 19181, 110);
INSERT INTO items (id, venue_id, name) VALUES (19580, 10291, 'Product12096');
INSERT INTO products (id, item_id, price) VALUES (12096, 19580, 1.5);
INSERT INTO items (id, venue_id, name) VALUES (20819, 10291, 'Product12584');
INSERT INTO products (id, item_id, price) VALUES (12584, 20819, 125);
INSERT INTO venues (id, name) VALUES (10307, 'Venue10307');
INSERT INTO items (id, venue_id, name) VALUES (12947, 10307, 'Space12695');
INSERT INTO spaces (id, item_id, hour_price) VALUES (12695, 12947, 0);
INSERT INTO items (id, venue_id, name) VALUES (12948, 10307, 'Space12696');
INSERT INTO spaces (id, item_id, hour_price) VALUES (12696, 12948, 0);
INSERT INTO items (id, venue_id, name) VALUES (12949, 10307, 'Space12697');
INSERT INTO spaces (id, item_id, hour_price) VALUES (12697, 12949, 0);
INSERT INTO items (id, venue_id, name) VALUES (12950, 10307, 'Space12698');
INSERT INTO spaces (id, item_id, hour_price) VALUES (12698, 12950, 0);
INSERT INTO items (id, venue_id, name) VALUES (12951, 10307, 'Space12699');
INSERT INTO spaces (id, item_id, hour_price) VALUES (12699, 12951, 0);
INSERT INTO items (id, venue_id, name) VALUES (12952, 10307, 'Space12700');
INSERT INTO spaces (id, item_id, hour_price) VALUES (12700, 12952, 0);
INSERT INTO items (id, venue_id, name) VALUES (12953, 10307, 'Product10251');
INSERT INTO products (id, item_id, price) VALUES (10251, 12953, 7.5);
INSERT INTO items (id, venue_id, name) VALUES (12954, 10307, 'Product10252');
INSERT INTO products (id, item_id, price) VALUES (10252, 12954, 8.5);
INSERT INTO items (id, venue_id, name) VALUES (12955, 10307, 'Product10253');
INSERT INTO products (id, item_id, price) VALUES (10253, 12955, 9.5);
INSERT INTO items (id, venue_id, name) VALUES (12956, 10307, 'Product10254');
INSERT INTO products (id, item_id, price) VALUES (10254, 12956, 22.5);
INSERT INTO items (id, venue_id, name) VALUES (12957, 10307, 'Product10255');
INSERT INTO products (id, item_id, price) VALUES (10255, 12957, 12.5);
INSERT INTO items (id, venue_id, name) VALUES (12958, 10307, 'Product10256');
INSERT INTO products (id, item_id, price) VALUES (10256, 12958, 1.75);
INSERT INTO items (id, venue_id, name) VALUES (12959, 10307, 'Product10257');
INSERT INTO products (id, item_id, price) VALUES (10257, 12959, 20);
INSERT INTO items (id, venue_id, name) VALUES (12960, 10307, 'Space12701');
INSERT INTO spaces (id, item_id, hour_price) VALUES (12701, 12960, 0);
INSERT INTO items (id, venue_id, name) VALUES (12961, 10307, 'Space12702');
INSERT INTO spaces (id, item_id, hour_price) VALUES (12702, 12961, 4);
INSERT INTO items (id, venue_id, name) VALUES (12963, 10307, 'Space12704');
INSERT INTO spaces (id, item_id, hour_price) VALUES (12704, 12963, 12);
INSERT INTO items (id, venue_id, name) VALUES (12964, 10307, 'Space12705');
INSERT INTO spaces (id, item_id, hour_price) VALUES (12705, 12964, 17);
INSERT INTO items (id, venue_id, name) VALUES (12965, 10307, 'Space12706');
INSERT INTO spaces (id, item_id, hour_price) VALUES (12706, 12965, 10);
INSERT INTO items (id, venue_id, name) VALUES (14312, 10307, 'Space13741');
INSERT INTO spaces (id, item_id, hour_price) VALUES (13741, 14312, 21);
INSERT INTO items (id, venue_id, name) VALUES (15961, 10307, 'Product10906');
INSERT INTO products (id, item_id, price) VALUES (10906, 15961, 100);
INSERT INTO items (id, venue_id, name) VALUES (16211, 10307, 'Product10937');
INSERT INTO products (id, item_id, price) VALUES (10937, 16211, 11.25);
INSERT INTO items (id, venue_id, name) VALUES (17593, 10307, 'Space16305');
INSERT INTO spaces (id, item_id, hour_price) VALUES (16305, 17593, 11.2);
INSERT INTO venues (id, name) VALUES (10319, 'Venue10319');
INSERT INTO items (id, venue_id, name) VALUES (12975, 10319, 'Space12716');
INSERT INTO spaces (id, item_id, hour_price) VALUES (12716, 12975, 0);
INSERT INTO items (id, venue_id, name) VALUES (12976, 10319, 'Space12717');
INSERT INTO spaces (id, item_id, hour_price) VALUES (12717, 12976, 0);
INSERT INTO items (id, venue_id, name) VALUES (12977, 10319, 'Space12718');
INSERT INTO spaces (id, item_id, hour_price) VALUES (12718, 12977, 0);
INSERT INTO items (id, venue_id, name) VALUES (12978, 10319, 'Space12719');
INSERT INTO spaces (id, item_id, hour_price) VALUES (12719, 12978, 0);
INSERT INTO items (id, venue_id, name) VALUES (12979, 10319, 'Space12720');
INSERT INTO spaces (id, item_id, hour_price) VALUES (12720, 12979, 0);
INSERT INTO items (id, venue_id, name) VALUES (12980, 10319, 'Space12721');
INSERT INTO spaces (id, item_id, hour_price) VALUES (12721, 12980, 0);
INSERT INTO items (id, venue_id, name) VALUES (12981, 10319, 'Space12722');
INSERT INTO spaces (id, item_id, hour_price) VALUES (12722, 12981, 0);
INSERT INTO items (id, venue_id, name) VALUES (12982, 10319, 'Space12723');
INSERT INTO spaces (id, item_id, hour_price) VALUES (12723, 12982, 6);
INSERT INTO items (id, venue_id, name) VALUES (12983, 10319, 'Space12724');
INSERT INTO spaces (id, item_id, hour_price) VALUES (12724, 12983, 18);
INSERT INTO items (id, venue_id, name) VALUES (14136, 10319, 'Space13658');
INSERT INTO spaces (id, item_id, hour_price) VALUES (13658, 14136, 6);
INSERT INTO items (id, venue_id, name) VALUES (14313, 10319, 'Product10570');
INSERT INTO products (id, item_id, price) VALUES (10570, 14313, 2);
INSERT INTO items (id, venue_id, name) VALUES (14314, 10319, 'Product10571');
INSERT INTO products (id, item_id, price) VALUES (10571, 14314, 0);
INSERT INTO items (id, venue_id, name) VALUES (14315, 10319, 'Product10572');
INSERT INTO products (id, item_id, price) VALUES (10572, 14315, 0);
INSERT INTO items (id, venue_id, name) VALUES (15407, 10319, 'Product10798');
INSERT INTO products (id, item_id, price) VALUES (10798, 15407, 4);
INSERT INTO venues (id, name) VALUES (10325, 'Venue10325');
INSERT INTO items (id, venue_id, name) VALUES (12984, 10325, 'Space12725');
INSERT INTO spaces (id, item_id, hour_price) VALUES (12725, 12984, 0);
INSERT INTO items (id, venue_id, name) VALUES (12985, 10325, 'Space12726');
INSERT INTO spaces (id, item_id, hour_price) VALUES (12726, 12985, 0);
INSERT INTO items (id, venue_id, name) VALUES (12986, 10325, 'Space12727');
INSERT INTO spaces (id, item_id, hour_price) VALUES (12727, 12986, 0);
INSERT INTO items (id, venue_id, name) VALUES (12987, 10325, 'Space12728');
INSERT INTO spaces (id, item_id, hour_price) VALUES (12728, 12987, 0);
INSERT INTO items (id, venue_id, name) VALUES (12988, 10325, 'Space12729');
INSERT INTO spaces (id, item_id, hour_price) VALUES (12729, 12988, 0);
INSERT INTO items (id, venue_id, name) VALUES (12989, 10325, 'Space12730');
INSERT INTO spaces (id, item_id, hour_price) VALUES (12730, 12989, 0);
INSERT INTO items (id, venue_id, name) VALUES (12990, 10325, 'Space12731');
INSERT INTO spaces (id, item_id, hour_price) VALUES (12731, 12990, 65);
INSERT INTO venues (id, name) VALUES (10329, 'Venue10329');
INSERT INTO items (id, venue_id, name) VALUES (12991, 10329, 'Space12732');
INSERT INTO spaces (id, item_id, hour_price) VALUES (12732, 12991, 0);
INSERT INTO items (id, venue_id, name) VALUES (12992, 10329, 'Space12733');
INSERT INTO spaces (id, item_id, hour_price) VALUES (12733, 12992, 0);
INSERT INTO items (id, venue_id, name) VALUES (12993, 10329, 'Space12734');
INSERT INTO spaces (id, item_id, hour_price) VALUES (12734, 12993, 0);
INSERT INTO items (id, venue_id, name) VALUES (12994, 10329, 'Space12735');
INSERT INTO spaces (id, item_id, hour_price) VALUES (12735, 12994, 0);
INSERT INTO items (id, venue_id, name) VALUES (12995, 10329, 'Space12736');
INSERT INTO spaces (id, item_id, hour_price) VALUES (12736, 12995, 0);
INSERT INTO items (id, venue_id, name) VALUES (12996, 10329, 'Space12737');
INSERT INTO spaces (id, item_id, hour_price) VALUES (12737, 12996, 0);
INSERT INTO items (id, venue_id, name) VALUES (12997, 10329, 'Product10258');
INSERT INTO products (id, item_id, price) VALUES (10258, 12997, 35);
INSERT INTO items (id, venue_id, name) VALUES (12998, 10329, 'Product10259');
INSERT INTO products (id, item_id, price) VALUES (10259, 12998, 35);
INSERT INTO items (id, venue_id, name) VALUES (12999, 10329, 'Product10260');
INSERT INTO products (id, item_id, price) VALUES (10260, 12999, 27.5);
INSERT INTO items (id, venue_id, name) VALUES (13000, 10329, 'Product10261');
INSERT INTO products (id, item_id, price) VALUES (10261, 13000, 10);
INSERT INTO items (id, venue_id, name) VALUES (13001, 10329, 'Product10262');
INSERT INTO products (id, item_id, price) VALUES (10262, 13001, 6);
INSERT INTO items (id, venue_id, name) VALUES (13002, 10329, 'Product10263');
INSERT INTO products (id, item_id, price) VALUES (10263, 13002, 0);
INSERT INTO items (id, venue_id, name) VALUES (13003, 10329, 'Space12738');
INSERT INTO spaces (id, item_id, hour_price) VALUES (12738, 13003, 5);
INSERT INTO items (id, venue_id, name) VALUES (13004, 10329, 'Space12739');
INSERT INTO spaces (id, item_id, hour_price) VALUES (12739, 13004, 47.5);
INSERT INTO items (id, venue_id, name) VALUES (13006, 10329, 'Space12741');
INSERT INTO spaces (id, item_id, hour_price) VALUES (12741, 13006, 12.5);
INSERT INTO items (id, venue_id, name) VALUES (13007, 10329, 'Space12742');
INSERT INTO spaces (id, item_id, hour_price) VALUES (12742, 13007, 12.5);
INSERT INTO items (id, venue_id, name) VALUES (14316, 10329, 'Space13742');
INSERT INTO spaces (id, item_id, hour_price) VALUES (13742, 14316, 12.5);
INSERT INTO items (id, venue_id, name) VALUES (14317, 10329, 'Space13743');
INSERT INTO spaces (id, item_id, hour_price) VALUES (13743, 14317, 12.5);
INSERT INTO items (id, venue_id, name) VALUES (14318, 10329, 'Product10573');
INSERT INTO products (id, item_id, price) VALUES (10573, 14318, 0);
INSERT INTO venues (id, name) VALUES (10333, 'Venue10333');
INSERT INTO items (id, venue_id, name) VALUES (13009, 10333, 'Space12744');
INSERT INTO spaces (id, item_id, hour_price) VALUES (12744, 13009, 0);
INSERT INTO items (id, venue_id, name) VALUES (13010, 10333, 'Space12745');
INSERT INTO spaces (id, item_id, hour_price) VALUES (12745, 13010, 0);
INSERT INTO items (id, venue_id, name) VALUES (13011, 10333, 'Space12746');
INSERT INTO spaces (id, item_id, hour_price) VALUES (12746, 13011, 0);
INSERT INTO items (id, venue_id, name) VALUES (13012, 10333, 'Space12747');
INSERT INTO spaces (id, item_id, hour_price) VALUES (12747, 13012, 0);
INSERT INTO items (id, venue_id, name) VALUES (13013, 10333, 'Space12748');
INSERT INTO spaces (id, item_id, hour_price) VALUES (12748, 13013, 0);
INSERT INTO items (id, venue_id, name) VALUES (13014, 10333, 'Space12749');
INSERT INTO spaces (id, item_id, hour_price) VALUES (12749, 13014, 0);
INSERT INTO items (id, venue_id, name) VALUES (13015, 10333, 'Product10264');
INSERT INTO products (id, item_id, price) VALUES (10264, 13015, 15);
INSERT INTO items (id, venue_id, name) VALUES (13016, 10333, 'Product10265');
INSERT INTO products (id, item_id, price) VALUES (10265, 13016, 25);
INSERT INTO items (id, venue_id, name) VALUES (13017, 10333, 'Product10266');
INSERT INTO products (id, item_id, price) VALUES (10266, 13017, 3);
INSERT INTO items (id, venue_id, name) VALUES (13018, 10333, 'Product10267');
INSERT INTO products (id, item_id, price) VALUES (10267, 13018, 40);
INSERT INTO items (id, venue_id, name) VALUES (13019, 10333, 'Product10268');
INSERT INTO products (id, item_id, price) VALUES (10268, 13019, 0);
INSERT INTO items (id, venue_id, name) VALUES (13020, 10333, 'Product10269');
INSERT INTO products (id, item_id, price) VALUES (10269, 13020, 0);
INSERT INTO items (id, venue_id, name) VALUES (13022, 10333, 'Product10271');
INSERT INTO products (id, item_id, price) VALUES (10271, 13022, 11.25);
INSERT INTO items (id, venue_id, name) VALUES (13024, 10333, 'Space12751');
INSERT INTO spaces (id, item_id, hour_price) VALUES (12751, 13024, 5);
INSERT INTO items (id, venue_id, name) VALUES (13026, 10333, 'Space12753');
INSERT INTO spaces (id, item_id, hour_price) VALUES (12753, 13026, 5);
INSERT INTO items (id, venue_id, name) VALUES (13027, 10333, 'Space12754');
INSERT INTO spaces (id, item_id, hour_price) VALUES (12754, 13027, 5);
INSERT INTO items (id, venue_id, name) VALUES (13028, 10333, 'Space12755');
INSERT INTO spaces (id, item_id, hour_price) VALUES (12755, 13028, 5);
INSERT INTO items (id, venue_id, name) VALUES (13029, 10333, 'Space12756');
INSERT INTO spaces (id, item_id, hour_price) VALUES (12756, 13029, 5);
INSERT INTO items (id, venue_id, name) VALUES (13030, 10333, 'Space12757');
INSERT INTO spaces (id, item_id, hour_price) VALUES (12757, 13030, 5);
INSERT INTO items (id, venue_id, name) VALUES (16406, 10333, 'Space15400');
INSERT INTO spaces (id, item_id, hour_price) VALUES (15400, 16406, 5);
INSERT INTO items (id, venue_id, name) VALUES (18325, 10333, 'Product11623');
INSERT INTO products (id, item_id, price) VALUES (11623, 18325, 25);
INSERT INTO items (id, venue_id, name) VALUES (18326, 10333, 'Product11624');
INSERT INTO products (id, item_id, price) VALUES (11624, 18326, 20);
INSERT INTO items (id, venue_id, name) VALUES (19044, 10333, 'Product11881');
INSERT INTO products (id, item_id, price) VALUES (11881, 19044, 40);
INSERT INTO venues (id, name) VALUES (10337, 'Venue10337');
INSERT INTO items (id, venue_id, name) VALUES (13032, 10337, 'Space12759');
INSERT INTO spaces (id, item_id, hour_price) VALUES (12759, 13032, 0);
INSERT INTO items (id, venue_id, name) VALUES (13033, 10337, 'Space12760');
INSERT INTO spaces (id, item_id, hour_price) VALUES (12760, 13033, 0);
INSERT INTO items (id, venue_id, name) VALUES (13034, 10337, 'Space12761');
INSERT INTO spaces (id, item_id, hour_price) VALUES (12761, 13034, 0);
INSERT INTO items (id, venue_id, name) VALUES (13035, 10337, 'Space12762');
INSERT INTO spaces (id, item_id, hour_price) VALUES (12762, 13035, 0);
INSERT INTO items (id, venue_id, name) VALUES (13036, 10337, 'Space12763');
INSERT INTO spaces (id, item_id, hour_price) VALUES (12763, 13036, 0);
INSERT INTO items (id, venue_id, name) VALUES (13037, 10337, 'Space12764');
INSERT INTO spaces (id, item_id, hour_price) VALUES (12764, 13037, 0);
INSERT INTO items (id, venue_id, name) VALUES (13038, 10337, 'Space12765');
INSERT INTO spaces (id, item_id, hour_price) VALUES (12765, 13038, 0);
INSERT INTO items (id, venue_id, name) VALUES (13039, 10337, 'Space12766');
INSERT INTO spaces (id, item_id, hour_price) VALUES (12766, 13039, 7.5);
INSERT INTO items (id, venue_id, name) VALUES (13040, 10337, 'Space12767');
INSERT INTO spaces (id, item_id, hour_price) VALUES (12767, 13040, 12);
INSERT INTO items (id, venue_id, name) VALUES (13041, 10337, 'Space12768');
INSERT INTO spaces (id, item_id, hour_price) VALUES (12768, 13041, 7.5);
INSERT INTO venues (id, name) VALUES (10341, 'Venue10341');
INSERT INTO items (id, venue_id, name) VALUES (13042, 10341, 'Space12769');
INSERT INTO spaces (id, item_id, hour_price) VALUES (12769, 13042, 0);
INSERT INTO items (id, venue_id, name) VALUES (13043, 10341, 'Space12770');
INSERT INTO spaces (id, item_id, hour_price) VALUES (12770, 13043, 0);
INSERT INTO items (id, venue_id, name) VALUES (13044, 10341, 'Space12771');
INSERT INTO spaces (id, item_id, hour_price) VALUES (12771, 13044, 0);
INSERT INTO items (id, venue_id, name) VALUES (13045, 10341, 'Space12772');
INSERT INTO spaces (id, item_id, hour_price) VALUES (12772, 13045, 0);
INSERT INTO items (id, venue_id, name) VALUES (13046, 10341, 'Space12773');
INSERT INTO spaces (id, item_id, hour_price) VALUES (12773, 13046, 0);
INSERT INTO items (id, venue_id, name) VALUES (13047, 10341, 'Space12774');
INSERT INTO spaces (id, item_id, hour_price) VALUES (12774, 13047, 0);
INSERT INTO items (id, venue_id, name) VALUES (13048, 10341, 'Product10272');
INSERT INTO products (id, item_id, price) VALUES (10272, 13048, 0.06);
INSERT INTO items (id, venue_id, name) VALUES (13049, 10341, 'Product10273');
INSERT INTO products (id, item_id, price) VALUES (10273, 13049, 0.12);
INSERT INTO items (id, venue_id, name) VALUES (13050, 10341, 'Product10274');
INSERT INTO products (id, item_id, price) VALUES (10274, 13050, 0);
INSERT INTO items (id, venue_id, name) VALUES (13051, 10341, 'Space12775');
INSERT INTO spaces (id, item_id, hour_price) VALUES (12775, 13051, 5);
INSERT INTO items (id, venue_id, name) VALUES (13052, 10341, 'Space12776');
INSERT INTO spaces (id, item_id, hour_price) VALUES (12776, 13052, 10);
INSERT INTO items (id, venue_id, name) VALUES (13053, 10341, 'Space12777');
INSERT INTO spaces (id, item_id, hour_price) VALUES (12777, 13053, 8);
INSERT INTO items (id, venue_id, name) VALUES (13054, 10341, 'Space12778');
INSERT INTO spaces (id, item_id, hour_price) VALUES (12778, 13054, 15);
INSERT INTO venues (id, name) VALUES (10345, 'Venue10345');
INSERT INTO items (id, venue_id, name) VALUES (13055, 10345, 'Space12779');
INSERT INTO spaces (id, item_id, hour_price) VALUES (12779, 13055, 0);
INSERT INTO items (id, venue_id, name) VALUES (13056, 10345, 'Space12780');
INSERT INTO spaces (id, item_id, hour_price) VALUES (12780, 13056, 0);
INSERT INTO items (id, venue_id, name) VALUES (13057, 10345, 'Space12781');
INSERT INTO spaces (id, item_id, hour_price) VALUES (12781, 13057, 0);
INSERT INTO items (id, venue_id, name) VALUES (13058, 10345, 'Space12782');
INSERT INTO spaces (id, item_id, hour_price) VALUES (12782, 13058, 0);
INSERT INTO items (id, venue_id, name) VALUES (13059, 10345, 'Space12783');
INSERT INTO spaces (id, item_id, hour_price) VALUES (12783, 13059, 0);
INSERT INTO items (id, venue_id, name) VALUES (13060, 10345, 'Space12784');
INSERT INTO spaces (id, item_id, hour_price) VALUES (12784, 13060, 0);
INSERT INTO items (id, venue_id, name) VALUES (13061, 10345, 'Space12785');
INSERT INTO spaces (id, item_id, hour_price) VALUES (12785, 13061, 7.5);
INSERT INTO items (id, venue_id, name) VALUES (13063, 10345, 'Space12787');
INSERT INTO spaces (id, item_id, hour_price) VALUES (12787, 13063, 25);
INSERT INTO venues (id, name) VALUES (10351, 'Venue10351');
INSERT INTO items (id, venue_id, name) VALUES (13065, 10351, 'Space12789');
INSERT INTO spaces (id, item_id, hour_price) VALUES (12789, 13065, 0);
INSERT INTO items (id, venue_id, name) VALUES (13066, 10351, 'Space12790');
INSERT INTO spaces (id, item_id, hour_price) VALUES (12790, 13066, 0);
INSERT INTO items (id, venue_id, name) VALUES (13067, 10351, 'Space12791');
INSERT INTO spaces (id, item_id, hour_price) VALUES (12791, 13067, 0);
INSERT INTO items (id, venue_id, name) VALUES (13068, 10351, 'Space12792');
INSERT INTO spaces (id, item_id, hour_price) VALUES (12792, 13068, 0);
INSERT INTO items (id, venue_id, name) VALUES (13069, 10351, 'Space12793');
INSERT INTO spaces (id, item_id, hour_price) VALUES (12793, 13069, 0);
INSERT INTO items (id, venue_id, name) VALUES (13070, 10351, 'Space12794');
INSERT INTO spaces (id, item_id, hour_price) VALUES (12794, 13070, 0);
INSERT INTO items (id, venue_id, name) VALUES (13073, 10351, 'Space12797');
INSERT INTO spaces (id, item_id, hour_price) VALUES (12797, 13073, 9);
INSERT INTO items (id, venue_id, name) VALUES (15439, 10351, 'Product10806');
INSERT INTO products (id, item_id, price) VALUES (10806, 15439, 0);
INSERT INTO venues (id, name) VALUES (10367, 'Venue10367');
INSERT INTO items (id, venue_id, name) VALUES (13113, 10367, 'Space12827');
INSERT INTO spaces (id, item_id, hour_price) VALUES (12827, 13113, 0);
INSERT INTO items (id, venue_id, name) VALUES (13114, 10367, 'Space12828');
INSERT INTO spaces (id, item_id, hour_price) VALUES (12828, 13114, 0);
INSERT INTO items (id, venue_id, name) VALUES (13115, 10367, 'Space12829');
INSERT INTO spaces (id, item_id, hour_price) VALUES (12829, 13115, 0);
INSERT INTO items (id, venue_id, name) VALUES (13116, 10367, 'Space12830');
INSERT INTO spaces (id, item_id, hour_price) VALUES (12830, 13116, 0);
INSERT INTO items (id, venue_id, name) VALUES (13117, 10367, 'Space12831');
INSERT INTO spaces (id, item_id, hour_price) VALUES (12831, 13117, 0);
INSERT INTO items (id, venue_id, name) VALUES (13118, 10367, 'Space12832');
INSERT INTO spaces (id, item_id, hour_price) VALUES (12832, 13118, 0);
INSERT INTO items (id, venue_id, name) VALUES (13119, 10367, 'Product10285');
INSERT INTO products (id, item_id, price) VALUES (10285, 13119, 25);
INSERT INTO items (id, venue_id, name) VALUES (13120, 10367, 'Product10286');
INSERT INTO products (id, item_id, price) VALUES (10286, 13120, 9.75);
INSERT INTO items (id, venue_id, name) VALUES (13121, 10367, 'Product10287');
INSERT INTO products (id, item_id, price) VALUES (10287, 13121, 14.75);
INSERT INTO items (id, venue_id, name) VALUES (13122, 10367, 'Product10288');
INSERT INTO products (id, item_id, price) VALUES (10288, 13122, 4.5);
INSERT INTO items (id, venue_id, name) VALUES (13124, 10367, 'Space12833');
INSERT INTO spaces (id, item_id, hour_price) VALUES (12833, 13124, 6);
INSERT INTO items (id, venue_id, name) VALUES (13126, 10367, 'Space12835');
INSERT INTO spaces (id, item_id, hour_price) VALUES (12835, 13126, 25);
INSERT INTO items (id, venue_id, name) VALUES (13127, 10367, 'Space12836');
INSERT INTO spaces (id, item_id, hour_price) VALUES (12836, 13127, 25);
INSERT INTO items (id, venue_id, name) VALUES (13130, 10367, 'Space12839');
INSERT INTO spaces (id, item_id, hour_price) VALUES (12839, 13130, 12.5);
INSERT INTO items (id, venue_id, name) VALUES (14330, 10367, 'Space13753');
INSERT INTO spaces (id, item_id, hour_price) VALUES (13753, 14330, 35);
INSERT INTO items (id, venue_id, name) VALUES (14331, 10367, 'Space13754');
INSERT INTO spaces (id, item_id, hour_price) VALUES (13754, 14331, 12.5);
INSERT INTO items (id, venue_id, name) VALUES (17082, 10367, 'Product11166');
INSERT INTO products (id, item_id, price) VALUES (11166, 17082, 2);
INSERT INTO items (id, venue_id, name) VALUES (17083, 10367, 'Product11167');
INSERT INTO products (id, item_id, price) VALUES (11167, 17083, 4);
INSERT INTO items (id, venue_id, name) VALUES (17084, 10367, 'Product11168');
INSERT INTO products (id, item_id, price) VALUES (11168, 17084, 6);
INSERT INTO items (id, venue_id, name) VALUES (17085, 10367, 'Product11169');
INSERT INTO products (id, item_id, price) VALUES (11169, 17085, 25);
INSERT INTO items (id, venue_id, name) VALUES (18384, 10367, 'Product11640');
INSERT INTO products (id, item_id, price) VALUES (11640, 18384, 25);
INSERT INTO items (id, venue_id, name) VALUES (18386, 10367, 'Product11641');
INSERT INTO products (id, item_id, price) VALUES (11641, 18386, 9.75);
INSERT INTO items (id, venue_id, name) VALUES (18387, 10367, 'Product11642');
INSERT INTO products (id, item_id, price) VALUES (11642, 18387, 14.5);
INSERT INTO items (id, venue_id, name) VALUES (18388, 10367, 'Product11643');
INSERT INTO products (id, item_id, price) VALUES (11643, 18388, 4.5);
INSERT INTO items (id, venue_id, name) VALUES (18389, 10367, 'Product11644');
INSERT INTO products (id, item_id, price) VALUES (11644, 18389, 5);
INSERT INTO items (id, venue_id, name) VALUES (23797, 10367, 'Product14089');
INSERT INTO products (id, item_id, price) VALUES (14089, 23797, 7.5);
INSERT INTO items (id, venue_id, name) VALUES (23798, 10367, 'Product14090');
INSERT INTO products (id, item_id, price) VALUES (14090, 23798, 3.5);
INSERT INTO venues (id, name) VALUES (10377, 'Venue10377');
INSERT INTO items (id, venue_id, name) VALUES (13143, 10377, 'Space12849');
INSERT INTO spaces (id, item_id, hour_price) VALUES (12849, 13143, 0);
INSERT INTO items (id, venue_id, name) VALUES (13144, 10377, 'Space12850');
INSERT INTO spaces (id, item_id, hour_price) VALUES (12850, 13144, 0);
INSERT INTO items (id, venue_id, name) VALUES (13145, 10377, 'Space12851');
INSERT INTO spaces (id, item_id, hour_price) VALUES (12851, 13145, 0);
INSERT INTO items (id, venue_id, name) VALUES (13146, 10377, 'Space12852');
INSERT INTO spaces (id, item_id, hour_price) VALUES (12852, 13146, 0);
INSERT INTO items (id, venue_id, name) VALUES (13147, 10377, 'Space12853');
INSERT INTO spaces (id, item_id, hour_price) VALUES (12853, 13147, 0);
INSERT INTO items (id, venue_id, name) VALUES (13148, 10377, 'Space12854');
INSERT INTO spaces (id, item_id, hour_price) VALUES (12854, 13148, 0);
INSERT INTO items (id, venue_id, name) VALUES (13149, 10377, 'Product10293');
INSERT INTO products (id, item_id, price) VALUES (10293, 13149, 7.5);
INSERT INTO items (id, venue_id, name) VALUES (13150, 10377, 'Space12855');
INSERT INTO spaces (id, item_id, hour_price) VALUES (12855, 13150, 4);
INSERT INTO items (id, venue_id, name) VALUES (14399, 10377, 'Space13771');
INSERT INTO spaces (id, item_id, hour_price) VALUES (13771, 14399, 2);
INSERT INTO items (id, venue_id, name) VALUES (14400, 10377, 'Space13772');
INSERT INTO spaces (id, item_id, hour_price) VALUES (13772, 14400, 2);
INSERT INTO items (id, venue_id, name) VALUES (14401, 10377, 'Space13773');
INSERT INTO spaces (id, item_id, hour_price) VALUES (13773, 14401, 2);
INSERT INTO items (id, venue_id, name) VALUES (14422, 10377, 'Product10627');
INSERT INTO products (id, item_id, price) VALUES (10627, 14422, 5);
INSERT INTO items (id, venue_id, name) VALUES (17171, 10377, 'Space15977');
INSERT INTO spaces (id, item_id, hour_price) VALUES (15977, 17171, 2);
INSERT INTO items (id, venue_id, name) VALUES (18710, 10377, 'Product11750');
INSERT INTO products (id, item_id, price) VALUES (11750, 18710, 22);
INSERT INTO items (id, venue_id, name) VALUES (24180, 10377, 'Space19869');
INSERT INTO spaces (id, item_id, hour_price) VALUES (19869, 24180, 2);
INSERT INTO items (id, venue_id, name) VALUES (24181, 10377, 'Space19870');
INSERT INTO spaces (id, item_id, hour_price) VALUES (19870, 24181, 2);
INSERT INTO items (id, venue_id, name) VALUES (24182, 10377, 'Space19871');
INSERT INTO spaces (id, item_id, hour_price) VALUES (19871, 24182, 2);
INSERT INTO items (id, venue_id, name) VALUES (24183, 10377, 'Space19872');
INSERT INTO spaces (id, item_id, hour_price) VALUES (19872, 24183, 2);
INSERT INTO items (id, venue_id, name) VALUES (25565, 10377, 'Product15068');
INSERT INTO products (id, item_id, price) VALUES (15068, 25565, 8);
INSERT INTO venues (id, name) VALUES (10381, 'Venue10381');
INSERT INTO items (id, venue_id, name) VALUES (13151, 10381, 'Space12856');
INSERT INTO spaces (id, item_id, hour_price) VALUES (12856, 13151, 0);
INSERT INTO items (id, venue_id, name) VALUES (13152, 10381, 'Space12857');
INSERT INTO spaces (id, item_id, hour_price) VALUES (12857, 13152, 0);
INSERT INTO items (id, venue_id, name) VALUES (13153, 10381, 'Space12858');
INSERT INTO spaces (id, item_id, hour_price) VALUES (12858, 13153, 0);
INSERT INTO items (id, venue_id, name) VALUES (13154, 10381, 'Space12859');
INSERT INTO spaces (id, item_id, hour_price) VALUES (12859, 13154, 0);
INSERT INTO items (id, venue_id, name) VALUES (13155, 10381, 'Space12860');
INSERT INTO spaces (id, item_id, hour_price) VALUES (12860, 13155, 0);
INSERT INTO items (id, venue_id, name) VALUES (13156, 10381, 'Space12861');
INSERT INTO spaces (id, item_id, hour_price) VALUES (12861, 13156, 0);
INSERT INTO items (id, venue_id, name) VALUES (13160, 10381, 'Product10297');
INSERT INTO products (id, item_id, price) VALUES (10297, 13160, 10);
INSERT INTO items (id, venue_id, name) VALUES (13163, 10381, 'Product10300');
INSERT INTO products (id, item_id, price) VALUES (10300, 13163, 10);
INSERT INTO items (id, venue_id, name) VALUES (13164, 10381, 'Product10301');
INSERT INTO products (id, item_id, price) VALUES (10301, 13164, 5);
INSERT INTO items (id, venue_id, name) VALUES (13167, 10381, 'Space12863');
INSERT INTO spaces (id, item_id, hour_price) VALUES (12863, 13167, 15);
INSERT INTO items (id, venue_id, name) VALUES (13168, 10381, 'Space12864');
INSERT INTO spaces (id, item_id, hour_price) VALUES (12864, 13168, 15);
INSERT INTO items (id, venue_id, name) VALUES (13169, 10381, 'Space12865');
INSERT INTO spaces (id, item_id, hour_price) VALUES (12865, 13169, 15);
INSERT INTO venues (id, name) VALUES (10385, 'Venue10385');
INSERT INTO items (id, venue_id, name) VALUES (13171, 10385, 'Space12867');
INSERT INTO spaces (id, item_id, hour_price) VALUES (12867, 13171, 0);
INSERT INTO items (id, venue_id, name) VALUES (13172, 10385, 'Space12868');
INSERT INTO spaces (id, item_id, hour_price) VALUES (12868, 13172, 0);
INSERT INTO items (id, venue_id, name) VALUES (13173, 10385, 'Space12869');
INSERT INTO spaces (id, item_id, hour_price) VALUES (12869, 13173, 0);
INSERT INTO items (id, venue_id, name) VALUES (13174, 10385, 'Space12870');
INSERT INTO spaces (id, item_id, hour_price) VALUES (12870, 13174, 0);
INSERT INTO items (id, venue_id, name) VALUES (13175, 10385, 'Space12871');
INSERT INTO spaces (id, item_id, hour_price) VALUES (12871, 13175, 0);
INSERT INTO items (id, venue_id, name) VALUES (13176, 10385, 'Space12872');
INSERT INTO spaces (id, item_id, hour_price) VALUES (12872, 13176, 0);
INSERT INTO items (id, venue_id, name) VALUES (13177, 10385, 'Product10303');
INSERT INTO products (id, item_id, price) VALUES (10303, 13177, 9.5);
INSERT INTO items (id, venue_id, name) VALUES (13178, 10385, 'Product10304');
INSERT INTO products (id, item_id, price) VALUES (10304, 13178, 12);
INSERT INTO items (id, venue_id, name) VALUES (13179, 10385, 'Product10305');
INSERT INTO products (id, item_id, price) VALUES (10305, 13179, 30);
INSERT INTO items (id, venue_id, name) VALUES (13182, 10385, 'Space12875');
INSERT INTO spaces (id, item_id, hour_price) VALUES (12875, 13182, 7);
INSERT INTO items (id, venue_id, name) VALUES (13183, 10385, 'Space12876');
INSERT INTO spaces (id, item_id, hour_price) VALUES (12876, 13183, 7);
INSERT INTO items (id, venue_id, name) VALUES (13184, 10385, 'Space12877');
INSERT INTO spaces (id, item_id, hour_price) VALUES (12877, 13184, 7);
INSERT INTO items (id, venue_id, name) VALUES (13185, 10385, 'Space12878');
INSERT INTO spaces (id, item_id, hour_price) VALUES (12878, 13185, 7);
INSERT INTO items (id, venue_id, name) VALUES (19478, 10385, 'Space17439');
INSERT INTO spaces (id, item_id, hour_price) VALUES (17439, 19478, 7);
INSERT INTO venues (id, name) VALUES (10389, 'Venue10389');
INSERT INTO items (id, venue_id, name) VALUES (13187, 10389, 'Space12880');
INSERT INTO spaces (id, item_id, hour_price) VALUES (12880, 13187, 0);
INSERT INTO items (id, venue_id, name) VALUES (13188, 10389, 'Space12881');
INSERT INTO spaces (id, item_id, hour_price) VALUES (12881, 13188, 0);
INSERT INTO items (id, venue_id, name) VALUES (13189, 10389, 'Space12882');
INSERT INTO spaces (id, item_id, hour_price) VALUES (12882, 13189, 0);
INSERT INTO items (id, venue_id, name) VALUES (13190, 10389, 'Space12883');
INSERT INTO spaces (id, item_id, hour_price) VALUES (12883, 13190, 0);
INSERT INTO items (id, venue_id, name) VALUES (13191, 10389, 'Space12884');
INSERT INTO spaces (id, item_id, hour_price) VALUES (12884, 13191, 0);
INSERT INTO items (id, venue_id, name) VALUES (13192, 10389, 'Space12885');
INSERT INTO spaces (id, item_id, hour_price) VALUES (12885, 13192, 0);
INSERT INTO items (id, venue_id, name) VALUES (13193, 10389, 'Space12886');
INSERT INTO spaces (id, item_id, hour_price) VALUES (12886, 13193, 2);
INSERT INTO items (id, venue_id, name) VALUES (13194, 10389, 'Space12887');
INSERT INTO spaces (id, item_id, hour_price) VALUES (12887, 13194, 15);
INSERT INTO items (id, venue_id, name) VALUES (15080, 10389, 'Space14394');
INSERT INTO spaces (id, item_id, hour_price) VALUES (14394, 15080, 2);
INSERT INTO venues (id, name) VALUES (10393, 'Venue10393');
INSERT INTO items (id, venue_id, name) VALUES (13195, 10393, 'Space12888');
INSERT INTO spaces (id, item_id, hour_price) VALUES (12888, 13195, 0);
INSERT INTO items (id, venue_id, name) VALUES (13196, 10393, 'Space12889');
INSERT INTO spaces (id, item_id, hour_price) VALUES (12889, 13196, 0);
INSERT INTO items (id, venue_id, name) VALUES (13197, 10393, 'Space12890');
INSERT INTO spaces (id, item_id, hour_price) VALUES (12890, 13197, 0);
INSERT INTO items (id, venue_id, name) VALUES (13198, 10393, 'Space12891');
INSERT INTO spaces (id, item_id, hour_price) VALUES (12891, 13198, 0);
INSERT INTO items (id, venue_id, name) VALUES (13199, 10393, 'Space12892');
INSERT INTO spaces (id, item_id, hour_price) VALUES (12892, 13199, 0);
INSERT INTO items (id, venue_id, name) VALUES (13200, 10393, 'Space12893');
INSERT INTO spaces (id, item_id, hour_price) VALUES (12893, 13200, 0);
INSERT INTO items (id, venue_id, name) VALUES (13201, 10393, 'Product10306');
INSERT INTO products (id, item_id, price) VALUES (10306, 13201, 7.5);
INSERT INTO items (id, venue_id, name) VALUES (13202, 10393, 'Product10307');
INSERT INTO products (id, item_id, price) VALUES (10307, 13202, 7.5);
INSERT INTO items (id, venue_id, name) VALUES (13203, 10393, 'Product10308');
INSERT INTO products (id, item_id, price) VALUES (10308, 13203, 35);
INSERT INTO items (id, venue_id, name) VALUES (13204, 10393, 'Product10309');
INSERT INTO products (id, item_id, price) VALUES (10309, 13204, 7.5);
INSERT INTO items (id, venue_id, name) VALUES (13205, 10393, 'Product10310');
INSERT INTO products (id, item_id, price) VALUES (10310, 13205, 7.5);
INSERT INTO items (id, venue_id, name) VALUES (13206, 10393, 'Space12894');
INSERT INTO spaces (id, item_id, hour_price) VALUES (12894, 13206, 1.65);
INSERT INTO items (id, venue_id, name) VALUES (13207, 10393, 'Space12895');
INSERT INTO spaces (id, item_id, hour_price) VALUES (12895, 13207, 10);
INSERT INTO items (id, venue_id, name) VALUES (13208, 10393, 'Space12896');
INSERT INTO spaces (id, item_id, hour_price) VALUES (12896, 13208, 27.5);
INSERT INTO items (id, venue_id, name) VALUES (13209, 10393, 'Space12897');
INSERT INTO spaces (id, item_id, hour_price) VALUES (12897, 13209, 7.7);
INSERT INTO items (id, venue_id, name) VALUES (13210, 10393, 'Space12898');
INSERT INTO spaces (id, item_id, hour_price) VALUES (12898, 13210, 7.7);
INSERT INTO items (id, venue_id, name) VALUES (17354, 10393, 'Space16136');
INSERT INTO spaces (id, item_id, hour_price) VALUES (16136, 17354, 2.75);
INSERT INTO items (id, venue_id, name) VALUES (24391, 10393, 'Product14432');
INSERT INTO products (id, item_id, price) VALUES (14432, 24391, 16);
INSERT INTO items (id, venue_id, name) VALUES (26091, 10393, 'Space20709');
INSERT INTO spaces (id, item_id, hour_price) VALUES (20709, 26091, 17.6);
INSERT INTO items (id, venue_id, name) VALUES (26632, 10393, 'Product15684');
INSERT INTO products (id, item_id, price) VALUES (15684, 26632, 0.1);
INSERT INTO items (id, venue_id, name) VALUES (26633, 10393, 'Product15685');
INSERT INTO products (id, item_id, price) VALUES (15685, 26633, 2);
INSERT INTO items (id, venue_id, name) VALUES (26634, 10393, 'Product15686');
INSERT INTO products (id, item_id, price) VALUES (15686, 26634, 1.5);
INSERT INTO items (id, venue_id, name) VALUES (26635, 10393, 'Product15687');
INSERT INTO products (id, item_id, price) VALUES (15687, 26635, 32.5);
INSERT INTO items (id, venue_id, name) VALUES (27180, 10393, 'Space21208');
INSERT INTO spaces (id, item_id, hour_price) VALUES (21208, 27180, 10);
INSERT INTO venues (id, name) VALUES (10397, 'Venue10397');
INSERT INTO items (id, venue_id, name) VALUES (13211, 10397, 'Space12899');
INSERT INTO spaces (id, item_id, hour_price) VALUES (12899, 13211, 0);
INSERT INTO items (id, venue_id, name) VALUES (13212, 10397, 'Space12900');
INSERT INTO spaces (id, item_id, hour_price) VALUES (12900, 13212, 0);
INSERT INTO items (id, venue_id, name) VALUES (13213, 10397, 'Space12901');
INSERT INTO spaces (id, item_id, hour_price) VALUES (12901, 13213, 0);
INSERT INTO items (id, venue_id, name) VALUES (13214, 10397, 'Space12902');
INSERT INTO spaces (id, item_id, hour_price) VALUES (12902, 13214, 0);
INSERT INTO items (id, venue_id, name) VALUES (13215, 10397, 'Space12903');
INSERT INTO spaces (id, item_id, hour_price) VALUES (12903, 13215, 0);
INSERT INTO items (id, venue_id, name) VALUES (13216, 10397, 'Space12904');
INSERT INTO spaces (id, item_id, hour_price) VALUES (12904, 13216, 0);
INSERT INTO items (id, venue_id, name) VALUES (13217, 10397, 'Product10311');
INSERT INTO products (id, item_id, price) VALUES (10311, 13217, 12);
INSERT INTO items (id, venue_id, name) VALUES (13218, 10397, 'Product10312');
INSERT INTO products (id, item_id, price) VALUES (10312, 13218, 3.5);
INSERT INTO items (id, venue_id, name) VALUES (13219, 10397, 'Product10313');
INSERT INTO products (id, item_id, price) VALUES (10313, 13219, 3.5);
INSERT INTO items (id, venue_id, name) VALUES (13220, 10397, 'Product10314');
INSERT INTO products (id, item_id, price) VALUES (10314, 13220, 2.75);
INSERT INTO items (id, venue_id, name) VALUES (13221, 10397, 'Product10315');
INSERT INTO products (id, item_id, price) VALUES (10315, 13221, 30);
INSERT INTO items (id, venue_id, name) VALUES (13223, 10397, 'Product10317');
INSERT INTO products (id, item_id, price) VALUES (10317, 13223, 15);
INSERT INTO items (id, venue_id, name) VALUES (13224, 10397, 'Space12905');
INSERT INTO spaces (id, item_id, hour_price) VALUES (12905, 13224, 39);
INSERT INTO items (id, venue_id, name) VALUES (14146, 10397, 'Space13663');
INSERT INTO spaces (id, item_id, hour_price) VALUES (13663, 14146, 10);
INSERT INTO items (id, venue_id, name) VALUES (14333, 10397, 'Product10577');
INSERT INTO products (id, item_id, price) VALUES (10577, 14333, 0);
INSERT INTO items (id, venue_id, name) VALUES (14334, 10397, 'Product10578');
INSERT INTO products (id, item_id, price) VALUES (10578, 14334, 0);
INSERT INTO venues (id, name) VALUES (10403, 'Venue10403');
INSERT INTO items (id, venue_id, name) VALUES (13225, 10403, 'Space12906');
INSERT INTO spaces (id, item_id, hour_price) VALUES (12906, 13225, 0);
INSERT INTO items (id, venue_id, name) VALUES (13226, 10403, 'Space12907');
INSERT INTO spaces (id, item_id, hour_price) VALUES (12907, 13226, 0);
INSERT INTO items (id, venue_id, name) VALUES (13227, 10403, 'Space12908');
INSERT INTO spaces (id, item_id, hour_price) VALUES (12908, 13227, 0);
INSERT INTO items (id, venue_id, name) VALUES (13228, 10403, 'Space12909');
INSERT INTO spaces (id, item_id, hour_price) VALUES (12909, 13228, 0);
INSERT INTO items (id, venue_id, name) VALUES (13229, 10403, 'Space12910');
INSERT INTO spaces (id, item_id, hour_price) VALUES (12910, 13229, 0);
INSERT INTO items (id, venue_id, name) VALUES (13230, 10403, 'Space12911');
INSERT INTO spaces (id, item_id, hour_price) VALUES (12911, 13230, 0);
INSERT INTO items (id, venue_id, name) VALUES (13231, 10403, 'Space12912');
INSERT INTO spaces (id, item_id, hour_price) VALUES (12912, 13231, 5);
INSERT INTO items (id, venue_id, name) VALUES (14113, 10403, 'Space13643');
INSERT INTO spaces (id, item_id, hour_price) VALUES (13643, 14113, 10);
INSERT INTO venues (id, name) VALUES (10407, 'Venue10407');
INSERT INTO items (id, venue_id, name) VALUES (13237, 10407, 'Space12918');
INSERT INTO spaces (id, item_id, hour_price) VALUES (12918, 13237, 0);
INSERT INTO items (id, venue_id, name) VALUES (13238, 10407, 'Space12919');
INSERT INTO spaces (id, item_id, hour_price) VALUES (12919, 13238, 0);
INSERT INTO items (id, venue_id, name) VALUES (13239, 10407, 'Space12920');
INSERT INTO spaces (id, item_id, hour_price) VALUES (12920, 13239, 0);
INSERT INTO items (id, venue_id, name) VALUES (13240, 10407, 'Space12921');
INSERT INTO spaces (id, item_id, hour_price) VALUES (12921, 13240, 0);
INSERT INTO items (id, venue_id, name) VALUES (13241, 10407, 'Space12922');
INSERT INTO spaces (id, item_id, hour_price) VALUES (12922, 13241, 0);
INSERT INTO items (id, venue_id, name) VALUES (13242, 10407, 'Space12923');
INSERT INTO spaces (id, item_id, hour_price) VALUES (12923, 13242, 0);
INSERT INTO items (id, venue_id, name) VALUES (13243, 10407, 'Space12924');
INSERT INTO spaces (id, item_id, hour_price) VALUES (12924, 13243, 2);
INSERT INTO items (id, venue_id, name) VALUES (13244, 10407, 'Space12925');
INSERT INTO spaces (id, item_id, hour_price) VALUES (12925, 13244, 10);
INSERT INTO items (id, venue_id, name) VALUES (13245, 10407, 'Space12926');
INSERT INTO spaces (id, item_id, hour_price) VALUES (12926, 13245, 10);
INSERT INTO items (id, venue_id, name) VALUES (13246, 10407, 'Space12927');
INSERT INTO spaces (id, item_id, hour_price) VALUES (12927, 13246, 8);
INSERT INTO items (id, venue_id, name) VALUES (14335, 10407, 'Product10579');
INSERT INTO products (id, item_id, price) VALUES (10579, 14335, 0);
INSERT INTO items (id, venue_id, name) VALUES (14336, 10407, 'Product10580');
INSERT INTO products (id, item_id, price) VALUES (10580, 14336, 0);
INSERT INTO items (id, venue_id, name) VALUES (16418, 10407, 'Product11004');
INSERT INTO products (id, item_id, price) VALUES (11004, 16418, 15);
INSERT INTO venues (id, name) VALUES (10411, 'Venue10411');
INSERT INTO items (id, venue_id, name) VALUES (13247, 10411, 'Space12928');
INSERT INTO spaces (id, item_id, hour_price) VALUES (12928, 13247, 0);
INSERT INTO items (id, venue_id, name) VALUES (13248, 10411, 'Space12929');
INSERT INTO spaces (id, item_id, hour_price) VALUES (12929, 13248, 0);
INSERT INTO items (id, venue_id, name) VALUES (13249, 10411, 'Space12930');
INSERT INTO spaces (id, item_id, hour_price) VALUES (12930, 13249, 0);
INSERT INTO items (id, venue_id, name) VALUES (13250, 10411, 'Space12931');
INSERT INTO spaces (id, item_id, hour_price) VALUES (12931, 13250, 0);
INSERT INTO items (id, venue_id, name) VALUES (13251, 10411, 'Space12932');
INSERT INTO spaces (id, item_id, hour_price) VALUES (12932, 13251, 0);
INSERT INTO items (id, venue_id, name) VALUES (13252, 10411, 'Space12933');
INSERT INTO spaces (id, item_id, hour_price) VALUES (12933, 13252, 0);
INSERT INTO items (id, venue_id, name) VALUES (13253, 10411, 'Space12934');
INSERT INTO spaces (id, item_id, hour_price) VALUES (12934, 13253, 10);
INSERT INTO items (id, venue_id, name) VALUES (13256, 10411, 'Space12937');
INSERT INTO spaces (id, item_id, hour_price) VALUES (12937, 13256, 15);
INSERT INTO items (id, venue_id, name) VALUES (14337, 10411, 'Space13755');
INSERT INTO spaces (id, item_id, hour_price) VALUES (13755, 14337, 25);
INSERT INTO items (id, venue_id, name) VALUES (14338, 10411, 'Product10581');
INSERT INTO products (id, item_id, price) VALUES (10581, 14338, 0);
INSERT INTO items (id, venue_id, name) VALUES (14339, 10411, 'Product10582');
INSERT INTO products (id, item_id, price) VALUES (10582, 14339, 7.5);
INSERT INTO venues (id, name) VALUES (10416, 'Venue10416');
INSERT INTO items (id, venue_id, name) VALUES (13258, 10416, 'Space12939');
INSERT INTO spaces (id, item_id, hour_price) VALUES (12939, 13258, 0);
INSERT INTO items (id, venue_id, name) VALUES (13259, 10416, 'Space12940');
INSERT INTO spaces (id, item_id, hour_price) VALUES (12940, 13259, 0);
INSERT INTO items (id, venue_id, name) VALUES (13260, 10416, 'Space12941');
INSERT INTO spaces (id, item_id, hour_price) VALUES (12941, 13260, 0);
INSERT INTO items (id, venue_id, name) VALUES (13261, 10416, 'Space12942');
INSERT INTO spaces (id, item_id, hour_price) VALUES (12942, 13261, 0);
INSERT INTO items (id, venue_id, name) VALUES (13262, 10416, 'Space12943');
INSERT INTO spaces (id, item_id, hour_price) VALUES (12943, 13262, 0);
INSERT INTO items (id, venue_id, name) VALUES (13263, 10416, 'Space12944');
INSERT INTO spaces (id, item_id, hour_price) VALUES (12944, 13263, 0);
INSERT INTO items (id, venue_id, name) VALUES (13264, 10416, 'Space12945');
INSERT INTO spaces (id, item_id, hour_price) VALUES (12945, 13264, 4.5);
INSERT INTO items (id, venue_id, name) VALUES (13265, 10416, 'Space12946');
INSERT INTO spaces (id, item_id, hour_price) VALUES (12946, 13265, 25);
INSERT INTO items (id, venue_id, name) VALUES (13266, 10416, 'Space12947');
INSERT INTO spaces (id, item_id, hour_price) VALUES (12947, 13266, 10);
INSERT INTO venues (id, name) VALUES (10422, 'Venue10422');
INSERT INTO items (id, venue_id, name) VALUES (13267, 10422, 'Space12948');
INSERT INTO spaces (id, item_id, hour_price) VALUES (12948, 13267, 0);
INSERT INTO items (id, venue_id, name) VALUES (13268, 10422, 'Space12949');
INSERT INTO spaces (id, item_id, hour_price) VALUES (12949, 13268, 0);
INSERT INTO items (id, venue_id, name) VALUES (13269, 10422, 'Space12950');
INSERT INTO spaces (id, item_id, hour_price) VALUES (12950, 13269, 0);
INSERT INTO items (id, venue_id, name) VALUES (13270, 10422, 'Space12951');
INSERT INTO spaces (id, item_id, hour_price) VALUES (12951, 13270, 0);
INSERT INTO items (id, venue_id, name) VALUES (13271, 10422, 'Space12952');
INSERT INTO spaces (id, item_id, hour_price) VALUES (12952, 13271, 0);
INSERT INTO items (id, venue_id, name) VALUES (13272, 10422, 'Space12953');
INSERT INTO spaces (id, item_id, hour_price) VALUES (12953, 13272, 0);
INSERT INTO items (id, venue_id, name) VALUES (13273, 10422, 'Space12954');
INSERT INTO spaces (id, item_id, hour_price) VALUES (12954, 13273, 5);
INSERT INTO items (id, venue_id, name) VALUES (14393, 10422, 'Product10622');
INSERT INTO products (id, item_id, price) VALUES (10622, 14393, 0);
INSERT INTO items (id, venue_id, name) VALUES (14394, 10422, 'Product10623');
INSERT INTO products (id, item_id, price) VALUES (10623, 14394, 15);
INSERT INTO items (id, venue_id, name) VALUES (14451, 10422, 'Space13822');
INSERT INTO spaces (id, item_id, hour_price) VALUES (13822, 14451, 6);
INSERT INTO items (id, venue_id, name) VALUES (14464, 10422, 'Space13835');
INSERT INTO spaces (id, item_id, hour_price) VALUES (13835, 14464, 6);
INSERT INTO items (id, venue_id, name) VALUES (14465, 10422, 'Space13836');
INSERT INTO spaces (id, item_id, hour_price) VALUES (13836, 14465, 50);
INSERT INTO items (id, venue_id, name) VALUES (14466, 10422, 'Space13837');
INSERT INTO spaces (id, item_id, hour_price) VALUES (13837, 14466, 100);
INSERT INTO venues (id, name) VALUES (10426, 'Venue10426');
INSERT INTO items (id, venue_id, name) VALUES (13274, 10426, 'Space12955');
INSERT INTO spaces (id, item_id, hour_price) VALUES (12955, 13274, 0);
INSERT INTO items (id, venue_id, name) VALUES (13275, 10426, 'Space12956');
INSERT INTO spaces (id, item_id, hour_price) VALUES (12956, 13275, 0);
INSERT INTO items (id, venue_id, name) VALUES (13276, 10426, 'Space12957');
INSERT INTO spaces (id, item_id, hour_price) VALUES (12957, 13276, 0);
INSERT INTO items (id, venue_id, name) VALUES (13277, 10426, 'Space12958');
INSERT INTO spaces (id, item_id, hour_price) VALUES (12958, 13277, 0);
INSERT INTO items (id, venue_id, name) VALUES (13278, 10426, 'Space12959');
INSERT INTO spaces (id, item_id, hour_price) VALUES (12959, 13278, 0);
INSERT INTO items (id, venue_id, name) VALUES (13279, 10426, 'Space12960');
INSERT INTO spaces (id, item_id, hour_price) VALUES (12960, 13279, 0);
INSERT INTO items (id, venue_id, name) VALUES (13280, 10426, 'Space12961');
INSERT INTO spaces (id, item_id, hour_price) VALUES (12961, 13280, 3.51);
INSERT INTO items (id, venue_id, name) VALUES (13281, 10426, 'Space12962');
INSERT INTO spaces (id, item_id, hour_price) VALUES (12962, 13281, 3.51);
INSERT INTO items (id, venue_id, name) VALUES (13282, 10426, 'Space12963');
INSERT INTO spaces (id, item_id, hour_price) VALUES (12963, 13282, 3.51);
INSERT INTO items (id, venue_id, name) VALUES (25064, 10426, 'Space20231');
INSERT INTO spaces (id, item_id, hour_price) VALUES (20231, 25064, 3.51);
INSERT INTO venues (id, name) VALUES (10447, 'Venue10447');
INSERT INTO items (id, venue_id, name) VALUES (13323, 10447, 'Space12995');
INSERT INTO spaces (id, item_id, hour_price) VALUES (12995, 13323, 0);
INSERT INTO items (id, venue_id, name) VALUES (13324, 10447, 'Space12996');
INSERT INTO spaces (id, item_id, hour_price) VALUES (12996, 13324, 0);
INSERT INTO items (id, venue_id, name) VALUES (13325, 10447, 'Space12997');
INSERT INTO spaces (id, item_id, hour_price) VALUES (12997, 13325, 0);
INSERT INTO items (id, venue_id, name) VALUES (13326, 10447, 'Space12998');
INSERT INTO spaces (id, item_id, hour_price) VALUES (12998, 13326, 0);
INSERT INTO items (id, venue_id, name) VALUES (13327, 10447, 'Space12999');
INSERT INTO spaces (id, item_id, hour_price) VALUES (12999, 13327, 0);
INSERT INTO items (id, venue_id, name) VALUES (13328, 10447, 'Space13000');
INSERT INTO spaces (id, item_id, hour_price) VALUES (13000, 13328, 0);
INSERT INTO items (id, venue_id, name) VALUES (13329, 10447, 'Product10327');
INSERT INTO products (id, item_id, price) VALUES (10327, 13329, 12.5);
INSERT INTO items (id, venue_id, name) VALUES (13330, 10447, 'Product10328');
INSERT INTO products (id, item_id, price) VALUES (10328, 13330, 7.5);
INSERT INTO items (id, venue_id, name) VALUES (13331, 10447, 'Product10329');
INSERT INTO products (id, item_id, price) VALUES (10329, 13331, 18.5);
INSERT INTO items (id, venue_id, name) VALUES (13332, 10447, 'Product10330');
INSERT INTO products (id, item_id, price) VALUES (10330, 13332, 4.5);
INSERT INTO items (id, venue_id, name) VALUES (13333, 10447, 'Space13001');
INSERT INTO spaces (id, item_id, hour_price) VALUES (13001, 13333, 0);
INSERT INTO items (id, venue_id, name) VALUES (13334, 10447, 'Space13002');
INSERT INTO spaces (id, item_id, hour_price) VALUES (13002, 13334, 6);
INSERT INTO items (id, venue_id, name) VALUES (13335, 10447, 'Space13003');
INSERT INTO spaces (id, item_id, hour_price) VALUES (13003, 13335, 150);
INSERT INTO items (id, venue_id, name) VALUES (13336, 10447, 'Space13004');
INSERT INTO spaces (id, item_id, hour_price) VALUES (13004, 13336, 5);
INSERT INTO items (id, venue_id, name) VALUES (13337, 10447, 'Space13005');
INSERT INTO spaces (id, item_id, hour_price) VALUES (13005, 13337, 5);
INSERT INTO items (id, venue_id, name) VALUES (13338, 10447, 'Space13006');
INSERT INTO spaces (id, item_id, hour_price) VALUES (13006, 13338, 5);
INSERT INTO items (id, venue_id, name) VALUES (16756, 10447, 'Space15690');
INSERT INTO spaces (id, item_id, hour_price) VALUES (15690, 16756, 6);
INSERT INTO venues (id, name) VALUES (10451, 'Venue10451');
INSERT INTO items (id, venue_id, name) VALUES (13339, 10451, 'Space13007');
INSERT INTO spaces (id, item_id, hour_price) VALUES (13007, 13339, 0);
INSERT INTO items (id, venue_id, name) VALUES (13340, 10451, 'Space13008');
INSERT INTO spaces (id, item_id, hour_price) VALUES (13008, 13340, 0);
INSERT INTO items (id, venue_id, name) VALUES (13341, 10451, 'Space13009');
INSERT INTO spaces (id, item_id, hour_price) VALUES (13009, 13341, 0);
INSERT INTO items (id, venue_id, name) VALUES (13342, 10451, 'Space13010');
INSERT INTO spaces (id, item_id, hour_price) VALUES (13010, 13342, 0);
INSERT INTO items (id, venue_id, name) VALUES (13343, 10451, 'Space13011');
INSERT INTO spaces (id, item_id, hour_price) VALUES (13011, 13343, 0);
INSERT INTO items (id, venue_id, name) VALUES (13344, 10451, 'Space13012');
INSERT INTO spaces (id, item_id, hour_price) VALUES (13012, 13344, 0);
INSERT INTO items (id, venue_id, name) VALUES (13345, 10451, 'Space13013');
INSERT INTO spaces (id, item_id, hour_price) VALUES (13013, 13345, 12.5);
INSERT INTO items (id, venue_id, name) VALUES (14343, 10451, 'Product10583');
INSERT INTO products (id, item_id, price) VALUES (10583, 14343, 0);
INSERT INTO items (id, venue_id, name) VALUES (14345, 10451, 'Product10585');
INSERT INTO products (id, item_id, price) VALUES (10585, 14345, 7.5);
INSERT INTO items (id, venue_id, name) VALUES (14346, 10451, 'Product10586');
INSERT INTO products (id, item_id, price) VALUES (10586, 14346, 12.5);
INSERT INTO items (id, venue_id, name) VALUES (19082, 10451, 'Product11896');
INSERT INTO products (id, item_id, price) VALUES (11896, 19082, 20);
INSERT INTO items (id, venue_id, name) VALUES (19540, 10451, 'Product12065');
INSERT INTO products (id, item_id, price) VALUES (12065, 19540, 0);
INSERT INTO venues (id, name) VALUES (10457, 'Venue10457');
INSERT INTO items (id, venue_id, name) VALUES (13346, 10457, 'Space13014');
INSERT INTO spaces (id, item_id, hour_price) VALUES (13014, 13346, 0);
INSERT INTO items (id, venue_id, name) VALUES (13347, 10457, 'Space13015');
INSERT INTO spaces (id, item_id, hour_price) VALUES (13015, 13347, 0);
INSERT INTO items (id, venue_id, name) VALUES (13348, 10457, 'Space13016');
INSERT INTO spaces (id, item_id, hour_price) VALUES (13016, 13348, 0);
INSERT INTO items (id, venue_id, name) VALUES (13349, 10457, 'Space13017');
INSERT INTO spaces (id, item_id, hour_price) VALUES (13017, 13349, 0);
INSERT INTO items (id, venue_id, name) VALUES (13350, 10457, 'Space13018');
INSERT INTO spaces (id, item_id, hour_price) VALUES (13018, 13350, 0);
INSERT INTO items (id, venue_id, name) VALUES (13351, 10457, 'Space13019');
INSERT INTO spaces (id, item_id, hour_price) VALUES (13019, 13351, 0);
INSERT INTO items (id, venue_id, name) VALUES (13355, 10457, 'Product10334');
INSERT INTO products (id, item_id, price) VALUES (10334, 13355, 0);
INSERT INTO items (id, venue_id, name) VALUES (13356, 10457, 'Space13020');
INSERT INTO spaces (id, item_id, hour_price) VALUES (13020, 13356, 3);
INSERT INTO items (id, venue_id, name) VALUES (13357, 10457, 'Space13021');
INSERT INTO spaces (id, item_id, hour_price) VALUES (13021, 13357, 26);
INSERT INTO items (id, venue_id, name) VALUES (15406, 10457, 'Space14601');
INSERT INTO spaces (id, item_id, hour_price) VALUES (14601, 15406, 13.5);
INSERT INTO items (id, venue_id, name) VALUES (17279, 10457, 'Space16077');
INSERT INTO spaces (id, item_id, hour_price) VALUES (16077, 17279, 22);
INSERT INTO items (id, venue_id, name) VALUES (20257, 10457, 'Product12304');
INSERT INTO products (id, item_id, price) VALUES (12304, 20257, 9);
INSERT INTO items (id, venue_id, name) VALUES (20258, 10457, 'Product12305');
INSERT INTO products (id, item_id, price) VALUES (12305, 20258, 12.5);
INSERT INTO items (id, venue_id, name) VALUES (22443, 10457, 'Space19021');
INSERT INTO spaces (id, item_id, hour_price) VALUES (19021, 22443, 13.5);
INSERT INTO items (id, venue_id, name) VALUES (22444, 10457, 'Space19022');
INSERT INTO spaces (id, item_id, hour_price) VALUES (19022, 22444, 13.5);
INSERT INTO venues (id, name) VALUES (10484, 'Venue10484');
INSERT INTO items (id, venue_id, name) VALUES (13404, 10484, 'Space13066');
INSERT INTO spaces (id, item_id, hour_price) VALUES (13066, 13404, 0);
INSERT INTO items (id, venue_id, name) VALUES (13405, 10484, 'Space13067');
INSERT INTO spaces (id, item_id, hour_price) VALUES (13067, 13405, 0);
INSERT INTO items (id, venue_id, name) VALUES (13406, 10484, 'Space13068');
INSERT INTO spaces (id, item_id, hour_price) VALUES (13068, 13406, 0);
INSERT INTO items (id, venue_id, name) VALUES (13407, 10484, 'Space13069');
INSERT INTO spaces (id, item_id, hour_price) VALUES (13069, 13407, 0);
INSERT INTO items (id, venue_id, name) VALUES (13408, 10484, 'Space13070');
INSERT INTO spaces (id, item_id, hour_price) VALUES (13070, 13408, 0);
INSERT INTO items (id, venue_id, name) VALUES (13409, 10484, 'Space13071');
INSERT INTO spaces (id, item_id, hour_price) VALUES (13071, 13409, 0);
INSERT INTO items (id, venue_id, name) VALUES (13410, 10484, 'Space13072');
INSERT INTO spaces (id, item_id, hour_price) VALUES (13072, 13410, 15);
INSERT INTO items (id, venue_id, name) VALUES (20195, 10484, 'Space17898');
INSERT INTO spaces (id, item_id, hour_price) VALUES (17898, 20195, 15);
INSERT INTO venues (id, name) VALUES (10488, 'Venue10488');
INSERT INTO items (id, venue_id, name) VALUES (13411, 10488, 'Space13073');
INSERT INTO spaces (id, item_id, hour_price) VALUES (13073, 13411, 0);
INSERT INTO items (id, venue_id, name) VALUES (13412, 10488, 'Space13074');
INSERT INTO spaces (id, item_id, hour_price) VALUES (13074, 13412, 0);
INSERT INTO items (id, venue_id, name) VALUES (13413, 10488, 'Space13075');
INSERT INTO spaces (id, item_id, hour_price) VALUES (13075, 13413, 0);
INSERT INTO items (id, venue_id, name) VALUES (13414, 10488, 'Space13076');
INSERT INTO spaces (id, item_id, hour_price) VALUES (13076, 13414, 0);
INSERT INTO items (id, venue_id, name) VALUES (13415, 10488, 'Space13077');
INSERT INTO spaces (id, item_id, hour_price) VALUES (13077, 13415, 0);
INSERT INTO items (id, venue_id, name) VALUES (13416, 10488, 'Space13078');
INSERT INTO spaces (id, item_id, hour_price) VALUES (13078, 13416, 0);
INSERT INTO items (id, venue_id, name) VALUES (13417, 10488, 'Product10337');
INSERT INTO products (id, item_id, price) VALUES (10337, 13417, 3.5);
INSERT INTO items (id, venue_id, name) VALUES (13419, 10488, 'Space13080');
INSERT INTO spaces (id, item_id, hour_price) VALUES (13080, 13419, 25);
INSERT INTO items (id, venue_id, name) VALUES (13422, 10488, 'Space13083');
INSERT INTO spaces (id, item_id, hour_price) VALUES (13083, 13422, 12.5);
INSERT INTO items (id, venue_id, name) VALUES (14306, 10488, 'Product10568');
INSERT INTO products (id, item_id, price) VALUES (10568, 14306, 0);
INSERT INTO items (id, venue_id, name) VALUES (14307, 10488, 'Product10569');
INSERT INTO products (id, item_id, price) VALUES (10569, 14307, 75);
INSERT INTO items (id, venue_id, name) VALUES (14308, 10488, 'Space13737');
INSERT INTO spaces (id, item_id, hour_price) VALUES (13737, 14308, 35);
INSERT INTO items (id, venue_id, name) VALUES (14309, 10488, 'Space13738');
INSERT INTO spaces (id, item_id, hour_price) VALUES (13738, 14309, 50);
INSERT INTO items (id, venue_id, name) VALUES (14384, 10488, 'Product10614');
INSERT INTO products (id, item_id, price) VALUES (10614, 14384, 3);
INSERT INTO items (id, venue_id, name) VALUES (14385, 10488, 'Product10615');
INSERT INTO products (id, item_id, price) VALUES (10615, 14385, 2);
INSERT INTO items (id, venue_id, name) VALUES (14386, 10488, 'Product10616');
INSERT INTO products (id, item_id, price) VALUES (10616, 14386, 2.5);
INSERT INTO items (id, venue_id, name) VALUES (14387, 10488, 'Product10617');
INSERT INTO products (id, item_id, price) VALUES (10617, 14387, 2.5);
INSERT INTO items (id, venue_id, name) VALUES (14388, 10488, 'Product10618');
INSERT INTO products (id, item_id, price) VALUES (10618, 14388, 2.5);
INSERT INTO items (id, venue_id, name) VALUES (14389, 10488, 'Product10619');
INSERT INTO products (id, item_id, price) VALUES (10619, 14389, 3);
INSERT INTO items (id, venue_id, name) VALUES (14390, 10488, 'Product10620');
INSERT INTO products (id, item_id, price) VALUES (10620, 14390, 3);
INSERT INTO items (id, venue_id, name) VALUES (16409, 10488, 'Product11001');
INSERT INTO products (id, item_id, price) VALUES (11001, 16409, 8);
INSERT INTO items (id, venue_id, name) VALUES (16410, 10488, 'Product11002');
INSERT INTO products (id, item_id, price) VALUES (11002, 16410, 7);
INSERT INTO items (id, venue_id, name) VALUES (16411, 10488, 'Product11003');
INSERT INTO products (id, item_id, price) VALUES (11003, 16411, 16.5);
INSERT INTO items (id, venue_id, name) VALUES (17101, 10488, 'Product11170');
INSERT INTO products (id, item_id, price) VALUES (11170, 17101, 1.75);
INSERT INTO items (id, venue_id, name) VALUES (20102, 10488, 'Product12262');
INSERT INTO products (id, item_id, price) VALUES (12262, 20102, 1.5);
INSERT INTO items (id, venue_id, name) VALUES (20103, 10488, 'Product12263');
INSERT INTO products (id, item_id, price) VALUES (12263, 20103, 1.25);
INSERT INTO items (id, venue_id, name) VALUES (20104, 10488, 'Product12264');
INSERT INTO products (id, item_id, price) VALUES (12264, 20104, 1.75);
INSERT INTO venues (id, name) VALUES (10492, 'Venue10492');
INSERT INTO items (id, venue_id, name) VALUES (13423, 10492, 'Space13084');
INSERT INTO spaces (id, item_id, hour_price) VALUES (13084, 13423, 0);
INSERT INTO items (id, venue_id, name) VALUES (13424, 10492, 'Space13085');
INSERT INTO spaces (id, item_id, hour_price) VALUES (13085, 13424, 0);
INSERT INTO items (id, venue_id, name) VALUES (13425, 10492, 'Space13086');
INSERT INTO spaces (id, item_id, hour_price) VALUES (13086, 13425, 0);
INSERT INTO items (id, venue_id, name) VALUES (13426, 10492, 'Space13087');
INSERT INTO spaces (id, item_id, hour_price) VALUES (13087, 13426, 0);
INSERT INTO items (id, venue_id, name) VALUES (13427, 10492, 'Space13088');
INSERT INTO spaces (id, item_id, hour_price) VALUES (13088, 13427, 0);
INSERT INTO items (id, venue_id, name) VALUES (13428, 10492, 'Space13089');
INSERT INTO spaces (id, item_id, hour_price) VALUES (13089, 13428, 0);
INSERT INTO items (id, venue_id, name) VALUES (13429, 10492, 'Product10338');
INSERT INTO products (id, item_id, price) VALUES (10338, 13429, 0);
INSERT INTO items (id, venue_id, name) VALUES (13430, 10492, 'Product10339');
INSERT INTO products (id, item_id, price) VALUES (10339, 13430, 0);
INSERT INTO items (id, venue_id, name) VALUES (13431, 10492, 'Product10340');
INSERT INTO products (id, item_id, price) VALUES (10340, 13431, 0);
INSERT INTO items (id, venue_id, name) VALUES (13432, 10492, 'Product10341');
INSERT INTO products (id, item_id, price) VALUES (10341, 13432, 0);
INSERT INTO items (id, venue_id, name) VALUES (13433, 10492, 'Product10342');
INSERT INTO products (id, item_id, price) VALUES (10342, 13433, 9.75);
INSERT INTO items (id, venue_id, name) VALUES (13434, 10492, 'Product10343');
INSERT INTO products (id, item_id, price) VALUES (10343, 13434, 13.75);
INSERT INTO items (id, venue_id, name) VALUES (13435, 10492, 'Product10344');
INSERT INTO products (id, item_id, price) VALUES (10344, 13435, 5.75);
INSERT INTO items (id, venue_id, name) VALUES (13436, 10492, 'Product10345');
INSERT INTO products (id, item_id, price) VALUES (10345, 13436, 9.75);
INSERT INTO items (id, venue_id, name) VALUES (13438, 10492, 'Product10347');
INSERT INTO products (id, item_id, price) VALUES (10347, 13438, 12.5);
INSERT INTO items (id, venue_id, name) VALUES (13439, 10492, 'Space13090');
INSERT INTO spaces (id, item_id, hour_price) VALUES (13090, 13439, 3.6);
INSERT INTO items (id, venue_id, name) VALUES (13440, 10492, 'Space13091');
INSERT INTO spaces (id, item_id, hour_price) VALUES (13091, 13440, 6.4);
INSERT INTO items (id, venue_id, name) VALUES (13441, 10492, 'Space13092');
INSERT INTO spaces (id, item_id, hour_price) VALUES (13092, 13441, 6.4);
INSERT INTO items (id, venue_id, name) VALUES (13442, 10492, 'Space13093');
INSERT INTO spaces (id, item_id, hour_price) VALUES (13093, 13442, 6.4);
INSERT INTO items (id, venue_id, name) VALUES (13443, 10492, 'Space13094');
INSERT INTO spaces (id, item_id, hour_price) VALUES (13094, 13443, 6.4);
INSERT INTO items (id, venue_id, name) VALUES (13445, 10492, 'Space13096');
INSERT INTO spaces (id, item_id, hour_price) VALUES (13096, 13445, 6.4);
INSERT INTO items (id, venue_id, name) VALUES (13446, 10492, 'Space13097');
INSERT INTO spaces (id, item_id, hour_price) VALUES (13097, 13446, 6.4);
INSERT INTO items (id, venue_id, name) VALUES (13447, 10492, 'Space13098');
INSERT INTO spaces (id, item_id, hour_price) VALUES (13098, 13447, 6.4);
INSERT INTO items (id, venue_id, name) VALUES (15907, 10492, 'Space15010');
INSERT INTO spaces (id, item_id, hour_price) VALUES (15010, 15907, 6.4);
INSERT INTO items (id, venue_id, name) VALUES (17818, 10492, 'Space16494');
INSERT INTO spaces (id, item_id, hour_price) VALUES (16494, 17818, 6.4);
INSERT INTO items (id, venue_id, name) VALUES (17819, 10492, 'Space16495');
INSERT INTO spaces (id, item_id, hour_price) VALUES (16495, 17819, 6.4);
INSERT INTO items (id, venue_id, name) VALUES (17858, 10492, 'Space16526');
INSERT INTO spaces (id, item_id, hour_price) VALUES (16526, 17858, 6.4);
INSERT INTO items (id, venue_id, name) VALUES (17870, 10492, 'Product11326');
INSERT INTO products (id, item_id, price) VALUES (11326, 17870, 7.75);
INSERT INTO items (id, venue_id, name) VALUES (17871, 10492, 'Product11327');
INSERT INTO products (id, item_id, price) VALUES (11327, 17871, 2);
INSERT INTO items (id, venue_id, name) VALUES (17872, 10492, 'Product11328');
INSERT INTO products (id, item_id, price) VALUES (11328, 17872, 5);
INSERT INTO items (id, venue_id, name) VALUES (18296, 10492, 'Product11615');
INSERT INTO products (id, item_id, price) VALUES (11615, 18296, 12.75);
INSERT INTO items (id, venue_id, name) VALUES (18300, 10492, 'Product11619');
INSERT INTO products (id, item_id, price) VALUES (11619, 18300, 1);
INSERT INTO items (id, venue_id, name) VALUES (18624, 10492, 'Product11712');
INSERT INTO products (id, item_id, price) VALUES (11712, 18624, 25);
INSERT INTO items (id, venue_id, name) VALUES (19749, 10492, 'Product12155');
INSERT INTO products (id, item_id, price) VALUES (12155, 19749, 4);
INSERT INTO items (id, venue_id, name) VALUES (19750, 10492, 'Product12156');
INSERT INTO products (id, item_id, price) VALUES (12156, 19750, 3);
INSERT INTO items (id, venue_id, name) VALUES (23851, 10492, 'Product14129');
INSERT INTO products (id, item_id, price) VALUES (14129, 23851, 2);
INSERT INTO items (id, venue_id, name) VALUES (25312, 10492, 'Space20379');
INSERT INTO spaces (id, item_id, hour_price) VALUES (20379, 25312, 0);
INSERT INTO items (id, venue_id, name) VALUES (26074, 10492, 'Product15366');
INSERT INTO products (id, item_id, price) VALUES (15366, 26074, 27.5);
INSERT INTO venues (id, name) VALUES (10501, 'Venue10501');
INSERT INTO items (id, venue_id, name) VALUES (13454, 10501, 'Space13105');
INSERT INTO spaces (id, item_id, hour_price) VALUES (13105, 13454, 0);
INSERT INTO items (id, venue_id, name) VALUES (13455, 10501, 'Space13106');
INSERT INTO spaces (id, item_id, hour_price) VALUES (13106, 13455, 0);
INSERT INTO items (id, venue_id, name) VALUES (13456, 10501, 'Space13107');
INSERT INTO spaces (id, item_id, hour_price) VALUES (13107, 13456, 0);
INSERT INTO items (id, venue_id, name) VALUES (13457, 10501, 'Space13108');
INSERT INTO spaces (id, item_id, hour_price) VALUES (13108, 13457, 0);
INSERT INTO items (id, venue_id, name) VALUES (13458, 10501, 'Space13109');
INSERT INTO spaces (id, item_id, hour_price) VALUES (13109, 13458, 0);
INSERT INTO items (id, venue_id, name) VALUES (13459, 10501, 'Space13110');
INSERT INTO spaces (id, item_id, hour_price) VALUES (13110, 13459, 0);
INSERT INTO items (id, venue_id, name) VALUES (13461, 10501, 'Product10349');
INSERT INTO products (id, item_id, price) VALUES (10349, 13461, 0.05);
INSERT INTO items (id, venue_id, name) VALUES (13462, 10501, 'Product10350');
INSERT INTO products (id, item_id, price) VALUES (10350, 13462, 0.1);
INSERT INTO items (id, venue_id, name) VALUES (13463, 10501, 'Product10351');
INSERT INTO products (id, item_id, price) VALUES (10351, 13463, 1);
INSERT INTO items (id, venue_id, name) VALUES (13464, 10501, 'Product10352');
INSERT INTO products (id, item_id, price) VALUES (10352, 13464, 0);
INSERT INTO items (id, venue_id, name) VALUES (13465, 10501, 'Product10353');
INSERT INTO products (id, item_id, price) VALUES (10353, 13465, 0);
INSERT INTO venues (id, name) VALUES (10507, 'Venue10507');
INSERT INTO items (id, venue_id, name) VALUES (13475, 10507, 'Space13113');
INSERT INTO spaces (id, item_id, hour_price) VALUES (13113, 13475, 0);
INSERT INTO items (id, venue_id, name) VALUES (13476, 10507, 'Space13114');
INSERT INTO spaces (id, item_id, hour_price) VALUES (13114, 13476, 0);
INSERT INTO items (id, venue_id, name) VALUES (13477, 10507, 'Space13115');
INSERT INTO spaces (id, item_id, hour_price) VALUES (13115, 13477, 0);
INSERT INTO items (id, venue_id, name) VALUES (13478, 10507, 'Space13116');
INSERT INTO spaces (id, item_id, hour_price) VALUES (13116, 13478, 0);
INSERT INTO items (id, venue_id, name) VALUES (13479, 10507, 'Space13117');
INSERT INTO spaces (id, item_id, hour_price) VALUES (13117, 13479, 0);
INSERT INTO items (id, venue_id, name) VALUES (13480, 10507, 'Space13118');
INSERT INTO spaces (id, item_id, hour_price) VALUES (13118, 13480, 0);
INSERT INTO items (id, venue_id, name) VALUES (13481, 10507, 'Space13119');
INSERT INTO spaces (id, item_id, hour_price) VALUES (13119, 13481, 3);
INSERT INTO items (id, venue_id, name) VALUES (14353, 10507, 'Space13759');
INSERT INTO spaces (id, item_id, hour_price) VALUES (13759, 14353, 20);
INSERT INTO venues (id, name) VALUES (10518, 'Venue10518');
INSERT INTO items (id, venue_id, name) VALUES (13494, 10518, 'Space13132');
INSERT INTO spaces (id, item_id, hour_price) VALUES (13132, 13494, 0);
INSERT INTO items (id, venue_id, name) VALUES (13495, 10518, 'Space13133');
INSERT INTO spaces (id, item_id, hour_price) VALUES (13133, 13495, 0);
INSERT INTO items (id, venue_id, name) VALUES (13496, 10518, 'Space13134');
INSERT INTO spaces (id, item_id, hour_price) VALUES (13134, 13496, 0);
INSERT INTO items (id, venue_id, name) VALUES (13497, 10518, 'Space13135');
INSERT INTO spaces (id, item_id, hour_price) VALUES (13135, 13497, 0);
INSERT INTO items (id, venue_id, name) VALUES (13498, 10518, 'Space13136');
INSERT INTO spaces (id, item_id, hour_price) VALUES (13136, 13498, 0);
INSERT INTO items (id, venue_id, name) VALUES (13499, 10518, 'Space13137');
INSERT INTO spaces (id, item_id, hour_price) VALUES (13137, 13499, 0);
INSERT INTO items (id, venue_id, name) VALUES (13500, 10518, 'Product10361');
INSERT INTO products (id, item_id, price) VALUES (10361, 13500, 14.95);
INSERT INTO items (id, venue_id, name) VALUES (13501, 10518, 'Product10362');
INSERT INTO products (id, item_id, price) VALUES (10362, 13501, 6.95);
INSERT INTO items (id, venue_id, name) VALUES (13502, 10518, 'Product10363');
INSERT INTO products (id, item_id, price) VALUES (10363, 13502, 29.5);
INSERT INTO items (id, venue_id, name) VALUES (13503, 10518, 'Space13138');
INSERT INTO spaces (id, item_id, hour_price) VALUES (13138, 13503, 139);
INSERT INTO items (id, venue_id, name) VALUES (14120, 10518, 'Product10469');
INSERT INTO products (id, item_id, price) VALUES (10469, 14120, 4.95);
INSERT INTO items (id, venue_id, name) VALUES (14121, 10518, 'Product10470');
INSERT INTO products (id, item_id, price) VALUES (10470, 14121, 9.95);
INSERT INTO items (id, venue_id, name) VALUES (14122, 10518, 'Product10471');
INSERT INTO products (id, item_id, price) VALUES (10471, 14122, 59);
INSERT INTO venues (id, name) VALUES (10528, 'Venue10528');
INSERT INTO items (id, venue_id, name) VALUES (13511, 10528, 'Space13146');
INSERT INTO spaces (id, item_id, hour_price) VALUES (13146, 13511, 0);
INSERT INTO items (id, venue_id, name) VALUES (13512, 10528, 'Space13147');
INSERT INTO spaces (id, item_id, hour_price) VALUES (13147, 13512, 0);
INSERT INTO items (id, venue_id, name) VALUES (13513, 10528, 'Space13148');
INSERT INTO spaces (id, item_id, hour_price) VALUES (13148, 13513, 0);
INSERT INTO items (id, venue_id, name) VALUES (13514, 10528, 'Space13149');
INSERT INTO spaces (id, item_id, hour_price) VALUES (13149, 13514, 0);
INSERT INTO items (id, venue_id, name) VALUES (13515, 10528, 'Space13150');
INSERT INTO spaces (id, item_id, hour_price) VALUES (13150, 13515, 0);
INSERT INTO items (id, venue_id, name) VALUES (13516, 10528, 'Space13151');
INSERT INTO spaces (id, item_id, hour_price) VALUES (13151, 13516, 0);
INSERT INTO items (id, venue_id, name) VALUES (13517, 10528, 'Product10364');
INSERT INTO products (id, item_id, price) VALUES (10364, 13517, 0.55);
INSERT INTO items (id, venue_id, name) VALUES (13518, 10528, 'Space13152');
INSERT INTO spaces (id, item_id, hour_price) VALUES (13152, 13518, 10);
INSERT INTO items (id, venue_id, name) VALUES (13519, 10528, 'Space13153');
INSERT INTO spaces (id, item_id, hour_price) VALUES (13153, 13519, 12.5);
INSERT INTO items (id, venue_id, name) VALUES (13520, 10528, 'Space13154');
INSERT INTO spaces (id, item_id, hour_price) VALUES (13154, 13520, 12.5);
INSERT INTO items (id, venue_id, name) VALUES (14354, 10528, 'Product10593');
INSERT INTO products (id, item_id, price) VALUES (10593, 14354, 0);
INSERT INTO items (id, venue_id, name) VALUES (25065, 10528, 'Product14826');
INSERT INTO products (id, item_id, price) VALUES (14826, 25065, 20);
INSERT INTO venues (id, name) VALUES (10534, 'Venue10534');
INSERT INTO items (id, venue_id, name) VALUES (13521, 10534, 'Space13155');
INSERT INTO spaces (id, item_id, hour_price) VALUES (13155, 13521, 0);
INSERT INTO items (id, venue_id, name) VALUES (13522, 10534, 'Space13156');
INSERT INTO spaces (id, item_id, hour_price) VALUES (13156, 13522, 0);
INSERT INTO items (id, venue_id, name) VALUES (13523, 10534, 'Space13157');
INSERT INTO spaces (id, item_id, hour_price) VALUES (13157, 13523, 0);
INSERT INTO items (id, venue_id, name) VALUES (13524, 10534, 'Space13158');
INSERT INTO spaces (id, item_id, hour_price) VALUES (13158, 13524, 0);
INSERT INTO items (id, venue_id, name) VALUES (13525, 10534, 'Space13159');
INSERT INTO spaces (id, item_id, hour_price) VALUES (13159, 13525, 0);
INSERT INTO items (id, venue_id, name) VALUES (13526, 10534, 'Space13160');
INSERT INTO spaces (id, item_id, hour_price) VALUES (13160, 13526, 0);
INSERT INTO items (id, venue_id, name) VALUES (13527, 10534, 'Space13161');
INSERT INTO spaces (id, item_id, hour_price) VALUES (13161, 13527, 3);
INSERT INTO items (id, venue_id, name) VALUES (13528, 10534, 'Space13162');
INSERT INTO spaces (id, item_id, hour_price) VALUES (13162, 13528, 17.5);
INSERT INTO items (id, venue_id, name) VALUES (13530, 10534, 'Space13164');
INSERT INTO spaces (id, item_id, hour_price) VALUES (13164, 13530, 10);
INSERT INTO items (id, venue_id, name) VALUES (14392, 10534, 'Space13769');
INSERT INTO spaces (id, item_id, hour_price) VALUES (13769, 14392, 15);
INSERT INTO venues (id, name) VALUES (10538, 'Venue10538');
INSERT INTO items (id, venue_id, name) VALUES (13531, 10538, 'Space13165');
INSERT INTO spaces (id, item_id, hour_price) VALUES (13165, 13531, 0);
INSERT INTO items (id, venue_id, name) VALUES (13532, 10538, 'Space13166');
INSERT INTO spaces (id, item_id, hour_price) VALUES (13166, 13532, 0);
INSERT INTO items (id, venue_id, name) VALUES (13533, 10538, 'Space13167');
INSERT INTO spaces (id, item_id, hour_price) VALUES (13167, 13533, 0);
INSERT INTO items (id, venue_id, name) VALUES (13534, 10538, 'Space13168');
INSERT INTO spaces (id, item_id, hour_price) VALUES (13168, 13534, 0);
INSERT INTO items (id, venue_id, name) VALUES (13535, 10538, 'Space13169');
INSERT INTO spaces (id, item_id, hour_price) VALUES (13169, 13535, 0);
INSERT INTO items (id, venue_id, name) VALUES (13536, 10538, 'Space13170');
INSERT INTO spaces (id, item_id, hour_price) VALUES (13170, 13536, 0);
INSERT INTO items (id, venue_id, name) VALUES (14631, 10538, 'Product10632');
INSERT INTO products (id, item_id, price) VALUES (10632, 14631, 5);
INSERT INTO items (id, venue_id, name) VALUES (14632, 10538, 'Product10633');
INSERT INTO products (id, item_id, price) VALUES (10633, 14632, 0);
INSERT INTO items (id, venue_id, name) VALUES (14633, 10538, 'Space13996');
INSERT INTO spaces (id, item_id, hour_price) VALUES (13996, 14633, 15);
INSERT INTO items (id, venue_id, name) VALUES (15489, 10538, 'Product10818');
INSERT INTO products (id, item_id, price) VALUES (10818, 15489, 8);
INSERT INTO venues (id, name) VALUES (10542, 'Venue10542');
INSERT INTO items (id, venue_id, name) VALUES (13539, 10542, 'Space13173');
INSERT INTO spaces (id, item_id, hour_price) VALUES (13173, 13539, 0);
INSERT INTO items (id, venue_id, name) VALUES (13540, 10542, 'Space13174');
INSERT INTO spaces (id, item_id, hour_price) VALUES (13174, 13540, 0);
INSERT INTO items (id, venue_id, name) VALUES (13541, 10542, 'Space13175');
INSERT INTO spaces (id, item_id, hour_price) VALUES (13175, 13541, 0);
INSERT INTO items (id, venue_id, name) VALUES (13542, 10542, 'Space13176');
INSERT INTO spaces (id, item_id, hour_price) VALUES (13176, 13542, 0);
INSERT INTO items (id, venue_id, name) VALUES (13543, 10542, 'Space13177');
INSERT INTO spaces (id, item_id, hour_price) VALUES (13177, 13543, 0);
INSERT INTO items (id, venue_id, name) VALUES (13544, 10542, 'Space13178');
INSERT INTO spaces (id, item_id, hour_price) VALUES (13178, 13544, 0);
INSERT INTO items (id, venue_id, name) VALUES (14355, 10542, 'Product10594');
INSERT INTO products (id, item_id, price) VALUES (10594, 14355, 0);
INSERT INTO items (id, venue_id, name) VALUES (14356, 10542, 'Space13760');
INSERT INTO spaces (id, item_id, hour_price) VALUES (13760, 14356, 10);
INSERT INTO venues (id, name) VALUES (10551, 'Venue10551');
INSERT INTO items (id, venue_id, name) VALUES (13553, 10551, 'Space13187');
INSERT INTO spaces (id, item_id, hour_price) VALUES (13187, 13553, 0);
INSERT INTO items (id, venue_id, name) VALUES (13554, 10551, 'Space13188');
INSERT INTO spaces (id, item_id, hour_price) VALUES (13188, 13554, 0);
INSERT INTO items (id, venue_id, name) VALUES (13555, 10551, 'Space13189');
INSERT INTO spaces (id, item_id, hour_price) VALUES (13189, 13555, 0);
INSERT INTO items (id, venue_id, name) VALUES (13556, 10551, 'Space13190');
INSERT INTO spaces (id, item_id, hour_price) VALUES (13190, 13556, 0);
INSERT INTO items (id, venue_id, name) VALUES (13557, 10551, 'Space13191');
INSERT INTO spaces (id, item_id, hour_price) VALUES (13191, 13557, 0);
INSERT INTO items (id, venue_id, name) VALUES (13558, 10551, 'Space13192');
INSERT INTO spaces (id, item_id, hour_price) VALUES (13192, 13558, 0);
INSERT INTO items (id, venue_id, name) VALUES (13559, 10551, 'Space13193');
INSERT INTO spaces (id, item_id, hour_price) VALUES (13193, 13559, 12);
INSERT INTO items (id, venue_id, name) VALUES (16696, 10551, 'Space15633');
INSERT INTO spaces (id, item_id, hour_price) VALUES (15633, 16696, 12);
INSERT INTO items (id, venue_id, name) VALUES (22287, 10551, 'Product13316');
INSERT INTO products (id, item_id, price) VALUES (13316, 22287, 12.5);
INSERT INTO items (id, venue_id, name) VALUES (22813, 10551, 'Product13601');
INSERT INTO products (id, item_id, price) VALUES (13601, 22813, 20);
INSERT INTO venues (id, name) VALUES (10557, 'Venue10557');
INSERT INTO items (id, venue_id, name) VALUES (13560, 10557, 'Space13194');
INSERT INTO spaces (id, item_id, hour_price) VALUES (13194, 13560, 0);
INSERT INTO items (id, venue_id, name) VALUES (13561, 10557, 'Space13195');
INSERT INTO spaces (id, item_id, hour_price) VALUES (13195, 13561, 0);
INSERT INTO items (id, venue_id, name) VALUES (13562, 10557, 'Space13196');
INSERT INTO spaces (id, item_id, hour_price) VALUES (13196, 13562, 0);
INSERT INTO items (id, venue_id, name) VALUES (13563, 10557, 'Space13197');
INSERT INTO spaces (id, item_id, hour_price) VALUES (13197, 13563, 0);
INSERT INTO items (id, venue_id, name) VALUES (13564, 10557, 'Space13198');
INSERT INTO spaces (id, item_id, hour_price) VALUES (13198, 13564, 0);
INSERT INTO items (id, venue_id, name) VALUES (13565, 10557, 'Space13199');
INSERT INTO spaces (id, item_id, hour_price) VALUES (13199, 13565, 0);
INSERT INTO items (id, venue_id, name) VALUES (13566, 10557, 'Product10365');
INSERT INTO products (id, item_id, price) VALUES (10365, 13566, 9.5);
INSERT INTO items (id, venue_id, name) VALUES (13567, 10557, 'Product10366');
INSERT INTO products (id, item_id, price) VALUES (10366, 13567, 4);
INSERT INTO items (id, venue_id, name) VALUES (13568, 10557, 'Product10367');
INSERT INTO products (id, item_id, price) VALUES (10367, 13568, 14.5);
INSERT INTO items (id, venue_id, name) VALUES (13569, 10557, 'Product10368');
INSERT INTO products (id, item_id, price) VALUES (10368, 13569, 2.5);
INSERT INTO items (id, venue_id, name) VALUES (13570, 10557, 'Space13200');
INSERT INTO spaces (id, item_id, hour_price) VALUES (13200, 13570, 3);
INSERT INTO items (id, venue_id, name) VALUES (13572, 10557, 'Space13202');
INSERT INTO spaces (id, item_id, hour_price) VALUES (13202, 13572, 35);
INSERT INTO items (id, venue_id, name) VALUES (14357, 10557, 'Space13761');
INSERT INTO spaces (id, item_id, hour_price) VALUES (13761, 14357, 15);
INSERT INTO items (id, venue_id, name) VALUES (15701, 10557, 'Space14834');
INSERT INTO spaces (id, item_id, hour_price) VALUES (14834, 15701, 15);
INSERT INTO items (id, venue_id, name) VALUES (15702, 10557, 'Space14835');
INSERT INTO spaces (id, item_id, hour_price) VALUES (14835, 15702, 15);
INSERT INTO items (id, venue_id, name) VALUES (17103, 10557, 'Space15924');
INSERT INTO spaces (id, item_id, hour_price) VALUES (15924, 17103, 4.8);
INSERT INTO venues (id, name) VALUES (10576, 'Venue10576');
INSERT INTO items (id, venue_id, name) VALUES (13602, 10576, 'Space13228');
INSERT INTO spaces (id, item_id, hour_price) VALUES (13228, 13602, 0);
INSERT INTO items (id, venue_id, name) VALUES (13603, 10576, 'Space13229');
INSERT INTO spaces (id, item_id, hour_price) VALUES (13229, 13603, 0);
INSERT INTO items (id, venue_id, name) VALUES (13604, 10576, 'Space13230');
INSERT INTO spaces (id, item_id, hour_price) VALUES (13230, 13604, 0);
INSERT INTO items (id, venue_id, name) VALUES (13605, 10576, 'Space13231');
INSERT INTO spaces (id, item_id, hour_price) VALUES (13231, 13605, 0);
INSERT INTO items (id, venue_id, name) VALUES (13606, 10576, 'Space13232');
INSERT INTO spaces (id, item_id, hour_price) VALUES (13232, 13606, 0);
INSERT INTO items (id, venue_id, name) VALUES (13607, 10576, 'Space13233');
INSERT INTO spaces (id, item_id, hour_price) VALUES (13233, 13607, 0);
INSERT INTO items (id, venue_id, name) VALUES (13610, 10576, 'Space13236');
INSERT INTO spaces (id, item_id, hour_price) VALUES (13236, 13610, 4);
INSERT INTO items (id, venue_id, name) VALUES (14391, 10576, 'Product10621');
INSERT INTO products (id, item_id, price) VALUES (10621, 14391, 18.5);
INSERT INTO items (id, venue_id, name) VALUES (17493, 10576, 'Space16221');
INSERT INTO spaces (id, item_id, hour_price) VALUES (16221, 17493, 4);
INSERT INTO items (id, venue_id, name) VALUES (17494, 10576, 'Space16222');
INSERT INTO spaces (id, item_id, hour_price) VALUES (16222, 17494, 4);
INSERT INTO items (id, venue_id, name) VALUES (17495, 10576, 'Space16223');
INSERT INTO spaces (id, item_id, hour_price) VALUES (16223, 17495, 4);
INSERT INTO items (id, venue_id, name) VALUES (17765, 10576, 'Product11312');
INSERT INTO products (id, item_id, price) VALUES (11312, 17765, 8);
INSERT INTO items (id, venue_id, name) VALUES (20284, 10576, 'Product12312');
INSERT INTO products (id, item_id, price) VALUES (12312, 20284, 80);
INSERT INTO items (id, venue_id, name) VALUES (20285, 10576, 'Product12313');
INSERT INTO products (id, item_id, price) VALUES (12313, 20285, 20);
INSERT INTO items (id, venue_id, name) VALUES (21312, 10576, 'Space18504');
INSERT INTO spaces (id, item_id, hour_price) VALUES (18504, 21312, 4);
INSERT INTO venues (id, name) VALUES (10580, 'Venue10580');
INSERT INTO items (id, venue_id, name) VALUES (13611, 10580, 'Space13237');
INSERT INTO spaces (id, item_id, hour_price) VALUES (13237, 13611, 0);
INSERT INTO items (id, venue_id, name) VALUES (13612, 10580, 'Space13238');
INSERT INTO spaces (id, item_id, hour_price) VALUES (13238, 13612, 0);
INSERT INTO items (id, venue_id, name) VALUES (13613, 10580, 'Space13239');
INSERT INTO spaces (id, item_id, hour_price) VALUES (13239, 13613, 0);
INSERT INTO items (id, venue_id, name) VALUES (13614, 10580, 'Space13240');
INSERT INTO spaces (id, item_id, hour_price) VALUES (13240, 13614, 0);
INSERT INTO items (id, venue_id, name) VALUES (13615, 10580, 'Space13241');
INSERT INTO spaces (id, item_id, hour_price) VALUES (13241, 13615, 0);
INSERT INTO items (id, venue_id, name) VALUES (13616, 10580, 'Space13242');
INSERT INTO spaces (id, item_id, hour_price) VALUES (13242, 13616, 0);
INSERT INTO items (id, venue_id, name) VALUES (13617, 10580, 'Product10373');
INSERT INTO products (id, item_id, price) VALUES (10373, 13617, 9.5);
INSERT INTO items (id, venue_id, name) VALUES (13618, 10580, 'Product10374');
INSERT INTO products (id, item_id, price) VALUES (10374, 13618, 12.5);
INSERT INTO items (id, venue_id, name) VALUES (13619, 10580, 'Product10375');
INSERT INTO products (id, item_id, price) VALUES (10375, 13619, 500);
INSERT INTO items (id, venue_id, name) VALUES (13620, 10580, 'Product10376');
INSERT INTO products (id, item_id, price) VALUES (10376, 13620, 750);
INSERT INTO items (id, venue_id, name) VALUES (13621, 10580, 'Product10377');
INSERT INTO products (id, item_id, price) VALUES (10377, 13621, 2.5);
INSERT INTO items (id, venue_id, name) VALUES (13622, 10580, 'Product10378');
INSERT INTO products (id, item_id, price) VALUES (10378, 13622, 0.05);
INSERT INTO items (id, venue_id, name) VALUES (13623, 10580, 'Product10379');
INSERT INTO products (id, item_id, price) VALUES (10379, 13623, 0.5);
INSERT INTO items (id, venue_id, name) VALUES (13624, 10580, 'Product10380');
INSERT INTO products (id, item_id, price) VALUES (10380, 13624, 25);
INSERT INTO items (id, venue_id, name) VALUES (13625, 10580, 'Product10381');
INSERT INTO products (id, item_id, price) VALUES (10381, 13625, 10);
INSERT INTO items (id, venue_id, name) VALUES (13626, 10580, 'Space13243');
INSERT INTO spaces (id, item_id, hour_price) VALUES (13243, 13626, 5);
INSERT INTO items (id, venue_id, name) VALUES (13627, 10580, 'Space13244');
INSERT INTO spaces (id, item_id, hour_price) VALUES (13244, 13627, 5);
INSERT INTO items (id, venue_id, name) VALUES (13628, 10580, 'Space13245');
INSERT INTO spaces (id, item_id, hour_price) VALUES (13245, 13628, 5);
INSERT INTO items (id, venue_id, name) VALUES (13629, 10580, 'Space13246');
INSERT INTO spaces (id, item_id, hour_price) VALUES (13246, 13629, 5);
INSERT INTO items (id, venue_id, name) VALUES (13630, 10580, 'Space13247');
INSERT INTO spaces (id, item_id, hour_price) VALUES (13247, 13630, 5);
INSERT INTO items (id, venue_id, name) VALUES (14359, 10580, 'Product10596');
INSERT INTO products (id, item_id, price) VALUES (10596, 14359, 0);
INSERT INTO items (id, venue_id, name) VALUES (14882, 10580, 'Product10651');
INSERT INTO products (id, item_id, price) VALUES (10651, 14882, 16);
INSERT INTO venues (id, name) VALUES (10584, 'Venue10584');
INSERT INTO items (id, venue_id, name) VALUES (13631, 10584, 'Space13248');
INSERT INTO spaces (id, item_id, hour_price) VALUES (13248, 13631, 0);
INSERT INTO items (id, venue_id, name) VALUES (13632, 10584, 'Space13249');
INSERT INTO spaces (id, item_id, hour_price) VALUES (13249, 13632, 0);
INSERT INTO items (id, venue_id, name) VALUES (13633, 10584, 'Space13250');
INSERT INTO spaces (id, item_id, hour_price) VALUES (13250, 13633, 0);
INSERT INTO items (id, venue_id, name) VALUES (13634, 10584, 'Space13251');
INSERT INTO spaces (id, item_id, hour_price) VALUES (13251, 13634, 0);
INSERT INTO items (id, venue_id, name) VALUES (13635, 10584, 'Space13252');
INSERT INTO spaces (id, item_id, hour_price) VALUES (13252, 13635, 0);
INSERT INTO items (id, venue_id, name) VALUES (13636, 10584, 'Space13253');
INSERT INTO spaces (id, item_id, hour_price) VALUES (13253, 13636, 0);
INSERT INTO items (id, venue_id, name) VALUES (13639, 10584, 'Product10384');
INSERT INTO products (id, item_id, price) VALUES (10384, 13639, 10);
INSERT INTO items (id, venue_id, name) VALUES (13640, 10584, 'Product10385');
INSERT INTO products (id, item_id, price) VALUES (10385, 13640, 12.5);
INSERT INTO items (id, venue_id, name) VALUES (13642, 10584, 'Space13254');
INSERT INTO spaces (id, item_id, hour_price) VALUES (13254, 13642, 3.5);
INSERT INTO items (id, venue_id, name) VALUES (16221, 10584, 'Product10939');
INSERT INTO products (id, item_id, price) VALUES (10939, 16221, 0);
INSERT INTO items (id, venue_id, name) VALUES (16222, 10584, 'Product10940');
INSERT INTO products (id, item_id, price) VALUES (10940, 16222, 0);
INSERT INTO items (id, venue_id, name) VALUES (18989, 10584, 'Space17119');
INSERT INTO spaces (id, item_id, hour_price) VALUES (17119, 18989, 14.5);
INSERT INTO items (id, venue_id, name) VALUES (25503, 10584, 'Space20464');
INSERT INTO spaces (id, item_id, hour_price) VALUES (20464, 25503, 3.5);
INSERT INTO venues (id, name) VALUES (10588, 'Venue10588');
INSERT INTO items (id, venue_id, name) VALUES (13644, 10588, 'Space13256');
INSERT INTO spaces (id, item_id, hour_price) VALUES (13256, 13644, 0);
INSERT INTO items (id, venue_id, name) VALUES (13645, 10588, 'Space13257');
INSERT INTO spaces (id, item_id, hour_price) VALUES (13257, 13645, 0);
INSERT INTO items (id, venue_id, name) VALUES (13646, 10588, 'Space13258');
INSERT INTO spaces (id, item_id, hour_price) VALUES (13258, 13646, 0);
INSERT INTO items (id, venue_id, name) VALUES (13647, 10588, 'Space13259');
INSERT INTO spaces (id, item_id, hour_price) VALUES (13259, 13647, 0);
INSERT INTO items (id, venue_id, name) VALUES (13648, 10588, 'Space13260');
INSERT INTO spaces (id, item_id, hour_price) VALUES (13260, 13648, 0);
INSERT INTO items (id, venue_id, name) VALUES (13649, 10588, 'Space13261');
INSERT INTO spaces (id, item_id, hour_price) VALUES (13261, 13649, 0);
INSERT INTO items (id, venue_id, name) VALUES (13650, 10588, 'Space13262');
INSERT INTO spaces (id, item_id, hour_price) VALUES (13262, 13650, 22.5);
INSERT INTO items (id, venue_id, name) VALUES (13651, 10588, 'Space13263');
INSERT INTO spaces (id, item_id, hour_price) VALUES (13263, 13651, 20);
INSERT INTO items (id, venue_id, name) VALUES (13652, 10588, 'Space13264');
INSERT INTO spaces (id, item_id, hour_price) VALUES (13264, 13652, 15);
INSERT INTO items (id, venue_id, name) VALUES (13653, 10588, 'Space13265');
INSERT INTO spaces (id, item_id, hour_price) VALUES (13265, 13653, 4.5);
INSERT INTO items (id, venue_id, name) VALUES (14360, 10588, 'Product10597');
INSERT INTO products (id, item_id, price) VALUES (10597, 14360, 0);
INSERT INTO items (id, venue_id, name) VALUES (14361, 10588, 'Product10598');
INSERT INTO products (id, item_id, price) VALUES (10598, 14361, 0);
INSERT INTO items (id, venue_id, name) VALUES (14362, 10588, 'Product10599');
INSERT INTO products (id, item_id, price) VALUES (10599, 14362, 10);
INSERT INTO items (id, venue_id, name) VALUES (14363, 10588, 'Product10600');
INSERT INTO products (id, item_id, price) VALUES (10600, 14363, 20);
INSERT INTO items (id, venue_id, name) VALUES (19244, 10588, 'Product11955');
INSERT INTO products (id, item_id, price) VALUES (11955, 19244, 25);
INSERT INTO venues (id, name) VALUES (10594, 'Venue10594');
INSERT INTO items (id, venue_id, name) VALUES (13654, 10594, 'Space13266');
INSERT INTO spaces (id, item_id, hour_price) VALUES (13266, 13654, 0);
INSERT INTO items (id, venue_id, name) VALUES (13655, 10594, 'Space13267');
INSERT INTO spaces (id, item_id, hour_price) VALUES (13267, 13655, 0);
INSERT INTO items (id, venue_id, name) VALUES (13656, 10594, 'Space13268');
INSERT INTO spaces (id, item_id, hour_price) VALUES (13268, 13656, 0);
INSERT INTO items (id, venue_id, name) VALUES (13657, 10594, 'Space13269');
INSERT INTO spaces (id, item_id, hour_price) VALUES (13269, 13657, 0);
INSERT INTO items (id, venue_id, name) VALUES (13658, 10594, 'Space13270');
INSERT INTO spaces (id, item_id, hour_price) VALUES (13270, 13658, 0);
INSERT INTO items (id, venue_id, name) VALUES (13659, 10594, 'Space13271');
INSERT INTO spaces (id, item_id, hour_price) VALUES (13271, 13659, 0);
INSERT INTO items (id, venue_id, name) VALUES (13660, 10594, 'Product10387');
INSERT INTO products (id, item_id, price) VALUES (10387, 13660, 1.5);
INSERT INTO items (id, venue_id, name) VALUES (13661, 10594, 'Product10388');
INSERT INTO products (id, item_id, price) VALUES (10388, 13661, 1.25);
INSERT INTO items (id, venue_id, name) VALUES (13662, 10594, 'Product10389');
INSERT INTO products (id, item_id, price) VALUES (10389, 13662, 1.5);
INSERT INTO items (id, venue_id, name) VALUES (13663, 10594, 'Product10390');
INSERT INTO products (id, item_id, price) VALUES (10390, 13663, 25);
INSERT INTO items (id, venue_id, name) VALUES (13664, 10594, 'Product10391');
INSERT INTO products (id, item_id, price) VALUES (10391, 13664, 30);
INSERT INTO items (id, venue_id, name) VALUES (13665, 10594, 'Product10392');
INSERT INTO products (id, item_id, price) VALUES (10392, 13665, 30);
INSERT INTO items (id, venue_id, name) VALUES (13666, 10594, 'Product10393');
INSERT INTO products (id, item_id, price) VALUES (10393, 13666, 1);
INSERT INTO items (id, venue_id, name) VALUES (13667, 10594, 'Product10394');
INSERT INTO products (id, item_id, price) VALUES (10394, 13667, 0.08);
INSERT INTO items (id, venue_id, name) VALUES (13668, 10594, 'Space13272');
INSERT INTO spaces (id, item_id, hour_price) VALUES (13272, 13668, 0);
INSERT INTO items (id, venue_id, name) VALUES (13669, 10594, 'Space13273');
INSERT INTO spaces (id, item_id, hour_price) VALUES (13273, 13669, 22.5);
INSERT INTO items (id, venue_id, name) VALUES (13670, 10594, 'Space13274');
INSERT INTO spaces (id, item_id, hour_price) VALUES (13274, 13670, 12.5);
INSERT INTO items (id, venue_id, name) VALUES (24247, 10594, 'Product14343');
INSERT INTO products (id, item_id, price) VALUES (14343, 24247, 12.5);
INSERT INTO items (id, venue_id, name) VALUES (24248, 10594, 'Product14344');
INSERT INTO products (id, item_id, price) VALUES (14344, 24248, 7.5);
INSERT INTO venues (id, name) VALUES (10598, 'Venue10598');
INSERT INTO items (id, venue_id, name) VALUES (13672, 10598, 'Space13276');
INSERT INTO spaces (id, item_id, hour_price) VALUES (13276, 13672, 0);
INSERT INTO items (id, venue_id, name) VALUES (13673, 10598, 'Space13277');
INSERT INTO spaces (id, item_id, hour_price) VALUES (13277, 13673, 0);
INSERT INTO items (id, venue_id, name) VALUES (13674, 10598, 'Space13278');
INSERT INTO spaces (id, item_id, hour_price) VALUES (13278, 13674, 0);
INSERT INTO items (id, venue_id, name) VALUES (13675, 10598, 'Space13279');
INSERT INTO spaces (id, item_id, hour_price) VALUES (13279, 13675, 0);
INSERT INTO items (id, venue_id, name) VALUES (13676, 10598, 'Space13280');
INSERT INTO spaces (id, item_id, hour_price) VALUES (13280, 13676, 0);
INSERT INTO items (id, venue_id, name) VALUES (13677, 10598, 'Space13281');
INSERT INTO spaces (id, item_id, hour_price) VALUES (13281, 13677, 0);
INSERT INTO items (id, venue_id, name) VALUES (13678, 10598, 'Product10395');
INSERT INTO products (id, item_id, price) VALUES (10395, 13678, 10);
INSERT INTO items (id, venue_id, name) VALUES (13679, 10598, 'Space13282');
INSERT INTO spaces (id, item_id, hour_price) VALUES (13282, 13679, 5);
INSERT INTO items (id, venue_id, name) VALUES (13680, 10598, 'Space13283');
INSERT INTO spaces (id, item_id, hour_price) VALUES (13283, 13680, 60);
INSERT INTO items (id, venue_id, name) VALUES (13681, 10598, 'Space13284');
INSERT INTO spaces (id, item_id, hour_price) VALUES (13284, 13681, 20);
INSERT INTO items (id, venue_id, name) VALUES (16570, 10598, 'Space15529');
INSERT INTO spaces (id, item_id, hour_price) VALUES (15529, 16570, 6.67);
INSERT INTO venues (id, name) VALUES (10602, 'Venue10602');
INSERT INTO items (id, venue_id, name) VALUES (13682, 10602, 'Space13285');
INSERT INTO spaces (id, item_id, hour_price) VALUES (13285, 13682, 0);
INSERT INTO items (id, venue_id, name) VALUES (13683, 10602, 'Space13286');
INSERT INTO spaces (id, item_id, hour_price) VALUES (13286, 13683, 0);
INSERT INTO items (id, venue_id, name) VALUES (13684, 10602, 'Space13287');
INSERT INTO spaces (id, item_id, hour_price) VALUES (13287, 13684, 0);
INSERT INTO items (id, venue_id, name) VALUES (13685, 10602, 'Space13288');
INSERT INTO spaces (id, item_id, hour_price) VALUES (13288, 13685, 0);
INSERT INTO items (id, venue_id, name) VALUES (13686, 10602, 'Space13289');
INSERT INTO spaces (id, item_id, hour_price) VALUES (13289, 13686, 0);
INSERT INTO items (id, venue_id, name) VALUES (13687, 10602, 'Space13290');
INSERT INTO spaces (id, item_id, hour_price) VALUES (13290, 13687, 0);
INSERT INTO items (id, venue_id, name) VALUES (13688, 10602, 'Product10396');
INSERT INTO products (id, item_id, price) VALUES (10396, 13688, 12.5);
INSERT INTO items (id, venue_id, name) VALUES (13689, 10602, 'Space13291');
INSERT INTO spaces (id, item_id, hour_price) VALUES (13291, 13689, 25);
INSERT INTO venues (id, name) VALUES (10611, 'Venue10611');
INSERT INTO items (id, venue_id, name) VALUES (13704, 10611, 'Space13306');
INSERT INTO spaces (id, item_id, hour_price) VALUES (13306, 13704, 0);
INSERT INTO items (id, venue_id, name) VALUES (13705, 10611, 'Space13307');
INSERT INTO spaces (id, item_id, hour_price) VALUES (13307, 13705, 0);
INSERT INTO items (id, venue_id, name) VALUES (13706, 10611, 'Space13308');
INSERT INTO spaces (id, item_id, hour_price) VALUES (13308, 13706, 0);
INSERT INTO items (id, venue_id, name) VALUES (13707, 10611, 'Space13309');
INSERT INTO spaces (id, item_id, hour_price) VALUES (13309, 13707, 0);
INSERT INTO items (id, venue_id, name) VALUES (13708, 10611, 'Space13310');
INSERT INTO spaces (id, item_id, hour_price) VALUES (13310, 13708, 0);
INSERT INTO items (id, venue_id, name) VALUES (13709, 10611, 'Space13311');
INSERT INTO spaces (id, item_id, hour_price) VALUES (13311, 13709, 0);
INSERT INTO items (id, venue_id, name) VALUES (13710, 10611, 'Product10397');
INSERT INTO products (id, item_id, price) VALUES (10397, 13710, 7);
INSERT INTO items (id, venue_id, name) VALUES (13711, 10611, 'Product10398');
INSERT INTO products (id, item_id, price) VALUES (10398, 13711, 7);
INSERT INTO items (id, venue_id, name) VALUES (13712, 10611, 'Product10399');
INSERT INTO products (id, item_id, price) VALUES (10399, 13712, 7);
INSERT INTO items (id, venue_id, name) VALUES (13713, 10611, 'Product10400');
INSERT INTO products (id, item_id, price) VALUES (10400, 13713, 7);
INSERT INTO items (id, venue_id, name) VALUES (13714, 10611, 'Product10401');
INSERT INTO products (id, item_id, price) VALUES (10401, 13714, 7);
INSERT INTO items (id, venue_id, name) VALUES (13715, 10611, 'Product10402');
INSERT INTO products (id, item_id, price) VALUES (10402, 13715, 7);
INSERT INTO items (id, venue_id, name) VALUES (13716, 10611, 'Product10403');
INSERT INTO products (id, item_id, price) VALUES (10403, 13716, 7);
INSERT INTO items (id, venue_id, name) VALUES (13717, 10611, 'Product10404');
INSERT INTO products (id, item_id, price) VALUES (10404, 13717, 7);
INSERT INTO items (id, venue_id, name) VALUES (13718, 10611, 'Product10405');
INSERT INTO products (id, item_id, price) VALUES (10405, 13718, 7);
INSERT INTO items (id, venue_id, name) VALUES (13719, 10611, 'Space13312');
INSERT INTO spaces (id, item_id, hour_price) VALUES (13312, 13719, 4);
INSERT INTO items (id, venue_id, name) VALUES (13720, 10611, 'Space13313');
INSERT INTO spaces (id, item_id, hour_price) VALUES (13313, 13720, 17.5);
INSERT INTO items (id, venue_id, name) VALUES (13721, 10611, 'Space13314');
INSERT INTO spaces (id, item_id, hour_price) VALUES (13314, 13721, 17.5);
INSERT INTO items (id, venue_id, name) VALUES (13722, 10611, 'Space13315');
INSERT INTO spaces (id, item_id, hour_price) VALUES (13315, 13722, 17.5);
INSERT INTO items (id, venue_id, name) VALUES (13723, 10611, 'Space13316');
INSERT INTO spaces (id, item_id, hour_price) VALUES (13316, 13723, 17.5);
INSERT INTO items (id, venue_id, name) VALUES (13724, 10611, 'Space13317');
INSERT INTO spaces (id, item_id, hour_price) VALUES (13317, 13724, 17.5);
INSERT INTO items (id, venue_id, name) VALUES (13725, 10611, 'Space13318');
INSERT INTO spaces (id, item_id, hour_price) VALUES (13318, 13725, 17.5);
INSERT INTO items (id, venue_id, name) VALUES (13726, 10611, 'Space13319');
INSERT INTO spaces (id, item_id, hour_price) VALUES (13319, 13726, 17.5);
INSERT INTO items (id, venue_id, name) VALUES (22474, 10611, 'Product13427');
INSERT INTO products (id, item_id, price) VALUES (13427, 22474, 0);
INSERT INTO items (id, venue_id, name) VALUES (22475, 10611, 'Product13428');
INSERT INTO products (id, item_id, price) VALUES (13428, 22475, 0);
INSERT INTO items (id, venue_id, name) VALUES (22476, 10611, 'Product13429');
INSERT INTO products (id, item_id, price) VALUES (13429, 22476, 0);
INSERT INTO venues (id, name) VALUES (10615, 'Venue10615');
INSERT INTO items (id, venue_id, name) VALUES (13727, 10615, 'Space13320');
INSERT INTO spaces (id, item_id, hour_price) VALUES (13320, 13727, 0);
INSERT INTO items (id, venue_id, name) VALUES (13728, 10615, 'Space13321');
INSERT INTO spaces (id, item_id, hour_price) VALUES (13321, 13728, 0);
INSERT INTO items (id, venue_id, name) VALUES (13729, 10615, 'Space13322');
INSERT INTO spaces (id, item_id, hour_price) VALUES (13322, 13729, 0);
INSERT INTO items (id, venue_id, name) VALUES (13730, 10615, 'Space13323');
INSERT INTO spaces (id, item_id, hour_price) VALUES (13323, 13730, 0);
INSERT INTO items (id, venue_id, name) VALUES (13731, 10615, 'Space13324');
INSERT INTO spaces (id, item_id, hour_price) VALUES (13324, 13731, 0);
INSERT INTO items (id, venue_id, name) VALUES (13732, 10615, 'Space13325');
INSERT INTO spaces (id, item_id, hour_price) VALUES (13325, 13732, 0);
INSERT INTO items (id, venue_id, name) VALUES (13733, 10615, 'Product10406');
INSERT INTO products (id, item_id, price) VALUES (10406, 13733, 7.5);
INSERT INTO items (id, venue_id, name) VALUES (13734, 10615, 'Product10407');
INSERT INTO products (id, item_id, price) VALUES (10407, 13734, 25);
INSERT INTO items (id, venue_id, name) VALUES (13735, 10615, 'Space13326');
INSERT INTO spaces (id, item_id, hour_price) VALUES (13326, 13735, 2);
INSERT INTO items (id, venue_id, name) VALUES (13736, 10615, 'Space13327');
INSERT INTO spaces (id, item_id, hour_price) VALUES (13327, 13736, 24);
INSERT INTO items (id, venue_id, name) VALUES (14169, 10615, 'Product10483');
INSERT INTO products (id, item_id, price) VALUES (10483, 14169, 12.5);
INSERT INTO items (id, venue_id, name) VALUES (14170, 10615, 'Product10484');
INSERT INTO products (id, item_id, price) VALUES (10484, 14170, 10);
INSERT INTO items (id, venue_id, name) VALUES (14171, 10615, 'Product10485');
INSERT INTO products (id, item_id, price) VALUES (10485, 14171, 5);
INSERT INTO items (id, venue_id, name) VALUES (14172, 10615, 'Product10486');
INSERT INTO products (id, item_id, price) VALUES (10486, 14172, 9.5);
INSERT INTO items (id, venue_id, name) VALUES (14173, 10615, 'Product10487');
INSERT INTO products (id, item_id, price) VALUES (10487, 14173, 5.5);
INSERT INTO items (id, venue_id, name) VALUES (14174, 10615, 'Space13685');
INSERT INTO spaces (id, item_id, hour_price) VALUES (13685, 14174, 32);
INSERT INTO items (id, venue_id, name) VALUES (15454, 10615, 'Space14634');
INSERT INTO spaces (id, item_id, hour_price) VALUES (14634, 15454, 12);
INSERT INTO items (id, venue_id, name) VALUES (19752, 10615, 'Space17588');
INSERT INTO spaces (id, item_id, hour_price) VALUES (17588, 19752, 20);
INSERT INTO items (id, venue_id, name) VALUES (27255, 10615, 'Product15999');
INSERT INTO products (id, item_id, price) VALUES (15999, 27255, 13.95);
INSERT INTO venues (id, name) VALUES (10619, 'Venue10619');
INSERT INTO items (id, venue_id, name) VALUES (13738, 10619, 'Space13329');
INSERT INTO spaces (id, item_id, hour_price) VALUES (13329, 13738, 0);
INSERT INTO items (id, venue_id, name) VALUES (13739, 10619, 'Space13330');
INSERT INTO spaces (id, item_id, hour_price) VALUES (13330, 13739, 0);
INSERT INTO items (id, venue_id, name) VALUES (13740, 10619, 'Space13331');
INSERT INTO spaces (id, item_id, hour_price) VALUES (13331, 13740, 0);
INSERT INTO items (id, venue_id, name) VALUES (13741, 10619, 'Space13332');
INSERT INTO spaces (id, item_id, hour_price) VALUES (13332, 13741, 0);
INSERT INTO items (id, venue_id, name) VALUES (13742, 10619, 'Space13333');
INSERT INTO spaces (id, item_id, hour_price) VALUES (13333, 13742, 0);
INSERT INTO items (id, venue_id, name) VALUES (13743, 10619, 'Space13334');
INSERT INTO spaces (id, item_id, hour_price) VALUES (13334, 13743, 0);
INSERT INTO items (id, venue_id, name) VALUES (13744, 10619, 'Product10408');
INSERT INTO products (id, item_id, price) VALUES (10408, 13744, 0);
INSERT INTO items (id, venue_id, name) VALUES (13745, 10619, 'Product10409');
INSERT INTO products (id, item_id, price) VALUES (10409, 13745, 0);
INSERT INTO items (id, venue_id, name) VALUES (13746, 10619, 'Product10410');
INSERT INTO products (id, item_id, price) VALUES (10410, 13746, 0);
INSERT INTO items (id, venue_id, name) VALUES (13747, 10619, 'Product10411');
INSERT INTO products (id, item_id, price) VALUES (10411, 13747, 0);
INSERT INTO items (id, venue_id, name) VALUES (13748, 10619, 'Product10412');
INSERT INTO products (id, item_id, price) VALUES (10412, 13748, 0);
INSERT INTO items (id, venue_id, name) VALUES (13749, 10619, 'Space13335');
INSERT INTO spaces (id, item_id, hour_price) VALUES (13335, 13749, 0);
INSERT INTO items (id, venue_id, name) VALUES (13750, 10619, 'Space13336');
INSERT INTO spaces (id, item_id, hour_price) VALUES (13336, 13750, 100);
INSERT INTO items (id, venue_id, name) VALUES (13751, 10619, 'Space13337');
INSERT INTO spaces (id, item_id, hour_price) VALUES (13337, 13751, 100);
INSERT INTO items (id, venue_id, name) VALUES (13752, 10619, 'Space13338');
INSERT INTO spaces (id, item_id, hour_price) VALUES (13338, 13752, 100);
INSERT INTO venues (id, name) VALUES (10623, 'Venue10623');
INSERT INTO items (id, venue_id, name) VALUES (13753, 10623, 'Space13339');
INSERT INTO spaces (id, item_id, hour_price) VALUES (13339, 13753, 0);
INSERT INTO items (id, venue_id, name) VALUES (13754, 10623, 'Space13340');
INSERT INTO spaces (id, item_id, hour_price) VALUES (13340, 13754, 0);
INSERT INTO items (id, venue_id, name) VALUES (13755, 10623, 'Space13341');
INSERT INTO spaces (id, item_id, hour_price) VALUES (13341, 13755, 0);
INSERT INTO items (id, venue_id, name) VALUES (13756, 10623, 'Space13342');
INSERT INTO spaces (id, item_id, hour_price) VALUES (13342, 13756, 0);
INSERT INTO items (id, venue_id, name) VALUES (13757, 10623, 'Space13343');
INSERT INTO spaces (id, item_id, hour_price) VALUES (13343, 13757, 0);
INSERT INTO items (id, venue_id, name) VALUES (13758, 10623, 'Space13344');
INSERT INTO spaces (id, item_id, hour_price) VALUES (13344, 13758, 0);
INSERT INTO items (id, venue_id, name) VALUES (13760, 10623, 'Product10414');
INSERT INTO products (id, item_id, price) VALUES (10414, 13760, 0);
INSERT INTO items (id, venue_id, name) VALUES (13761, 10623, 'Space13345');
INSERT INTO spaces (id, item_id, hour_price) VALUES (13345, 13761, 5);
INSERT INTO items (id, venue_id, name) VALUES (13763, 10623, 'Space13347');
INSERT INTO spaces (id, item_id, hour_price) VALUES (13347, 13763, 10);
INSERT INTO items (id, venue_id, name) VALUES (14137, 10623, 'Space13659');
INSERT INTO spaces (id, item_id, hour_price) VALUES (13659, 14137, 0);
INSERT INTO items (id, venue_id, name) VALUES (14998, 10623, 'Product10665');
INSERT INTO products (id, item_id, price) VALUES (10665, 14998, 0);
INSERT INTO items (id, venue_id, name) VALUES (14999, 10623, 'Product10666');
INSERT INTO products (id, item_id, price) VALUES (10666, 14999, 10.75);
INSERT INTO items (id, venue_id, name) VALUES (15000, 10623, 'Product10667');
INSERT INTO products (id, item_id, price) VALUES (10667, 15000, 10.75);
INSERT INTO items (id, venue_id, name) VALUES (15846, 10623, 'Space14965');
INSERT INTO spaces (id, item_id, hour_price) VALUES (14965, 15846, 10);
INSERT INTO items (id, venue_id, name) VALUES (15848, 10623, 'Space14967');
INSERT INTO spaces (id, item_id, hour_price) VALUES (14967, 15848, 10);
INSERT INTO items (id, venue_id, name) VALUES (25237, 10623, 'Space20327');
INSERT INTO spaces (id, item_id, hour_price) VALUES (20327, 25237, 30);
INSERT INTO items (id, venue_id, name) VALUES (25238, 10623, 'Space20328');
INSERT INTO spaces (id, item_id, hour_price) VALUES (20328, 25238, 25);
INSERT INTO items (id, venue_id, name) VALUES (25239, 10623, 'Space20329');
INSERT INTO spaces (id, item_id, hour_price) VALUES (20329, 25239, 15);
INSERT INTO items (id, venue_id, name) VALUES (25240, 10623, 'Space20330');
INSERT INTO spaces (id, item_id, hour_price) VALUES (20330, 25240, 20);
INSERT INTO items (id, venue_id, name) VALUES (25241, 10623, 'Space20331');
INSERT INTO spaces (id, item_id, hour_price) VALUES (20331, 25241, 40);
INSERT INTO items (id, venue_id, name) VALUES (27314, 10623, 'Product16040');
INSERT INTO products (id, item_id, price) VALUES (16040, 27314, 14.95);
INSERT INTO items (id, venue_id, name) VALUES (27315, 10623, 'Product16041');
INSERT INTO products (id, item_id, price) VALUES (16041, 27315, 32.95);
INSERT INTO venues (id, name) VALUES (10625, 'Venue10625');
INSERT INTO items (id, venue_id, name) VALUES (13764, 10625, 'Space13348');
INSERT INTO spaces (id, item_id, hour_price) VALUES (13348, 13764, 0);
INSERT INTO items (id, venue_id, name) VALUES (13765, 10625, 'Space13349');
INSERT INTO spaces (id, item_id, hour_price) VALUES (13349, 13765, 0);
INSERT INTO items (id, venue_id, name) VALUES (13766, 10625, 'Space13350');
INSERT INTO spaces (id, item_id, hour_price) VALUES (13350, 13766, 0);
INSERT INTO items (id, venue_id, name) VALUES (13767, 10625, 'Space13351');
INSERT INTO spaces (id, item_id, hour_price) VALUES (13351, 13767, 0);
INSERT INTO items (id, venue_id, name) VALUES (13768, 10625, 'Space13352');
INSERT INTO spaces (id, item_id, hour_price) VALUES (13352, 13768, 0);
INSERT INTO items (id, venue_id, name) VALUES (13769, 10625, 'Space13353');
INSERT INTO spaces (id, item_id, hour_price) VALUES (13353, 13769, 0);
INSERT INTO items (id, venue_id, name) VALUES (13772, 10625, 'Product10417');
INSERT INTO products (id, item_id, price) VALUES (10417, 13772, 0);
INSERT INTO items (id, venue_id, name) VALUES (13774, 10625, 'Space13354');
INSERT INTO spaces (id, item_id, hour_price) VALUES (13354, 13774, 5);
INSERT INTO items (id, venue_id, name) VALUES (13776, 10625, 'Space13356');
INSERT INTO spaces (id, item_id, hour_price) VALUES (13356, 13776, 10);
INSERT INTO items (id, venue_id, name) VALUES (14138, 10625, 'Space13660');
INSERT INTO spaces (id, item_id, hour_price) VALUES (13660, 14138, 0);
INSERT INTO items (id, venue_id, name) VALUES (15007, 10625, 'Product10668');
INSERT INTO products (id, item_id, price) VALUES (10668, 15007, 12.75);
INSERT INTO items (id, venue_id, name) VALUES (15008, 10625, 'Product10669');
INSERT INTO products (id, item_id, price) VALUES (10669, 15008, 12.75);
INSERT INTO items (id, venue_id, name) VALUES (25205, 10625, 'Space20315');
INSERT INTO spaces (id, item_id, hour_price) VALUES (20315, 25205, 20);
INSERT INTO items (id, venue_id, name) VALUES (25206, 10625, 'Space20316');
INSERT INTO spaces (id, item_id, hour_price) VALUES (20316, 25206, 15);
INSERT INTO items (id, venue_id, name) VALUES (25207, 10625, 'Space20317');
INSERT INTO spaces (id, item_id, hour_price) VALUES (20317, 25207, 30);
INSERT INTO items (id, venue_id, name) VALUES (25208, 10625, 'Space20318');
INSERT INTO spaces (id, item_id, hour_price) VALUES (20318, 25208, 10);
INSERT INTO items (id, venue_id, name) VALUES (25209, 10625, 'Space20319');
INSERT INTO spaces (id, item_id, hour_price) VALUES (20319, 25209, 60);
INSERT INTO items (id, venue_id, name) VALUES (25210, 10625, 'Space20320');
INSERT INTO spaces (id, item_id, hour_price) VALUES (20320, 25210, 10);
INSERT INTO venues (id, name) VALUES (10629, 'Venue10629');
INSERT INTO items (id, venue_id, name) VALUES (13777, 10629, 'Space13357');
INSERT INTO spaces (id, item_id, hour_price) VALUES (13357, 13777, 0);
INSERT INTO items (id, venue_id, name) VALUES (13778, 10629, 'Space13358');
INSERT INTO spaces (id, item_id, hour_price) VALUES (13358, 13778, 0);
INSERT INTO items (id, venue_id, name) VALUES (13779, 10629, 'Space13359');
INSERT INTO spaces (id, item_id, hour_price) VALUES (13359, 13779, 0);
INSERT INTO items (id, venue_id, name) VALUES (13780, 10629, 'Space13360');
INSERT INTO spaces (id, item_id, hour_price) VALUES (13360, 13780, 0);
INSERT INTO items (id, venue_id, name) VALUES (13781, 10629, 'Space13361');
INSERT INTO spaces (id, item_id, hour_price) VALUES (13361, 13781, 0);
INSERT INTO items (id, venue_id, name) VALUES (13782, 10629, 'Space13362');
INSERT INTO spaces (id, item_id, hour_price) VALUES (13362, 13782, 0);
INSERT INTO items (id, venue_id, name) VALUES (13783, 10629, 'Product10419');
INSERT INTO products (id, item_id, price) VALUES (10419, 13783, 0);
INSERT INTO items (id, venue_id, name) VALUES (13784, 10629, 'Product10420');
INSERT INTO products (id, item_id, price) VALUES (10420, 13784, 0);
INSERT INTO items (id, venue_id, name) VALUES (13785, 10629, 'Product10421');
INSERT INTO products (id, item_id, price) VALUES (10421, 13785, 0);
INSERT INTO items (id, venue_id, name) VALUES (13786, 10629, 'Product10422');
INSERT INTO products (id, item_id, price) VALUES (10422, 13786, 0);
INSERT INTO items (id, venue_id, name) VALUES (13787, 10629, 'Product10423');
INSERT INTO products (id, item_id, price) VALUES (10423, 13787, 0);
INSERT INTO items (id, venue_id, name) VALUES (13788, 10629, 'Space13363');
INSERT INTO spaces (id, item_id, hour_price) VALUES (13363, 13788, 0);
INSERT INTO items (id, venue_id, name) VALUES (13789, 10629, 'Space13364');
INSERT INTO spaces (id, item_id, hour_price) VALUES (13364, 13789, 0);
INSERT INTO venues (id, name) VALUES (10635, 'Venue10635');
INSERT INTO items (id, venue_id, name) VALUES (13790, 10635, 'Space13365');
INSERT INTO spaces (id, item_id, hour_price) VALUES (13365, 13790, 0);
INSERT INTO items (id, venue_id, name) VALUES (13791, 10635, 'Space13366');
INSERT INTO spaces (id, item_id, hour_price) VALUES (13366, 13791, 0);
INSERT INTO items (id, venue_id, name) VALUES (13792, 10635, 'Space13367');
INSERT INTO spaces (id, item_id, hour_price) VALUES (13367, 13792, 0);
INSERT INTO items (id, venue_id, name) VALUES (13793, 10635, 'Space13368');
INSERT INTO spaces (id, item_id, hour_price) VALUES (13368, 13793, 0);
INSERT INTO items (id, venue_id, name) VALUES (13794, 10635, 'Space13369');
INSERT INTO spaces (id, item_id, hour_price) VALUES (13369, 13794, 0);
INSERT INTO items (id, venue_id, name) VALUES (13795, 10635, 'Space13370');
INSERT INTO spaces (id, item_id, hour_price) VALUES (13370, 13795, 0);
INSERT INTO items (id, venue_id, name) VALUES (13797, 10635, 'Space13372');
INSERT INTO spaces (id, item_id, hour_price) VALUES (13372, 13797, 10);
INSERT INTO items (id, venue_id, name) VALUES (15269, 10635, 'Product10768');
INSERT INTO products (id, item_id, price) VALUES (10768, 15269, 20);
INSERT INTO items (id, venue_id, name) VALUES (15270, 10635, 'Product10769');
INSERT INTO products (id, item_id, price) VALUES (10769, 15270, 5);
INSERT INTO items (id, venue_id, name) VALUES (15271, 10635, 'Product10770');
INSERT INTO products (id, item_id, price) VALUES (10770, 15271, 17.6);
INSERT INTO items (id, venue_id, name) VALUES (15273, 10635, 'Product10772');
INSERT INTO products (id, item_id, price) VALUES (10772, 15273, 15);
INSERT INTO items (id, venue_id, name) VALUES (15274, 10635, 'Product10773');
INSERT INTO products (id, item_id, price) VALUES (10773, 15274, 0);
INSERT INTO items (id, venue_id, name) VALUES (18977, 10635, 'Product11855');
INSERT INTO products (id, item_id, price) VALUES (11855, 18977, 10);
INSERT INTO venues (id, name) VALUES (10641, 'Venue10641');
INSERT INTO items (id, venue_id, name) VALUES (13798, 10641, 'Space13373');
INSERT INTO spaces (id, item_id, hour_price) VALUES (13373, 13798, 0);
INSERT INTO items (id, venue_id, name) VALUES (13799, 10641, 'Space13374');
INSERT INTO spaces (id, item_id, hour_price) VALUES (13374, 13799, 0);
INSERT INTO items (id, venue_id, name) VALUES (13800, 10641, 'Space13375');
INSERT INTO spaces (id, item_id, hour_price) VALUES (13375, 13800, 0);
INSERT INTO items (id, venue_id, name) VALUES (13801, 10641, 'Space13376');
INSERT INTO spaces (id, item_id, hour_price) VALUES (13376, 13801, 0);
INSERT INTO items (id, venue_id, name) VALUES (13802, 10641, 'Space13377');
INSERT INTO spaces (id, item_id, hour_price) VALUES (13377, 13802, 0);
INSERT INTO items (id, venue_id, name) VALUES (13803, 10641, 'Space13378');
INSERT INTO spaces (id, item_id, hour_price) VALUES (13378, 13803, 0);
INSERT INTO items (id, venue_id, name) VALUES (13804, 10641, 'Product10424');
INSERT INTO products (id, item_id, price) VALUES (10424, 13804, 40);
INSERT INTO items (id, venue_id, name) VALUES (13805, 10641, 'Product10425');
INSERT INTO products (id, item_id, price) VALUES (10425, 13805, 50);
INSERT INTO items (id, venue_id, name) VALUES (13806, 10641, 'Product10426');
INSERT INTO products (id, item_id, price) VALUES (10426, 13806, 75);
INSERT INTO items (id, venue_id, name) VALUES (13807, 10641, 'Product10427');
INSERT INTO products (id, item_id, price) VALUES (10427, 13807, 175);
INSERT INTO items (id, venue_id, name) VALUES (13808, 10641, 'Product10428');
INSERT INTO products (id, item_id, price) VALUES (10428, 13808, 1);
INSERT INTO items (id, venue_id, name) VALUES (13809, 10641, 'Product10429');
INSERT INTO products (id, item_id, price) VALUES (10429, 13809, 1);
INSERT INTO items (id, venue_id, name) VALUES (13810, 10641, 'Product10430');
INSERT INTO products (id, item_id, price) VALUES (10430, 13810, 1);
INSERT INTO items (id, venue_id, name) VALUES (13811, 10641, 'Product10431');
INSERT INTO products (id, item_id, price) VALUES (10431, 13811, 1.25);
INSERT INTO items (id, venue_id, name) VALUES (13812, 10641, 'Product10432');
INSERT INTO products (id, item_id, price) VALUES (10432, 13812, 1);
INSERT INTO items (id, venue_id, name) VALUES (13813, 10641, 'Product10433');
INSERT INTO products (id, item_id, price) VALUES (10433, 13813, 1);
INSERT INTO items (id, venue_id, name) VALUES (13814, 10641, 'Product10434');
INSERT INTO products (id, item_id, price) VALUES (10434, 13814, 0.5);
INSERT INTO items (id, venue_id, name) VALUES (13815, 10641, 'Product10435');
INSERT INTO products (id, item_id, price) VALUES (10435, 13815, 0.2);
INSERT INTO items (id, venue_id, name) VALUES (13816, 10641, 'Space13379');
INSERT INTO spaces (id, item_id, hour_price) VALUES (13379, 13816, 3);
INSERT INTO items (id, venue_id, name) VALUES (13817, 10641, 'Space13380');
INSERT INTO spaces (id, item_id, hour_price) VALUES (13380, 13817, 10);
INSERT INTO items (id, venue_id, name) VALUES (16718, 10641, 'Space15653');
INSERT INTO spaces (id, item_id, hour_price) VALUES (15653, 16718, 14);
INSERT INTO items (id, venue_id, name) VALUES (20028, 10641, 'Product12242');
INSERT INTO products (id, item_id, price) VALUES (12242, 20028, 25);
INSERT INTO venues (id, name) VALUES (10647, 'Venue10647');
INSERT INTO items (id, venue_id, name) VALUES (13818, 10647, 'Space13381');
INSERT INTO spaces (id, item_id, hour_price) VALUES (13381, 13818, 0);
INSERT INTO items (id, venue_id, name) VALUES (13819, 10647, 'Space13382');
INSERT INTO spaces (id, item_id, hour_price) VALUES (13382, 13819, 0);
INSERT INTO items (id, venue_id, name) VALUES (13820, 10647, 'Space13383');
INSERT INTO spaces (id, item_id, hour_price) VALUES (13383, 13820, 0);
INSERT INTO items (id, venue_id, name) VALUES (13821, 10647, 'Space13384');
INSERT INTO spaces (id, item_id, hour_price) VALUES (13384, 13821, 0);
INSERT INTO items (id, venue_id, name) VALUES (13822, 10647, 'Space13385');
INSERT INTO spaces (id, item_id, hour_price) VALUES (13385, 13822, 0);
INSERT INTO items (id, venue_id, name) VALUES (13823, 10647, 'Space13386');
INSERT INTO spaces (id, item_id, hour_price) VALUES (13386, 13823, 0);
INSERT INTO items (id, venue_id, name) VALUES (13824, 10647, 'Space13387');
INSERT INTO spaces (id, item_id, hour_price) VALUES (13387, 13824, 4);
INSERT INTO venues (id, name) VALUES (10653, 'Venue10653');
INSERT INTO items (id, venue_id, name) VALUES (13825, 10653, 'Space13388');
INSERT INTO spaces (id, item_id, hour_price) VALUES (13388, 13825, 0);
INSERT INTO items (id, venue_id, name) VALUES (13826, 10653, 'Space13389');
INSERT INTO spaces (id, item_id, hour_price) VALUES (13389, 13826, 0);
INSERT INTO items (id, venue_id, name) VALUES (13827, 10653, 'Space13390');
INSERT INTO spaces (id, item_id, hour_price) VALUES (13390, 13827, 0);
INSERT INTO items (id, venue_id, name) VALUES (13828, 10653, 'Space13391');
INSERT INTO spaces (id, item_id, hour_price) VALUES (13391, 13828, 0);
INSERT INTO items (id, venue_id, name) VALUES (13829, 10653, 'Space13392');
INSERT INTO spaces (id, item_id, hour_price) VALUES (13392, 13829, 0);
INSERT INTO items (id, venue_id, name) VALUES (13830, 10653, 'Space13393');
INSERT INTO spaces (id, item_id, hour_price) VALUES (13393, 13830, 0);
INSERT INTO items (id, venue_id, name) VALUES (13831, 10653, 'Product10436');
INSERT INTO products (id, item_id, price) VALUES (10436, 13831, 10);
INSERT INTO items (id, venue_id, name) VALUES (13832, 10653, 'Product10437');
INSERT INTO products (id, item_id, price) VALUES (10437, 13832, 7);
INSERT INTO items (id, venue_id, name) VALUES (13833, 10653, 'Product10438');
INSERT INTO products (id, item_id, price) VALUES (10438, 13833, 15);
INSERT INTO items (id, venue_id, name) VALUES (13834, 10653, 'Product10439');
INSERT INTO products (id, item_id, price) VALUES (10439, 13834, 10);
INSERT INTO items (id, venue_id, name) VALUES (13835, 10653, 'Space13394');
INSERT INTO spaces (id, item_id, hour_price) VALUES (13394, 13835, 5);
INSERT INTO items (id, venue_id, name) VALUES (13836, 10653, 'Space13395');
INSERT INTO spaces (id, item_id, hour_price) VALUES (13395, 13836, 50);
INSERT INTO items (id, venue_id, name) VALUES (13837, 10653, 'Space13396');
INSERT INTO spaces (id, item_id, hour_price) VALUES (13396, 13837, 35);
INSERT INTO items (id, venue_id, name) VALUES (13838, 10653, 'Space13397');
INSERT INTO spaces (id, item_id, hour_price) VALUES (13397, 13838, 25);
INSERT INTO items (id, venue_id, name) VALUES (18720, 10653, 'Product11752');
INSERT INTO products (id, item_id, price) VALUES (11752, 18720, 20);
INSERT INTO items (id, venue_id, name) VALUES (18721, 10653, 'Product11753');
INSERT INTO products (id, item_id, price) VALUES (11753, 18721, 60);
INSERT INTO items (id, venue_id, name) VALUES (18722, 10653, 'Product11754');
INSERT INTO products (id, item_id, price) VALUES (11754, 18722, 45);
INSERT INTO items (id, venue_id, name) VALUES (18761, 10653, 'Product11770');
INSERT INTO products (id, item_id, price) VALUES (11770, 18761, 10);
INSERT INTO items (id, venue_id, name) VALUES (24364, 10653, 'Space19944');
INSERT INTO spaces (id, item_id, hour_price) VALUES (19944, 24364, 45);
INSERT INTO items (id, venue_id, name) VALUES (24365, 10653, 'Product14413');
INSERT INTO products (id, item_id, price) VALUES (14413, 24365, 150);
INSERT INTO items (id, venue_id, name) VALUES (24366, 10653, 'Product14414');
INSERT INTO products (id, item_id, price) VALUES (14414, 24366, 30);
INSERT INTO items (id, venue_id, name) VALUES (24367, 10653, 'Product14415');
INSERT INTO products (id, item_id, price) VALUES (14415, 24367, 30);
INSERT INTO items (id, venue_id, name) VALUES (24368, 10653, 'Product14416');
INSERT INTO products (id, item_id, price) VALUES (14416, 24368, 8);
INSERT INTO items (id, venue_id, name) VALUES (24369, 10653, 'Product14417');
INSERT INTO products (id, item_id, price) VALUES (14417, 24369, 30);
INSERT INTO items (id, venue_id, name) VALUES (24370, 10653, 'Product14418');
INSERT INTO products (id, item_id, price) VALUES (14418, 24370, 140);
INSERT INTO items (id, venue_id, name) VALUES (24371, 10653, 'Product14419');
INSERT INTO products (id, item_id, price) VALUES (14419, 24371, 250);
INSERT INTO items (id, venue_id, name) VALUES (24372, 10653, 'Product14420');
INSERT INTO products (id, item_id, price) VALUES (14420, 24372, 2.5);
INSERT INTO items (id, venue_id, name) VALUES (24374, 10653, 'Product14422');
INSERT INTO products (id, item_id, price) VALUES (14422, 24374, 100);
INSERT INTO items (id, venue_id, name) VALUES (24425, 10653, 'Product14454');
INSERT INTO products (id, item_id, price) VALUES (14454, 24425, 2.5);
INSERT INTO items (id, venue_id, name) VALUES (24426, 10653, 'Product14455');
INSERT INTO products (id, item_id, price) VALUES (14455, 24426, 2.5);
INSERT INTO items (id, venue_id, name) VALUES (24427, 10653, 'Product14456');
INSERT INTO products (id, item_id, price) VALUES (14456, 24427, 15);
INSERT INTO items (id, venue_id, name) VALUES (24428, 10653, 'Product14457');
INSERT INTO products (id, item_id, price) VALUES (14457, 24428, 45);
INSERT INTO items (id, venue_id, name) VALUES (24429, 10653, 'Product14458');
INSERT INTO products (id, item_id, price) VALUES (14458, 24429, 3);
INSERT INTO items (id, venue_id, name) VALUES (24430, 10653, 'Product14459');
INSERT INTO products (id, item_id, price) VALUES (14459, 24430, 14);
INSERT INTO items (id, venue_id, name) VALUES (24793, 10653, 'Product14671');
INSERT INTO products (id, item_id, price) VALUES (14671, 24793, 20);
INSERT INTO items (id, venue_id, name) VALUES (24794, 10653, 'Product14672');
INSERT INTO products (id, item_id, price) VALUES (14672, 24794, 20);
INSERT INTO items (id, venue_id, name) VALUES (24865, 10653, 'Product14720');
INSERT INTO products (id, item_id, price) VALUES (14720, 24865, 2.5);
INSERT INTO items (id, venue_id, name) VALUES (24866, 10653, 'Product14721');
INSERT INTO products (id, item_id, price) VALUES (14721, 24866, 50);
INSERT INTO items (id, venue_id, name) VALUES (25124, 10653, 'Product14840');
INSERT INTO products (id, item_id, price) VALUES (14840, 25124, 2);
INSERT INTO items (id, venue_id, name) VALUES (25390, 10653, 'Product14957');
INSERT INTO products (id, item_id, price) VALUES (14957, 25390, 7.5);
INSERT INTO venues (id, name) VALUES (10657, 'Venue10657');
INSERT INTO items (id, venue_id, name) VALUES (13839, 10657, 'Space13398');
INSERT INTO spaces (id, item_id, hour_price) VALUES (13398, 13839, 0);
INSERT INTO items (id, venue_id, name) VALUES (13840, 10657, 'Space13399');
INSERT INTO spaces (id, item_id, hour_price) VALUES (13399, 13840, 0);
INSERT INTO items (id, venue_id, name) VALUES (13841, 10657, 'Space13400');
INSERT INTO spaces (id, item_id, hour_price) VALUES (13400, 13841, 0);
INSERT INTO items (id, venue_id, name) VALUES (13842, 10657, 'Space13401');
INSERT INTO spaces (id, item_id, hour_price) VALUES (13401, 13842, 0);
INSERT INTO items (id, venue_id, name) VALUES (13843, 10657, 'Space13402');
INSERT INTO spaces (id, item_id, hour_price) VALUES (13402, 13843, 0);
INSERT INTO items (id, venue_id, name) VALUES (13844, 10657, 'Space13403');
INSERT INTO spaces (id, item_id, hour_price) VALUES (13403, 13844, 0);
INSERT INTO items (id, venue_id, name) VALUES (13845, 10657, 'Product10440');
INSERT INTO products (id, item_id, price) VALUES (10440, 13845, 25);
INSERT INTO items (id, venue_id, name) VALUES (13846, 10657, 'Space13404');
INSERT INTO spaces (id, item_id, hour_price) VALUES (13404, 13846, 5);
INSERT INTO items (id, venue_id, name) VALUES (13847, 10657, 'Space13405');
INSERT INTO spaces (id, item_id, hour_price) VALUES (13405, 13847, 30);
INSERT INTO items (id, venue_id, name) VALUES (13848, 10657, 'Space13406');
INSERT INTO spaces (id, item_id, hour_price) VALUES (13406, 13848, 20);
INSERT INTO items (id, venue_id, name) VALUES (13849, 10657, 'Space13407');
INSERT INTO spaces (id, item_id, hour_price) VALUES (13407, 13849, 10);
INSERT INTO items (id, venue_id, name) VALUES (15612, 10657, 'Product10843');
INSERT INTO products (id, item_id, price) VALUES (10843, 15612, 1);
INSERT INTO venues (id, name) VALUES (10661, 'Venue10661');
INSERT INTO items (id, venue_id, name) VALUES (13850, 10661, 'Space13408');
INSERT INTO spaces (id, item_id, hour_price) VALUES (13408, 13850, 0);
INSERT INTO items (id, venue_id, name) VALUES (13851, 10661, 'Space13409');
INSERT INTO spaces (id, item_id, hour_price) VALUES (13409, 13851, 0);
INSERT INTO items (id, venue_id, name) VALUES (13852, 10661, 'Space13410');
INSERT INTO spaces (id, item_id, hour_price) VALUES (13410, 13852, 0);
INSERT INTO items (id, venue_id, name) VALUES (13853, 10661, 'Space13411');
INSERT INTO spaces (id, item_id, hour_price) VALUES (13411, 13853, 0);
INSERT INTO items (id, venue_id, name) VALUES (13854, 10661, 'Space13412');
INSERT INTO spaces (id, item_id, hour_price) VALUES (13412, 13854, 0);
INSERT INTO items (id, venue_id, name) VALUES (13855, 10661, 'Space13413');
INSERT INTO spaces (id, item_id, hour_price) VALUES (13413, 13855, 0);
INSERT INTO items (id, venue_id, name) VALUES (13856, 10661, 'Space13414');
INSERT INTO spaces (id, item_id, hour_price) VALUES (13414, 13856, 8.5);
INSERT INTO items (id, venue_id, name) VALUES (13857, 10661, 'Space13415');
INSERT INTO spaces (id, item_id, hour_price) VALUES (13415, 13857, 8.5);
INSERT INTO items (id, venue_id, name) VALUES (13858, 10661, 'Space13416');
INSERT INTO spaces (id, item_id, hour_price) VALUES (13416, 13858, 8.5);
INSERT INTO items (id, venue_id, name) VALUES (13859, 10661, 'Space13417');
INSERT INTO spaces (id, item_id, hour_price) VALUES (13417, 13859, 8.5);
INSERT INTO items (id, venue_id, name) VALUES (13860, 10661, 'Space13418');
INSERT INTO spaces (id, item_id, hour_price) VALUES (13418, 13860, 8.5);
INSERT INTO items (id, venue_id, name) VALUES (14141, 10661, 'Product10477');
INSERT INTO products (id, item_id, price) VALUES (10477, 14141, 16);
INSERT INTO items (id, venue_id, name) VALUES (14142, 10661, 'Product10478');
INSERT INTO products (id, item_id, price) VALUES (10478, 14142, 20);
INSERT INTO items (id, venue_id, name) VALUES (14143, 10661, 'Product10479');
INSERT INTO products (id, item_id, price) VALUES (10479, 14143, 29.5);
INSERT INTO items (id, venue_id, name) VALUES (14144, 10661, 'Product10480');
INSERT INTO products (id, item_id, price) VALUES (10480, 14144, 125);
INSERT INTO items (id, venue_id, name) VALUES (14145, 10661, 'Product10481');
INSERT INTO products (id, item_id, price) VALUES (10481, 14145, 17.5);
INSERT INTO items (id, venue_id, name) VALUES (20300, 10661, 'Product12315');
INSERT INTO products (id, item_id, price) VALUES (12315, 20300, 56);
INSERT INTO items (id, venue_id, name) VALUES (20301, 10661, 'Product12316');
INSERT INTO products (id, item_id, price) VALUES (12316, 20301, 2.5);
INSERT INTO items (id, venue_id, name) VALUES (23767, 10661, 'Product14066');
INSERT INTO products (id, item_id, price) VALUES (14066, 23767, 49);
INSERT INTO items (id, venue_id, name) VALUES (25012, 10661, 'Product14790');
INSERT INTO products (id, item_id, price) VALUES (14790, 25012, 0);
INSERT INTO items (id, venue_id, name) VALUES (25013, 10661, 'Product14791');
INSERT INTO products (id, item_id, price) VALUES (14791, 25013, 0);
INSERT INTO venues (id, name) VALUES (10686, 'Venue10686');
INSERT INTO items (id, venue_id, name) VALUES (13906, 10686, 'Space13458');
INSERT INTO spaces (id, item_id, hour_price) VALUES (13458, 13906, 0);
INSERT INTO items (id, venue_id, name) VALUES (13907, 10686, 'Space13459');
INSERT INTO spaces (id, item_id, hour_price) VALUES (13459, 13907, 0);
INSERT INTO items (id, venue_id, name) VALUES (13908, 10686, 'Space13460');
INSERT INTO spaces (id, item_id, hour_price) VALUES (13460, 13908, 0);
INSERT INTO items (id, venue_id, name) VALUES (13909, 10686, 'Space13461');
INSERT INTO spaces (id, item_id, hour_price) VALUES (13461, 13909, 0);
INSERT INTO items (id, venue_id, name) VALUES (13910, 10686, 'Space13462');
INSERT INTO spaces (id, item_id, hour_price) VALUES (13462, 13910, 0);
INSERT INTO items (id, venue_id, name) VALUES (13911, 10686, 'Space13463');
INSERT INTO spaces (id, item_id, hour_price) VALUES (13463, 13911, 0);
INSERT INTO items (id, venue_id, name) VALUES (13912, 10686, 'Space13464');
INSERT INTO spaces (id, item_id, hour_price) VALUES (13464, 13912, 5);
INSERT INTO items (id, venue_id, name) VALUES (13913, 10686, 'Space13465');
INSERT INTO spaces (id, item_id, hour_price) VALUES (13465, 13913, 50);
INSERT INTO items (id, venue_id, name) VALUES (14996, 10686, 'Space14324');
INSERT INTO spaces (id, item_id, hour_price) VALUES (14324, 14996, 15);
INSERT INTO venues (id, name) VALUES (10690, 'Venue10690');
INSERT INTO items (id, venue_id, name) VALUES (13914, 10690, 'Space13466');
INSERT INTO spaces (id, item_id, hour_price) VALUES (13466, 13914, 0);
INSERT INTO items (id, venue_id, name) VALUES (13915, 10690, 'Space13467');
INSERT INTO spaces (id, item_id, hour_price) VALUES (13467, 13915, 0);
INSERT INTO items (id, venue_id, name) VALUES (13916, 10690, 'Space13468');
INSERT INTO spaces (id, item_id, hour_price) VALUES (13468, 13916, 0);
INSERT INTO items (id, venue_id, name) VALUES (13917, 10690, 'Space13469');
INSERT INTO spaces (id, item_id, hour_price) VALUES (13469, 13917, 0);
INSERT INTO items (id, venue_id, name) VALUES (13918, 10690, 'Space13470');
INSERT INTO spaces (id, item_id, hour_price) VALUES (13470, 13918, 0);
INSERT INTO items (id, venue_id, name) VALUES (13919, 10690, 'Space13471');
INSERT INTO spaces (id, item_id, hour_price) VALUES (13471, 13919, 0);
INSERT INTO items (id, venue_id, name) VALUES (13920, 10690, 'Product10447');
INSERT INTO products (id, item_id, price) VALUES (10447, 13920, 25);
INSERT INTO items (id, venue_id, name) VALUES (13921, 10690, 'Product10448');
INSERT INTO products (id, item_id, price) VALUES (10448, 13921, 40);
INSERT INTO items (id, venue_id, name) VALUES (13922, 10690, 'Product10449');
INSERT INTO products (id, item_id, price) VALUES (10449, 13922, 1.5);
INSERT INTO items (id, venue_id, name) VALUES (13924, 10690, 'Product10451');
INSERT INTO products (id, item_id, price) VALUES (10451, 13924, 12.5);
INSERT INTO items (id, venue_id, name) VALUES (13926, 10690, 'Space13472');
INSERT INTO spaces (id, item_id, hour_price) VALUES (13472, 13926, 45);
INSERT INTO items (id, venue_id, name) VALUES (13927, 10690, 'Space13473');
INSERT INTO spaces (id, item_id, hour_price) VALUES (13473, 13927, 35);
INSERT INTO items (id, venue_id, name) VALUES (13928, 10690, 'Space13474');
INSERT INTO spaces (id, item_id, hour_price) VALUES (13474, 13928, 30);
INSERT INTO items (id, venue_id, name) VALUES (13929, 10690, 'Space13475');
INSERT INTO spaces (id, item_id, hour_price) VALUES (13475, 13929, 45);
INSERT INTO items (id, venue_id, name) VALUES (14965, 10690, 'Product10658');
INSERT INTO products (id, item_id, price) VALUES (10658, 14965, 17.5);
INSERT INTO items (id, venue_id, name) VALUES (16955, 10690, 'Product11118');
INSERT INTO products (id, item_id, price) VALUES (11118, 16955, 7.5);
INSERT INTO items (id, venue_id, name) VALUES (16956, 10690, 'Product11119');
INSERT INTO products (id, item_id, price) VALUES (11119, 16956, 10);
INSERT INTO items (id, venue_id, name) VALUES (17764, 10690, 'Product11311');
INSERT INTO products (id, item_id, price) VALUES (11311, 17764, 196);
INSERT INTO items (id, venue_id, name) VALUES (17806, 10690, 'Product11315');
INSERT INTO products (id, item_id, price) VALUES (11315, 17806, 75);
INSERT INTO items (id, venue_id, name) VALUES (20282, 10690, 'Product12311');
INSERT INTO products (id, item_id, price) VALUES (12311, 20282, 7.5);
INSERT INTO items (id, venue_id, name) VALUES (22442, 10690, 'Product13414');
INSERT INTO products (id, item_id, price) VALUES (13414, 22442, 20);
INSERT INTO items (id, venue_id, name) VALUES (27319, 10690, 'Product16045');
INSERT INTO products (id, item_id, price) VALUES (16045, 27319, 0.2);
INSERT INTO venues (id, name) VALUES (10696, 'Venue10696');
INSERT INTO items (id, venue_id, name) VALUES (13930, 10696, 'Space13476');
INSERT INTO spaces (id, item_id, hour_price) VALUES (13476, 13930, 0);
INSERT INTO items (id, venue_id, name) VALUES (13931, 10696, 'Space13477');
INSERT INTO spaces (id, item_id, hour_price) VALUES (13477, 13931, 0);
INSERT INTO items (id, venue_id, name) VALUES (13932, 10696, 'Space13478');
INSERT INTO spaces (id, item_id, hour_price) VALUES (13478, 13932, 0);
INSERT INTO items (id, venue_id, name) VALUES (13933, 10696, 'Space13479');
INSERT INTO spaces (id, item_id, hour_price) VALUES (13479, 13933, 0);
INSERT INTO items (id, venue_id, name) VALUES (13934, 10696, 'Space13480');
INSERT INTO spaces (id, item_id, hour_price) VALUES (13480, 13934, 0);
INSERT INTO items (id, venue_id, name) VALUES (13935, 10696, 'Space13481');
INSERT INTO spaces (id, item_id, hour_price) VALUES (13481, 13935, 0);
INSERT INTO items (id, venue_id, name) VALUES (13936, 10696, 'Space13482');
INSERT INTO spaces (id, item_id, hour_price) VALUES (13482, 13936, 5);
INSERT INTO items (id, venue_id, name) VALUES (15952, 10696, 'Space15044');
INSERT INTO spaces (id, item_id, hour_price) VALUES (15044, 15952, 45);
INSERT INTO items (id, venue_id, name) VALUES (17591, 10696, 'Product11280');
INSERT INTO products (id, item_id, price) VALUES (11280, 17591, 15);
INSERT INTO items (id, venue_id, name) VALUES (19343, 10696, 'Space17334');
INSERT INTO spaces (id, item_id, hour_price) VALUES (17334, 19343, 100);
INSERT INTO items (id, venue_id, name) VALUES (19345, 10696, 'Space17336');
INSERT INTO spaces (id, item_id, hour_price) VALUES (17336, 19345, 25);
INSERT INTO venues (id, name) VALUES (10704, 'Venue10704');
INSERT INTO items (id, venue_id, name) VALUES (13945, 10704, 'Space13490');
INSERT INTO spaces (id, item_id, hour_price) VALUES (13490, 13945, 0);
INSERT INTO items (id, venue_id, name) VALUES (13946, 10704, 'Space13491');
INSERT INTO spaces (id, item_id, hour_price) VALUES (13491, 13946, 0);
INSERT INTO items (id, venue_id, name) VALUES (13947, 10704, 'Space13492');
INSERT INTO spaces (id, item_id, hour_price) VALUES (13492, 13947, 0);
INSERT INTO items (id, venue_id, name) VALUES (13948, 10704, 'Space13493');
INSERT INTO spaces (id, item_id, hour_price) VALUES (13493, 13948, 0);
INSERT INTO items (id, venue_id, name) VALUES (13949, 10704, 'Space13494');
INSERT INTO spaces (id, item_id, hour_price) VALUES (13494, 13949, 0);
INSERT INTO items (id, venue_id, name) VALUES (13950, 10704, 'Space13495');
INSERT INTO spaces (id, item_id, hour_price) VALUES (13495, 13950, 0);
INSERT INTO items (id, venue_id, name) VALUES (13953, 10704, 'Space13498');
INSERT INTO spaces (id, item_id, hour_price) VALUES (13498, 13953, 20);
INSERT INTO items (id, venue_id, name) VALUES (13956, 10704, 'Space13501');
INSERT INTO spaces (id, item_id, hour_price) VALUES (13501, 13956, 40);
INSERT INTO items (id, venue_id, name) VALUES (14370, 10704, 'Product10605');
INSERT INTO products (id, item_id, price) VALUES (10605, 14370, 0);
INSERT INTO items (id, venue_id, name) VALUES (14371, 10704, 'Product10606');
INSERT INTO products (id, item_id, price) VALUES (10606, 14371, 0);
INSERT INTO items (id, venue_id, name) VALUES (16237, 10704, 'Space15284');
INSERT INTO spaces (id, item_id, hour_price) VALUES (15284, 16237, 4);
INSERT INTO items (id, venue_id, name) VALUES (18771, 10704, 'Space16990');
INSERT INTO spaces (id, item_id, hour_price) VALUES (16990, 18771, 2);
INSERT INTO venues (id, name) VALUES (10714, 'Venue10714');
INSERT INTO items (id, venue_id, name) VALUES (13966, 10714, 'Space13510');
INSERT INTO spaces (id, item_id, hour_price) VALUES (13510, 13966, 0);
INSERT INTO items (id, venue_id, name) VALUES (13967, 10714, 'Space13511');
INSERT INTO spaces (id, item_id, hour_price) VALUES (13511, 13967, 0);
INSERT INTO items (id, venue_id, name) VALUES (13968, 10714, 'Space13512');
INSERT INTO spaces (id, item_id, hour_price) VALUES (13512, 13968, 0);
INSERT INTO items (id, venue_id, name) VALUES (13969, 10714, 'Space13513');
INSERT INTO spaces (id, item_id, hour_price) VALUES (13513, 13969, 0);
INSERT INTO items (id, venue_id, name) VALUES (13970, 10714, 'Space13514');
INSERT INTO spaces (id, item_id, hour_price) VALUES (13514, 13970, 0);
INSERT INTO items (id, venue_id, name) VALUES (13971, 10714, 'Space13515');
INSERT INTO spaces (id, item_id, hour_price) VALUES (13515, 13971, 0);
INSERT INTO items (id, venue_id, name) VALUES (13972, 10714, 'Product10455');
INSERT INTO products (id, item_id, price) VALUES (10455, 13972, 0.25);
INSERT INTO items (id, venue_id, name) VALUES (13973, 10714, 'Product10456');
INSERT INTO products (id, item_id, price) VALUES (10456, 13973, 0.07);
INSERT INTO items (id, venue_id, name) VALUES (13974, 10714, 'Product10457');
INSERT INTO products (id, item_id, price) VALUES (10457, 13974, 0.2);
INSERT INTO items (id, venue_id, name) VALUES (13975, 10714, 'Space13516');
INSERT INTO spaces (id, item_id, hour_price) VALUES (13516, 13975, 10);
INSERT INTO items (id, venue_id, name) VALUES (13976, 10714, 'Space13517');
INSERT INTO spaces (id, item_id, hour_price) VALUES (13517, 13976, 15);
INSERT INTO items (id, venue_id, name) VALUES (13977, 10714, 'Space13518');
INSERT INTO spaces (id, item_id, hour_price) VALUES (13518, 13977, 10);
INSERT INTO venues (id, name) VALUES (10722, 'Venue10722');
INSERT INTO items (id, venue_id, name) VALUES (13985, 10722, 'Space13526');
INSERT INTO spaces (id, item_id, hour_price) VALUES (13526, 13985, 0);
INSERT INTO items (id, venue_id, name) VALUES (13986, 10722, 'Space13527');
INSERT INTO spaces (id, item_id, hour_price) VALUES (13527, 13986, 0);
INSERT INTO items (id, venue_id, name) VALUES (13987, 10722, 'Space13528');
INSERT INTO spaces (id, item_id, hour_price) VALUES (13528, 13987, 0);
INSERT INTO items (id, venue_id, name) VALUES (13988, 10722, 'Space13529');
INSERT INTO spaces (id, item_id, hour_price) VALUES (13529, 13988, 0);
INSERT INTO items (id, venue_id, name) VALUES (13989, 10722, 'Space13530');
INSERT INTO spaces (id, item_id, hour_price) VALUES (13530, 13989, 0);
INSERT INTO items (id, venue_id, name) VALUES (13990, 10722, 'Space13531');
INSERT INTO spaces (id, item_id, hour_price) VALUES (13531, 13990, 0);
INSERT INTO items (id, venue_id, name) VALUES (13991, 10722, 'Product10458');
INSERT INTO products (id, item_id, price) VALUES (10458, 13991, 0);
INSERT INTO items (id, venue_id, name) VALUES (13992, 10722, 'Space13532');
INSERT INTO spaces (id, item_id, hour_price) VALUES (13532, 13992, 15);
INSERT INTO items (id, venue_id, name) VALUES (19643, 10722, 'Space17522');
INSERT INTO spaces (id, item_id, hour_price) VALUES (17522, 19643, 15);
INSERT INTO venues (id, name) VALUES (10732, 'Venue10732');
INSERT INTO items (id, venue_id, name) VALUES (14002, 10732, 'Space13541');
INSERT INTO spaces (id, item_id, hour_price) VALUES (13541, 14002, 0);
INSERT INTO items (id, venue_id, name) VALUES (14003, 10732, 'Space13542');
INSERT INTO spaces (id, item_id, hour_price) VALUES (13542, 14003, 0);
INSERT INTO items (id, venue_id, name) VALUES (14004, 10732, 'Space13543');
INSERT INTO spaces (id, item_id, hour_price) VALUES (13543, 14004, 0);
INSERT INTO items (id, venue_id, name) VALUES (14005, 10732, 'Space13544');
INSERT INTO spaces (id, item_id, hour_price) VALUES (13544, 14005, 0);
INSERT INTO items (id, venue_id, name) VALUES (14006, 10732, 'Space13545');
INSERT INTO spaces (id, item_id, hour_price) VALUES (13545, 14006, 0);
INSERT INTO items (id, venue_id, name) VALUES (14007, 10732, 'Space13546');
INSERT INTO spaces (id, item_id, hour_price) VALUES (13546, 14007, 0);
INSERT INTO items (id, venue_id, name) VALUES (14008, 10732, 'Space13547');
INSERT INTO spaces (id, item_id, hour_price) VALUES (13547, 14008, 13);
INSERT INTO items (id, venue_id, name) VALUES (16165, 10732, 'Space15223');
INSERT INTO spaces (id, item_id, hour_price) VALUES (15223, 16165, 30);
INSERT INTO items (id, venue_id, name) VALUES (20090, 10732, 'Product12261');
INSERT INTO products (id, item_id, price) VALUES (12261, 20090, 5);
INSERT INTO items (id, venue_id, name) VALUES (22410, 10732, 'Product13393');
INSERT INTO products (id, item_id, price) VALUES (13393, 22410, 12.5);
INSERT INTO venues (id, name) VALUES (10736, 'Venue10736');
INSERT INTO items (id, venue_id, name) VALUES (14009, 10736, 'Space13548');
INSERT INTO spaces (id, item_id, hour_price) VALUES (13548, 14009, 0);
INSERT INTO items (id, venue_id, name) VALUES (14010, 10736, 'Space13549');
INSERT INTO spaces (id, item_id, hour_price) VALUES (13549, 14010, 0);
INSERT INTO items (id, venue_id, name) VALUES (14011, 10736, 'Space13550');
INSERT INTO spaces (id, item_id, hour_price) VALUES (13550, 14011, 0);
INSERT INTO items (id, venue_id, name) VALUES (14012, 10736, 'Space13551');
INSERT INTO spaces (id, item_id, hour_price) VALUES (13551, 14012, 0);
INSERT INTO items (id, venue_id, name) VALUES (14013, 10736, 'Space13552');
INSERT INTO spaces (id, item_id, hour_price) VALUES (13552, 14013, 0);
INSERT INTO items (id, venue_id, name) VALUES (14014, 10736, 'Space13553');
INSERT INTO spaces (id, item_id, hour_price) VALUES (13553, 14014, 0);
INSERT INTO items (id, venue_id, name) VALUES (14015, 10736, 'Product10460');
INSERT INTO products (id, item_id, price) VALUES (10460, 14015, 0);
INSERT INTO items (id, venue_id, name) VALUES (14016, 10736, 'Product10461');
INSERT INTO products (id, item_id, price) VALUES (10461, 14016, 0);
INSERT INTO items (id, venue_id, name) VALUES (14017, 10736, 'Space13554');
INSERT INTO spaces (id, item_id, hour_price) VALUES (13554, 14017, 0);
INSERT INTO venues (id, name) VALUES (10742, 'Venue10742');
INSERT INTO items (id, venue_id, name) VALUES (14018, 10742, 'Space13555');
INSERT INTO spaces (id, item_id, hour_price) VALUES (13555, 14018, 0);
INSERT INTO items (id, venue_id, name) VALUES (14019, 10742, 'Space13556');
INSERT INTO spaces (id, item_id, hour_price) VALUES (13556, 14019, 0);
INSERT INTO items (id, venue_id, name) VALUES (14020, 10742, 'Space13557');
INSERT INTO spaces (id, item_id, hour_price) VALUES (13557, 14020, 0);
INSERT INTO items (id, venue_id, name) VALUES (14021, 10742, 'Space13558');
INSERT INTO spaces (id, item_id, hour_price) VALUES (13558, 14021, 0);
INSERT INTO items (id, venue_id, name) VALUES (14022, 10742, 'Space13559');
INSERT INTO spaces (id, item_id, hour_price) VALUES (13559, 14022, 0);
INSERT INTO items (id, venue_id, name) VALUES (14023, 10742, 'Space13560');
INSERT INTO spaces (id, item_id, hour_price) VALUES (13560, 14023, 0);
INSERT INTO items (id, venue_id, name) VALUES (14024, 10742, 'Space13561');
INSERT INTO spaces (id, item_id, hour_price) VALUES (13561, 14024, 0);
INSERT INTO items (id, venue_id, name) VALUES (14025, 10742, 'Space13562');
INSERT INTO spaces (id, item_id, hour_price) VALUES (13562, 14025, 0);
INSERT INTO items (id, venue_id, name) VALUES (14026, 10742, 'Space13563');
INSERT INTO spaces (id, item_id, hour_price) VALUES (13563, 14026, 0);
INSERT INTO venues (id, name) VALUES (10754, 'Venue10754');
INSERT INTO items (id, venue_id, name) VALUES (14033, 10754, 'Space13570');
INSERT INTO spaces (id, item_id, hour_price) VALUES (13570, 14033, 0);
INSERT INTO items (id, venue_id, name) VALUES (14034, 10754, 'Space13571');
INSERT INTO spaces (id, item_id, hour_price) VALUES (13571, 14034, 0);
INSERT INTO items (id, venue_id, name) VALUES (14035, 10754, 'Space13572');
INSERT INTO spaces (id, item_id, hour_price) VALUES (13572, 14035, 0);
INSERT INTO items (id, venue_id, name) VALUES (14036, 10754, 'Space13573');
INSERT INTO spaces (id, item_id, hour_price) VALUES (13573, 14036, 0);
INSERT INTO items (id, venue_id, name) VALUES (14037, 10754, 'Space13574');
INSERT INTO spaces (id, item_id, hour_price) VALUES (13574, 14037, 0);
INSERT INTO items (id, venue_id, name) VALUES (14038, 10754, 'Space13575');
INSERT INTO spaces (id, item_id, hour_price) VALUES (13575, 14038, 0);
INSERT INTO items (id, venue_id, name) VALUES (14039, 10754, 'Space13576');
INSERT INTO spaces (id, item_id, hour_price) VALUES (13576, 14039, 65);
INSERT INTO venues (id, name) VALUES (10760, 'Venue10760');
INSERT INTO items (id, venue_id, name) VALUES (14040, 10760, 'Space13577');
INSERT INTO spaces (id, item_id, hour_price) VALUES (13577, 14040, 0);
INSERT INTO items (id, venue_id, name) VALUES (14041, 10760, 'Space13578');
INSERT INTO spaces (id, item_id, hour_price) VALUES (13578, 14041, 0);
INSERT INTO items (id, venue_id, name) VALUES (14042, 10760, 'Space13579');
INSERT INTO spaces (id, item_id, hour_price) VALUES (13579, 14042, 0);
INSERT INTO items (id, venue_id, name) VALUES (14043, 10760, 'Space13580');
INSERT INTO spaces (id, item_id, hour_price) VALUES (13580, 14043, 0);
INSERT INTO items (id, venue_id, name) VALUES (14044, 10760, 'Space13581');
INSERT INTO spaces (id, item_id, hour_price) VALUES (13581, 14044, 0);
INSERT INTO items (id, venue_id, name) VALUES (14045, 10760, 'Space13582');
INSERT INTO spaces (id, item_id, hour_price) VALUES (13582, 14045, 0);
INSERT INTO items (id, venue_id, name) VALUES (14046, 10760, 'Space13583');
INSERT INTO spaces (id, item_id, hour_price) VALUES (13583, 14046, 6);
INSERT INTO venues (id, name) VALUES (10766, 'Venue10766');
INSERT INTO items (id, venue_id, name) VALUES (14047, 10766, 'Space13584');
INSERT INTO spaces (id, item_id, hour_price) VALUES (13584, 14047, 0);
INSERT INTO items (id, venue_id, name) VALUES (14048, 10766, 'Space13585');
INSERT INTO spaces (id, item_id, hour_price) VALUES (13585, 14048, 0);
INSERT INTO items (id, venue_id, name) VALUES (14049, 10766, 'Space13586');
INSERT INTO spaces (id, item_id, hour_price) VALUES (13586, 14049, 0);
INSERT INTO items (id, venue_id, name) VALUES (14050, 10766, 'Space13587');
INSERT INTO spaces (id, item_id, hour_price) VALUES (13587, 14050, 0);
INSERT INTO items (id, venue_id, name) VALUES (14051, 10766, 'Space13588');
INSERT INTO spaces (id, item_id, hour_price) VALUES (13588, 14051, 0);
INSERT INTO items (id, venue_id, name) VALUES (14052, 10766, 'Space13589');
INSERT INTO spaces (id, item_id, hour_price) VALUES (13589, 14052, 0);
INSERT INTO items (id, venue_id, name) VALUES (14053, 10766, 'Product10462');
INSERT INTO products (id, item_id, price) VALUES (10462, 14053, 3.75);
INSERT INTO items (id, venue_id, name) VALUES (14054, 10766, 'Space13590');
INSERT INTO spaces (id, item_id, hour_price) VALUES (13590, 14054, 0);
INSERT INTO items (id, venue_id, name) VALUES (14055, 10766, 'Space13591');
INSERT INTO spaces (id, item_id, hour_price) VALUES (13591, 14055, 75);
INSERT INTO items (id, venue_id, name) VALUES (14380, 10766, 'Product10610');
INSERT INTO products (id, item_id, price) VALUES (10610, 14380, 0);
INSERT INTO items (id, venue_id, name) VALUES (14381, 10766, 'Product10611');
INSERT INTO products (id, item_id, price) VALUES (10611, 14381, 0);
INSERT INTO venues (id, name) VALUES (10770, 'Venue10770');
INSERT INTO items (id, venue_id, name) VALUES (14056, 10770, 'Space13592');
INSERT INTO spaces (id, item_id, hour_price) VALUES (13592, 14056, 0);
INSERT INTO items (id, venue_id, name) VALUES (14057, 10770, 'Space13593');
INSERT INTO spaces (id, item_id, hour_price) VALUES (13593, 14057, 0);
INSERT INTO items (id, venue_id, name) VALUES (14058, 10770, 'Space13594');
INSERT INTO spaces (id, item_id, hour_price) VALUES (13594, 14058, 0);
INSERT INTO items (id, venue_id, name) VALUES (14059, 10770, 'Space13595');
INSERT INTO spaces (id, item_id, hour_price) VALUES (13595, 14059, 0);
INSERT INTO items (id, venue_id, name) VALUES (14060, 10770, 'Space13596');
INSERT INTO spaces (id, item_id, hour_price) VALUES (13596, 14060, 0);
INSERT INTO items (id, venue_id, name) VALUES (14061, 10770, 'Space13597');
INSERT INTO spaces (id, item_id, hour_price) VALUES (13597, 14061, 0);
INSERT INTO items (id, venue_id, name) VALUES (14062, 10770, 'Space13598');
INSERT INTO spaces (id, item_id, hour_price) VALUES (13598, 14062, 8.5);
INSERT INTO venues (id, name) VALUES (10774, 'Venue10774');
INSERT INTO items (id, venue_id, name) VALUES (14063, 10774, 'Space13599');
INSERT INTO spaces (id, item_id, hour_price) VALUES (13599, 14063, 0);
INSERT INTO items (id, venue_id, name) VALUES (14064, 10774, 'Space13600');
INSERT INTO spaces (id, item_id, hour_price) VALUES (13600, 14064, 0);
INSERT INTO items (id, venue_id, name) VALUES (14065, 10774, 'Space13601');
INSERT INTO spaces (id, item_id, hour_price) VALUES (13601, 14065, 0);
INSERT INTO items (id, venue_id, name) VALUES (14066, 10774, 'Space13602');
INSERT INTO spaces (id, item_id, hour_price) VALUES (13602, 14066, 0);
INSERT INTO items (id, venue_id, name) VALUES (14067, 10774, 'Space13603');
INSERT INTO spaces (id, item_id, hour_price) VALUES (13603, 14067, 0);
INSERT INTO items (id, venue_id, name) VALUES (14068, 10774, 'Space13604');
INSERT INTO spaces (id, item_id, hour_price) VALUES (13604, 14068, 0);
INSERT INTO items (id, venue_id, name) VALUES (14069, 10774, 'Product10463');
INSERT INTO products (id, item_id, price) VALUES (10463, 14069, 5.5);
INSERT INTO items (id, venue_id, name) VALUES (14070, 10774, 'Product10464');
INSERT INTO products (id, item_id, price) VALUES (10464, 14070, 14);
INSERT INTO items (id, venue_id, name) VALUES (14071, 10774, 'Product10465');
INSERT INTO products (id, item_id, price) VALUES (10465, 14071, 9);
INSERT INTO items (id, venue_id, name) VALUES (14072, 10774, 'Product10466');
INSERT INTO products (id, item_id, price) VALUES (10466, 14072, 30);
INSERT INTO items (id, venue_id, name) VALUES (14073, 10774, 'Space13605');
INSERT INTO spaces (id, item_id, hour_price) VALUES (13605, 14073, 5);
INSERT INTO items (id, venue_id, name) VALUES (14075, 10774, 'Space13607');
INSERT INTO spaces (id, item_id, hour_price) VALUES (13607, 14075, 60);
INSERT INTO items (id, venue_id, name) VALUES (14076, 10774, 'Space13608');
INSERT INTO spaces (id, item_id, hour_price) VALUES (13608, 14076, 60);
INSERT INTO items (id, venue_id, name) VALUES (14077, 10774, 'Space13609');
INSERT INTO spaces (id, item_id, hour_price) VALUES (13609, 14077, 15);
INSERT INTO items (id, venue_id, name) VALUES (14078, 10774, 'Space13610');
INSERT INTO spaces (id, item_id, hour_price) VALUES (13610, 14078, 35);
INSERT INTO items (id, venue_id, name) VALUES (14080, 10774, 'Space13612');
INSERT INTO spaces (id, item_id, hour_price) VALUES (13612, 14080, 15);
INSERT INTO items (id, venue_id, name) VALUES (14180, 10774, 'Product10493');
INSERT INTO products (id, item_id, price) VALUES (10493, 14180, 0);
INSERT INTO items (id, venue_id, name) VALUES (14181, 10774, 'Space13686');
INSERT INTO spaces (id, item_id, hour_price) VALUES (13686, 14181, 27.5);
INSERT INTO items (id, venue_id, name) VALUES (14182, 10774, 'Space13687');
INSERT INTO spaces (id, item_id, hour_price) VALUES (13687, 14182, 37.5);
INSERT INTO items (id, venue_id, name) VALUES (14183, 10774, 'Space13688');
INSERT INTO spaces (id, item_id, hour_price) VALUES (13688, 14183, 15);
INSERT INTO items (id, venue_id, name) VALUES (14462, 10774, 'Space13833');
INSERT INTO spaces (id, item_id, hour_price) VALUES (13833, 14462, 5);
INSERT INTO items (id, venue_id, name) VALUES (16656, 10774, 'Product11048');
INSERT INTO products (id, item_id, price) VALUES (11048, 16656, 3.2);
INSERT INTO items (id, venue_id, name) VALUES (18306, 10774, 'Product11620');
INSERT INTO products (id, item_id, price) VALUES (11620, 18306, 4.5);
INSERT INTO items (id, venue_id, name) VALUES (18307, 10774, 'Product11621');
INSERT INTO products (id, item_id, price) VALUES (11621, 18307, 3.5);
INSERT INTO venues (id, name) VALUES (10778, 'Venue10778');
INSERT INTO items (id, venue_id, name) VALUES (14081, 10778, 'Space13613');
INSERT INTO spaces (id, item_id, hour_price) VALUES (13613, 14081, 0);
INSERT INTO items (id, venue_id, name) VALUES (14082, 10778, 'Space13614');
INSERT INTO spaces (id, item_id, hour_price) VALUES (13614, 14082, 0);
INSERT INTO items (id, venue_id, name) VALUES (14083, 10778, 'Space13615');
INSERT INTO spaces (id, item_id, hour_price) VALUES (13615, 14083, 0);
INSERT INTO items (id, venue_id, name) VALUES (14084, 10778, 'Space13616');
INSERT INTO spaces (id, item_id, hour_price) VALUES (13616, 14084, 0);
INSERT INTO items (id, venue_id, name) VALUES (14085, 10778, 'Space13617');
INSERT INTO spaces (id, item_id, hour_price) VALUES (13617, 14085, 0);
INSERT INTO items (id, venue_id, name) VALUES (14086, 10778, 'Space13618');
INSERT INTO spaces (id, item_id, hour_price) VALUES (13618, 14086, 0);
INSERT INTO items (id, venue_id, name) VALUES (14372, 10778, 'Space13764');
INSERT INTO spaces (id, item_id, hour_price) VALUES (13764, 14372, 4);
INSERT INTO items (id, venue_id, name) VALUES (14373, 10778, 'Space13765');
INSERT INTO spaces (id, item_id, hour_price) VALUES (13765, 14373, 4);
INSERT INTO items (id, venue_id, name) VALUES (14374, 10778, 'Space13766');
INSERT INTO spaces (id, item_id, hour_price) VALUES (13766, 14374, 4);
INSERT INTO items (id, venue_id, name) VALUES (14376, 10778, 'Space13768');
INSERT INTO spaces (id, item_id, hour_price) VALUES (13768, 14376, 4);
INSERT INTO items (id, venue_id, name) VALUES (14378, 10778, 'Product10608');
INSERT INTO products (id, item_id, price) VALUES (10608, 14378, 0);
INSERT INTO items (id, venue_id, name) VALUES (14379, 10778, 'Product10609');
INSERT INTO products (id, item_id, price) VALUES (10609, 14379, 0);
INSERT INTO items (id, venue_id, name) VALUES (21993, 10778, 'Product13166');
INSERT INTO products (id, item_id, price) VALUES (13166, 21993, 15);
INSERT INTO items (id, venue_id, name) VALUES (23423, 10778, 'Product13910');
INSERT INTO products (id, item_id, price) VALUES (13910, 23423, 1.5);
INSERT INTO items (id, venue_id, name) VALUES (23769, 10778, 'Space19695');
INSERT INTO spaces (id, item_id, hour_price) VALUES (19695, 23769, 4);
INSERT INTO items (id, venue_id, name) VALUES (23771, 10778, 'Space19697');
INSERT INTO spaces (id, item_id, hour_price) VALUES (19697, 23771, 4);
INSERT INTO items (id, venue_id, name) VALUES (24156, 10778, 'Product14292');
INSERT INTO products (id, item_id, price) VALUES (14292, 24156, 1.25);
INSERT INTO items (id, venue_id, name) VALUES (24157, 10778, 'Product14293');
INSERT INTO products (id, item_id, price) VALUES (14293, 24157, 1.25);
INSERT INTO items (id, venue_id, name) VALUES (24158, 10778, 'Product14294');
INSERT INTO products (id, item_id, price) VALUES (14294, 24158, 1.5);
INSERT INTO items (id, venue_id, name) VALUES (24159, 10778, 'Product14295');
INSERT INTO products (id, item_id, price) VALUES (14295, 24159, 1.25);
INSERT INTO items (id, venue_id, name) VALUES (24160, 10778, 'Product14296');
INSERT INTO products (id, item_id, price) VALUES (14296, 24160, 1);
INSERT INTO items (id, venue_id, name) VALUES (24161, 10778, 'Product14297');
INSERT INTO products (id, item_id, price) VALUES (14297, 24161, 1);
INSERT INTO items (id, venue_id, name) VALUES (24162, 10778, 'Product14298');
INSERT INTO products (id, item_id, price) VALUES (14298, 24162, 1.5);
INSERT INTO items (id, venue_id, name) VALUES (24164, 10778, 'Product14300');
INSERT INTO products (id, item_id, price) VALUES (14300, 24164, 1);
INSERT INTO items (id, venue_id, name) VALUES (24165, 10778, 'Product14301');
INSERT INTO products (id, item_id, price) VALUES (14301, 24165, 0.75);
INSERT INTO items (id, venue_id, name) VALUES (24166, 10778, 'Product14302');
INSERT INTO products (id, item_id, price) VALUES (14302, 24166, 0.5);
INSERT INTO items (id, venue_id, name) VALUES (24167, 10778, 'Product14303');
INSERT INTO products (id, item_id, price) VALUES (14303, 24167, 1.25);
INSERT INTO items (id, venue_id, name) VALUES (25489, 10778, 'Product15018');
INSERT INTO products (id, item_id, price) VALUES (15018, 25489, 1.75);
INSERT INTO items (id, venue_id, name) VALUES (25490, 10778, 'Product15019');
INSERT INTO products (id, item_id, price) VALUES (15019, 25490, 2.95);
INSERT INTO items (id, venue_id, name) VALUES (25491, 10778, 'Product15020');
INSERT INTO products (id, item_id, price) VALUES (15020, 25491, 3.3);
INSERT INTO items (id, venue_id, name) VALUES (25492, 10778, 'Product15021');
INSERT INTO products (id, item_id, price) VALUES (15021, 25492, 3.3);
INSERT INTO items (id, venue_id, name) VALUES (25493, 10778, 'Product15022');
INSERT INTO products (id, item_id, price) VALUES (15022, 25493, 3.4);
INSERT INTO items (id, venue_id, name) VALUES (25494, 10778, 'Product15023');
INSERT INTO products (id, item_id, price) VALUES (15023, 25494, 3.65);
INSERT INTO items (id, venue_id, name) VALUES (25495, 10778, 'Product15024');
INSERT INTO products (id, item_id, price) VALUES (15024, 25495, 3.65);
INSERT INTO items (id, venue_id, name) VALUES (25496, 10778, 'Product15025');
INSERT INTO products (id, item_id, price) VALUES (15025, 25496, 3.4);
INSERT INTO items (id, venue_id, name) VALUES (25497, 10778, 'Product15026');
INSERT INTO products (id, item_id, price) VALUES (15026, 25497, 3.4);
INSERT INTO items (id, venue_id, name) VALUES (25498, 10778, 'Product15027');
INSERT INTO products (id, item_id, price) VALUES (15027, 25498, 2.95);
INSERT INTO items (id, venue_id, name) VALUES (25499, 10778, 'Product15028');
INSERT INTO products (id, item_id, price) VALUES (15028, 25499, 3.3);
INSERT INTO items (id, venue_id, name) VALUES (25501, 10778, 'Product15030');
INSERT INTO products (id, item_id, price) VALUES (15030, 25501, 3.3);
INSERT INTO items (id, venue_id, name) VALUES (25502, 10778, 'Product15031');
INSERT INTO products (id, item_id, price) VALUES (15031, 25502, 3.4);
INSERT INTO items (id, venue_id, name) VALUES (25661, 10778, 'Space20533');
INSERT INTO spaces (id, item_id, hour_price) VALUES (20533, 25661, 4);
INSERT INTO items (id, venue_id, name) VALUES (25662, 10778, 'Space20534');
INSERT INTO spaces (id, item_id, hour_price) VALUES (20534, 25662, 4);
INSERT INTO items (id, venue_id, name) VALUES (25663, 10778, 'Space20535');
INSERT INTO spaces (id, item_id, hour_price) VALUES (20535, 25663, 4);
INSERT INTO items (id, venue_id, name) VALUES (26176, 10778, 'Product15439');
INSERT INTO products (id, item_id, price) VALUES (15439, 26176, 3.4);
INSERT INTO items (id, venue_id, name) VALUES (26177, 10778, 'Product15440');
INSERT INTO products (id, item_id, price) VALUES (15440, 26177, 1.5);
INSERT INTO items (id, venue_id, name) VALUES (26490, 10778, 'Product15610');
INSERT INTO products (id, item_id, price) VALUES (15610, 26490, 2.5);
INSERT INTO venues (id, name) VALUES (10799, 'Venue10799');
INSERT INTO items (id, venue_id, name) VALUES (14148, 10799, 'Space13665');
INSERT INTO spaces (id, item_id, hour_price) VALUES (13665, 14148, 0);
INSERT INTO items (id, venue_id, name) VALUES (14149, 10799, 'Space13666');
INSERT INTO spaces (id, item_id, hour_price) VALUES (13666, 14149, 0);
INSERT INTO items (id, venue_id, name) VALUES (14150, 10799, 'Space13667');
INSERT INTO spaces (id, item_id, hour_price) VALUES (13667, 14150, 0);
INSERT INTO items (id, venue_id, name) VALUES (14151, 10799, 'Space13668');
INSERT INTO spaces (id, item_id, hour_price) VALUES (13668, 14151, 0);
INSERT INTO items (id, venue_id, name) VALUES (14152, 10799, 'Space13669');
INSERT INTO spaces (id, item_id, hour_price) VALUES (13669, 14152, 0);
INSERT INTO items (id, venue_id, name) VALUES (14153, 10799, 'Space13670');
INSERT INTO spaces (id, item_id, hour_price) VALUES (13670, 14153, 0);
INSERT INTO items (id, venue_id, name) VALUES (14154, 10799, 'Space13671');
INSERT INTO spaces (id, item_id, hour_price) VALUES (13671, 14154, 7);
INSERT INTO items (id, venue_id, name) VALUES (20012, 10799, 'Space17764');
INSERT INTO spaces (id, item_id, hour_price) VALUES (17764, 20012, 5);
INSERT INTO items (id, venue_id, name) VALUES (21094, 10799, 'Space18360');
INSERT INTO spaces (id, item_id, hour_price) VALUES (18360, 21094, 15);
INSERT INTO items (id, venue_id, name) VALUES (23679, 10799, 'Space19659');
INSERT INTO spaces (id, item_id, hour_price) VALUES (19659, 23679, 17.5);
INSERT INTO venues (id, name) VALUES (10803, 'Venue10803');
INSERT INTO items (id, venue_id, name) VALUES (14161, 10803, 'Space13677');
INSERT INTO spaces (id, item_id, hour_price) VALUES (13677, 14161, 0);
INSERT INTO items (id, venue_id, name) VALUES (14162, 10803, 'Space13678');
INSERT INTO spaces (id, item_id, hour_price) VALUES (13678, 14162, 0);
INSERT INTO items (id, venue_id, name) VALUES (14163, 10803, 'Space13679');
INSERT INTO spaces (id, item_id, hour_price) VALUES (13679, 14163, 0);
INSERT INTO items (id, venue_id, name) VALUES (14164, 10803, 'Space13680');
INSERT INTO spaces (id, item_id, hour_price) VALUES (13680, 14164, 0);
INSERT INTO items (id, venue_id, name) VALUES (14165, 10803, 'Space13681');
INSERT INTO spaces (id, item_id, hour_price) VALUES (13681, 14165, 0);
INSERT INTO items (id, venue_id, name) VALUES (14166, 10803, 'Space13682');
INSERT INTO spaces (id, item_id, hour_price) VALUES (13682, 14166, 0);
INSERT INTO items (id, venue_id, name) VALUES (14966, 10803, 'Product10659');
INSERT INTO products (id, item_id, price) VALUES (10659, 14966, 10);
INSERT INTO items (id, venue_id, name) VALUES (14967, 10803, 'Product10660');
INSERT INTO products (id, item_id, price) VALUES (10660, 14967, 15);
INSERT INTO items (id, venue_id, name) VALUES (14968, 10803, 'Product10661');
INSERT INTO products (id, item_id, price) VALUES (10661, 14968, 60);
INSERT INTO items (id, venue_id, name) VALUES (14969, 10803, 'Product10662');
INSERT INTO products (id, item_id, price) VALUES (10662, 14969, 22);
INSERT INTO items (id, venue_id, name) VALUES (14970, 10803, 'Product10663');
INSERT INTO products (id, item_id, price) VALUES (10663, 14970, 30);
INSERT INTO items (id, venue_id, name) VALUES (15958, 10803, 'Product10904');
INSERT INTO products (id, item_id, price) VALUES (10904, 15958, 5);
INSERT INTO items (id, venue_id, name) VALUES (15959, 10803, 'Product10905');
INSERT INTO products (id, item_id, price) VALUES (10905, 15959, 5);
INSERT INTO items (id, venue_id, name) VALUES (17519, 10803, 'Product11272');
INSERT INTO products (id, item_id, price) VALUES (11272, 17519, 5);
INSERT INTO items (id, venue_id, name) VALUES (23593, 10803, 'Space19591');
INSERT INTO spaces (id, item_id, hour_price) VALUES (19591, 23593, 11.73);
INSERT INTO venues (id, name) VALUES (10812, 'Venue10812');
INSERT INTO items (id, venue_id, name) VALUES (14244, 10812, 'Space13713');
INSERT INTO spaces (id, item_id, hour_price) VALUES (13713, 14244, 0);
INSERT INTO items (id, venue_id, name) VALUES (14245, 10812, 'Space13714');
INSERT INTO spaces (id, item_id, hour_price) VALUES (13714, 14245, 0);
INSERT INTO items (id, venue_id, name) VALUES (14246, 10812, 'Space13715');
INSERT INTO spaces (id, item_id, hour_price) VALUES (13715, 14246, 0);
INSERT INTO items (id, venue_id, name) VALUES (14247, 10812, 'Space13716');
INSERT INTO spaces (id, item_id, hour_price) VALUES (13716, 14247, 0);
INSERT INTO items (id, venue_id, name) VALUES (14248, 10812, 'Space13717');
INSERT INTO spaces (id, item_id, hour_price) VALUES (13717, 14248, 0);
INSERT INTO items (id, venue_id, name) VALUES (14249, 10812, 'Space13718');
INSERT INTO spaces (id, item_id, hour_price) VALUES (13718, 14249, 0);
INSERT INTO items (id, venue_id, name) VALUES (14251, 10812, 'Space13720');
INSERT INTO spaces (id, item_id, hour_price) VALUES (13720, 14251, 5);
INSERT INTO items (id, venue_id, name) VALUES (14252, 10812, 'Space13721');
INSERT INTO spaces (id, item_id, hour_price) VALUES (13721, 14252, 5);
INSERT INTO items (id, venue_id, name) VALUES (14253, 10812, 'Product10530');
INSERT INTO products (id, item_id, price) VALUES (10530, 14253, 2.5);
INSERT INTO items (id, venue_id, name) VALUES (14254, 10812, 'Product10531');
INSERT INTO products (id, item_id, price) VALUES (10531, 14254, 5);
INSERT INTO items (id, venue_id, name) VALUES (14257, 10812, 'Product10534');
INSERT INTO products (id, item_id, price) VALUES (10534, 14257, 25);
INSERT INTO venues (id, name) VALUES (10818, 'Venue10818');
INSERT INTO items (id, venue_id, name) VALUES (14265, 10818, 'Space13725');
INSERT INTO spaces (id, item_id, hour_price) VALUES (13725, 14265, 0);
INSERT INTO items (id, venue_id, name) VALUES (14266, 10818, 'Space13726');
INSERT INTO spaces (id, item_id, hour_price) VALUES (13726, 14266, 0);
INSERT INTO items (id, venue_id, name) VALUES (14267, 10818, 'Space13727');
INSERT INTO spaces (id, item_id, hour_price) VALUES (13727, 14267, 0);
INSERT INTO items (id, venue_id, name) VALUES (14268, 10818, 'Space13728');
INSERT INTO spaces (id, item_id, hour_price) VALUES (13728, 14268, 0);
INSERT INTO items (id, venue_id, name) VALUES (14269, 10818, 'Space13729');
INSERT INTO spaces (id, item_id, hour_price) VALUES (13729, 14269, 0);
INSERT INTO items (id, venue_id, name) VALUES (14270, 10818, 'Space13730');
INSERT INTO spaces (id, item_id, hour_price) VALUES (13730, 14270, 0);
INSERT INTO items (id, venue_id, name) VALUES (14272, 10818, 'Product10539');
INSERT INTO products (id, item_id, price) VALUES (10539, 14272, 3.95);
INSERT INTO items (id, venue_id, name) VALUES (14274, 10818, 'Product10541');
INSERT INTO products (id, item_id, price) VALUES (10541, 14274, 49.95);
INSERT INTO items (id, venue_id, name) VALUES (14277, 10818, 'Product10544');
INSERT INTO products (id, item_id, price) VALUES (10544, 14277, 2.95);
INSERT INTO items (id, venue_id, name) VALUES (14279, 10818, 'Product10546');
INSERT INTO products (id, item_id, price) VALUES (10546, 14279, 4.95);
INSERT INTO items (id, venue_id, name) VALUES (14281, 10818, 'Product10548');
INSERT INTO products (id, item_id, price) VALUES (10548, 14281, 2.95);
INSERT INTO items (id, venue_id, name) VALUES (14283, 10818, 'Product10550');
INSERT INTO products (id, item_id, price) VALUES (10550, 14283, 3.95);
INSERT INTO items (id, venue_id, name) VALUES (16310, 10818, 'Product10972');
INSERT INTO products (id, item_id, price) VALUES (10972, 16310, 9.95);
INSERT INTO items (id, venue_id, name) VALUES (17104, 10818, 'Product11172');
INSERT INTO products (id, item_id, price) VALUES (11172, 17104, 0);
INSERT INTO items (id, venue_id, name) VALUES (17105, 10818, 'Product11173');
INSERT INTO products (id, item_id, price) VALUES (11173, 17105, 1.95);
INSERT INTO items (id, venue_id, name) VALUES (17106, 10818, 'Product11174');
INSERT INTO products (id, item_id, price) VALUES (11174, 17106, 4.95);
INSERT INTO items (id, venue_id, name) VALUES (17107, 10818, 'Product11175');
INSERT INTO products (id, item_id, price) VALUES (11175, 17107, 12.95);
INSERT INTO venues (id, name) VALUES (10854, 'Venue10854');
INSERT INTO items (id, venue_id, name) VALUES (14442, 10854, 'Space13813');
INSERT INTO spaces (id, item_id, hour_price) VALUES (13813, 14442, 0);
INSERT INTO items (id, venue_id, name) VALUES (14443, 10854, 'Space13814');
INSERT INTO spaces (id, item_id, hour_price) VALUES (13814, 14443, 0);
INSERT INTO items (id, venue_id, name) VALUES (14444, 10854, 'Space13815');
INSERT INTO spaces (id, item_id, hour_price) VALUES (13815, 14444, 0);
INSERT INTO items (id, venue_id, name) VALUES (14445, 10854, 'Space13816');
INSERT INTO spaces (id, item_id, hour_price) VALUES (13816, 14445, 0);
INSERT INTO items (id, venue_id, name) VALUES (14446, 10854, 'Space13817');
INSERT INTO spaces (id, item_id, hour_price) VALUES (13817, 14446, 0);
INSERT INTO items (id, venue_id, name) VALUES (14447, 10854, 'Space13818');
INSERT INTO spaces (id, item_id, hour_price) VALUES (13818, 14447, 0);
INSERT INTO items (id, venue_id, name) VALUES (14448, 10854, 'Space13819');
INSERT INTO spaces (id, item_id, hour_price) VALUES (13819, 14448, 18);
INSERT INTO items (id, venue_id, name) VALUES (15555, 10854, 'Space14718');
INSERT INTO spaces (id, item_id, hour_price) VALUES (14718, 15555, 35);
INSERT INTO items (id, venue_id, name) VALUES (15556, 10854, 'Space14719');
INSERT INTO spaces (id, item_id, hour_price) VALUES (14719, 15556, 40);
INSERT INTO items (id, venue_id, name) VALUES (15564, 10854, 'Product10836');
INSERT INTO products (id, item_id, price) VALUES (10836, 15564, 10);
INSERT INTO items (id, venue_id, name) VALUES (15565, 10854, 'Product10837');
INSERT INTO products (id, item_id, price) VALUES (10837, 15565, 1.5);
INSERT INTO items (id, venue_id, name) VALUES (15566, 10854, 'Product10838');
INSERT INTO products (id, item_id, price) VALUES (10838, 15566, 8);
INSERT INTO items (id, venue_id, name) VALUES (15953, 10854, 'Space15045');
INSERT INTO spaces (id, item_id, hour_price) VALUES (15045, 15953, 30);
INSERT INTO items (id, venue_id, name) VALUES (18634, 10854, 'Product11719');
INSERT INTO products (id, item_id, price) VALUES (11719, 18634, 40);
INSERT INTO items (id, venue_id, name) VALUES (18635, 10854, 'Product11720');
INSERT INTO products (id, item_id, price) VALUES (11720, 18635, 100);
INSERT INTO items (id, venue_id, name) VALUES (18693, 10854, 'Product11738');
INSERT INTO products (id, item_id, price) VALUES (11738, 18693, 15);
INSERT INTO items (id, venue_id, name) VALUES (18694, 10854, 'Product11739');
INSERT INTO products (id, item_id, price) VALUES (11739, 18694, 0.5);
INSERT INTO items (id, venue_id, name) VALUES (18695, 10854, 'Product11740');
INSERT INTO products (id, item_id, price) VALUES (11740, 18695, 1);
INSERT INTO items (id, venue_id, name) VALUES (18696, 10854, 'Product11741');
INSERT INTO products (id, item_id, price) VALUES (11741, 18696, 2);
INSERT INTO items (id, venue_id, name) VALUES (18698, 10854, 'Product11743');
INSERT INTO products (id, item_id, price) VALUES (11743, 18698, 10);
INSERT INTO items (id, venue_id, name) VALUES (18699, 10854, 'Product11744');
INSERT INTO products (id, item_id, price) VALUES (11744, 18699, 10);
INSERT INTO items (id, venue_id, name) VALUES (18700, 10854, 'Product11745');
INSERT INTO products (id, item_id, price) VALUES (11745, 18700, 0.9);
INSERT INTO items (id, venue_id, name) VALUES (18701, 10854, 'Product11746');
INSERT INTO products (id, item_id, price) VALUES (11746, 18701, 0.1);
INSERT INTO items (id, venue_id, name) VALUES (18702, 10854, 'Product11747');
INSERT INTO products (id, item_id, price) VALUES (11747, 18702, 0.25);
INSERT INTO items (id, venue_id, name) VALUES (18703, 10854, 'Product11748');
INSERT INTO products (id, item_id, price) VALUES (11748, 18703, 1.5);
INSERT INTO items (id, venue_id, name) VALUES (18704, 10854, 'Space16948');
INSERT INTO spaces (id, item_id, hour_price) VALUES (16948, 18704, 18);
INSERT INTO items (id, venue_id, name) VALUES (18705, 10854, 'Space16949');
INSERT INTO spaces (id, item_id, hour_price) VALUES (16949, 18705, 5);
INSERT INTO items (id, venue_id, name) VALUES (18706, 10854, 'Space16950');
INSERT INTO spaces (id, item_id, hour_price) VALUES (16950, 18706, 35);
INSERT INTO items (id, venue_id, name) VALUES (18707, 10854, 'Space16951');
INSERT INTO spaces (id, item_id, hour_price) VALUES (16951, 18707, 18);
INSERT INTO items (id, venue_id, name) VALUES (19638, 10854, 'Product12109');
INSERT INTO products (id, item_id, price) VALUES (12109, 19638, 11);
INSERT INTO items (id, venue_id, name) VALUES (19639, 10854, 'Product12110');
INSERT INTO products (id, item_id, price) VALUES (12110, 19639, 7.8);
INSERT INTO items (id, venue_id, name) VALUES (19640, 10854, 'Product12111');
INSERT INTO products (id, item_id, price) VALUES (12111, 19640, 8.95);
INSERT INTO items (id, venue_id, name) VALUES (19641, 10854, 'Product12112');
INSERT INTO products (id, item_id, price) VALUES (12112, 19641, 1);
INSERT INTO items (id, venue_id, name) VALUES (19642, 10854, 'Product12113');
INSERT INTO products (id, item_id, price) VALUES (12113, 19642, 8);
INSERT INTO items (id, venue_id, name) VALUES (19644, 10854, 'Product12114');
INSERT INTO products (id, item_id, price) VALUES (12114, 19644, 0);
INSERT INTO items (id, venue_id, name) VALUES (19645, 10854, 'Product12115');
INSERT INTO products (id, item_id, price) VALUES (12115, 19645, 0);
INSERT INTO items (id, venue_id, name) VALUES (19821, 10854, 'Product12170');
INSERT INTO products (id, item_id, price) VALUES (12170, 19821, 4);
INSERT INTO items (id, venue_id, name) VALUES (19822, 10854, 'Product12171');
INSERT INTO products (id, item_id, price) VALUES (12171, 19822, 4);
INSERT INTO items (id, venue_id, name) VALUES (20106, 10854, 'Product12265');
INSERT INTO products (id, item_id, price) VALUES (12265, 20106, 17.5);
INSERT INTO items (id, venue_id, name) VALUES (20241, 10854, 'Product12296');
INSERT INTO products (id, item_id, price) VALUES (12296, 20241, 0.01);
INSERT INTO items (id, venue_id, name) VALUES (20511, 10854, 'Product12421');
INSERT INTO products (id, item_id, price) VALUES (12421, 20511, 10);
INSERT INTO items (id, venue_id, name) VALUES (23891, 10854, 'Product14142');
INSERT INTO products (id, item_id, price) VALUES (14142, 23891, 4.49);
INSERT INTO items (id, venue_id, name) VALUES (23892, 10854, 'Product14143');
INSERT INTO products (id, item_id, price) VALUES (14143, 23892, 0.94);
INSERT INTO items (id, venue_id, name) VALUES (24083, 10854, 'Space19824');
INSERT INTO spaces (id, item_id, hour_price) VALUES (19824, 24083, 18);
INSERT INTO items (id, venue_id, name) VALUES (24528, 10854, 'Product14518');
INSERT INTO products (id, item_id, price) VALUES (14518, 24528, 0.01);
INSERT INTO items (id, venue_id, name) VALUES (24627, 10854, 'Product14557');
INSERT INTO products (id, item_id, price) VALUES (14557, 24627, 25);
INSERT INTO items (id, venue_id, name) VALUES (24628, 10854, 'Product14558');
INSERT INTO products (id, item_id, price) VALUES (14558, 24628, 30);
INSERT INTO items (id, venue_id, name) VALUES (24630, 10854, 'Product14560');
INSERT INTO products (id, item_id, price) VALUES (14560, 24630, 15);
INSERT INTO items (id, venue_id, name) VALUES (24633, 10854, 'Product14563');
INSERT INTO products (id, item_id, price) VALUES (14563, 24633, 5);
INSERT INTO items (id, venue_id, name) VALUES (24634, 10854, 'Product14564');
INSERT INTO products (id, item_id, price) VALUES (14564, 24634, 8);
INSERT INTO items (id, venue_id, name) VALUES (25044, 10854, 'Product14813');
INSERT INTO products (id, item_id, price) VALUES (14813, 25044, 0.01);
INSERT INTO items (id, venue_id, name) VALUES (25428, 10854, 'Product14977');
INSERT INTO products (id, item_id, price) VALUES (14977, 25428, 2.5);
INSERT INTO items (id, venue_id, name) VALUES (25923, 10854, 'Product15275');
INSERT INTO products (id, item_id, price) VALUES (15275, 25923, 17.5);
INSERT INTO venues (id, name) VALUES (10879, 'Venue10879');
INSERT INTO items (id, venue_id, name) VALUES (14501, 10879, 'Space13870');
INSERT INTO spaces (id, item_id, hour_price) VALUES (13870, 14501, 0);
INSERT INTO items (id, venue_id, name) VALUES (14502, 10879, 'Space13871');
INSERT INTO spaces (id, item_id, hour_price) VALUES (13871, 14502, 0);
INSERT INTO items (id, venue_id, name) VALUES (14503, 10879, 'Space13872');
INSERT INTO spaces (id, item_id, hour_price) VALUES (13872, 14503, 0);
INSERT INTO items (id, venue_id, name) VALUES (14504, 10879, 'Space13873');
INSERT INTO spaces (id, item_id, hour_price) VALUES (13873, 14504, 0);
INSERT INTO items (id, venue_id, name) VALUES (14505, 10879, 'Space13874');
INSERT INTO spaces (id, item_id, hour_price) VALUES (13874, 14505, 0);
INSERT INTO items (id, venue_id, name) VALUES (14506, 10879, 'Space13875');
INSERT INTO spaces (id, item_id, hour_price) VALUES (13875, 14506, 0);
INSERT INTO venues (id, name) VALUES (10880, 'Venue10880');
INSERT INTO items (id, venue_id, name) VALUES (14508, 10880, 'Space13877');
INSERT INTO spaces (id, item_id, hour_price) VALUES (13877, 14508, 0);
INSERT INTO items (id, venue_id, name) VALUES (14509, 10880, 'Space13878');
INSERT INTO spaces (id, item_id, hour_price) VALUES (13878, 14509, 0);
INSERT INTO items (id, venue_id, name) VALUES (14510, 10880, 'Space13879');
INSERT INTO spaces (id, item_id, hour_price) VALUES (13879, 14510, 0);
INSERT INTO items (id, venue_id, name) VALUES (14511, 10880, 'Space13880');
INSERT INTO spaces (id, item_id, hour_price) VALUES (13880, 14511, 0);
INSERT INTO items (id, venue_id, name) VALUES (14512, 10880, 'Space13881');
INSERT INTO spaces (id, item_id, hour_price) VALUES (13881, 14512, 0);
INSERT INTO items (id, venue_id, name) VALUES (14513, 10880, 'Space13882');
INSERT INTO spaces (id, item_id, hour_price) VALUES (13882, 14513, 0);
INSERT INTO items (id, venue_id, name) VALUES (16564, 10880, 'Space15523');
INSERT INTO spaces (id, item_id, hour_price) VALUES (15523, 16564, 12.5);
INSERT INTO items (id, venue_id, name) VALUES (16565, 10880, 'Space15524');
INSERT INTO spaces (id, item_id, hour_price) VALUES (15524, 16565, 0);
INSERT INTO venues (id, name) VALUES (10933, 'Venue10933');
INSERT INTO items (id, venue_id, name) VALUES (14571, 10933, 'Space13938');
INSERT INTO spaces (id, item_id, hour_price) VALUES (13938, 14571, 0);
INSERT INTO items (id, venue_id, name) VALUES (14572, 10933, 'Space13939');
INSERT INTO spaces (id, item_id, hour_price) VALUES (13939, 14572, 0);
INSERT INTO items (id, venue_id, name) VALUES (14573, 10933, 'Space13940');
INSERT INTO spaces (id, item_id, hour_price) VALUES (13940, 14573, 0);
INSERT INTO items (id, venue_id, name) VALUES (14574, 10933, 'Space13941');
INSERT INTO spaces (id, item_id, hour_price) VALUES (13941, 14574, 0);
INSERT INTO items (id, venue_id, name) VALUES (14575, 10933, 'Space13942');
INSERT INTO spaces (id, item_id, hour_price) VALUES (13942, 14575, 0);
INSERT INTO items (id, venue_id, name) VALUES (14576, 10933, 'Space13943');
INSERT INTO spaces (id, item_id, hour_price) VALUES (13943, 14576, 0);
INSERT INTO items (id, venue_id, name) VALUES (14577, 10933, 'Space13944');
INSERT INTO spaces (id, item_id, hour_price) VALUES (13944, 14577, 60);
INSERT INTO venues (id, name) VALUES (10964, 'Venue10964');
INSERT INTO items (id, venue_id, name) VALUES (14617, 10964, 'Space13983');
INSERT INTO spaces (id, item_id, hour_price) VALUES (13983, 14617, 0);
INSERT INTO items (id, venue_id, name) VALUES (14618, 10964, 'Space13984');
INSERT INTO spaces (id, item_id, hour_price) VALUES (13984, 14618, 0);
INSERT INTO items (id, venue_id, name) VALUES (14619, 10964, 'Space13985');
INSERT INTO spaces (id, item_id, hour_price) VALUES (13985, 14619, 0);
INSERT INTO items (id, venue_id, name) VALUES (14620, 10964, 'Space13986');
INSERT INTO spaces (id, item_id, hour_price) VALUES (13986, 14620, 0);
INSERT INTO items (id, venue_id, name) VALUES (14621, 10964, 'Space13987');
INSERT INTO spaces (id, item_id, hour_price) VALUES (13987, 14621, 0);
INSERT INTO items (id, venue_id, name) VALUES (14622, 10964, 'Space13988');
INSERT INTO spaces (id, item_id, hour_price) VALUES (13988, 14622, 0);
INSERT INTO items (id, venue_id, name) VALUES (14623, 10964, 'Space13989');
INSERT INTO spaces (id, item_id, hour_price) VALUES (13989, 14623, 16.25);
INSERT INTO items (id, venue_id, name) VALUES (25657, 10964, 'Product15119');
INSERT INTO products (id, item_id, price) VALUES (15119, 25657, 0);
INSERT INTO venues (id, name) VALUES (10981, 'Venue10981');
INSERT INTO items (id, venue_id, name) VALUES (14643, 10981, 'Space14003');
INSERT INTO spaces (id, item_id, hour_price) VALUES (14003, 14643, 0);
INSERT INTO items (id, venue_id, name) VALUES (14644, 10981, 'Space14004');
INSERT INTO spaces (id, item_id, hour_price) VALUES (14004, 14644, 0);
INSERT INTO items (id, venue_id, name) VALUES (14645, 10981, 'Space14005');
INSERT INTO spaces (id, item_id, hour_price) VALUES (14005, 14645, 0);
INSERT INTO items (id, venue_id, name) VALUES (14646, 10981, 'Space14006');
INSERT INTO spaces (id, item_id, hour_price) VALUES (14006, 14646, 0);
INSERT INTO items (id, venue_id, name) VALUES (14647, 10981, 'Space14007');
INSERT INTO spaces (id, item_id, hour_price) VALUES (14007, 14647, 0);
INSERT INTO items (id, venue_id, name) VALUES (14648, 10981, 'Space14008');
INSERT INTO spaces (id, item_id, hour_price) VALUES (14008, 14648, 0);
INSERT INTO venues (id, name) VALUES (11011, 'Venue11011');
INSERT INTO items (id, venue_id, name) VALUES (14668, 11011, 'Space14027');
INSERT INTO spaces (id, item_id, hour_price) VALUES (14027, 14668, 0);
INSERT INTO items (id, venue_id, name) VALUES (14669, 11011, 'Space14028');
INSERT INTO spaces (id, item_id, hour_price) VALUES (14028, 14669, 0);
INSERT INTO items (id, venue_id, name) VALUES (14670, 11011, 'Space14029');
INSERT INTO spaces (id, item_id, hour_price) VALUES (14029, 14670, 0);
INSERT INTO items (id, venue_id, name) VALUES (14671, 11011, 'Space14030');
INSERT INTO spaces (id, item_id, hour_price) VALUES (14030, 14671, 0);
INSERT INTO items (id, venue_id, name) VALUES (14672, 11011, 'Space14031');
INSERT INTO spaces (id, item_id, hour_price) VALUES (14031, 14672, 0);
INSERT INTO items (id, venue_id, name) VALUES (14673, 11011, 'Space14032');
INSERT INTO spaces (id, item_id, hour_price) VALUES (14032, 14673, 0);
INSERT INTO items (id, venue_id, name) VALUES (14681, 11011, 'Product10637');
INSERT INTO products (id, item_id, price) VALUES (10637, 14681, 4.5);
INSERT INTO items (id, venue_id, name) VALUES (14683, 11011, 'Product10639');
INSERT INTO products (id, item_id, price) VALUES (10639, 14683, 10);
INSERT INTO items (id, venue_id, name) VALUES (16213, 11011, 'Product10938');
INSERT INTO products (id, item_id, price) VALUES (10938, 16213, 10);
INSERT INTO items (id, venue_id, name) VALUES (19823, 11011, 'Product12172');
INSERT INTO products (id, item_id, price) VALUES (12172, 19823, 4.5);
INSERT INTO items (id, venue_id, name) VALUES (20404, 11011, 'Product12368');
INSERT INTO products (id, item_id, price) VALUES (12368, 20404, 6);
INSERT INTO items (id, venue_id, name) VALUES (20405, 11011, 'Product12369');
INSERT INTO products (id, item_id, price) VALUES (12369, 20405, 14);
INSERT INTO items (id, venue_id, name) VALUES (20406, 11011, 'Product12370');
INSERT INTO products (id, item_id, price) VALUES (12370, 20406, 76.5);
INSERT INTO venues (id, name) VALUES (11039, 'Venue11039');
INSERT INTO items (id, venue_id, name) VALUES (14725, 11039, 'Space14080');
INSERT INTO spaces (id, item_id, hour_price) VALUES (14080, 14725, 0);
INSERT INTO items (id, venue_id, name) VALUES (14726, 11039, 'Space14081');
INSERT INTO spaces (id, item_id, hour_price) VALUES (14081, 14726, 0);
INSERT INTO items (id, venue_id, name) VALUES (14727, 11039, 'Space14082');
INSERT INTO spaces (id, item_id, hour_price) VALUES (14082, 14727, 0);
INSERT INTO items (id, venue_id, name) VALUES (14728, 11039, 'Space14083');
INSERT INTO spaces (id, item_id, hour_price) VALUES (14083, 14728, 0);
INSERT INTO items (id, venue_id, name) VALUES (14729, 11039, 'Space14084');
INSERT INTO spaces (id, item_id, hour_price) VALUES (14084, 14729, 0);
INSERT INTO items (id, venue_id, name) VALUES (14730, 11039, 'Space14085');
INSERT INTO spaces (id, item_id, hour_price) VALUES (14085, 14730, 0);
INSERT INTO items (id, venue_id, name) VALUES (14731, 11039, 'Space14086');
INSERT INTO spaces (id, item_id, hour_price) VALUES (14086, 14731, 6);
INSERT INTO items (id, venue_id, name) VALUES (14732, 11039, 'Space14087');
INSERT INTO spaces (id, item_id, hour_price) VALUES (14087, 14732, 20);
INSERT INTO items (id, venue_id, name) VALUES (14733, 11039, 'Product10640');
INSERT INTO products (id, item_id, price) VALUES (10640, 14733, 7.5);
INSERT INTO items (id, venue_id, name) VALUES (14734, 11039, 'Product10641');
INSERT INTO products (id, item_id, price) VALUES (10641, 14734, 10);
INSERT INTO items (id, venue_id, name) VALUES (14735, 11039, 'Product10642');
INSERT INTO products (id, item_id, price) VALUES (10642, 14735, 15);
INSERT INTO venues (id, name) VALUES (11065, 'Venue11065');
INSERT INTO items (id, venue_id, name) VALUES (14749, 11065, 'Space14101');
INSERT INTO spaces (id, item_id, hour_price) VALUES (14101, 14749, 0);
INSERT INTO items (id, venue_id, name) VALUES (14750, 11065, 'Space14102');
INSERT INTO spaces (id, item_id, hour_price) VALUES (14102, 14750, 0);
INSERT INTO items (id, venue_id, name) VALUES (14751, 11065, 'Space14103');
INSERT INTO spaces (id, item_id, hour_price) VALUES (14103, 14751, 0);
INSERT INTO items (id, venue_id, name) VALUES (14752, 11065, 'Space14104');
INSERT INTO spaces (id, item_id, hour_price) VALUES (14104, 14752, 0);
INSERT INTO items (id, venue_id, name) VALUES (14753, 11065, 'Space14105');
INSERT INTO spaces (id, item_id, hour_price) VALUES (14105, 14753, 0);
INSERT INTO items (id, venue_id, name) VALUES (14754, 11065, 'Space14106');
INSERT INTO spaces (id, item_id, hour_price) VALUES (14106, 14754, 0);
INSERT INTO items (id, venue_id, name) VALUES (14755, 11065, 'Space14107');
INSERT INTO spaces (id, item_id, hour_price) VALUES (14107, 14755, 9);
INSERT INTO items (id, venue_id, name) VALUES (14756, 11065, 'Space14108');
INSERT INTO spaces (id, item_id, hour_price) VALUES (14108, 14756, 15);
INSERT INTO items (id, venue_id, name) VALUES (14757, 11065, 'Space14109');
INSERT INTO spaces (id, item_id, hour_price) VALUES (14109, 14757, 15);
INSERT INTO items (id, venue_id, name) VALUES (14758, 11065, 'Space14110');
INSERT INTO spaces (id, item_id, hour_price) VALUES (14110, 14758, 6);
INSERT INTO items (id, venue_id, name) VALUES (14759, 11065, 'Space14111');
INSERT INTO spaces (id, item_id, hour_price) VALUES (14111, 14759, 20);
INSERT INTO items (id, venue_id, name) VALUES (14760, 11065, 'Space14112');
INSERT INTO spaces (id, item_id, hour_price) VALUES (14112, 14760, 18);
INSERT INTO items (id, venue_id, name) VALUES (19670, 11065, 'Product12129');
INSERT INTO products (id, item_id, price) VALUES (12129, 19670, 0.1);
INSERT INTO items (id, venue_id, name) VALUES (19672, 11065, 'Product12131');
INSERT INTO products (id, item_id, price) VALUES (12131, 19672, 25);
INSERT INTO items (id, venue_id, name) VALUES (19681, 11065, 'Product12140');
INSERT INTO products (id, item_id, price) VALUES (12140, 19681, 8.5);
INSERT INTO items (id, venue_id, name) VALUES (24870, 11065, 'Product14724');
INSERT INTO products (id, item_id, price) VALUES (14724, 24870, 2.5);
INSERT INTO venues (id, name) VALUES (11086, 'Venue11086');
INSERT INTO items (id, venue_id, name) VALUES (14776, 11086, 'Space14125');
INSERT INTO spaces (id, item_id, hour_price) VALUES (14125, 14776, 0);
INSERT INTO items (id, venue_id, name) VALUES (14777, 11086, 'Space14126');
INSERT INTO spaces (id, item_id, hour_price) VALUES (14126, 14777, 0);
INSERT INTO items (id, venue_id, name) VALUES (14778, 11086, 'Space14127');
INSERT INTO spaces (id, item_id, hour_price) VALUES (14127, 14778, 0);
INSERT INTO items (id, venue_id, name) VALUES (14779, 11086, 'Space14128');
INSERT INTO spaces (id, item_id, hour_price) VALUES (14128, 14779, 0);
INSERT INTO items (id, venue_id, name) VALUES (14780, 11086, 'Space14129');
INSERT INTO spaces (id, item_id, hour_price) VALUES (14129, 14780, 0);
INSERT INTO items (id, venue_id, name) VALUES (14781, 11086, 'Space14130');
INSERT INTO spaces (id, item_id, hour_price) VALUES (14130, 14781, 0);
INSERT INTO items (id, venue_id, name) VALUES (14783, 11086, 'Space14132');
INSERT INTO spaces (id, item_id, hour_price) VALUES (14132, 14783, 25);
INSERT INTO items (id, venue_id, name) VALUES (14787, 11086, 'Space14136');
INSERT INTO spaces (id, item_id, hour_price) VALUES (14136, 14787, 10);
INSERT INTO items (id, venue_id, name) VALUES (14782, 11086, 'Space14131');
INSERT INTO spaces (id, item_id, hour_price) VALUES (14131, 14782, 25);
INSERT INTO items (id, venue_id, name) VALUES (14784, 11086, 'Space14133');
INSERT INTO spaces (id, item_id, hour_price) VALUES (14133, 14784, 37.5);
INSERT INTO items (id, venue_id, name) VALUES (14785, 11086, 'Space14134');
INSERT INTO spaces (id, item_id, hour_price) VALUES (14134, 14785, 37.5);
INSERT INTO items (id, venue_id, name) VALUES (14786, 11086, 'Space14135');
INSERT INTO spaces (id, item_id, hour_price) VALUES (14135, 14786, 25);
INSERT INTO items (id, venue_id, name) VALUES (14963, 11086, 'Product10656');
INSERT INTO products (id, item_id, price) VALUES (10656, 14963, 13);
INSERT INTO items (id, venue_id, name) VALUES (14964, 11086, 'Product10657');
INSERT INTO products (id, item_id, price) VALUES (10657, 14964, 50);
INSERT INTO items (id, venue_id, name) VALUES (15128, 11086, 'Product10683');
INSERT INTO products (id, item_id, price) VALUES (10683, 15128, 75);
INSERT INTO items (id, venue_id, name) VALUES (15129, 11086, 'Product10684');
INSERT INTO products (id, item_id, price) VALUES (10684, 15129, 50);
INSERT INTO items (id, venue_id, name) VALUES (15130, 11086, 'Product10685');
INSERT INTO products (id, item_id, price) VALUES (10685, 15130, 75);
INSERT INTO items (id, venue_id, name) VALUES (15131, 11086, 'Product10686');
INSERT INTO products (id, item_id, price) VALUES (10686, 15131, 10);
INSERT INTO items (id, venue_id, name) VALUES (15132, 11086, 'Product10687');
INSERT INTO products (id, item_id, price) VALUES (10687, 15132, 15);
INSERT INTO items (id, venue_id, name) VALUES (15133, 11086, 'Product10688');
INSERT INTO products (id, item_id, price) VALUES (10688, 15133, 10);
INSERT INTO items (id, venue_id, name) VALUES (15134, 11086, 'Product10689');
INSERT INTO products (id, item_id, price) VALUES (10689, 15134, 15);
INSERT INTO items (id, venue_id, name) VALUES (15135, 11086, 'Product10690');
INSERT INTO products (id, item_id, price) VALUES (10690, 15135, 30);
INSERT INTO items (id, venue_id, name) VALUES (15136, 11086, 'Product10691');
INSERT INTO products (id, item_id, price) VALUES (10691, 15136, 9.5);
INSERT INTO items (id, venue_id, name) VALUES (15137, 11086, 'Product10692');
INSERT INTO products (id, item_id, price) VALUES (10692, 15137, 15);
INSERT INTO items (id, venue_id, name) VALUES (15139, 11086, 'Product10694');
INSERT INTO products (id, item_id, price) VALUES (10694, 15139, 9.5);
INSERT INTO items (id, venue_id, name) VALUES (15140, 11086, 'Product10695');
INSERT INTO products (id, item_id, price) VALUES (10695, 15140, 1.75);
INSERT INTO items (id, venue_id, name) VALUES (15141, 11086, 'Product10696');
INSERT INTO products (id, item_id, price) VALUES (10696, 15141, 3.75);
INSERT INTO items (id, venue_id, name) VALUES (15142, 11086, 'Product10697');
INSERT INTO products (id, item_id, price) VALUES (10697, 15142, 3.5);
INSERT INTO items (id, venue_id, name) VALUES (15143, 11086, 'Product10698');
INSERT INTO products (id, item_id, price) VALUES (10698, 15143, 9);
INSERT INTO items (id, venue_id, name) VALUES (15144, 11086, 'Product10699');
INSERT INTO products (id, item_id, price) VALUES (10699, 15144, 13);
INSERT INTO items (id, venue_id, name) VALUES (15145, 11086, 'Product10700');
INSERT INTO products (id, item_id, price) VALUES (10700, 15145, 12);
INSERT INTO items (id, venue_id, name) VALUES (15146, 11086, 'Product10701');
INSERT INTO products (id, item_id, price) VALUES (10701, 15146, 17.5);
INSERT INTO items (id, venue_id, name) VALUES (19260, 11086, 'Product11956');
INSERT INTO products (id, item_id, price) VALUES (11956, 19260, 1.8);
INSERT INTO venues (id, name) VALUES (11091, 'Venue11091');
INSERT INTO items (id, venue_id, name) VALUES (14788, 11091, 'Space14137');
INSERT INTO spaces (id, item_id, hour_price) VALUES (14137, 14788, 0);
INSERT INTO items (id, venue_id, name) VALUES (14789, 11091, 'Space14138');
INSERT INTO spaces (id, item_id, hour_price) VALUES (14138, 14789, 0);
INSERT INTO items (id, venue_id, name) VALUES (14790, 11091, 'Space14139');
INSERT INTO spaces (id, item_id, hour_price) VALUES (14139, 14790, 0);
INSERT INTO items (id, venue_id, name) VALUES (14791, 11091, 'Space14140');
INSERT INTO spaces (id, item_id, hour_price) VALUES (14140, 14791, 0);
INSERT INTO items (id, venue_id, name) VALUES (14792, 11091, 'Space14141');
INSERT INTO spaces (id, item_id, hour_price) VALUES (14141, 14792, 0);
INSERT INTO items (id, venue_id, name) VALUES (14793, 11091, 'Space14142');
INSERT INTO spaces (id, item_id, hour_price) VALUES (14142, 14793, 0);
INSERT INTO items (id, venue_id, name) VALUES (14794, 11091, 'Space14143');
INSERT INTO spaces (id, item_id, hour_price) VALUES (14143, 14794, 25);
INSERT INTO items (id, venue_id, name) VALUES (14795, 11091, 'Space14144');
INSERT INTO spaces (id, item_id, hour_price) VALUES (14144, 14795, 37.5);
INSERT INTO items (id, venue_id, name) VALUES (14796, 11091, 'Space14145');
INSERT INTO spaces (id, item_id, hour_price) VALUES (14145, 14796, 37.5);
INSERT INTO items (id, venue_id, name) VALUES (14797, 11091, 'Space14146');
INSERT INTO spaces (id, item_id, hour_price) VALUES (14146, 14797, 25);
INSERT INTO items (id, venue_id, name) VALUES (14798, 11091, 'Space14147');
INSERT INTO spaces (id, item_id, hour_price) VALUES (14147, 14798, 25);
INSERT INTO items (id, venue_id, name) VALUES (14799, 11091, 'Space14148');
INSERT INTO spaces (id, item_id, hour_price) VALUES (14148, 14799, 25);
INSERT INTO items (id, venue_id, name) VALUES (14800, 11091, 'Space14149');
INSERT INTO spaces (id, item_id, hour_price) VALUES (14149, 14800, 10);
INSERT INTO items (id, venue_id, name) VALUES (14801, 11091, 'Space14150');
INSERT INTO spaces (id, item_id, hour_price) VALUES (14150, 14801, 50);
INSERT INTO items (id, venue_id, name) VALUES (15147, 11091, 'Product10702');
INSERT INTO products (id, item_id, price) VALUES (10702, 15147, 10.5);
INSERT INTO items (id, venue_id, name) VALUES (15148, 11091, 'Product10703');
INSERT INTO products (id, item_id, price) VALUES (10703, 15148, 9.5);
INSERT INTO items (id, venue_id, name) VALUES (15149, 11091, 'Product10704');
INSERT INTO products (id, item_id, price) VALUES (10704, 15149, 15);
INSERT INTO items (id, venue_id, name) VALUES (15150, 11091, 'Product10705');
INSERT INTO products (id, item_id, price) VALUES (10705, 15150, 5);
INSERT INTO items (id, venue_id, name) VALUES (15151, 11091, 'Product10706');
INSERT INTO products (id, item_id, price) VALUES (10706, 15151, 9.5);
INSERT INTO items (id, venue_id, name) VALUES (15152, 11091, 'Product10707');
INSERT INTO products (id, item_id, price) VALUES (10707, 15152, 1.75);
INSERT INTO items (id, venue_id, name) VALUES (15153, 11091, 'Product10708');
INSERT INTO products (id, item_id, price) VALUES (10708, 15153, 3.75);
INSERT INTO items (id, venue_id, name) VALUES (15154, 11091, 'Product10709');
INSERT INTO products (id, item_id, price) VALUES (10709, 15154, 3.5);
INSERT INTO items (id, venue_id, name) VALUES (15155, 11091, 'Product10710');
INSERT INTO products (id, item_id, price) VALUES (10710, 15155, 9);
INSERT INTO items (id, venue_id, name) VALUES (15156, 11091, 'Product10711');
INSERT INTO products (id, item_id, price) VALUES (10711, 15156, 13);
INSERT INTO items (id, venue_id, name) VALUES (15157, 11091, 'Product10712');
INSERT INTO products (id, item_id, price) VALUES (10712, 15157, 12);
INSERT INTO items (id, venue_id, name) VALUES (15158, 11091, 'Product10713');
INSERT INTO products (id, item_id, price) VALUES (10713, 15158, 17.5);
INSERT INTO items (id, venue_id, name) VALUES (15159, 11091, 'Product10714');
INSERT INTO products (id, item_id, price) VALUES (10714, 15159, 60);
INSERT INTO items (id, venue_id, name) VALUES (15160, 11091, 'Product10715');
INSERT INTO products (id, item_id, price) VALUES (10715, 15160, 100);
INSERT INTO items (id, venue_id, name) VALUES (15161, 11091, 'Product10716');
INSERT INTO products (id, item_id, price) VALUES (10716, 15161, 60);
INSERT INTO items (id, venue_id, name) VALUES (15162, 11091, 'Product10717');
INSERT INTO products (id, item_id, price) VALUES (10717, 15162, 100);
INSERT INTO items (id, venue_id, name) VALUES (15163, 11091, 'Product10718');
INSERT INTO products (id, item_id, price) VALUES (10718, 15163, 10);
INSERT INTO items (id, venue_id, name) VALUES (15164, 11091, 'Product10719');
INSERT INTO products (id, item_id, price) VALUES (10719, 15164, 15);
INSERT INTO items (id, venue_id, name) VALUES (15165, 11091, 'Product10720');
INSERT INTO products (id, item_id, price) VALUES (10720, 15165, 10);
INSERT INTO items (id, venue_id, name) VALUES (15166, 11091, 'Product10721');
INSERT INTO products (id, item_id, price) VALUES (10721, 15166, 15);
INSERT INTO items (id, venue_id, name) VALUES (15167, 11091, 'Product10722');
INSERT INTO products (id, item_id, price) VALUES (10722, 15167, 30);
INSERT INTO items (id, venue_id, name) VALUES (17301, 11091, 'Product11198');
INSERT INTO products (id, item_id, price) VALUES (11198, 17301, 7);
INSERT INTO items (id, venue_id, name) VALUES (17302, 11091, 'Product11199');
INSERT INTO products (id, item_id, price) VALUES (11199, 17302, 7);
INSERT INTO items (id, venue_id, name) VALUES (17461, 11091, 'Product11259');
INSERT INTO products (id, item_id, price) VALUES (11259, 17461, 7.5);
INSERT INTO items (id, venue_id, name) VALUES (18248, 11091, 'Product11592');
INSERT INTO products (id, item_id, price) VALUES (11592, 18248, 18);
INSERT INTO items (id, venue_id, name) VALUES (19699, 11091, 'Product12144');
INSERT INTO products (id, item_id, price) VALUES (12144, 19699, 1.5);
INSERT INTO items (id, venue_id, name) VALUES (24028, 11091, 'Product14219');
INSERT INTO products (id, item_id, price) VALUES (14219, 24028, 10);
INSERT INTO venues (id, name) VALUES (11096, 'Venue11096');
INSERT INTO items (id, venue_id, name) VALUES (14802, 11096, 'Space14151');
INSERT INTO spaces (id, item_id, hour_price) VALUES (14151, 14802, 0);
INSERT INTO items (id, venue_id, name) VALUES (14803, 11096, 'Space14152');
INSERT INTO spaces (id, item_id, hour_price) VALUES (14152, 14803, 0);
INSERT INTO items (id, venue_id, name) VALUES (14804, 11096, 'Space14153');
INSERT INTO spaces (id, item_id, hour_price) VALUES (14153, 14804, 0);
INSERT INTO items (id, venue_id, name) VALUES (14805, 11096, 'Space14154');
INSERT INTO spaces (id, item_id, hour_price) VALUES (14154, 14805, 0);
INSERT INTO items (id, venue_id, name) VALUES (14806, 11096, 'Space14155');
INSERT INTO spaces (id, item_id, hour_price) VALUES (14155, 14806, 0);
INSERT INTO items (id, venue_id, name) VALUES (14807, 11096, 'Space14156');
INSERT INTO spaces (id, item_id, hour_price) VALUES (14156, 14807, 0);
INSERT INTO items (id, venue_id, name) VALUES (14808, 11096, 'Space14157');
INSERT INTO spaces (id, item_id, hour_price) VALUES (14157, 14808, 27.5);
INSERT INTO items (id, venue_id, name) VALUES (14809, 11096, 'Space14158');
INSERT INTO spaces (id, item_id, hour_price) VALUES (14158, 14809, 27.5);
INSERT INTO items (id, venue_id, name) VALUES (14810, 11096, 'Space14159');
INSERT INTO spaces (id, item_id, hour_price) VALUES (14159, 14810, 27.5);
INSERT INTO items (id, venue_id, name) VALUES (14812, 11096, 'Space14161');
INSERT INTO spaces (id, item_id, hour_price) VALUES (14161, 14812, 38);
INSERT INTO items (id, venue_id, name) VALUES (14813, 11096, 'Space14162');
INSERT INTO spaces (id, item_id, hour_price) VALUES (14162, 14813, 55);
INSERT INTO items (id, venue_id, name) VALUES (14814, 11096, 'Space14163');
INSERT INTO spaces (id, item_id, hour_price) VALUES (14163, 14814, 27.5);
INSERT INTO items (id, venue_id, name) VALUES (14816, 11096, 'Space14165');
INSERT INTO spaces (id, item_id, hour_price) VALUES (14165, 14816, 27.5);
INSERT INTO items (id, venue_id, name) VALUES (15168, 11096, 'Product10723');
INSERT INTO products (id, item_id, price) VALUES (10723, 15168, 9.5);
INSERT INTO items (id, venue_id, name) VALUES (15169, 11096, 'Product10724');
INSERT INTO products (id, item_id, price) VALUES (10724, 15169, 13);
INSERT INTO items (id, venue_id, name) VALUES (15170, 11096, 'Product10725');
INSERT INTO products (id, item_id, price) VALUES (10725, 15170, 15);
INSERT INTO items (id, venue_id, name) VALUES (15171, 11096, 'Product10726');
INSERT INTO products (id, item_id, price) VALUES (10726, 15171, 5);
INSERT INTO items (id, venue_id, name) VALUES (15172, 11096, 'Product10727');
INSERT INTO products (id, item_id, price) VALUES (10727, 15172, 9.5);
INSERT INTO items (id, venue_id, name) VALUES (15173, 11096, 'Product10728');
INSERT INTO products (id, item_id, price) VALUES (10728, 15173, 1.75);
INSERT INTO items (id, venue_id, name) VALUES (15174, 11096, 'Product10729');
INSERT INTO products (id, item_id, price) VALUES (10729, 15174, 3.75);
INSERT INTO items (id, venue_id, name) VALUES (15175, 11096, 'Product10730');
INSERT INTO products (id, item_id, price) VALUES (10730, 15175, 3.5);
INSERT INTO items (id, venue_id, name) VALUES (15176, 11096, 'Product10731');
INSERT INTO products (id, item_id, price) VALUES (10731, 15176, 9);
INSERT INTO items (id, venue_id, name) VALUES (15177, 11096, 'Product10732');
INSERT INTO products (id, item_id, price) VALUES (10732, 15177, 13);
INSERT INTO items (id, venue_id, name) VALUES (15178, 11096, 'Product10733');
INSERT INTO products (id, item_id, price) VALUES (10733, 15178, 12);
INSERT INTO items (id, venue_id, name) VALUES (15179, 11096, 'Product10734');
INSERT INTO products (id, item_id, price) VALUES (10734, 15179, 17.5);
INSERT INTO items (id, venue_id, name) VALUES (15180, 11096, 'Product10735');
INSERT INTO products (id, item_id, price) VALUES (10735, 15180, 50);
INSERT INTO items (id, venue_id, name) VALUES (15181, 11096, 'Product10736');
INSERT INTO products (id, item_id, price) VALUES (10736, 15181, 75);
INSERT INTO items (id, venue_id, name) VALUES (15182, 11096, 'Product10737');
INSERT INTO products (id, item_id, price) VALUES (10737, 15182, 50);
INSERT INTO items (id, venue_id, name) VALUES (15183, 11096, 'Product10738');
INSERT INTO products (id, item_id, price) VALUES (10738, 15183, 75);
INSERT INTO items (id, venue_id, name) VALUES (15184, 11096, 'Product10739');
INSERT INTO products (id, item_id, price) VALUES (10739, 15184, 10);
INSERT INTO items (id, venue_id, name) VALUES (15185, 11096, 'Product10740');
INSERT INTO products (id, item_id, price) VALUES (10740, 15185, 15);
INSERT INTO items (id, venue_id, name) VALUES (15187, 11096, 'Product10742');
INSERT INTO products (id, item_id, price) VALUES (10742, 15187, 15);
INSERT INTO items (id, venue_id, name) VALUES (15188, 11096, 'Product10743');
INSERT INTO products (id, item_id, price) VALUES (10743, 15188, 30);
INSERT INTO items (id, venue_id, name) VALUES (27762, 11096, 'Product16233');
INSERT INTO products (id, item_id, price) VALUES (16233, 27762, 7.5);
INSERT INTO items (id, venue_id, name) VALUES (27763, 11096, 'Product16234');
INSERT INTO products (id, item_id, price) VALUES (16234, 27763, 7.5);
INSERT INTO venues (id, name) VALUES (11099, 'Venue11099');
INSERT INTO items (id, venue_id, name) VALUES (14818, 11099, 'Space14167');
INSERT INTO spaces (id, item_id, hour_price) VALUES (14167, 14818, 0);
INSERT INTO items (id, venue_id, name) VALUES (14819, 11099, 'Space14168');
INSERT INTO spaces (id, item_id, hour_price) VALUES (14168, 14819, 0);
INSERT INTO items (id, venue_id, name) VALUES (14820, 11099, 'Space14169');
INSERT INTO spaces (id, item_id, hour_price) VALUES (14169, 14820, 0);
INSERT INTO items (id, venue_id, name) VALUES (14821, 11099, 'Space14170');
INSERT INTO spaces (id, item_id, hour_price) VALUES (14170, 14821, 0);
INSERT INTO items (id, venue_id, name) VALUES (14822, 11099, 'Space14171');
INSERT INTO spaces (id, item_id, hour_price) VALUES (14171, 14822, 0);
INSERT INTO items (id, venue_id, name) VALUES (14823, 11099, 'Space14172');
INSERT INTO spaces (id, item_id, hour_price) VALUES (14172, 14823, 0);
INSERT INTO items (id, venue_id, name) VALUES (14824, 11099, 'Space14173');
INSERT INTO spaces (id, item_id, hour_price) VALUES (14173, 14824, 25);
INSERT INTO items (id, venue_id, name) VALUES (14825, 11099, 'Space14174');
INSERT INTO spaces (id, item_id, hour_price) VALUES (14174, 14825, 25);
INSERT INTO items (id, venue_id, name) VALUES (14826, 11099, 'Space14175');
INSERT INTO spaces (id, item_id, hour_price) VALUES (14175, 14826, 37.5);
INSERT INTO items (id, venue_id, name) VALUES (14827, 11099, 'Space14176');
INSERT INTO spaces (id, item_id, hour_price) VALUES (14176, 14827, 25);
INSERT INTO items (id, venue_id, name) VALUES (14828, 11099, 'Space14177');
INSERT INTO spaces (id, item_id, hour_price) VALUES (14177, 14828, 25);
INSERT INTO items (id, venue_id, name) VALUES (14829, 11099, 'Space14178');
INSERT INTO spaces (id, item_id, hour_price) VALUES (14178, 14829, 25);
INSERT INTO items (id, venue_id, name) VALUES (14830, 11099, 'Space14179');
INSERT INTO spaces (id, item_id, hour_price) VALUES (14179, 14830, 10);
INSERT INTO items (id, venue_id, name) VALUES (15189, 11099, 'Product10744');
INSERT INTO products (id, item_id, price) VALUES (10744, 15189, 9.5);
INSERT INTO items (id, venue_id, name) VALUES (15190, 11099, 'Product10745');
INSERT INTO products (id, item_id, price) VALUES (10745, 15190, 13);
INSERT INTO items (id, venue_id, name) VALUES (15191, 11099, 'Product10746');
INSERT INTO products (id, item_id, price) VALUES (10746, 15191, 15);
INSERT INTO items (id, venue_id, name) VALUES (15192, 11099, 'Product10747');
INSERT INTO products (id, item_id, price) VALUES (10747, 15192, 5);
INSERT INTO items (id, venue_id, name) VALUES (15193, 11099, 'Product10748');
INSERT INTO products (id, item_id, price) VALUES (10748, 15193, 9.5);
INSERT INTO items (id, venue_id, name) VALUES (15194, 11099, 'Product10749');
INSERT INTO products (id, item_id, price) VALUES (10749, 15194, 1.75);
INSERT INTO items (id, venue_id, name) VALUES (15195, 11099, 'Product10750');
INSERT INTO products (id, item_id, price) VALUES (10750, 15195, 3.75);
INSERT INTO items (id, venue_id, name) VALUES (15196, 11099, 'Product10751');
INSERT INTO products (id, item_id, price) VALUES (10751, 15196, 3.5);
INSERT INTO items (id, venue_id, name) VALUES (15197, 11099, 'Product10752');
INSERT INTO products (id, item_id, price) VALUES (10752, 15197, 9);
INSERT INTO items (id, venue_id, name) VALUES (15198, 11099, 'Product10753');
INSERT INTO products (id, item_id, price) VALUES (10753, 15198, 13);
INSERT INTO items (id, venue_id, name) VALUES (15199, 11099, 'Product10754');
INSERT INTO products (id, item_id, price) VALUES (10754, 15199, 12);
INSERT INTO items (id, venue_id, name) VALUES (15200, 11099, 'Product10755');
INSERT INTO products (id, item_id, price) VALUES (10755, 15200, 17.5);
INSERT INTO items (id, venue_id, name) VALUES (15201, 11099, 'Product10756');
INSERT INTO products (id, item_id, price) VALUES (10756, 15201, 50);
INSERT INTO items (id, venue_id, name) VALUES (15202, 11099, 'Product10757');
INSERT INTO products (id, item_id, price) VALUES (10757, 15202, 75);
INSERT INTO items (id, venue_id, name) VALUES (15203, 11099, 'Product10758');
INSERT INTO products (id, item_id, price) VALUES (10758, 15203, 50);
INSERT INTO items (id, venue_id, name) VALUES (15204, 11099, 'Product10759');
INSERT INTO products (id, item_id, price) VALUES (10759, 15204, 75);
INSERT INTO items (id, venue_id, name) VALUES (15205, 11099, 'Product10760');
INSERT INTO products (id, item_id, price) VALUES (10760, 15205, 10);
INSERT INTO items (id, venue_id, name) VALUES (15206, 11099, 'Product10761');
INSERT INTO products (id, item_id, price) VALUES (10761, 15206, 15);
INSERT INTO items (id, venue_id, name) VALUES (15207, 11099, 'Product10762');
INSERT INTO products (id, item_id, price) VALUES (10762, 15207, 10);
INSERT INTO items (id, venue_id, name) VALUES (15208, 11099, 'Product10763');
INSERT INTO products (id, item_id, price) VALUES (10763, 15208, 15);
INSERT INTO items (id, venue_id, name) VALUES (15209, 11099, 'Product10764');
INSERT INTO products (id, item_id, price) VALUES (10764, 15209, 30);
INSERT INTO venues (id, name) VALUES (11152, 'Venue11152');
INSERT INTO items (id, venue_id, name) VALUES (14895, 11152, 'Space14237');
INSERT INTO spaces (id, item_id, hour_price) VALUES (14237, 14895, 0);
INSERT INTO items (id, venue_id, name) VALUES (14896, 11152, 'Space14238');
INSERT INTO spaces (id, item_id, hour_price) VALUES (14238, 14896, 0);
INSERT INTO items (id, venue_id, name) VALUES (14897, 11152, 'Space14239');
INSERT INTO spaces (id, item_id, hour_price) VALUES (14239, 14897, 0);
INSERT INTO items (id, venue_id, name) VALUES (14898, 11152, 'Space14240');
INSERT INTO spaces (id, item_id, hour_price) VALUES (14240, 14898, 0);
INSERT INTO items (id, venue_id, name) VALUES (14899, 11152, 'Space14241');
INSERT INTO spaces (id, item_id, hour_price) VALUES (14241, 14899, 0);
INSERT INTO items (id, venue_id, name) VALUES (14900, 11152, 'Space14242');
INSERT INTO spaces (id, item_id, hour_price) VALUES (14242, 14900, 0);
INSERT INTO items (id, venue_id, name) VALUES (14901, 11152, 'Space14243');
INSERT INTO spaces (id, item_id, hour_price) VALUES (14243, 14901, 6.5);
INSERT INTO items (id, venue_id, name) VALUES (14902, 11152, 'Space14244');
INSERT INTO spaces (id, item_id, hour_price) VALUES (14244, 14902, 18.5);
INSERT INTO items (id, venue_id, name) VALUES (16116, 11152, 'Space15179');
INSERT INTO spaces (id, item_id, hour_price) VALUES (15179, 16116, 12);
INSERT INTO items (id, venue_id, name) VALUES (25586, 11152, 'Product15089');
INSERT INTO products (id, item_id, price) VALUES (15089, 25586, 12);
INSERT INTO items (id, venue_id, name) VALUES (25587, 11152, 'Product15090');
INSERT INTO products (id, item_id, price) VALUES (15090, 25587, 5.95);
INSERT INTO items (id, venue_id, name) VALUES (25729, 11152, 'Product15161');
INSERT INTO products (id, item_id, price) VALUES (15161, 25729, 6);
INSERT INTO items (id, venue_id, name) VALUES (25730, 11152, 'Product15162');
INSERT INTO products (id, item_id, price) VALUES (15162, 25730, 25);
INSERT INTO items (id, venue_id, name) VALUES (27294, 11152, 'Space21260');
INSERT INTO spaces (id, item_id, hour_price) VALUES (21260, 27294, 16);
INSERT INTO venues (id, name) VALUES (11178, 'Venue11178');
INSERT INTO items (id, venue_id, name) VALUES (14938, 11178, 'Space14278');
INSERT INTO spaces (id, item_id, hour_price) VALUES (14278, 14938, 0);
INSERT INTO items (id, venue_id, name) VALUES (14939, 11178, 'Space14279');
INSERT INTO spaces (id, item_id, hour_price) VALUES (14279, 14939, 0);
INSERT INTO items (id, venue_id, name) VALUES (14940, 11178, 'Space14280');
INSERT INTO spaces (id, item_id, hour_price) VALUES (14280, 14940, 0);
INSERT INTO items (id, venue_id, name) VALUES (14941, 11178, 'Space14281');
INSERT INTO spaces (id, item_id, hour_price) VALUES (14281, 14941, 0);
INSERT INTO items (id, venue_id, name) VALUES (14942, 11178, 'Space14282');
INSERT INTO spaces (id, item_id, hour_price) VALUES (14282, 14942, 0);
INSERT INTO items (id, venue_id, name) VALUES (14943, 11178, 'Space14283');
INSERT INTO spaces (id, item_id, hour_price) VALUES (14283, 14943, 0);
INSERT INTO items (id, venue_id, name) VALUES (14944, 11178, 'Space14284');
INSERT INTO spaces (id, item_id, hour_price) VALUES (14284, 14944, 5);
INSERT INTO items (id, venue_id, name) VALUES (14945, 11178, 'Space14285');
INSERT INTO spaces (id, item_id, hour_price) VALUES (14285, 14945, 10);
INSERT INTO items (id, venue_id, name) VALUES (14946, 11178, 'Product10654');
INSERT INTO products (id, item_id, price) VALUES (10654, 14946, 10);
INSERT INTO venues (id, name) VALUES (11192, 'Venue11192');
INSERT INTO items (id, venue_id, name) VALUES (14988, 11192, 'Space14317');
INSERT INTO spaces (id, item_id, hour_price) VALUES (14317, 14988, 0);
INSERT INTO items (id, venue_id, name) VALUES (14989, 11192, 'Space14318');
INSERT INTO spaces (id, item_id, hour_price) VALUES (14318, 14989, 0);
INSERT INTO items (id, venue_id, name) VALUES (14990, 11192, 'Space14319');
INSERT INTO spaces (id, item_id, hour_price) VALUES (14319, 14990, 0);
INSERT INTO items (id, venue_id, name) VALUES (14991, 11192, 'Space14320');
INSERT INTO spaces (id, item_id, hour_price) VALUES (14320, 14991, 0);
INSERT INTO items (id, venue_id, name) VALUES (14992, 11192, 'Space14321');
INSERT INTO spaces (id, item_id, hour_price) VALUES (14321, 14992, 0);
INSERT INTO items (id, venue_id, name) VALUES (14993, 11192, 'Space14322');
INSERT INTO spaces (id, item_id, hour_price) VALUES (14322, 14993, 0);
INSERT INTO items (id, venue_id, name) VALUES (14994, 11192, 'Space14323');
INSERT INTO spaces (id, item_id, hour_price) VALUES (14323, 14994, 3);
INSERT INTO venues (id, name) VALUES (11210, 'Venue11210');
INSERT INTO items (id, venue_id, name) VALUES (15024, 11210, 'Space14344');
INSERT INTO spaces (id, item_id, hour_price) VALUES (14344, 15024, 0);
INSERT INTO items (id, venue_id, name) VALUES (15025, 11210, 'Space14345');
INSERT INTO spaces (id, item_id, hour_price) VALUES (14345, 15025, 0);
INSERT INTO items (id, venue_id, name) VALUES (15026, 11210, 'Space14346');
INSERT INTO spaces (id, item_id, hour_price) VALUES (14346, 15026, 0);
INSERT INTO items (id, venue_id, name) VALUES (15027, 11210, 'Space14347');
INSERT INTO spaces (id, item_id, hour_price) VALUES (14347, 15027, 0);
INSERT INTO items (id, venue_id, name) VALUES (15028, 11210, 'Space14348');
INSERT INTO spaces (id, item_id, hour_price) VALUES (14348, 15028, 0);
INSERT INTO items (id, venue_id, name) VALUES (15029, 11210, 'Space14349');
INSERT INTO spaces (id, item_id, hour_price) VALUES (14349, 15029, 0);
INSERT INTO items (id, venue_id, name) VALUES (15042, 11210, 'Space14357');
INSERT INTO spaces (id, item_id, hour_price) VALUES (14357, 15042, 16);
INSERT INTO items (id, venue_id, name) VALUES (15509, 11210, 'Space14683');
INSERT INTO spaces (id, item_id, hour_price) VALUES (14683, 15509, 48);
INSERT INTO items (id, venue_id, name) VALUES (15510, 11210, 'Space14684');
INSERT INTO spaces (id, item_id, hour_price) VALUES (14684, 15510, 32);
INSERT INTO items (id, venue_id, name) VALUES (15511, 11210, 'Space14685');
INSERT INTO spaces (id, item_id, hour_price) VALUES (14685, 15511, 48);
INSERT INTO items (id, venue_id, name) VALUES (15525, 11210, 'Product10821');
INSERT INTO products (id, item_id, price) VALUES (10821, 15525, 3.5);
INSERT INTO items (id, venue_id, name) VALUES (15528, 11210, 'Product10824');
INSERT INTO products (id, item_id, price) VALUES (10824, 15528, 35);
INSERT INTO items (id, venue_id, name) VALUES (15529, 11210, 'Product10825');
INSERT INTO products (id, item_id, price) VALUES (10825, 15529, 35);
INSERT INTO items (id, venue_id, name) VALUES (15532, 11210, 'Product10828');
INSERT INTO products (id, item_id, price) VALUES (10828, 15532, 8.5);
INSERT INTO items (id, venue_id, name) VALUES (15533, 11210, 'Product10829');
INSERT INTO products (id, item_id, price) VALUES (10829, 15533, 10.5);
INSERT INTO items (id, venue_id, name) VALUES (15613, 11210, 'Space14762');
INSERT INTO spaces (id, item_id, hour_price) VALUES (14762, 15613, 55);
INSERT INTO items (id, venue_id, name) VALUES (15614, 11210, 'Space14763');
INSERT INTO spaces (id, item_id, hour_price) VALUES (14763, 15614, 55);
INSERT INTO items (id, venue_id, name) VALUES (15918, 11210, 'Product10899');
INSERT INTO products (id, item_id, price) VALUES (10899, 15918, 15);
INSERT INTO items (id, venue_id, name) VALUES (16464, 11210, 'Product11014');
INSERT INTO products (id, item_id, price) VALUES (11014, 16464, 45);
INSERT INTO items (id, venue_id, name) VALUES (16465, 11210, 'Product11015');
INSERT INTO products (id, item_id, price) VALUES (11015, 16465, 25);
INSERT INTO items (id, venue_id, name) VALUES (16894, 11210, 'Product11099');
INSERT INTO products (id, item_id, price) VALUES (11099, 16894, 240);
INSERT INTO items (id, venue_id, name) VALUES (16954, 11210, 'Product11117');
INSERT INTO products (id, item_id, price) VALUES (11117, 16954, 12.5);
INSERT INTO items (id, venue_id, name) VALUES (17153, 11210, 'Space15962');
INSERT INTO spaces (id, item_id, hour_price) VALUES (15962, 17153, 7.5);
INSERT INTO items (id, venue_id, name) VALUES (17154, 11210, 'Space15963');
INSERT INTO spaces (id, item_id, hour_price) VALUES (15963, 17154, 7.5);
INSERT INTO items (id, venue_id, name) VALUES (17155, 11210, 'Space15964');
INSERT INTO spaces (id, item_id, hour_price) VALUES (15964, 17155, 7.5);
INSERT INTO items (id, venue_id, name) VALUES (17156, 11210, 'Space15965');
INSERT INTO spaces (id, item_id, hour_price) VALUES (15965, 17156, 7.5);
INSERT INTO items (id, venue_id, name) VALUES (17445, 11210, 'Product11256');
INSERT INTO products (id, item_id, price) VALUES (11256, 17445, 20);
INSERT INTO items (id, venue_id, name) VALUES (18471, 11210, 'Product11650');
INSERT INTO products (id, item_id, price) VALUES (11650, 18471, 225);
INSERT INTO items (id, venue_id, name) VALUES (18472, 11210, 'Product11651');
INSERT INTO products (id, item_id, price) VALUES (11651, 18472, 182);
INSERT INTO items (id, venue_id, name) VALUES (19018, 11210, 'Product11873');
INSERT INTO products (id, item_id, price) VALUES (11873, 19018, 2.5);
INSERT INTO items (id, venue_id, name) VALUES (20078, 11210, 'Product12256');
INSERT INTO products (id, item_id, price) VALUES (12256, 20078, 860.51);
INSERT INTO items (id, venue_id, name) VALUES (20281, 11210, 'Product12310');
INSERT INTO products (id, item_id, price) VALUES (12310, 20281, 260);
INSERT INTO items (id, venue_id, name) VALUES (22413, 11210, 'Product13395');
INSERT INTO products (id, item_id, price) VALUES (13395, 22413, 30);
INSERT INTO items (id, venue_id, name) VALUES (22521, 11210, 'Product13454');
INSERT INTO products (id, item_id, price) VALUES (13454, 22521, 90);
INSERT INTO items (id, venue_id, name) VALUES (23027, 11210, 'Product13704');
INSERT INTO products (id, item_id, price) VALUES (13704, 23027, 5);
INSERT INTO items (id, venue_id, name) VALUES (23637, 11210, 'Space19633');
INSERT INTO spaces (id, item_id, hour_price) VALUES (19633, 23637, 110);
INSERT INTO items (id, venue_id, name) VALUES (24062, 11210, 'Product14239');
INSERT INTO products (id, item_id, price) VALUES (14239, 24062, 24);
INSERT INTO items (id, venue_id, name) VALUES (24070, 11210, 'Product14241');
INSERT INTO products (id, item_id, price) VALUES (14241, 24070, 3);
INSERT INTO items (id, venue_id, name) VALUES (26937, 11210, 'Product15834');
INSERT INTO products (id, item_id, price) VALUES (15834, 26937, 24);
INSERT INTO items (id, venue_id, name) VALUES (27252, 11210, 'Product15996');
INSERT INTO products (id, item_id, price) VALUES (15996, 27252, 26.6);
INSERT INTO items (id, venue_id, name) VALUES (27433, 11210, 'Product16076');
INSERT INTO products (id, item_id, price) VALUES (16076, 27433, 5.95);
INSERT INTO items (id, venue_id, name) VALUES (28285, 11210, 'Product16531');
INSERT INTO products (id, item_id, price) VALUES (16531, 28285, 67.92);
INSERT INTO items (id, venue_id, name) VALUES (28286, 11210, 'Product16532');
INSERT INTO products (id, item_id, price) VALUES (16532, 28286, 49.4);
INSERT INTO items (id, venue_id, name) VALUES (28547, 11210, 'Product16693');
INSERT INTO products (id, item_id, price) VALUES (16693, 28547, 67.92);
INSERT INTO items (id, venue_id, name) VALUES (28548, 11210, 'Product16694');
INSERT INTO products (id, item_id, price) VALUES (16694, 28548, 67.92);
INSERT INTO venues (id, name) VALUES (11224, 'Venue11224');
INSERT INTO items (id, venue_id, name) VALUES (15049, 11224, 'Space14364');
INSERT INTO spaces (id, item_id, hour_price) VALUES (14364, 15049, 0);
INSERT INTO items (id, venue_id, name) VALUES (15050, 11224, 'Space14365');
INSERT INTO spaces (id, item_id, hour_price) VALUES (14365, 15050, 0);
INSERT INTO items (id, venue_id, name) VALUES (15051, 11224, 'Space14366');
INSERT INTO spaces (id, item_id, hour_price) VALUES (14366, 15051, 0);
INSERT INTO items (id, venue_id, name) VALUES (15052, 11224, 'Space14367');
INSERT INTO spaces (id, item_id, hour_price) VALUES (14367, 15052, 0);
INSERT INTO items (id, venue_id, name) VALUES (15053, 11224, 'Space14368');
INSERT INTO spaces (id, item_id, hour_price) VALUES (14368, 15053, 0);
INSERT INTO items (id, venue_id, name) VALUES (15054, 11224, 'Space14369');
INSERT INTO spaces (id, item_id, hour_price) VALUES (14369, 15054, 0);
INSERT INTO items (id, venue_id, name) VALUES (15055, 11224, 'Space14370');
INSERT INTO spaces (id, item_id, hour_price) VALUES (14370, 15055, 25);
INSERT INTO items (id, venue_id, name) VALUES (15056, 11224, 'Space14371');
INSERT INTO spaces (id, item_id, hour_price) VALUES (14371, 15056, 7);
INSERT INTO items (id, venue_id, name) VALUES (15057, 11224, 'Space14372');
INSERT INTO spaces (id, item_id, hour_price) VALUES (14372, 15057, 75);
INSERT INTO items (id, venue_id, name) VALUES (15058, 11224, 'Product10678');
INSERT INTO products (id, item_id, price) VALUES (10678, 15058, 0);
INSERT INTO items (id, venue_id, name) VALUES (15082, 11224, 'Space14395');
INSERT INTO spaces (id, item_id, hour_price) VALUES (14395, 15082, 25);
INSERT INTO venues (id, name) VALUES (11229, 'Venue11229');
INSERT INTO items (id, venue_id, name) VALUES (15059, 11229, 'Space14373');
INSERT INTO spaces (id, item_id, hour_price) VALUES (14373, 15059, 0);
INSERT INTO items (id, venue_id, name) VALUES (15060, 11229, 'Space14374');
INSERT INTO spaces (id, item_id, hour_price) VALUES (14374, 15060, 0);
INSERT INTO items (id, venue_id, name) VALUES (15061, 11229, 'Space14375');
INSERT INTO spaces (id, item_id, hour_price) VALUES (14375, 15061, 0);
INSERT INTO items (id, venue_id, name) VALUES (15062, 11229, 'Space14376');
INSERT INTO spaces (id, item_id, hour_price) VALUES (14376, 15062, 0);
INSERT INTO items (id, venue_id, name) VALUES (15063, 11229, 'Space14377');
INSERT INTO spaces (id, item_id, hour_price) VALUES (14377, 15063, 0);
INSERT INTO items (id, venue_id, name) VALUES (15064, 11229, 'Space14378');
INSERT INTO spaces (id, item_id, hour_price) VALUES (14378, 15064, 0);
INSERT INTO items (id, venue_id, name) VALUES (20108, 11229, 'Product12267');
INSERT INTO products (id, item_id, price) VALUES (12267, 20108, 250);
INSERT INTO items (id, venue_id, name) VALUES (20396, 11229, 'Space18022');
INSERT INTO spaces (id, item_id, hour_price) VALUES (18022, 20396, 95);
INSERT INTO venues (id, name) VALUES (11232, 'Venue11232');
INSERT INTO items (id, venue_id, name) VALUES (15066, 11232, 'Space14380');
INSERT INTO spaces (id, item_id, hour_price) VALUES (14380, 15066, 0);
INSERT INTO items (id, venue_id, name) VALUES (15067, 11232, 'Space14381');
INSERT INTO spaces (id, item_id, hour_price) VALUES (14381, 15067, 0);
INSERT INTO items (id, venue_id, name) VALUES (15068, 11232, 'Space14382');
INSERT INTO spaces (id, item_id, hour_price) VALUES (14382, 15068, 0);
INSERT INTO items (id, venue_id, name) VALUES (15069, 11232, 'Space14383');
INSERT INTO spaces (id, item_id, hour_price) VALUES (14383, 15069, 0);
INSERT INTO items (id, venue_id, name) VALUES (15070, 11232, 'Space14384');
INSERT INTO spaces (id, item_id, hour_price) VALUES (14384, 15070, 0);
INSERT INTO items (id, venue_id, name) VALUES (15071, 11232, 'Space14385');
INSERT INTO spaces (id, item_id, hour_price) VALUES (14385, 15071, 0);
INSERT INTO items (id, venue_id, name) VALUES (20111, 11232, 'Product12270');
INSERT INTO products (id, item_id, price) VALUES (12270, 20111, 250);
INSERT INTO items (id, venue_id, name) VALUES (20112, 11232, 'Product12271');
INSERT INTO products (id, item_id, price) VALUES (12271, 20112, 400);
INSERT INTO items (id, venue_id, name) VALUES (20397, 11232, 'Space18023');
INSERT INTO spaces (id, item_id, hour_price) VALUES (18023, 20397, 95);
INSERT INTO items (id, venue_id, name) VALUES (20398, 11232, 'Space18024');
INSERT INTO spaces (id, item_id, hour_price) VALUES (18024, 20398, 140);
INSERT INTO venues (id, name) VALUES (11237, 'Venue11237');
INSERT INTO items (id, venue_id, name) VALUES (15073, 11237, 'Space14387');
INSERT INTO spaces (id, item_id, hour_price) VALUES (14387, 15073, 0);
INSERT INTO items (id, venue_id, name) VALUES (15074, 11237, 'Space14388');
INSERT INTO spaces (id, item_id, hour_price) VALUES (14388, 15074, 0);
INSERT INTO items (id, venue_id, name) VALUES (15075, 11237, 'Space14389');
INSERT INTO spaces (id, item_id, hour_price) VALUES (14389, 15075, 0);
INSERT INTO items (id, venue_id, name) VALUES (15076, 11237, 'Space14390');
INSERT INTO spaces (id, item_id, hour_price) VALUES (14390, 15076, 0);
INSERT INTO items (id, venue_id, name) VALUES (15077, 11237, 'Space14391');
INSERT INTO spaces (id, item_id, hour_price) VALUES (14391, 15077, 0);
INSERT INTO items (id, venue_id, name) VALUES (15078, 11237, 'Space14392');
INSERT INTO spaces (id, item_id, hour_price) VALUES (14392, 15078, 0);
INSERT INTO items (id, venue_id, name) VALUES (20399, 11237, 'Space18025');
INSERT INTO spaces (id, item_id, hour_price) VALUES (18025, 20399, 130);
INSERT INTO items (id, venue_id, name) VALUES (20400, 11237, 'Space18026');
INSERT INTO spaces (id, item_id, hour_price) VALUES (18026, 20400, 100);
INSERT INTO venues (id, name) VALUES (11249, 'Venue11249');
INSERT INTO items (id, venue_id, name) VALUES (15089, 11249, 'Space14402');
INSERT INTO spaces (id, item_id, hour_price) VALUES (14402, 15089, 0);
INSERT INTO items (id, venue_id, name) VALUES (15090, 11249, 'Space14403');
INSERT INTO spaces (id, item_id, hour_price) VALUES (14403, 15090, 0);
INSERT INTO items (id, venue_id, name) VALUES (15091, 11249, 'Space14404');
INSERT INTO spaces (id, item_id, hour_price) VALUES (14404, 15091, 0);
INSERT INTO items (id, venue_id, name) VALUES (15092, 11249, 'Space14405');
INSERT INTO spaces (id, item_id, hour_price) VALUES (14405, 15092, 0);
INSERT INTO items (id, venue_id, name) VALUES (15093, 11249, 'Space14406');
INSERT INTO spaces (id, item_id, hour_price) VALUES (14406, 15093, 0);
INSERT INTO items (id, venue_id, name) VALUES (15094, 11249, 'Space14407');
INSERT INTO spaces (id, item_id, hour_price) VALUES (14407, 15094, 0);
INSERT INTO items (id, venue_id, name) VALUES (15095, 11249, 'Space14408');
INSERT INTO spaces (id, item_id, hour_price) VALUES (14408, 15095, 28);
INSERT INTO items (id, venue_id, name) VALUES (15096, 11249, 'Space14409');
INSERT INTO spaces (id, item_id, hour_price) VALUES (14409, 15096, 34);
INSERT INTO items (id, venue_id, name) VALUES (15099, 11249, 'Product10680');
INSERT INTO products (id, item_id, price) VALUES (10680, 15099, 3.25);
INSERT INTO items (id, venue_id, name) VALUES (15100, 11249, 'Product10681');
INSERT INTO products (id, item_id, price) VALUES (10681, 15100, 13);
INSERT INTO items (id, venue_id, name) VALUES (15101, 11249, 'Product10682');
INSERT INTO products (id, item_id, price) VALUES (10682, 15101, 2.5);
INSERT INTO venues (id, name) VALUES (11290, 'Venue11290');
INSERT INTO items (id, venue_id, name) VALUES (15232, 11290, 'Space14460');
INSERT INTO spaces (id, item_id, hour_price) VALUES (14460, 15232, 0);
INSERT INTO items (id, venue_id, name) VALUES (15233, 11290, 'Space14461');
INSERT INTO spaces (id, item_id, hour_price) VALUES (14461, 15233, 0);
INSERT INTO items (id, venue_id, name) VALUES (15234, 11290, 'Space14462');
INSERT INTO spaces (id, item_id, hour_price) VALUES (14462, 15234, 0);
INSERT INTO items (id, venue_id, name) VALUES (15235, 11290, 'Space14463');
INSERT INTO spaces (id, item_id, hour_price) VALUES (14463, 15235, 0);
INSERT INTO items (id, venue_id, name) VALUES (15236, 11290, 'Space14464');
INSERT INTO spaces (id, item_id, hour_price) VALUES (14464, 15236, 0);
INSERT INTO items (id, venue_id, name) VALUES (15237, 11290, 'Space14465');
INSERT INTO spaces (id, item_id, hour_price) VALUES (14465, 15237, 0);
INSERT INTO items (id, venue_id, name) VALUES (15238, 11290, 'Space14466');
INSERT INTO spaces (id, item_id, hour_price) VALUES (14466, 15238, 29.95);
INSERT INTO venues (id, name) VALUES (11309, 'Venue11309');
INSERT INTO items (id, venue_id, name) VALUES (15281, 11309, 'Space14497');
INSERT INTO spaces (id, item_id, hour_price) VALUES (14497, 15281, 0);
INSERT INTO items (id, venue_id, name) VALUES (15282, 11309, 'Space14498');
INSERT INTO spaces (id, item_id, hour_price) VALUES (14498, 15282, 0);
INSERT INTO items (id, venue_id, name) VALUES (15283, 11309, 'Space14499');
INSERT INTO spaces (id, item_id, hour_price) VALUES (14499, 15283, 0);
INSERT INTO items (id, venue_id, name) VALUES (15284, 11309, 'Space14500');
INSERT INTO spaces (id, item_id, hour_price) VALUES (14500, 15284, 0);
INSERT INTO items (id, venue_id, name) VALUES (15285, 11309, 'Space14501');
INSERT INTO spaces (id, item_id, hour_price) VALUES (14501, 15285, 0);
INSERT INTO items (id, venue_id, name) VALUES (15286, 11309, 'Space14502');
INSERT INTO spaces (id, item_id, hour_price) VALUES (14502, 15286, 0);
INSERT INTO items (id, venue_id, name) VALUES (15287, 11309, 'Space14503');
INSERT INTO spaces (id, item_id, hour_price) VALUES (14503, 15287, 12.5);
INSERT INTO items (id, venue_id, name) VALUES (15288, 11309, 'Product10777');
INSERT INTO products (id, item_id, price) VALUES (10777, 15288, 5);
INSERT INTO items (id, venue_id, name) VALUES (15310, 11309, 'Product10780');
INSERT INTO products (id, item_id, price) VALUES (10780, 15310, 20);
INSERT INTO items (id, venue_id, name) VALUES (15311, 11309, 'Product10781');
INSERT INTO products (id, item_id, price) VALUES (10781, 15311, 10);
INSERT INTO items (id, venue_id, name) VALUES (15312, 11309, 'Product10782');
INSERT INTO products (id, item_id, price) VALUES (10782, 15312, 7.5);
INSERT INTO items (id, venue_id, name) VALUES (15313, 11309, 'Product10783');
INSERT INTO products (id, item_id, price) VALUES (10783, 15313, 18);
INSERT INTO items (id, venue_id, name) VALUES (15314, 11309, 'Product10784');
INSERT INTO products (id, item_id, price) VALUES (10784, 15314, 10);
INSERT INTO items (id, venue_id, name) VALUES (15315, 11309, 'Product10785');
INSERT INTO products (id, item_id, price) VALUES (10785, 15315, 20);
INSERT INTO items (id, venue_id, name) VALUES (15316, 11309, 'Product10786');
INSERT INTO products (id, item_id, price) VALUES (10786, 15316, 100);
INSERT INTO items (id, venue_id, name) VALUES (15317, 11309, 'Product10787');
INSERT INTO products (id, item_id, price) VALUES (10787, 15317, 50);
INSERT INTO items (id, venue_id, name) VALUES (15338, 11309, 'Product10793');
INSERT INTO products (id, item_id, price) VALUES (10793, 15338, 20);
INSERT INTO items (id, venue_id, name) VALUES (15339, 11309, 'Space14538');
INSERT INTO spaces (id, item_id, hour_price) VALUES (14538, 15339, 20);
INSERT INTO items (id, venue_id, name) VALUES (15341, 11309, 'Space14540');
INSERT INTO spaces (id, item_id, hour_price) VALUES (14540, 15341, 30);
INSERT INTO items (id, venue_id, name) VALUES (15342, 11309, 'Space14541');
INSERT INTO spaces (id, item_id, hour_price) VALUES (14541, 15342, 50);
INSERT INTO items (id, venue_id, name) VALUES (15343, 11309, 'Space14542');
INSERT INTO spaces (id, item_id, hour_price) VALUES (14542, 15343, 5);
INSERT INTO items (id, venue_id, name) VALUES (15409, 11309, 'Product10800');
INSERT INTO products (id, item_id, price) VALUES (10800, 15409, 25);
INSERT INTO items (id, venue_id, name) VALUES (15410, 11309, 'Product10801');
INSERT INTO products (id, item_id, price) VALUES (10801, 15410, 40);
INSERT INTO items (id, venue_id, name) VALUES (15411, 11309, 'Product10802');
INSERT INTO products (id, item_id, price) VALUES (10802, 15411, 55);
INSERT INTO items (id, venue_id, name) VALUES (15412, 11309, 'Product10803');
INSERT INTO products (id, item_id, price) VALUES (10803, 15412, 65);
INSERT INTO items (id, venue_id, name) VALUES (15413, 11309, 'Product10804');
INSERT INTO products (id, item_id, price) VALUES (10804, 15413, 75);
INSERT INTO items (id, venue_id, name) VALUES (15578, 11309, 'Product10839');
INSERT INTO products (id, item_id, price) VALUES (10839, 15578, 20);
INSERT INTO items (id, venue_id, name) VALUES (15579, 11309, 'Product10840');
INSERT INTO products (id, item_id, price) VALUES (10840, 15579, 30);
INSERT INTO items (id, venue_id, name) VALUES (15580, 11309, 'Product10841');
INSERT INTO products (id, item_id, price) VALUES (10841, 15580, 20);
INSERT INTO items (id, venue_id, name) VALUES (16852, 11309, 'Product11091');
INSERT INTO products (id, item_id, price) VALUES (11091, 16852, 8.5);
INSERT INTO items (id, venue_id, name) VALUES (16853, 11309, 'Product11092');
INSERT INTO products (id, item_id, price) VALUES (11092, 16853, 10.3);
INSERT INTO items (id, venue_id, name) VALUES (17248, 11309, 'Product11194');
INSERT INTO products (id, item_id, price) VALUES (11194, 17248, 5);
INSERT INTO items (id, venue_id, name) VALUES (18637, 11309, 'Product11721');
INSERT INTO products (id, item_id, price) VALUES (11721, 18637, 20);
INSERT INTO items (id, venue_id, name) VALUES (20221, 11309, 'Space17919');
INSERT INTO spaces (id, item_id, hour_price) VALUES (17919, 20221, 25);
INSERT INTO items (id, venue_id, name) VALUES (23008, 11309, 'Space19306');
INSERT INTO spaces (id, item_id, hour_price) VALUES (19306, 23008, 12.5);
INSERT INTO items (id, venue_id, name) VALUES (23691, 11309, 'Product14024');
INSERT INTO products (id, item_id, price) VALUES (14024, 23691, 10);
INSERT INTO items (id, venue_id, name) VALUES (24250, 11309, 'Product14346');
INSERT INTO products (id, item_id, price) VALUES (14346, 24250, 15);
INSERT INTO venues (id, name) VALUES (11312, 'Venue11312');
INSERT INTO items (id, venue_id, name) VALUES (15289, 11312, 'Space14504');
INSERT INTO spaces (id, item_id, hour_price) VALUES (14504, 15289, 0);
INSERT INTO items (id, venue_id, name) VALUES (15290, 11312, 'Space14505');
INSERT INTO spaces (id, item_id, hour_price) VALUES (14505, 15290, 0);
INSERT INTO items (id, venue_id, name) VALUES (15291, 11312, 'Space14506');
INSERT INTO spaces (id, item_id, hour_price) VALUES (14506, 15291, 0);
INSERT INTO items (id, venue_id, name) VALUES (15292, 11312, 'Space14507');
INSERT INTO spaces (id, item_id, hour_price) VALUES (14507, 15292, 0);
INSERT INTO items (id, venue_id, name) VALUES (15293, 11312, 'Space14508');
INSERT INTO spaces (id, item_id, hour_price) VALUES (14508, 15293, 0);
INSERT INTO items (id, venue_id, name) VALUES (15294, 11312, 'Space14509');
INSERT INTO spaces (id, item_id, hour_price) VALUES (14509, 15294, 0);
INSERT INTO items (id, venue_id, name) VALUES (15295, 11312, 'Space14510');
INSERT INTO spaces (id, item_id, hour_price) VALUES (14510, 15295, 5);
INSERT INTO items (id, venue_id, name) VALUES (15296, 11312, 'Space14511');
INSERT INTO spaces (id, item_id, hour_price) VALUES (14511, 15296, 15);
INSERT INTO items (id, venue_id, name) VALUES (15298, 11312, 'Space14513');
INSERT INTO spaces (id, item_id, hour_price) VALUES (14513, 15298, 25);
INSERT INTO items (id, venue_id, name) VALUES (15299, 11312, 'Product10778');
INSERT INTO products (id, item_id, price) VALUES (10778, 15299, 2);
INSERT INTO items (id, venue_id, name) VALUES (15562, 11312, 'Product10834');
INSERT INTO products (id, item_id, price) VALUES (10834, 15562, 10);
INSERT INTO items (id, venue_id, name) VALUES (15563, 11312, 'Product10835');
INSERT INTO products (id, item_id, price) VALUES (10835, 15563, 8);
INSERT INTO items (id, venue_id, name) VALUES (18308, 11312, 'Product11622');
INSERT INTO products (id, item_id, price) VALUES (11622, 18308, 8);
INSERT INTO items (id, venue_id, name) VALUES (18744, 11312, 'Space16971');
INSERT INTO spaces (id, item_id, hour_price) VALUES (16971, 18744, 25.33);
INSERT INTO items (id, venue_id, name) VALUES (19430, 11312, 'Space17406');
INSERT INTO spaces (id, item_id, hour_price) VALUES (17406, 19430, 15);
INSERT INTO items (id, venue_id, name) VALUES (19431, 11312, 'Space17407');
INSERT INTO spaces (id, item_id, hour_price) VALUES (17407, 19431, 25);
INSERT INTO items (id, venue_id, name) VALUES (19432, 11312, 'Space17408');
INSERT INTO spaces (id, item_id, hour_price) VALUES (17408, 19432, 25);
INSERT INTO items (id, venue_id, name) VALUES (19433, 11312, 'Space17409');
INSERT INTO spaces (id, item_id, hour_price) VALUES (17409, 19433, 25);
INSERT INTO items (id, venue_id, name) VALUES (19434, 11312, 'Space17410');
INSERT INTO spaces (id, item_id, hour_price) VALUES (17410, 19434, 25);
INSERT INTO items (id, venue_id, name) VALUES (19436, 11312, 'Space17412');
INSERT INTO spaces (id, item_id, hour_price) VALUES (17412, 19436, 25);
INSERT INTO items (id, venue_id, name) VALUES (19437, 11312, 'Product12017');
INSERT INTO products (id, item_id, price) VALUES (12017, 19437, 10);
INSERT INTO items (id, venue_id, name) VALUES (19470, 11312, 'Product12028');
INSERT INTO products (id, item_id, price) VALUES (12028, 19470, 15);
INSERT INTO items (id, venue_id, name) VALUES (23123, 11312, 'Product13757');
INSERT INTO products (id, item_id, price) VALUES (13757, 23123, 12.5);
INSERT INTO items (id, venue_id, name) VALUES (23124, 11312, 'Product13758');
INSERT INTO products (id, item_id, price) VALUES (13758, 23124, 12.5);
INSERT INTO items (id, venue_id, name) VALUES (23125, 11312, 'Product13759');
INSERT INTO products (id, item_id, price) VALUES (13759, 23125, 15);
INSERT INTO items (id, venue_id, name) VALUES (23578, 11312, 'Space19580');
INSERT INTO spaces (id, item_id, hour_price) VALUES (19580, 23578, 10);
INSERT INTO venues (id, name) VALUES (11316, 'Venue11316');
INSERT INTO items (id, venue_id, name) VALUES (15302, 11316, 'Space14516');
INSERT INTO spaces (id, item_id, hour_price) VALUES (14516, 15302, 0);
INSERT INTO items (id, venue_id, name) VALUES (15303, 11316, 'Space14517');
INSERT INTO spaces (id, item_id, hour_price) VALUES (14517, 15303, 0);
INSERT INTO items (id, venue_id, name) VALUES (15304, 11316, 'Space14518');
INSERT INTO spaces (id, item_id, hour_price) VALUES (14518, 15304, 0);
INSERT INTO items (id, venue_id, name) VALUES (15305, 11316, 'Space14519');
INSERT INTO spaces (id, item_id, hour_price) VALUES (14519, 15305, 0);
INSERT INTO items (id, venue_id, name) VALUES (15306, 11316, 'Space14520');
INSERT INTO spaces (id, item_id, hour_price) VALUES (14520, 15306, 0);
INSERT INTO items (id, venue_id, name) VALUES (15307, 11316, 'Space14521');
INSERT INTO spaces (id, item_id, hour_price) VALUES (14521, 15307, 0);
INSERT INTO items (id, venue_id, name) VALUES (15308, 11316, 'Space14522');
INSERT INTO spaces (id, item_id, hour_price) VALUES (14522, 15308, 12);
INSERT INTO items (id, venue_id, name) VALUES (18785, 11316, 'Space16997');
INSERT INTO spaces (id, item_id, hour_price) VALUES (16997, 18785, 25);
INSERT INTO items (id, venue_id, name) VALUES (18786, 11316, 'Product11781');
INSERT INTO products (id, item_id, price) VALUES (11781, 18786, 10);
INSERT INTO venues (id, name) VALUES (11320, 'Venue11320');
INSERT INTO items (id, venue_id, name) VALUES (15318, 11320, 'Space14523');
INSERT INTO spaces (id, item_id, hour_price) VALUES (14523, 15318, 0);
INSERT INTO items (id, venue_id, name) VALUES (15319, 11320, 'Space14524');
INSERT INTO spaces (id, item_id, hour_price) VALUES (14524, 15319, 0);
INSERT INTO items (id, venue_id, name) VALUES (15320, 11320, 'Space14525');
INSERT INTO spaces (id, item_id, hour_price) VALUES (14525, 15320, 0);
INSERT INTO items (id, venue_id, name) VALUES (15321, 11320, 'Space14526');
INSERT INTO spaces (id, item_id, hour_price) VALUES (14526, 15321, 0);
INSERT INTO items (id, venue_id, name) VALUES (15322, 11320, 'Space14527');
INSERT INTO spaces (id, item_id, hour_price) VALUES (14527, 15322, 0);
INSERT INTO items (id, venue_id, name) VALUES (15323, 11320, 'Space14528');
INSERT INTO spaces (id, item_id, hour_price) VALUES (14528, 15323, 0);
INSERT INTO items (id, venue_id, name) VALUES (15325, 11320, 'Space14530');
INSERT INTO spaces (id, item_id, hour_price) VALUES (14530, 15325, 6.95);
INSERT INTO items (id, venue_id, name) VALUES (15698, 11320, 'Product10858');
INSERT INTO products (id, item_id, price) VALUES (10858, 15698, 5.95);
INSERT INTO items (id, venue_id, name) VALUES (17460, 11320, 'Product11258');
INSERT INTO products (id, item_id, price) VALUES (11258, 17460, 5);
INSERT INTO items (id, venue_id, name) VALUES (17592, 11320, 'Space16304');
INSERT INTO spaces (id, item_id, hour_price) VALUES (16304, 17592, 6.95);
INSERT INTO items (id, venue_id, name) VALUES (19104, 11320, 'Product11912');
INSERT INTO products (id, item_id, price) VALUES (11912, 19104, 1.25);
INSERT INTO items (id, venue_id, name) VALUES (19105, 11320, 'Product11913');
INSERT INTO products (id, item_id, price) VALUES (11913, 19105, 7.95);
INSERT INTO items (id, venue_id, name) VALUES (19106, 11320, 'Product11914');
INSERT INTO products (id, item_id, price) VALUES (11914, 19106, 8.95);
INSERT INTO items (id, venue_id, name) VALUES (19505, 11320, 'Space17457');
INSERT INTO spaces (id, item_id, hour_price) VALUES (17457, 19505, 17.95);
INSERT INTO items (id, venue_id, name) VALUES (19506, 11320, 'Product12041');
INSERT INTO products (id, item_id, price) VALUES (12041, 19506, 10);
INSERT INTO items (id, venue_id, name) VALUES (20077, 11320, 'Space17814');
INSERT INTO spaces (id, item_id, hour_price) VALUES (17814, 20077, 6.95);
INSERT INTO items (id, venue_id, name) VALUES (20205, 11320, 'Space17908');
INSERT INTO spaces (id, item_id, hour_price) VALUES (17908, 20205, 14.95);
INSERT INTO items (id, venue_id, name) VALUES (20206, 11320, 'Space17909');
INSERT INTO spaces (id, item_id, hour_price) VALUES (17909, 20206, 14.95);
INSERT INTO items (id, venue_id, name) VALUES (20207, 11320, 'Space17910');
INSERT INTO spaces (id, item_id, hour_price) VALUES (17910, 20207, 6.95);
INSERT INTO items (id, venue_id, name) VALUES (20208, 11320, 'Space17911');
INSERT INTO spaces (id, item_id, hour_price) VALUES (17911, 20208, 6.95);
INSERT INTO items (id, venue_id, name) VALUES (20209, 11320, 'Space17912');
INSERT INTO spaces (id, item_id, hour_price) VALUES (17912, 20209, 6.95);
INSERT INTO items (id, venue_id, name) VALUES (20211, 11320, 'Product12290');
INSERT INTO products (id, item_id, price) VALUES (12290, 20211, 3.95);
INSERT INTO items (id, venue_id, name) VALUES (20212, 11320, 'Product12291');
INSERT INTO products (id, item_id, price) VALUES (12291, 20212, 3.95);
INSERT INTO items (id, venue_id, name) VALUES (20213, 11320, 'Product12292');
INSERT INTO products (id, item_id, price) VALUES (12292, 20213, 3.95);
INSERT INTO items (id, venue_id, name) VALUES (20214, 11320, 'Product12293');
INSERT INTO products (id, item_id, price) VALUES (12293, 20214, 9.95);
INSERT INTO items (id, venue_id, name) VALUES (21342, 11320, 'Product12819');
INSERT INTO products (id, item_id, price) VALUES (12819, 21342, 14.95);
INSERT INTO items (id, venue_id, name) VALUES (21343, 11320, 'Product12820');
INSERT INTO products (id, item_id, price) VALUES (12820, 21343, 9.95);
INSERT INTO items (id, venue_id, name) VALUES (21345, 11320, 'Product12822');
INSERT INTO products (id, item_id, price) VALUES (12822, 21345, 24.95);
INSERT INTO items (id, venue_id, name) VALUES (22467, 11320, 'Product13425');
INSERT INTO products (id, item_id, price) VALUES (13425, 22467, 5.95);
INSERT INTO items (id, venue_id, name) VALUES (22468, 11320, 'Product13426');
INSERT INTO products (id, item_id, price) VALUES (13426, 22468, 9.95);
INSERT INTO items (id, venue_id, name) VALUES (27533, 11320, 'Product16129');
INSERT INTO products (id, item_id, price) VALUES (16129, 27533, 6.5);
INSERT INTO venues (id, name) VALUES (11331, 'Venue11331');
INSERT INTO items (id, venue_id, name) VALUES (15344, 11331, 'Space14543');
INSERT INTO spaces (id, item_id, hour_price) VALUES (14543, 15344, 0);
INSERT INTO items (id, venue_id, name) VALUES (15345, 11331, 'Space14544');
INSERT INTO spaces (id, item_id, hour_price) VALUES (14544, 15345, 0);
INSERT INTO items (id, venue_id, name) VALUES (15346, 11331, 'Space14545');
INSERT INTO spaces (id, item_id, hour_price) VALUES (14545, 15346, 0);
INSERT INTO items (id, venue_id, name) VALUES (15347, 11331, 'Space14546');
INSERT INTO spaces (id, item_id, hour_price) VALUES (14546, 15347, 0);
INSERT INTO items (id, venue_id, name) VALUES (15348, 11331, 'Space14547');
INSERT INTO spaces (id, item_id, hour_price) VALUES (14547, 15348, 0);
INSERT INTO items (id, venue_id, name) VALUES (15349, 11331, 'Space14548');
INSERT INTO spaces (id, item_id, hour_price) VALUES (14548, 15349, 0);
INSERT INTO items (id, venue_id, name) VALUES (15350, 11331, 'Space14549');
INSERT INTO spaces (id, item_id, hour_price) VALUES (14549, 15350, 2.5);
INSERT INTO items (id, venue_id, name) VALUES (24081, 11331, 'Space19823');
INSERT INTO spaces (id, item_id, hour_price) VALUES (19823, 24081, 1.75);
INSERT INTO venues (id, name) VALUES (11335, 'Venue11335');
INSERT INTO items (id, venue_id, name) VALUES (15353, 11335, 'Space14551');
INSERT INTO spaces (id, item_id, hour_price) VALUES (14551, 15353, 0);
INSERT INTO items (id, venue_id, name) VALUES (15354, 11335, 'Space14552');
INSERT INTO spaces (id, item_id, hour_price) VALUES (14552, 15354, 0);
INSERT INTO items (id, venue_id, name) VALUES (15355, 11335, 'Space14553');
INSERT INTO spaces (id, item_id, hour_price) VALUES (14553, 15355, 0);
INSERT INTO items (id, venue_id, name) VALUES (15356, 11335, 'Space14554');
INSERT INTO spaces (id, item_id, hour_price) VALUES (14554, 15356, 0);
INSERT INTO items (id, venue_id, name) VALUES (15357, 11335, 'Space14555');
INSERT INTO spaces (id, item_id, hour_price) VALUES (14555, 15357, 0);
INSERT INTO items (id, venue_id, name) VALUES (15358, 11335, 'Space14556');
INSERT INTO spaces (id, item_id, hour_price) VALUES (14556, 15358, 0);
INSERT INTO items (id, venue_id, name) VALUES (15359, 11335, 'Space14557');
INSERT INTO spaces (id, item_id, hour_price) VALUES (14557, 15359, 10);
INSERT INTO venues (id, name) VALUES (11338, 'Venue11338');
INSERT INTO items (id, venue_id, name) VALUES (15360, 11338, 'Space14558');
INSERT INTO spaces (id, item_id, hour_price) VALUES (14558, 15360, 0);
INSERT INTO items (id, venue_id, name) VALUES (15361, 11338, 'Space14559');
INSERT INTO spaces (id, item_id, hour_price) VALUES (14559, 15361, 0);
INSERT INTO items (id, venue_id, name) VALUES (15362, 11338, 'Space14560');
INSERT INTO spaces (id, item_id, hour_price) VALUES (14560, 15362, 0);
INSERT INTO items (id, venue_id, name) VALUES (15363, 11338, 'Space14561');
INSERT INTO spaces (id, item_id, hour_price) VALUES (14561, 15363, 0);
INSERT INTO items (id, venue_id, name) VALUES (15364, 11338, 'Space14562');
INSERT INTO spaces (id, item_id, hour_price) VALUES (14562, 15364, 0);
INSERT INTO items (id, venue_id, name) VALUES (15365, 11338, 'Space14563');
INSERT INTO spaces (id, item_id, hour_price) VALUES (14563, 15365, 0);
INSERT INTO items (id, venue_id, name) VALUES (15366, 11338, 'Space14564');
INSERT INTO spaces (id, item_id, hour_price) VALUES (14564, 15366, 5);
INSERT INTO items (id, venue_id, name) VALUES (15367, 11338, 'Space14565');
INSERT INTO spaces (id, item_id, hour_price) VALUES (14565, 15367, 18);
INSERT INTO items (id, venue_id, name) VALUES (15368, 11338, 'Space14566');
INSERT INTO spaces (id, item_id, hour_price) VALUES (14566, 15368, 30);
INSERT INTO items (id, venue_id, name) VALUES (15369, 11338, 'Space14567');
INSERT INTO spaces (id, item_id, hour_price) VALUES (14567, 15369, 37.5);
INSERT INTO items (id, venue_id, name) VALUES (15370, 11338, 'Product10795');
INSERT INTO products (id, item_id, price) VALUES (10795, 15370, 1);
INSERT INTO items (id, venue_id, name) VALUES (15560, 11338, 'Product10832');
INSERT INTO products (id, item_id, price) VALUES (10832, 15560, 10);
INSERT INTO items (id, venue_id, name) VALUES (15561, 11338, 'Product10833');
INSERT INTO products (id, item_id, price) VALUES (10833, 15561, 8);
INSERT INTO items (id, venue_id, name) VALUES (15826, 11338, 'Product10872');
INSERT INTO products (id, item_id, price) VALUES (10872, 15826, 6);
INSERT INTO items (id, venue_id, name) VALUES (19184, 11338, 'Space17239');
INSERT INTO spaces (id, item_id, hour_price) VALUES (17239, 19184, 18);
INSERT INTO items (id, venue_id, name) VALUES (19185, 11338, 'Product11938');
INSERT INTO products (id, item_id, price) VALUES (11938, 19185, 0);
INSERT INTO items (id, venue_id, name) VALUES (19186, 11338, 'Product11939');
INSERT INTO products (id, item_id, price) VALUES (11939, 19186, 100);
INSERT INTO items (id, venue_id, name) VALUES (19187, 11338, 'Product11940');
INSERT INTO products (id, item_id, price) VALUES (11940, 19187, 40);
INSERT INTO items (id, venue_id, name) VALUES (19188, 11338, 'Product11941');
INSERT INTO products (id, item_id, price) VALUES (11941, 19188, 0.25);
INSERT INTO items (id, venue_id, name) VALUES (19189, 11338, 'Product11942');
INSERT INTO products (id, item_id, price) VALUES (11942, 19189, 0.1);
INSERT INTO items (id, venue_id, name) VALUES (19471, 11338, 'Product12029');
INSERT INTO products (id, item_id, price) VALUES (12029, 19471, 15);
INSERT INTO items (id, venue_id, name) VALUES (19803, 11338, 'Product12165');
INSERT INTO products (id, item_id, price) VALUES (12165, 19803, 1.5);
INSERT INTO items (id, venue_id, name) VALUES (23838, 11338, 'Space19702');
INSERT INTO spaces (id, item_id, hour_price) VALUES (19702, 23838, 10);
INSERT INTO items (id, venue_id, name) VALUES (25307, 11338, 'Product14923');
INSERT INTO products (id, item_id, price) VALUES (14923, 25307, 2);
INSERT INTO items (id, venue_id, name) VALUES (25308, 11338, 'Product14924');
INSERT INTO products (id, item_id, price) VALUES (14924, 25308, 5);
INSERT INTO items (id, venue_id, name) VALUES (25309, 11338, 'Product14925');
INSERT INTO products (id, item_id, price) VALUES (14925, 25309, 9.95);
INSERT INTO items (id, venue_id, name) VALUES (25947, 11338, 'Product15291');
INSERT INTO products (id, item_id, price) VALUES (15291, 25947, 1);
INSERT INTO items (id, venue_id, name) VALUES (26208, 11338, 'Product15454');
INSERT INTO products (id, item_id, price) VALUES (15454, 26208, 0);
INSERT INTO venues (id, name) VALUES (11341, 'Venue11341');
INSERT INTO items (id, venue_id, name) VALUES (15371, 11341, 'Space14568');
INSERT INTO spaces (id, item_id, hour_price) VALUES (14568, 15371, 0);
INSERT INTO items (id, venue_id, name) VALUES (15372, 11341, 'Space14569');
INSERT INTO spaces (id, item_id, hour_price) VALUES (14569, 15372, 0);
INSERT INTO items (id, venue_id, name) VALUES (15373, 11341, 'Space14570');
INSERT INTO spaces (id, item_id, hour_price) VALUES (14570, 15373, 0);
INSERT INTO items (id, venue_id, name) VALUES (15374, 11341, 'Space14571');
INSERT INTO spaces (id, item_id, hour_price) VALUES (14571, 15374, 0);
INSERT INTO items (id, venue_id, name) VALUES (15375, 11341, 'Space14572');
INSERT INTO spaces (id, item_id, hour_price) VALUES (14572, 15375, 0);
INSERT INTO items (id, venue_id, name) VALUES (15376, 11341, 'Space14573');
INSERT INTO spaces (id, item_id, hour_price) VALUES (14573, 15376, 0);
INSERT INTO items (id, venue_id, name) VALUES (15377, 11341, 'Space14574');
INSERT INTO spaces (id, item_id, hour_price) VALUES (14574, 15377, 5);
INSERT INTO items (id, venue_id, name) VALUES (15401, 11341, 'Space14598');
INSERT INTO spaces (id, item_id, hour_price) VALUES (14598, 15401, 18);
INSERT INTO items (id, venue_id, name) VALUES (15402, 11341, 'Space14599');
INSERT INTO spaces (id, item_id, hour_price) VALUES (14599, 15402, 30);
INSERT INTO items (id, venue_id, name) VALUES (15403, 11341, 'Space14600');
INSERT INTO spaces (id, item_id, hour_price) VALUES (14600, 15403, 37.5);
INSERT INTO items (id, venue_id, name) VALUES (15404, 11341, 'Product10796');
INSERT INTO products (id, item_id, price) VALUES (10796, 15404, 1.5);
INSERT INTO items (id, venue_id, name) VALUES (15557, 11341, 'Space14720');
INSERT INTO spaces (id, item_id, hour_price) VALUES (14720, 15557, 18);
INSERT INTO items (id, venue_id, name) VALUES (15558, 11341, 'Product10830');
INSERT INTO products (id, item_id, price) VALUES (10830, 15558, 10);
INSERT INTO items (id, venue_id, name) VALUES (15559, 11341, 'Product10831');
INSERT INTO products (id, item_id, price) VALUES (10831, 15559, 8);
INSERT INTO items (id, venue_id, name) VALUES (17775, 11341, 'Space16453');
INSERT INTO spaces (id, item_id, hour_price) VALUES (16453, 17775, 40);
INSERT INTO items (id, venue_id, name) VALUES (17776, 11341, 'Space16454');
INSERT INTO spaces (id, item_id, hour_price) VALUES (16454, 17776, 50);
INSERT INTO items (id, venue_id, name) VALUES (19467, 11341, 'Product12025');
INSERT INTO products (id, item_id, price) VALUES (12025, 19467, 8);
INSERT INTO items (id, venue_id, name) VALUES (19468, 11341, 'Product12026');
INSERT INTO products (id, item_id, price) VALUES (12026, 19468, 0);
INSERT INTO items (id, venue_id, name) VALUES (19469, 11341, 'Product12027');
INSERT INTO products (id, item_id, price) VALUES (12027, 19469, 15);
INSERT INTO items (id, venue_id, name) VALUES (19472, 11341, 'Product12030');
INSERT INTO products (id, item_id, price) VALUES (12030, 19472, 0.25);
INSERT INTO items (id, venue_id, name) VALUES (19473, 11341, 'Product12031');
INSERT INTO products (id, item_id, price) VALUES (12031, 19473, 0.1);
INSERT INTO items (id, venue_id, name) VALUES (23839, 11341, 'Space19703');
INSERT INTO spaces (id, item_id, hour_price) VALUES (19703, 23839, 10);
INSERT INTO venues (id, name) VALUES (11354, 'Venue11354');
INSERT INTO items (id, venue_id, name) VALUES (15395, 11354, 'Space14592');
INSERT INTO spaces (id, item_id, hour_price) VALUES (14592, 15395, 0);
INSERT INTO items (id, venue_id, name) VALUES (15396, 11354, 'Space14593');
INSERT INTO spaces (id, item_id, hour_price) VALUES (14593, 15396, 0);
INSERT INTO items (id, venue_id, name) VALUES (15397, 11354, 'Space14594');
INSERT INTO spaces (id, item_id, hour_price) VALUES (14594, 15397, 0);
INSERT INTO items (id, venue_id, name) VALUES (15398, 11354, 'Space14595');
INSERT INTO spaces (id, item_id, hour_price) VALUES (14595, 15398, 0);
INSERT INTO items (id, venue_id, name) VALUES (15399, 11354, 'Space14596');
INSERT INTO spaces (id, item_id, hour_price) VALUES (14596, 15399, 0);
INSERT INTO items (id, venue_id, name) VALUES (15400, 11354, 'Space14597');
INSERT INTO spaces (id, item_id, hour_price) VALUES (14597, 15400, 0);
INSERT INTO items (id, venue_id, name) VALUES (15508, 11354, 'Space14682');
INSERT INTO spaces (id, item_id, hour_price) VALUES (14682, 15508, 35);
INSERT INTO items (id, venue_id, name) VALUES (15512, 11354, 'Product10819');
INSERT INTO products (id, item_id, price) VALUES (10819, 15512, 1);
INSERT INTO items (id, venue_id, name) VALUES (15513, 11354, 'Product10820');
INSERT INTO products (id, item_id, price) VALUES (10820, 15513, 1.7);
INSERT INTO items (id, venue_id, name) VALUES (18339, 11354, 'Product11626');
INSERT INTO products (id, item_id, price) VALUES (11626, 18339, 0);
INSERT INTO items (id, venue_id, name) VALUES (18340, 11354, 'Product11627');
INSERT INTO products (id, item_id, price) VALUES (11627, 18340, 0);
INSERT INTO items (id, venue_id, name) VALUES (18341, 11354, 'Product11628');
INSERT INTO products (id, item_id, price) VALUES (11628, 18341, 10);
INSERT INTO items (id, venue_id, name) VALUES (18342, 11354, 'Product11629');
INSERT INTO products (id, item_id, price) VALUES (11629, 18342, 10);
INSERT INTO items (id, venue_id, name) VALUES (18343, 11354, 'Product11630');
INSERT INTO products (id, item_id, price) VALUES (11630, 18343, 5);
INSERT INTO venues (id, name) VALUES (11360, 'Venue11360');
INSERT INTO items (id, venue_id, name) VALUES (15415, 11360, 'Space14602');
INSERT INTO spaces (id, item_id, hour_price) VALUES (14602, 15415, 0);
INSERT INTO items (id, venue_id, name) VALUES (15416, 11360, 'Space14603');
INSERT INTO spaces (id, item_id, hour_price) VALUES (14603, 15416, 0);
INSERT INTO items (id, venue_id, name) VALUES (15417, 11360, 'Space14604');
INSERT INTO spaces (id, item_id, hour_price) VALUES (14604, 15417, 0);
INSERT INTO items (id, venue_id, name) VALUES (15418, 11360, 'Space14605');
INSERT INTO spaces (id, item_id, hour_price) VALUES (14605, 15418, 0);
INSERT INTO items (id, venue_id, name) VALUES (15419, 11360, 'Space14606');
INSERT INTO spaces (id, item_id, hour_price) VALUES (14606, 15419, 0);
INSERT INTO items (id, venue_id, name) VALUES (15420, 11360, 'Space14607');
INSERT INTO spaces (id, item_id, hour_price) VALUES (14607, 15420, 0);
INSERT INTO venues (id, name) VALUES (11366, 'Venue11366');
INSERT INTO items (id, venue_id, name) VALUES (15422, 11366, 'Space14609');
INSERT INTO spaces (id, item_id, hour_price) VALUES (14609, 15422, 0);
INSERT INTO items (id, venue_id, name) VALUES (15423, 11366, 'Space14610');
INSERT INTO spaces (id, item_id, hour_price) VALUES (14610, 15423, 0);
INSERT INTO items (id, venue_id, name) VALUES (15424, 11366, 'Space14611');
INSERT INTO spaces (id, item_id, hour_price) VALUES (14611, 15424, 0);
INSERT INTO items (id, venue_id, name) VALUES (15425, 11366, 'Space14612');
INSERT INTO spaces (id, item_id, hour_price) VALUES (14612, 15425, 0);
INSERT INTO items (id, venue_id, name) VALUES (15426, 11366, 'Space14613');
INSERT INTO spaces (id, item_id, hour_price) VALUES (14613, 15426, 0);
INSERT INTO items (id, venue_id, name) VALUES (15427, 11366, 'Space14614');
INSERT INTO spaces (id, item_id, hour_price) VALUES (14614, 15427, 0);
INSERT INTO items (id, venue_id, name) VALUES (15428, 11366, 'Space14615');
INSERT INTO spaces (id, item_id, hour_price) VALUES (14615, 15428, 8.8);
INSERT INTO items (id, venue_id, name) VALUES (15429, 11366, 'Space14616');
INSERT INTO spaces (id, item_id, hour_price) VALUES (14616, 15429, 8);
INSERT INTO items (id, venue_id, name) VALUES (15430, 11366, 'Space14617');
INSERT INTO spaces (id, item_id, hour_price) VALUES (14617, 15430, 4.8);
INSERT INTO items (id, venue_id, name) VALUES (17763, 11366, 'Space16445');
INSERT INTO spaces (id, item_id, hour_price) VALUES (16445, 17763, 9);
INSERT INTO items (id, venue_id, name) VALUES (18638, 11366, 'Product11722');
INSERT INTO products (id, item_id, price) VALUES (11722, 18638, 9);
INSERT INTO items (id, venue_id, name) VALUES (18639, 11366, 'Product11723');
INSERT INTO products (id, item_id, price) VALUES (11723, 18639, 3);
INSERT INTO items (id, venue_id, name) VALUES (18640, 11366, 'Product11724');
INSERT INTO products (id, item_id, price) VALUES (11724, 18640, 3);
INSERT INTO items (id, venue_id, name) VALUES (18641, 11366, 'Product11725');
INSERT INTO products (id, item_id, price) VALUES (11725, 18641, 3.5);
INSERT INTO items (id, venue_id, name) VALUES (19071, 11366, 'Product11886');
INSERT INTO products (id, item_id, price) VALUES (11886, 19071, 0.6);
INSERT INTO items (id, venue_id, name) VALUES (19073, 11366, 'Product11887');
INSERT INTO products (id, item_id, price) VALUES (11887, 19073, 1);
INSERT INTO items (id, venue_id, name) VALUES (19360, 11366, 'Product12009');
INSERT INTO products (id, item_id, price) VALUES (12009, 19360, 25);
INSERT INTO items (id, venue_id, name) VALUES (20169, 11366, 'Product12283');
INSERT INTO products (id, item_id, price) VALUES (12283, 20169, 10);
INSERT INTO items (id, venue_id, name) VALUES (20170, 11366, 'Product12284');
INSERT INTO products (id, item_id, price) VALUES (12284, 20170, 0.1);
INSERT INTO items (id, venue_id, name) VALUES (20171, 11366, 'Product12285');
INSERT INTO products (id, item_id, price) VALUES (12285, 20171, 0.44);
INSERT INTO items (id, venue_id, name) VALUES (27603, 11366, 'Space21449');
INSERT INTO spaces (id, item_id, hour_price) VALUES (21449, 27603, 11.6);
INSERT INTO venues (id, name) VALUES (11371, 'Venue11371');
INSERT INTO items (id, venue_id, name) VALUES (15431, 11371, 'Space14618');
INSERT INTO spaces (id, item_id, hour_price) VALUES (14618, 15431, 0);
INSERT INTO items (id, venue_id, name) VALUES (15432, 11371, 'Space14619');
INSERT INTO spaces (id, item_id, hour_price) VALUES (14619, 15432, 0);
INSERT INTO items (id, venue_id, name) VALUES (15433, 11371, 'Space14620');
INSERT INTO spaces (id, item_id, hour_price) VALUES (14620, 15433, 0);
INSERT INTO items (id, venue_id, name) VALUES (15434, 11371, 'Space14621');
INSERT INTO spaces (id, item_id, hour_price) VALUES (14621, 15434, 0);
INSERT INTO items (id, venue_id, name) VALUES (15435, 11371, 'Space14622');
INSERT INTO spaces (id, item_id, hour_price) VALUES (14622, 15435, 0);
INSERT INTO items (id, venue_id, name) VALUES (15436, 11371, 'Space14623');
INSERT INTO spaces (id, item_id, hour_price) VALUES (14623, 15436, 0);
INSERT INTO items (id, venue_id, name) VALUES (15437, 11371, 'Space14624');
INSERT INTO spaces (id, item_id, hour_price) VALUES (14624, 15437, 100);
INSERT INTO items (id, venue_id, name) VALUES (15438, 11371, 'Space14625');
INSERT INTO spaces (id, item_id, hour_price) VALUES (14625, 15438, 200);
INSERT INTO venues (id, name) VALUES (11377, 'Venue11377');
INSERT INTO items (id, venue_id, name) VALUES (15440, 11377, 'Space14626');
INSERT INTO spaces (id, item_id, hour_price) VALUES (14626, 15440, 0);
INSERT INTO items (id, venue_id, name) VALUES (15441, 11377, 'Space14627');
INSERT INTO spaces (id, item_id, hour_price) VALUES (14627, 15441, 0);
INSERT INTO items (id, venue_id, name) VALUES (15442, 11377, 'Space14628');
INSERT INTO spaces (id, item_id, hour_price) VALUES (14628, 15442, 0);
INSERT INTO items (id, venue_id, name) VALUES (15443, 11377, 'Space14629');
INSERT INTO spaces (id, item_id, hour_price) VALUES (14629, 15443, 0);
INSERT INTO items (id, venue_id, name) VALUES (15444, 11377, 'Space14630');
INSERT INTO spaces (id, item_id, hour_price) VALUES (14630, 15444, 0);
INSERT INTO items (id, venue_id, name) VALUES (15445, 11377, 'Space14631');
INSERT INTO spaces (id, item_id, hour_price) VALUES (14631, 15445, 0);
INSERT INTO items (id, venue_id, name) VALUES (15446, 11377, 'Space14632');
INSERT INTO spaces (id, item_id, hour_price) VALUES (14632, 15446, 50);
INSERT INTO items (id, venue_id, name) VALUES (15447, 11377, 'Space14633');
INSERT INTO spaces (id, item_id, hour_price) VALUES (14633, 15447, 30);
INSERT INTO items (id, venue_id, name) VALUES (15448, 11377, 'Product10807');
INSERT INTO products (id, item_id, price) VALUES (10807, 15448, 9.5);
INSERT INTO items (id, venue_id, name) VALUES (15449, 11377, 'Product10808');
INSERT INTO products (id, item_id, price) VALUES (10808, 15449, 12.5);
INSERT INTO items (id, venue_id, name) VALUES (15450, 11377, 'Product10809');
INSERT INTO products (id, item_id, price) VALUES (10809, 15450, 15);
INSERT INTO items (id, venue_id, name) VALUES (15451, 11377, 'Product10810');
INSERT INTO products (id, item_id, price) VALUES (10810, 15451, 25);
INSERT INTO items (id, venue_id, name) VALUES (15452, 11377, 'Product10811');
INSERT INTO products (id, item_id, price) VALUES (10811, 15452, 65);
INSERT INTO items (id, venue_id, name) VALUES (15453, 11377, 'Product10812');
INSERT INTO products (id, item_id, price) VALUES (10812, 15453, 17.5);
INSERT INTO venues (id, name) VALUES (11381, 'Venue11381');
INSERT INTO items (id, venue_id, name) VALUES (15455, 11381, 'Space14635');
INSERT INTO spaces (id, item_id, hour_price) VALUES (14635, 15455, 0);
INSERT INTO items (id, venue_id, name) VALUES (15456, 11381, 'Space14636');
INSERT INTO spaces (id, item_id, hour_price) VALUES (14636, 15456, 0);
INSERT INTO items (id, venue_id, name) VALUES (15457, 11381, 'Space14637');
INSERT INTO spaces (id, item_id, hour_price) VALUES (14637, 15457, 0);
INSERT INTO items (id, venue_id, name) VALUES (15458, 11381, 'Space14638');
INSERT INTO spaces (id, item_id, hour_price) VALUES (14638, 15458, 0);
INSERT INTO items (id, venue_id, name) VALUES (15459, 11381, 'Space14639');
INSERT INTO spaces (id, item_id, hour_price) VALUES (14639, 15459, 0);
INSERT INTO items (id, venue_id, name) VALUES (15460, 11381, 'Space14640');
INSERT INTO spaces (id, item_id, hour_price) VALUES (14640, 15460, 0);
INSERT INTO items (id, venue_id, name) VALUES (16301, 11381, 'Space15325');
INSERT INTO spaces (id, item_id, hour_price) VALUES (15325, 16301, 100);
INSERT INTO items (id, venue_id, name) VALUES (16302, 11381, 'Space15326');
INSERT INTO spaces (id, item_id, hour_price) VALUES (15326, 16302, 100);
INSERT INTO items (id, venue_id, name) VALUES (16303, 11381, 'Space15327');
INSERT INTO spaces (id, item_id, hour_price) VALUES (15327, 16303, 100);
INSERT INTO items (id, venue_id, name) VALUES (16304, 11381, 'Space15328');
INSERT INTO spaces (id, item_id, hour_price) VALUES (15328, 16304, 100);
INSERT INTO items (id, venue_id, name) VALUES (16305, 11381, 'Product10969');
INSERT INTO products (id, item_id, price) VALUES (10969, 16305, 10);
INSERT INTO items (id, venue_id, name) VALUES (16306, 11381, 'Product10970');
INSERT INTO products (id, item_id, price) VALUES (10970, 16306, 0);
INSERT INTO items (id, venue_id, name) VALUES (16307, 11381, 'Product10971');
INSERT INTO products (id, item_id, price) VALUES (10971, 16307, 0);
INSERT INTO venues (id, name) VALUES (11385, 'Venue11385');
INSERT INTO items (id, venue_id, name) VALUES (15461, 11385, 'Space14641');
INSERT INTO spaces (id, item_id, hour_price) VALUES (14641, 15461, 0);
INSERT INTO items (id, venue_id, name) VALUES (15462, 11385, 'Space14642');
INSERT INTO spaces (id, item_id, hour_price) VALUES (14642, 15462, 0);
INSERT INTO items (id, venue_id, name) VALUES (15463, 11385, 'Space14643');
INSERT INTO spaces (id, item_id, hour_price) VALUES (14643, 15463, 0);
INSERT INTO items (id, venue_id, name) VALUES (15464, 11385, 'Space14644');
INSERT INTO spaces (id, item_id, hour_price) VALUES (14644, 15464, 0);
INSERT INTO items (id, venue_id, name) VALUES (15465, 11385, 'Space14645');
INSERT INTO spaces (id, item_id, hour_price) VALUES (14645, 15465, 0);
INSERT INTO items (id, venue_id, name) VALUES (15466, 11385, 'Space14646');
INSERT INTO spaces (id, item_id, hour_price) VALUES (14646, 15466, 0);
INSERT INTO items (id, venue_id, name) VALUES (15467, 11385, 'Space14647');
INSERT INTO spaces (id, item_id, hour_price) VALUES (14647, 15467, 14.5);
INSERT INTO items (id, venue_id, name) VALUES (15468, 11385, 'Space14648');
INSERT INTO spaces (id, item_id, hour_price) VALUES (14648, 15468, 10);
INSERT INTO items (id, venue_id, name) VALUES (15469, 11385, 'Space14649');
INSERT INTO spaces (id, item_id, hour_price) VALUES (14649, 15469, 20);
INSERT INTO items (id, venue_id, name) VALUES (15472, 11385, 'Space14652');
INSERT INTO spaces (id, item_id, hour_price) VALUES (14652, 15472, 50);
INSERT INTO items (id, venue_id, name) VALUES (18328, 11385, 'Space16695');
INSERT INTO spaces (id, item_id, hour_price) VALUES (16695, 18328, 95);
INSERT INTO items (id, venue_id, name) VALUES (20031, 11385, 'Product12244');
INSERT INTO products (id, item_id, price) VALUES (12244, 20031, 40);
INSERT INTO items (id, venue_id, name) VALUES (20032, 11385, 'Product12245');
INSERT INTO products (id, item_id, price) VALUES (12245, 20032, 70);
INSERT INTO items (id, venue_id, name) VALUES (20033, 11385, 'Product12246');
INSERT INTO products (id, item_id, price) VALUES (12246, 20033, 5);
INSERT INTO items (id, venue_id, name) VALUES (20034, 11385, 'Product12247');
INSERT INTO products (id, item_id, price) VALUES (12247, 20034, 30);
INSERT INTO items (id, venue_id, name) VALUES (20035, 11385, 'Product12248');
INSERT INTO products (id, item_id, price) VALUES (12248, 20035, 50);
INSERT INTO items (id, venue_id, name) VALUES (20122, 11385, 'Space17841');
INSERT INTO spaces (id, item_id, hour_price) VALUES (17841, 20122, 90);
INSERT INTO items (id, venue_id, name) VALUES (20123, 11385, 'Space17842');
INSERT INTO spaces (id, item_id, hour_price) VALUES (17842, 20123, 50);
INSERT INTO items (id, venue_id, name) VALUES (20124, 11385, 'Space17843');
INSERT INTO spaces (id, item_id, hour_price) VALUES (17843, 20124, 50);
INSERT INTO items (id, venue_id, name) VALUES (20125, 11385, 'Space17844');
INSERT INTO spaces (id, item_id, hour_price) VALUES (17844, 20125, 50);
INSERT INTO items (id, venue_id, name) VALUES (20126, 11385, 'Space17845');
INSERT INTO spaces (id, item_id, hour_price) VALUES (17845, 20126, 45);
INSERT INTO items (id, venue_id, name) VALUES (20127, 11385, 'Space17846');
INSERT INTO spaces (id, item_id, hour_price) VALUES (17846, 20127, 80);
INSERT INTO items (id, venue_id, name) VALUES (20128, 11385, 'Product12274');
INSERT INTO products (id, item_id, price) VALUES (12274, 20128, 6);
INSERT INTO items (id, venue_id, name) VALUES (20129, 11385, 'Product12275');
INSERT INTO products (id, item_id, price) VALUES (12275, 20129, 9);
INSERT INTO items (id, venue_id, name) VALUES (20130, 11385, 'Product12276');
INSERT INTO products (id, item_id, price) VALUES (12276, 20130, 12.5);
INSERT INTO venues (id, name) VALUES (11389, 'Venue11389');
INSERT INTO items (id, venue_id, name) VALUES (15474, 11389, 'Space14654');
INSERT INTO spaces (id, item_id, hour_price) VALUES (14654, 15474, 0);
INSERT INTO items (id, venue_id, name) VALUES (15475, 11389, 'Space14655');
INSERT INTO spaces (id, item_id, hour_price) VALUES (14655, 15475, 0);
INSERT INTO items (id, venue_id, name) VALUES (15476, 11389, 'Space14656');
INSERT INTO spaces (id, item_id, hour_price) VALUES (14656, 15476, 0);
INSERT INTO items (id, venue_id, name) VALUES (15477, 11389, 'Space14657');
INSERT INTO spaces (id, item_id, hour_price) VALUES (14657, 15477, 0);
INSERT INTO items (id, venue_id, name) VALUES (15478, 11389, 'Space14658');
INSERT INTO spaces (id, item_id, hour_price) VALUES (14658, 15478, 0);
INSERT INTO items (id, venue_id, name) VALUES (15479, 11389, 'Space14659');
INSERT INTO spaces (id, item_id, hour_price) VALUES (14659, 15479, 0);
INSERT INTO items (id, venue_id, name) VALUES (15484, 11389, 'Product10813');
INSERT INTO products (id, item_id, price) VALUES (10813, 15484, 50);
INSERT INTO items (id, venue_id, name) VALUES (15485, 11389, 'Product10814');
INSERT INTO products (id, item_id, price) VALUES (10814, 15485, 7.5);
INSERT INTO items (id, venue_id, name) VALUES (15486, 11389, 'Product10815');
INSERT INTO products (id, item_id, price) VALUES (10815, 15486, 50);
INSERT INTO items (id, venue_id, name) VALUES (15487, 11389, 'Product10816');
INSERT INTO products (id, item_id, price) VALUES (10816, 15487, 50);
INSERT INTO items (id, venue_id, name) VALUES (24168, 11389, 'Space19857');
INSERT INTO spaces (id, item_id, hour_price) VALUES (19857, 24168, 7.5);
INSERT INTO items (id, venue_id, name) VALUES (24169, 11389, 'Space19858');
INSERT INTO spaces (id, item_id, hour_price) VALUES (19858, 24169, 7.5);
INSERT INTO items (id, venue_id, name) VALUES (24170, 11389, 'Space19859');
INSERT INTO spaces (id, item_id, hour_price) VALUES (19859, 24170, 7.5);
INSERT INTO items (id, venue_id, name) VALUES (24171, 11389, 'Space19860');
INSERT INTO spaces (id, item_id, hour_price) VALUES (19860, 24171, 7.5);
INSERT INTO items (id, venue_id, name) VALUES (24172, 11389, 'Space19861');
INSERT INTO spaces (id, item_id, hour_price) VALUES (19861, 24172, 7.5);
INSERT INTO items (id, venue_id, name) VALUES (24173, 11389, 'Space19862');
INSERT INTO spaces (id, item_id, hour_price) VALUES (19862, 24173, 7.5);
INSERT INTO items (id, venue_id, name) VALUES (24174, 11389, 'Space19863');
INSERT INTO spaces (id, item_id, hour_price) VALUES (19863, 24174, 0);
INSERT INTO items (id, venue_id, name) VALUES (24175, 11389, 'Space19864');
INSERT INTO spaces (id, item_id, hour_price) VALUES (19864, 24175, 0);
INSERT INTO items (id, venue_id, name) VALUES (24176, 11389, 'Space19865');
INSERT INTO spaces (id, item_id, hour_price) VALUES (19865, 24176, 0);
INSERT INTO items (id, venue_id, name) VALUES (24177, 11389, 'Space19866');
INSERT INTO spaces (id, item_id, hour_price) VALUES (19866, 24177, 0);
INSERT INTO items (id, venue_id, name) VALUES (24178, 11389, 'Space19867');
INSERT INTO spaces (id, item_id, hour_price) VALUES (19867, 24178, 0);
INSERT INTO items (id, venue_id, name) VALUES (25757, 11389, 'Product15172');
INSERT INTO products (id, item_id, price) VALUES (15172, 25757, 2.5);
INSERT INTO venues (id, name) VALUES (11397, 'Venue11397');
INSERT INTO items (id, venue_id, name) VALUES (15497, 11397, 'Space14671');
INSERT INTO spaces (id, item_id, hour_price) VALUES (14671, 15497, 0);
INSERT INTO items (id, venue_id, name) VALUES (15498, 11397, 'Space14672');
INSERT INTO spaces (id, item_id, hour_price) VALUES (14672, 15498, 0);
INSERT INTO items (id, venue_id, name) VALUES (15499, 11397, 'Space14673');
INSERT INTO spaces (id, item_id, hour_price) VALUES (14673, 15499, 0);
INSERT INTO items (id, venue_id, name) VALUES (15500, 11397, 'Space14674');
INSERT INTO spaces (id, item_id, hour_price) VALUES (14674, 15500, 0);
INSERT INTO items (id, venue_id, name) VALUES (15501, 11397, 'Space14675');
INSERT INTO spaces (id, item_id, hour_price) VALUES (14675, 15501, 0);
INSERT INTO items (id, venue_id, name) VALUES (15502, 11397, 'Space14676');
INSERT INTO spaces (id, item_id, hour_price) VALUES (14676, 15502, 0);
INSERT INTO items (id, venue_id, name) VALUES (15506, 11397, 'Space14680');
INSERT INTO spaces (id, item_id, hour_price) VALUES (14680, 15506, 8);
INSERT INTO items (id, venue_id, name) VALUES (15507, 11397, 'Space14681');
INSERT INTO spaces (id, item_id, hour_price) VALUES (14681, 15507, 11);
INSERT INTO items (id, venue_id, name) VALUES (16351, 11397, 'Product10986');
INSERT INTO products (id, item_id, price) VALUES (10986, 16351, 3);
INSERT INTO items (id, venue_id, name) VALUES (16353, 11397, 'Product10988');
INSERT INTO products (id, item_id, price) VALUES (10988, 16353, 0.6);
INSERT INTO items (id, venue_id, name) VALUES (20029, 11397, 'Space17779');
INSERT INTO spaces (id, item_id, hour_price) VALUES (17779, 20029, 26.13);
INSERT INTO items (id, venue_id, name) VALUES (20250, 11397, 'Product12297');
INSERT INTO products (id, item_id, price) VALUES (12297, 20250, 3);
INSERT INTO items (id, venue_id, name) VALUES (20251, 11397, 'Product12298');
INSERT INTO products (id, item_id, price) VALUES (12298, 20251, 1.75);
INSERT INTO items (id, venue_id, name) VALUES (20252, 11397, 'Product12299');
INSERT INTO products (id, item_id, price) VALUES (12299, 20252, 1.75);
INSERT INTO items (id, venue_id, name) VALUES (20253, 11397, 'Product12300');
INSERT INTO products (id, item_id, price) VALUES (12300, 20253, 2.75);
INSERT INTO items (id, venue_id, name) VALUES (20254, 11397, 'Product12301');
INSERT INTO products (id, item_id, price) VALUES (12301, 20254, 1);
INSERT INTO items (id, venue_id, name) VALUES (20255, 11397, 'Product12302');
INSERT INTO products (id, item_id, price) VALUES (12302, 20255, 2.5);
INSERT INTO items (id, venue_id, name) VALUES (20256, 11397, 'Product12303');
INSERT INTO products (id, item_id, price) VALUES (12303, 20256, 2.5);
INSERT INTO items (id, venue_id, name) VALUES (22054, 11397, 'Product13200');
INSERT INTO products (id, item_id, price) VALUES (13200, 22054, 3.75);
INSERT INTO items (id, venue_id, name) VALUES (22389, 11397, 'Product13379');
INSERT INTO products (id, item_id, price) VALUES (13379, 22389, 0);
INSERT INTO items (id, venue_id, name) VALUES (22390, 11397, 'Product13380');
INSERT INTO products (id, item_id, price) VALUES (13380, 22390, 0);
INSERT INTO items (id, venue_id, name) VALUES (22391, 11397, 'Product13381');
INSERT INTO products (id, item_id, price) VALUES (13381, 22391, 0);
INSERT INTO items (id, venue_id, name) VALUES (22392, 11397, 'Product13382');
INSERT INTO products (id, item_id, price) VALUES (13382, 22392, 0);
INSERT INTO items (id, venue_id, name) VALUES (22394, 11397, 'Product13384');
INSERT INTO products (id, item_id, price) VALUES (13384, 22394, 0);
INSERT INTO items (id, venue_id, name) VALUES (22411, 11397, 'Product13394');
INSERT INTO products (id, item_id, price) VALUES (13394, 22411, 0);
INSERT INTO items (id, venue_id, name) VALUES (22504, 11397, 'Product13445');
INSERT INTO products (id, item_id, price) VALUES (13445, 22504, 0);
INSERT INTO items (id, venue_id, name) VALUES (22712, 11397, 'Product13554');
INSERT INTO products (id, item_id, price) VALUES (13554, 22712, 0);
INSERT INTO items (id, venue_id, name) VALUES (22713, 11397, 'Product13555');
INSERT INTO products (id, item_id, price) VALUES (13555, 22713, 0);
INSERT INTO items (id, venue_id, name) VALUES (23305, 11397, 'Product13852');
INSERT INTO products (id, item_id, price) VALUES (13852, 23305, 0.1);
INSERT INTO items (id, venue_id, name) VALUES (23639, 11397, 'Product13998');
INSERT INTO products (id, item_id, price) VALUES (13998, 23639, 15);
INSERT INTO items (id, venue_id, name) VALUES (23640, 11397, 'Product13999');
INSERT INTO products (id, item_id, price) VALUES (13999, 23640, 25);
INSERT INTO items (id, venue_id, name) VALUES (23793, 11397, 'Product14088');
INSERT INTO products (id, item_id, price) VALUES (14088, 23793, 0.44);
INSERT INTO items (id, venue_id, name) VALUES (24030, 11397, 'Product14221');
INSERT INTO products (id, item_id, price) VALUES (14221, 24030, 1.1);
INSERT INTO items (id, venue_id, name) VALUES (24045, 11397, 'Product14229');
INSERT INTO products (id, item_id, price) VALUES (14229, 24045, 7);
INSERT INTO venues (id, name) VALUES (11403, 'Venue11403');
INSERT INTO items (id, venue_id, name) VALUES (15517, 11403, 'Space14689');
INSERT INTO spaces (id, item_id, hour_price) VALUES (14689, 15517, 0);
INSERT INTO items (id, venue_id, name) VALUES (15518, 11403, 'Space14690');
INSERT INTO spaces (id, item_id, hour_price) VALUES (14690, 15518, 0);
INSERT INTO items (id, venue_id, name) VALUES (15519, 11403, 'Space14691');
INSERT INTO spaces (id, item_id, hour_price) VALUES (14691, 15519, 0);
INSERT INTO items (id, venue_id, name) VALUES (15520, 11403, 'Space14692');
INSERT INTO spaces (id, item_id, hour_price) VALUES (14692, 15520, 0);
INSERT INTO items (id, venue_id, name) VALUES (15521, 11403, 'Space14693');
INSERT INTO spaces (id, item_id, hour_price) VALUES (14693, 15521, 0);
INSERT INTO items (id, venue_id, name) VALUES (15522, 11403, 'Space14694');
INSERT INTO spaces (id, item_id, hour_price) VALUES (14694, 15522, 0);
INSERT INTO items (id, venue_id, name) VALUES (15523, 11403, 'Space14695');
INSERT INTO spaces (id, item_id, hour_price) VALUES (14695, 15523, 4);
INSERT INTO items (id, venue_id, name) VALUES (15524, 11403, 'Space14696');
INSERT INTO spaces (id, item_id, hour_price) VALUES (14696, 15524, 4);
INSERT INTO items (id, venue_id, name) VALUES (15909, 11403, 'Product10891');
INSERT INTO products (id, item_id, price) VALUES (10891, 15909, 5);
INSERT INTO venues (id, name) VALUES (11407, 'Venue11407');
INSERT INTO items (id, venue_id, name) VALUES (15534, 11407, 'Space14697');
INSERT INTO spaces (id, item_id, hour_price) VALUES (14697, 15534, 0);
INSERT INTO items (id, venue_id, name) VALUES (15535, 11407, 'Space14698');
INSERT INTO spaces (id, item_id, hour_price) VALUES (14698, 15535, 0);
INSERT INTO items (id, venue_id, name) VALUES (15536, 11407, 'Space14699');
INSERT INTO spaces (id, item_id, hour_price) VALUES (14699, 15536, 0);
INSERT INTO items (id, venue_id, name) VALUES (15537, 11407, 'Space14700');
INSERT INTO spaces (id, item_id, hour_price) VALUES (14700, 15537, 0);
INSERT INTO items (id, venue_id, name) VALUES (15538, 11407, 'Space14701');
INSERT INTO spaces (id, item_id, hour_price) VALUES (14701, 15538, 0);
INSERT INTO items (id, venue_id, name) VALUES (15539, 11407, 'Space14702');
INSERT INTO spaces (id, item_id, hour_price) VALUES (14702, 15539, 0);
INSERT INTO items (id, venue_id, name) VALUES (15540, 11407, 'Space14703');
INSERT INTO spaces (id, item_id, hour_price) VALUES (14703, 15540, 20);
INSERT INTO venues (id, name) VALUES (11411, 'Venue11411');
INSERT INTO items (id, venue_id, name) VALUES (15541, 11411, 'Space14704');
INSERT INTO spaces (id, item_id, hour_price) VALUES (14704, 15541, 0);
INSERT INTO items (id, venue_id, name) VALUES (15542, 11411, 'Space14705');
INSERT INTO spaces (id, item_id, hour_price) VALUES (14705, 15542, 0);
INSERT INTO items (id, venue_id, name) VALUES (15543, 11411, 'Space14706');
INSERT INTO spaces (id, item_id, hour_price) VALUES (14706, 15543, 0);
INSERT INTO items (id, venue_id, name) VALUES (15544, 11411, 'Space14707');
INSERT INTO spaces (id, item_id, hour_price) VALUES (14707, 15544, 0);
INSERT INTO items (id, venue_id, name) VALUES (15545, 11411, 'Space14708');
INSERT INTO spaces (id, item_id, hour_price) VALUES (14708, 15545, 0);
INSERT INTO items (id, venue_id, name) VALUES (15546, 11411, 'Space14709');
INSERT INTO spaces (id, item_id, hour_price) VALUES (14709, 15546, 0);
INSERT INTO items (id, venue_id, name) VALUES (15549, 11411, 'Space14712');
INSERT INTO spaces (id, item_id, hour_price) VALUES (14712, 15549, 0);
INSERT INTO items (id, venue_id, name) VALUES (15550, 11411, 'Space14713');
INSERT INTO spaces (id, item_id, hour_price) VALUES (14713, 15550, 12.5);
INSERT INTO items (id, venue_id, name) VALUES (15551, 11411, 'Space14714');
INSERT INTO spaces (id, item_id, hour_price) VALUES (14714, 15551, 15);
INSERT INTO venues (id, name) VALUES (11416, 'Venue11416');
INSERT INTO items (id, venue_id, name) VALUES (15567, 11416, 'Space14721');
INSERT INTO spaces (id, item_id, hour_price) VALUES (14721, 15567, 0);
INSERT INTO items (id, venue_id, name) VALUES (15568, 11416, 'Space14722');
INSERT INTO spaces (id, item_id, hour_price) VALUES (14722, 15568, 0);
INSERT INTO items (id, venue_id, name) VALUES (15569, 11416, 'Space14723');
INSERT INTO spaces (id, item_id, hour_price) VALUES (14723, 15569, 0);
INSERT INTO items (id, venue_id, name) VALUES (15570, 11416, 'Space14724');
INSERT INTO spaces (id, item_id, hour_price) VALUES (14724, 15570, 0);
INSERT INTO items (id, venue_id, name) VALUES (15571, 11416, 'Space14725');
INSERT INTO spaces (id, item_id, hour_price) VALUES (14725, 15571, 0);
INSERT INTO items (id, venue_id, name) VALUES (15572, 11416, 'Space14726');
INSERT INTO spaces (id, item_id, hour_price) VALUES (14726, 15572, 0);
INSERT INTO items (id, venue_id, name) VALUES (15573, 11416, 'Space14727');
INSERT INTO spaces (id, item_id, hour_price) VALUES (14727, 15573, 110);
INSERT INTO items (id, venue_id, name) VALUES (15574, 11416, 'Space14728');
INSERT INTO spaces (id, item_id, hour_price) VALUES (14728, 15574, 85);
INSERT INTO items (id, venue_id, name) VALUES (15575, 11416, 'Space14729');
INSERT INTO spaces (id, item_id, hour_price) VALUES (14729, 15575, 70);
INSERT INTO items (id, venue_id, name) VALUES (15576, 11416, 'Space14730');
INSERT INTO spaces (id, item_id, hour_price) VALUES (14730, 15576, 65);
INSERT INTO venues (id, name) VALUES (11420, 'Venue11420');
INSERT INTO items (id, venue_id, name) VALUES (15586, 11420, 'Space14737');
INSERT INTO spaces (id, item_id, hour_price) VALUES (14737, 15586, 0);
INSERT INTO items (id, venue_id, name) VALUES (15587, 11420, 'Space14738');
INSERT INTO spaces (id, item_id, hour_price) VALUES (14738, 15587, 0);
INSERT INTO items (id, venue_id, name) VALUES (15588, 11420, 'Space14739');
INSERT INTO spaces (id, item_id, hour_price) VALUES (14739, 15588, 0);
INSERT INTO items (id, venue_id, name) VALUES (15589, 11420, 'Space14740');
INSERT INTO spaces (id, item_id, hour_price) VALUES (14740, 15589, 0);
INSERT INTO items (id, venue_id, name) VALUES (15590, 11420, 'Space14741');
INSERT INTO spaces (id, item_id, hour_price) VALUES (14741, 15590, 0);
INSERT INTO items (id, venue_id, name) VALUES (15591, 11420, 'Space14742');
INSERT INTO spaces (id, item_id, hour_price) VALUES (14742, 15591, 0);
INSERT INTO items (id, venue_id, name) VALUES (16566, 11420, 'Space15525');
INSERT INTO spaces (id, item_id, hour_price) VALUES (15525, 16566, 12);
INSERT INTO items (id, venue_id, name) VALUES (16567, 11420, 'Space15526');
INSERT INTO spaces (id, item_id, hour_price) VALUES (15526, 16567, 12.5);
INSERT INTO items (id, venue_id, name) VALUES (16568, 11420, 'Space15527');
INSERT INTO spaces (id, item_id, hour_price) VALUES (15527, 16568, 12.5);
INSERT INTO items (id, venue_id, name) VALUES (16569, 11420, 'Space15528');
INSERT INTO spaces (id, item_id, hour_price) VALUES (15528, 16569, 12.5);
INSERT INTO items (id, venue_id, name) VALUES (16800, 11420, 'Product11062');
INSERT INTO products (id, item_id, price) VALUES (11062, 16800, 45);
INSERT INTO items (id, venue_id, name) VALUES (16801, 11420, 'Product11063');
INSERT INTO products (id, item_id, price) VALUES (11063, 16801, 85);
INSERT INTO items (id, venue_id, name) VALUES (16802, 11420, 'Product11064');
INSERT INTO products (id, item_id, price) VALUES (11064, 16802, 87.5);
INSERT INTO items (id, venue_id, name) VALUES (16803, 11420, 'Product11065');
INSERT INTO products (id, item_id, price) VALUES (11065, 16803, 50);
INSERT INTO items (id, venue_id, name) VALUES (16804, 11420, 'Product11066');
INSERT INTO products (id, item_id, price) VALUES (11066, 16804, 6);
INSERT INTO items (id, venue_id, name) VALUES (16805, 11420, 'Product11067');
INSERT INTO products (id, item_id, price) VALUES (11067, 16805, 10.5);
INSERT INTO items (id, venue_id, name) VALUES (16806, 11420, 'Product11068');
INSERT INTO products (id, item_id, price) VALUES (11068, 16806, 10.5);
INSERT INTO items (id, venue_id, name) VALUES (16807, 11420, 'Product11069');
INSERT INTO products (id, item_id, price) VALUES (11069, 16807, 12.5);
INSERT INTO items (id, venue_id, name) VALUES (16808, 11420, 'Product11070');
INSERT INTO products (id, item_id, price) VALUES (11070, 16808, 10);
INSERT INTO items (id, venue_id, name) VALUES (16809, 11420, 'Product11071');
INSERT INTO products (id, item_id, price) VALUES (11071, 16809, 15);
INSERT INTO items (id, venue_id, name) VALUES (16810, 11420, 'Product11072');
INSERT INTO products (id, item_id, price) VALUES (11072, 16810, 3);
INSERT INTO items (id, venue_id, name) VALUES (16811, 11420, 'Product11073');
INSERT INTO products (id, item_id, price) VALUES (11073, 16811, 3.5);
INSERT INTO items (id, venue_id, name) VALUES (16812, 11420, 'Product11074');
INSERT INTO products (id, item_id, price) VALUES (11074, 16812, 6.5);
INSERT INTO items (id, venue_id, name) VALUES (16819, 11420, 'Product11075');
INSERT INTO products (id, item_id, price) VALUES (11075, 16819, 6.5);
INSERT INTO items (id, venue_id, name) VALUES (16820, 11420, 'Product11076');
INSERT INTO products (id, item_id, price) VALUES (11076, 16820, 7.5);
INSERT INTO items (id, venue_id, name) VALUES (16821, 11420, 'Product11077');
INSERT INTO products (id, item_id, price) VALUES (11077, 16821, 6.5);
INSERT INTO items (id, venue_id, name) VALUES (16822, 11420, 'Product11078');
INSERT INTO products (id, item_id, price) VALUES (11078, 16822, 1.75);
INSERT INTO items (id, venue_id, name) VALUES (16823, 11420, 'Product11079');
INSERT INTO products (id, item_id, price) VALUES (11079, 16823, 2.5);
INSERT INTO items (id, venue_id, name) VALUES (16824, 11420, 'Product11080');
INSERT INTO products (id, item_id, price) VALUES (11080, 16824, 3);
INSERT INTO items (id, venue_id, name) VALUES (16825, 11420, 'Product11081');
INSERT INTO products (id, item_id, price) VALUES (11081, 16825, 4);
INSERT INTO items (id, venue_id, name) VALUES (16826, 11420, 'Product11082');
INSERT INTO products (id, item_id, price) VALUES (11082, 16826, 0.75);
INSERT INTO items (id, venue_id, name) VALUES (16827, 11420, 'Product11083');
INSERT INTO products (id, item_id, price) VALUES (11083, 16827, 3);
INSERT INTO items (id, venue_id, name) VALUES (16828, 11420, 'Product11084');
INSERT INTO products (id, item_id, price) VALUES (11084, 16828, 5);
INSERT INTO items (id, venue_id, name) VALUES (16829, 11420, 'Product11085');
INSERT INTO products (id, item_id, price) VALUES (11085, 16829, 1.75);
INSERT INTO items (id, venue_id, name) VALUES (16830, 11420, 'Product11086');
INSERT INTO products (id, item_id, price) VALUES (11086, 16830, 4);
INSERT INTO items (id, venue_id, name) VALUES (16831, 11420, 'Product11087');
INSERT INTO products (id, item_id, price) VALUES (11087, 16831, 1.75);
INSERT INTO items (id, venue_id, name) VALUES (16832, 11420, 'Product11088');
INSERT INTO products (id, item_id, price) VALUES (11088, 16832, 4.5);
INSERT INTO items (id, venue_id, name) VALUES (16833, 11420, 'Product11089');
INSERT INTO products (id, item_id, price) VALUES (11089, 16833, 5);
INSERT INTO venues (id, name) VALUES (11421, 'Venue11421');
INSERT INTO items (id, venue_id, name) VALUES (15596, 11421, 'Space14747');
INSERT INTO spaces (id, item_id, hour_price) VALUES (14747, 15596, 0);
INSERT INTO items (id, venue_id, name) VALUES (15597, 11421, 'Space14748');
INSERT INTO spaces (id, item_id, hour_price) VALUES (14748, 15597, 0);
INSERT INTO items (id, venue_id, name) VALUES (15598, 11421, 'Space14749');
INSERT INTO spaces (id, item_id, hour_price) VALUES (14749, 15598, 0);
INSERT INTO items (id, venue_id, name) VALUES (15599, 11421, 'Space14750');
INSERT INTO spaces (id, item_id, hour_price) VALUES (14750, 15599, 0);
INSERT INTO items (id, venue_id, name) VALUES (15600, 11421, 'Space14751');
INSERT INTO spaces (id, item_id, hour_price) VALUES (14751, 15600, 0);
INSERT INTO items (id, venue_id, name) VALUES (15601, 11421, 'Space14752');
INSERT INTO spaces (id, item_id, hour_price) VALUES (14752, 15601, 0);
INSERT INTO items (id, venue_id, name) VALUES (15602, 11421, 'Space14753');
INSERT INTO spaces (id, item_id, hour_price) VALUES (14753, 15602, 15);
INSERT INTO items (id, venue_id, name) VALUES (15603, 11421, 'Space14754');
INSERT INTO spaces (id, item_id, hour_price) VALUES (14754, 15603, 9);
INSERT INTO venues (id, name) VALUES (11429, 'Venue11429');
INSERT INTO items (id, venue_id, name) VALUES (15615, 11429, 'Space14764');
INSERT INTO spaces (id, item_id, hour_price) VALUES (14764, 15615, 0);
INSERT INTO items (id, venue_id, name) VALUES (15616, 11429, 'Space14765');
INSERT INTO spaces (id, item_id, hour_price) VALUES (14765, 15616, 0);
INSERT INTO items (id, venue_id, name) VALUES (15617, 11429, 'Space14766');
INSERT INTO spaces (id, item_id, hour_price) VALUES (14766, 15617, 0);
INSERT INTO items (id, venue_id, name) VALUES (15618, 11429, 'Space14767');
INSERT INTO spaces (id, item_id, hour_price) VALUES (14767, 15618, 0);
INSERT INTO items (id, venue_id, name) VALUES (15619, 11429, 'Space14768');
INSERT INTO spaces (id, item_id, hour_price) VALUES (14768, 15619, 0);
INSERT INTO items (id, venue_id, name) VALUES (15620, 11429, 'Space14769');
INSERT INTO spaces (id, item_id, hour_price) VALUES (14769, 15620, 0);
INSERT INTO items (id, venue_id, name) VALUES (15621, 11429, 'Space14770');
INSERT INTO spaces (id, item_id, hour_price) VALUES (14770, 15621, 12.5);
INSERT INTO items (id, venue_id, name) VALUES (15666, 11429, 'Product10852');
INSERT INTO products (id, item_id, price) VALUES (10852, 15666, 8.5);
INSERT INTO items (id, venue_id, name) VALUES (15667, 11429, 'Product10853');
INSERT INTO products (id, item_id, price) VALUES (10853, 15667, 8.5);
INSERT INTO venues (id, name) VALUES (11440, 'Venue11440');
INSERT INTO items (id, venue_id, name) VALUES (15638, 11440, 'Space14785');
INSERT INTO spaces (id, item_id, hour_price) VALUES (14785, 15638, 0);
INSERT INTO items (id, venue_id, name) VALUES (15639, 11440, 'Space14786');
INSERT INTO spaces (id, item_id, hour_price) VALUES (14786, 15639, 0);
INSERT INTO items (id, venue_id, name) VALUES (15640, 11440, 'Space14787');
INSERT INTO spaces (id, item_id, hour_price) VALUES (14787, 15640, 0);
INSERT INTO items (id, venue_id, name) VALUES (15641, 11440, 'Space14788');
INSERT INTO spaces (id, item_id, hour_price) VALUES (14788, 15641, 0);
INSERT INTO items (id, venue_id, name) VALUES (15642, 11440, 'Space14789');
INSERT INTO spaces (id, item_id, hour_price) VALUES (14789, 15642, 0);
INSERT INTO items (id, venue_id, name) VALUES (15643, 11440, 'Space14790');
INSERT INTO spaces (id, item_id, hour_price) VALUES (14790, 15643, 0);
INSERT INTO items (id, venue_id, name) VALUES (15644, 11440, 'Space14791');
INSERT INTO spaces (id, item_id, hour_price) VALUES (14791, 15644, 2.75);
INSERT INTO items (id, venue_id, name) VALUES (15645, 11440, 'Space14792');
INSERT INTO spaces (id, item_id, hour_price) VALUES (14792, 15645, 37.5);
INSERT INTO items (id, venue_id, name) VALUES (15646, 11440, 'Space14793');
INSERT INTO spaces (id, item_id, hour_price) VALUES (14793, 15646, 37.5);
INSERT INTO items (id, venue_id, name) VALUES (15647, 11440, 'Space14794');
INSERT INTO spaces (id, item_id, hour_price) VALUES (14794, 15647, 57.5);
INSERT INTO items (id, venue_id, name) VALUES (15648, 11440, 'Space14795');
INSERT INTO spaces (id, item_id, hour_price) VALUES (14795, 15648, 63.75);
INSERT INTO items (id, venue_id, name) VALUES (15649, 11440, 'Product10846');
INSERT INTO products (id, item_id, price) VALUES (10846, 15649, 50);
INSERT INTO items (id, venue_id, name) VALUES (15650, 11440, 'Product10847');
INSERT INTO products (id, item_id, price) VALUES (10847, 15650, 15);
INSERT INTO items (id, venue_id, name) VALUES (15651, 11440, 'Product10848');
INSERT INTO products (id, item_id, price) VALUES (10848, 15651, 5);
INSERT INTO items (id, venue_id, name) VALUES (15944, 11440, 'Product10900');
INSERT INTO products (id, item_id, price) VALUES (10900, 15944, 130);
INSERT INTO items (id, venue_id, name) VALUES (16225, 11440, 'Product10941');
INSERT INTO products (id, item_id, price) VALUES (10941, 16225, 10.5);
INSERT INTO items (id, venue_id, name) VALUES (16226, 11440, 'Product10942');
INSERT INTO products (id, item_id, price) VALUES (10942, 16226, 3);
INSERT INTO items (id, venue_id, name) VALUES (16229, 11440, 'Product10945');
INSERT INTO products (id, item_id, price) VALUES (10945, 16229, 7.5);
INSERT INTO items (id, venue_id, name) VALUES (16673, 11440, 'Space15611');
INSERT INTO spaces (id, item_id, hour_price) VALUES (15611, 16673, 4.5);
INSERT INTO items (id, venue_id, name) VALUES (18305, 11440, 'Space16678');
INSERT INTO spaces (id, item_id, hour_price) VALUES (16678, 18305, 4.5);
INSERT INTO items (id, venue_id, name) VALUES (19031, 11440, 'Product11879');
INSERT INTO products (id, item_id, price) VALUES (11879, 19031, 12.5);
INSERT INTO items (id, venue_id, name) VALUES (24871, 11440, 'Product14725');
INSERT INTO products (id, item_id, price) VALUES (14725, 24871, 0.5);
INSERT INTO items (id, venue_id, name) VALUES (25898, 11440, 'Product15257');
INSERT INTO products (id, item_id, price) VALUES (15257, 25898, 4);
INSERT INTO items (id, venue_id, name) VALUES (26039, 11440, 'Product15342');
INSERT INTO products (id, item_id, price) VALUES (15342, 26039, 3.83);
INSERT INTO items (id, venue_id, name) VALUES (26946, 11440, 'Product15835');
INSERT INTO products (id, item_id, price) VALUES (15835, 26946, 7.5);
INSERT INTO items (id, venue_id, name) VALUES (28624, 11440, 'Product16721');
INSERT INTO products (id, item_id, price) VALUES (16721, 28624, 3);
INSERT INTO venues (id, name) VALUES (11445, 'Venue11445');
INSERT INTO items (id, venue_id, name) VALUES (15652, 11445, 'Space14796');
INSERT INTO spaces (id, item_id, hour_price) VALUES (14796, 15652, 0);
INSERT INTO items (id, venue_id, name) VALUES (15653, 11445, 'Space14797');
INSERT INTO spaces (id, item_id, hour_price) VALUES (14797, 15653, 0);
INSERT INTO items (id, venue_id, name) VALUES (15654, 11445, 'Space14798');
INSERT INTO spaces (id, item_id, hour_price) VALUES (14798, 15654, 0);
INSERT INTO items (id, venue_id, name) VALUES (15655, 11445, 'Space14799');
INSERT INTO spaces (id, item_id, hour_price) VALUES (14799, 15655, 0);
INSERT INTO items (id, venue_id, name) VALUES (15656, 11445, 'Space14800');
INSERT INTO spaces (id, item_id, hour_price) VALUES (14800, 15656, 0);
INSERT INTO items (id, venue_id, name) VALUES (15657, 11445, 'Space14801');
INSERT INTO spaces (id, item_id, hour_price) VALUES (14801, 15657, 0);
INSERT INTO items (id, venue_id, name) VALUES (15658, 11445, 'Space14802');
INSERT INTO spaces (id, item_id, hour_price) VALUES (14802, 15658, 2.75);
INSERT INTO items (id, venue_id, name) VALUES (15659, 11445, 'Space14803');
INSERT INTO spaces (id, item_id, hour_price) VALUES (14803, 15659, 12.5);
INSERT INTO items (id, venue_id, name) VALUES (15660, 11445, 'Space14804');
INSERT INTO spaces (id, item_id, hour_price) VALUES (14804, 15660, 12.5);
INSERT INTO items (id, venue_id, name) VALUES (15665, 11445, 'Product10851');
INSERT INTO products (id, item_id, price) VALUES (10851, 15665, 5);
INSERT INTO items (id, venue_id, name) VALUES (15661, 11445, 'Space14805');
INSERT INTO spaces (id, item_id, hour_price) VALUES (14805, 15661, 37.5);
INSERT INTO items (id, venue_id, name) VALUES (15662, 11445, 'Space14806');
INSERT INTO spaces (id, item_id, hour_price) VALUES (14806, 15662, 37.5);
INSERT INTO items (id, venue_id, name) VALUES (15663, 11445, 'Product10849');
INSERT INTO products (id, item_id, price) VALUES (10849, 15663, 75);
INSERT INTO items (id, venue_id, name) VALUES (15664, 11445, 'Product10850');
INSERT INTO products (id, item_id, price) VALUES (10850, 15664, 15);
INSERT INTO items (id, venue_id, name) VALUES (15983, 11445, 'Product10912');
INSERT INTO products (id, item_id, price) VALUES (10912, 15983, 15);
INSERT INTO items (id, venue_id, name) VALUES (16173, 11445, 'Product10935');
INSERT INTO products (id, item_id, price) VALUES (10935, 16173, 10);
INSERT INTO items (id, venue_id, name) VALUES (16228, 11445, 'Product10944');
INSERT INTO products (id, item_id, price) VALUES (10944, 16228, 7.5);
INSERT INTO items (id, venue_id, name) VALUES (16624, 11445, 'Product11041');
INSERT INTO products (id, item_id, price) VALUES (11041, 16624, 6.5);
INSERT INTO items (id, venue_id, name) VALUES (16674, 11445, 'Space15612');
INSERT INTO spaces (id, item_id, hour_price) VALUES (15612, 16674, 4.5);
INSERT INTO items (id, venue_id, name) VALUES (17044, 11445, 'Product11154');
INSERT INTO products (id, item_id, price) VALUES (11154, 17044, 25);
INSERT INTO items (id, venue_id, name) VALUES (17111, 11445, 'Product11176');
INSERT INTO products (id, item_id, price) VALUES (11176, 17111, 0.5);
INSERT INTO items (id, venue_id, name) VALUES (17151, 11445, 'Product11183');
INSERT INTO products (id, item_id, price) VALUES (11183, 17151, 4);
INSERT INTO items (id, venue_id, name) VALUES (17740, 11445, 'Product11307');
INSERT INTO products (id, item_id, price) VALUES (11307, 17740, 180);
INSERT INTO items (id, venue_id, name) VALUES (18470, 11445, 'Product11649');
INSERT INTO products (id, item_id, price) VALUES (11649, 18470, 40);
INSERT INTO items (id, venue_id, name) VALUES (19076, 11445, 'Product11890');
INSERT INTO products (id, item_id, price) VALUES (11890, 19076, 12.5);
INSERT INTO items (id, venue_id, name) VALUES (19103, 11445, 'Product11911');
INSERT INTO products (id, item_id, price) VALUES (11911, 19103, 5);
INSERT INTO items (id, venue_id, name) VALUES (19273, 11445, 'Product11965');
INSERT INTO products (id, item_id, price) VALUES (11965, 19273, 3.5);
INSERT INTO items (id, venue_id, name) VALUES (19593, 11445, 'Product12102');
INSERT INTO products (id, item_id, price) VALUES (12102, 19593, 75);
INSERT INTO items (id, venue_id, name) VALUES (22671, 11445, 'Product13529');
INSERT INTO products (id, item_id, price) VALUES (13529, 22671, 2);
INSERT INTO items (id, venue_id, name) VALUES (24635, 11445, 'Product14565');
INSERT INTO products (id, item_id, price) VALUES (14565, 24635, 1.65);
INSERT INTO items (id, venue_id, name) VALUES (25096, 11445, 'Space20260');
INSERT INTO spaces (id, item_id, hour_price) VALUES (20260, 25096, 37.5);
INSERT INTO items (id, venue_id, name) VALUES (25179, 11445, 'Product14871');
INSERT INTO products (id, item_id, price) VALUES (14871, 25179, 0.05);
INSERT INTO items (id, venue_id, name) VALUES (25180, 11445, 'Product14872');
INSERT INTO products (id, item_id, price) VALUES (14872, 25180, 0.1);
INSERT INTO items (id, venue_id, name) VALUES (25181, 11445, 'Product14873');
INSERT INTO products (id, item_id, price) VALUES (14873, 25181, 0.1);
INSERT INTO items (id, venue_id, name) VALUES (25183, 11445, 'Product14875');
INSERT INTO products (id, item_id, price) VALUES (14875, 25183, 0.2);
INSERT INTO items (id, venue_id, name) VALUES (26001, 11445, 'Space20679');
INSERT INTO spaces (id, item_id, hour_price) VALUES (20679, 26001, 62.5);
INSERT INTO venues (id, name) VALUES (11453, 'Venue11453');
INSERT INTO items (id, venue_id, name) VALUES (15683, 11453, 'Space14819');
INSERT INTO spaces (id, item_id, hour_price) VALUES (14819, 15683, 0);
INSERT INTO items (id, venue_id, name) VALUES (15684, 11453, 'Space14820');
INSERT INTO spaces (id, item_id, hour_price) VALUES (14820, 15684, 0);
INSERT INTO items (id, venue_id, name) VALUES (15685, 11453, 'Space14821');
INSERT INTO spaces (id, item_id, hour_price) VALUES (14821, 15685, 0);
INSERT INTO items (id, venue_id, name) VALUES (15686, 11453, 'Space14822');
INSERT INTO spaces (id, item_id, hour_price) VALUES (14822, 15686, 0);
INSERT INTO items (id, venue_id, name) VALUES (15687, 11453, 'Space14823');
INSERT INTO spaces (id, item_id, hour_price) VALUES (14823, 15687, 0);
INSERT INTO items (id, venue_id, name) VALUES (15688, 11453, 'Space14824');
INSERT INTO spaces (id, item_id, hour_price) VALUES (14824, 15688, 0);
INSERT INTO items (id, venue_id, name) VALUES (15689, 11453, 'Space14825');
INSERT INTO spaces (id, item_id, hour_price) VALUES (14825, 15689, 0);
INSERT INTO items (id, venue_id, name) VALUES (15690, 11453, 'Product10857');
INSERT INTO products (id, item_id, price) VALUES (10857, 15690, 15);
INSERT INTO venues (id, name) VALUES (11464, 'Venue11464');
INSERT INTO items (id, venue_id, name) VALUES (15715, 11464, 'Space14845');
INSERT INTO spaces (id, item_id, hour_price) VALUES (14845, 15715, 0);
INSERT INTO items (id, venue_id, name) VALUES (15716, 11464, 'Space14846');
INSERT INTO spaces (id, item_id, hour_price) VALUES (14846, 15716, 0);
INSERT INTO items (id, venue_id, name) VALUES (15717, 11464, 'Space14847');
INSERT INTO spaces (id, item_id, hour_price) VALUES (14847, 15717, 0);
INSERT INTO items (id, venue_id, name) VALUES (15718, 11464, 'Space14848');
INSERT INTO spaces (id, item_id, hour_price) VALUES (14848, 15718, 0);
INSERT INTO items (id, venue_id, name) VALUES (15719, 11464, 'Space14849');
INSERT INTO spaces (id, item_id, hour_price) VALUES (14849, 15719, 0);
INSERT INTO items (id, venue_id, name) VALUES (15720, 11464, 'Space14850');
INSERT INTO spaces (id, item_id, hour_price) VALUES (14850, 15720, 0);
INSERT INTO items (id, venue_id, name) VALUES (15721, 11464, 'Space14851');
INSERT INTO spaces (id, item_id, hour_price) VALUES (14851, 15721, 10);
INSERT INTO items (id, venue_id, name) VALUES (15722, 11464, 'Space14852');
INSERT INTO spaces (id, item_id, hour_price) VALUES (14852, 15722, 15);
INSERT INTO items (id, venue_id, name) VALUES (15956, 11464, 'Product10902');
INSERT INTO products (id, item_id, price) VALUES (10902, 15956, 2);
INSERT INTO items (id, venue_id, name) VALUES (15957, 11464, 'Product10903');
INSERT INTO products (id, item_id, price) VALUES (10903, 15957, 2.25);
INSERT INTO venues (id, name) VALUES (11474, 'Venue11474');
INSERT INTO items (id, venue_id, name) VALUES (15731, 11474, 'Space14861');
INSERT INTO spaces (id, item_id, hour_price) VALUES (14861, 15731, 0);
INSERT INTO items (id, venue_id, name) VALUES (15732, 11474, 'Space14862');
INSERT INTO spaces (id, item_id, hour_price) VALUES (14862, 15732, 0);
INSERT INTO items (id, venue_id, name) VALUES (15733, 11474, 'Space14863');
INSERT INTO spaces (id, item_id, hour_price) VALUES (14863, 15733, 0);
INSERT INTO items (id, venue_id, name) VALUES (15734, 11474, 'Space14864');
INSERT INTO spaces (id, item_id, hour_price) VALUES (14864, 15734, 0);
INSERT INTO items (id, venue_id, name) VALUES (15735, 11474, 'Space14865');
INSERT INTO spaces (id, item_id, hour_price) VALUES (14865, 15735, 0);
INSERT INTO items (id, venue_id, name) VALUES (15736, 11474, 'Space14866');
INSERT INTO spaces (id, item_id, hour_price) VALUES (14866, 15736, 0);
INSERT INTO items (id, venue_id, name) VALUES (15737, 11474, 'Space14867');
INSERT INTO spaces (id, item_id, hour_price) VALUES (14867, 15737, 4);
INSERT INTO items (id, venue_id, name) VALUES (15960, 11474, 'Space15047');
INSERT INTO spaces (id, item_id, hour_price) VALUES (15047, 15960, 7);
INSERT INTO items (id, venue_id, name) VALUES (26135, 11474, 'Product15398');
INSERT INTO products (id, item_id, price) VALUES (15398, 26135, 7.5);
INSERT INTO items (id, venue_id, name) VALUES (26136, 11474, 'Product15399');
INSERT INTO products (id, item_id, price) VALUES (15399, 26136, 7.5);
INSERT INTO items (id, venue_id, name) VALUES (26137, 11474, 'Product15400');
INSERT INTO products (id, item_id, price) VALUES (15400, 26137, 7.5);
INSERT INTO items (id, venue_id, name) VALUES (26138, 11474, 'Product15401');
INSERT INTO products (id, item_id, price) VALUES (15401, 26138, 7.5);
INSERT INTO items (id, venue_id, name) VALUES (26139, 11474, 'Product15402');
INSERT INTO products (id, item_id, price) VALUES (15402, 26139, 7.5);
INSERT INTO items (id, venue_id, name) VALUES (26140, 11474, 'Product15403');
INSERT INTO products (id, item_id, price) VALUES (15403, 26140, 0.75);
INSERT INTO items (id, venue_id, name) VALUES (26141, 11474, 'Product15404');
INSERT INTO products (id, item_id, price) VALUES (15404, 26141, 0.75);
INSERT INTO items (id, venue_id, name) VALUES (26142, 11474, 'Product15405');
INSERT INTO products (id, item_id, price) VALUES (15405, 26142, 0.75);
INSERT INTO items (id, venue_id, name) VALUES (26143, 11474, 'Product15406');
INSERT INTO products (id, item_id, price) VALUES (15406, 26143, 1.5);
INSERT INTO items (id, venue_id, name) VALUES (26144, 11474, 'Product15407');
INSERT INTO products (id, item_id, price) VALUES (15407, 26144, 2);
INSERT INTO items (id, venue_id, name) VALUES (26145, 11474, 'Product15408');
INSERT INTO products (id, item_id, price) VALUES (15408, 26145, 3.5);
INSERT INTO items (id, venue_id, name) VALUES (26146, 11474, 'Product15409');
INSERT INTO products (id, item_id, price) VALUES (15409, 26146, 0.35);
INSERT INTO items (id, venue_id, name) VALUES (26147, 11474, 'Product15410');
INSERT INTO products (id, item_id, price) VALUES (15410, 26147, 1.5);
INSERT INTO items (id, venue_id, name) VALUES (26148, 11474, 'Product15411');
INSERT INTO products (id, item_id, price) VALUES (15411, 26148, 1.5);
INSERT INTO items (id, venue_id, name) VALUES (26149, 11474, 'Product15412');
INSERT INTO products (id, item_id, price) VALUES (15412, 26149, 2);
INSERT INTO items (id, venue_id, name) VALUES (26150, 11474, 'Product15413');
INSERT INTO products (id, item_id, price) VALUES (15413, 26150, 2);
INSERT INTO items (id, venue_id, name) VALUES (26151, 11474, 'Product15414');
INSERT INTO products (id, item_id, price) VALUES (15414, 26151, 1);
INSERT INTO items (id, venue_id, name) VALUES (26152, 11474, 'Product15415');
INSERT INTO products (id, item_id, price) VALUES (15415, 26152, 1);
INSERT INTO items (id, venue_id, name) VALUES (26153, 11474, 'Product15416');
INSERT INTO products (id, item_id, price) VALUES (15416, 26153, 2);
INSERT INTO items (id, venue_id, name) VALUES (26154, 11474, 'Product15417');
INSERT INTO products (id, item_id, price) VALUES (15417, 26154, 1);
INSERT INTO items (id, venue_id, name) VALUES (26155, 11474, 'Product15418');
INSERT INTO products (id, item_id, price) VALUES (15418, 26155, 2);
INSERT INTO items (id, venue_id, name) VALUES (26156, 11474, 'Product15419');
INSERT INTO products (id, item_id, price) VALUES (15419, 26156, 1);
INSERT INTO items (id, venue_id, name) VALUES (26157, 11474, 'Product15420');
INSERT INTO products (id, item_id, price) VALUES (15420, 26157, 2);
INSERT INTO items (id, venue_id, name) VALUES (26158, 11474, 'Product15421');
INSERT INTO products (id, item_id, price) VALUES (15421, 26158, 1);
INSERT INTO items (id, venue_id, name) VALUES (26159, 11474, 'Product15422');
INSERT INTO products (id, item_id, price) VALUES (15422, 26159, 2);
INSERT INTO items (id, venue_id, name) VALUES (26160, 11474, 'Product15423');
INSERT INTO products (id, item_id, price) VALUES (15423, 26160, 1);
INSERT INTO items (id, venue_id, name) VALUES (26161, 11474, 'Product15424');
INSERT INTO products (id, item_id, price) VALUES (15424, 26161, 2);
INSERT INTO items (id, venue_id, name) VALUES (26162, 11474, 'Product15425');
INSERT INTO products (id, item_id, price) VALUES (15425, 26162, 2.4);
INSERT INTO items (id, venue_id, name) VALUES (26163, 11474, 'Product15426');
INSERT INTO products (id, item_id, price) VALUES (15426, 26163, 2.3);
INSERT INTO items (id, venue_id, name) VALUES (26164, 11474, 'Product15427');
INSERT INTO products (id, item_id, price) VALUES (15427, 26164, 2);
INSERT INTO items (id, venue_id, name) VALUES (26165, 11474, 'Product15428');
INSERT INTO products (id, item_id, price) VALUES (15428, 26165, 2);
INSERT INTO items (id, venue_id, name) VALUES (26166, 11474, 'Product15429');
INSERT INTO products (id, item_id, price) VALUES (15429, 26166, 2.5);
INSERT INTO items (id, venue_id, name) VALUES (26167, 11474, 'Product15430');
INSERT INTO products (id, item_id, price) VALUES (15430, 26167, 2.5);
INSERT INTO items (id, venue_id, name) VALUES (26168, 11474, 'Product15431');
INSERT INTO products (id, item_id, price) VALUES (15431, 26168, 1.75);
INSERT INTO items (id, venue_id, name) VALUES (26169, 11474, 'Product15432');
INSERT INTO products (id, item_id, price) VALUES (15432, 26169, 2.4);
INSERT INTO items (id, venue_id, name) VALUES (26170, 11474, 'Product15433');
INSERT INTO products (id, item_id, price) VALUES (15433, 26170, 9);
INSERT INTO items (id, venue_id, name) VALUES (26171, 11474, 'Product15434');
INSERT INTO products (id, item_id, price) VALUES (15434, 26171, 3.5);
INSERT INTO items (id, venue_id, name) VALUES (26172, 11474, 'Product15435');
INSERT INTO products (id, item_id, price) VALUES (15435, 26172, 3.5);
INSERT INTO items (id, venue_id, name) VALUES (26173, 11474, 'Product15436');
INSERT INTO products (id, item_id, price) VALUES (15436, 26173, 3.5);
INSERT INTO items (id, venue_id, name) VALUES (26174, 11474, 'Product15437');
INSERT INTO products (id, item_id, price) VALUES (15437, 26174, 3.5);
INSERT INTO items (id, venue_id, name) VALUES (26175, 11474, 'Product15438');
INSERT INTO products (id, item_id, price) VALUES (15438, 26175, 3.5);
INSERT INTO venues (id, name) VALUES (11478, 'Venue11478');
INSERT INTO items (id, venue_id, name) VALUES (15738, 11478, 'Space14868');
INSERT INTO spaces (id, item_id, hour_price) VALUES (14868, 15738, 0);
INSERT INTO items (id, venue_id, name) VALUES (15739, 11478, 'Space14869');
INSERT INTO spaces (id, item_id, hour_price) VALUES (14869, 15739, 0);
INSERT INTO items (id, venue_id, name) VALUES (15740, 11478, 'Space14870');
INSERT INTO spaces (id, item_id, hour_price) VALUES (14870, 15740, 0);
INSERT INTO items (id, venue_id, name) VALUES (15741, 11478, 'Space14871');
INSERT INTO spaces (id, item_id, hour_price) VALUES (14871, 15741, 0);
INSERT INTO items (id, venue_id, name) VALUES (15742, 11478, 'Space14872');
INSERT INTO spaces (id, item_id, hour_price) VALUES (14872, 15742, 0);
INSERT INTO items (id, venue_id, name) VALUES (15743, 11478, 'Space14873');
INSERT INTO spaces (id, item_id, hour_price) VALUES (14873, 15743, 0);
INSERT INTO items (id, venue_id, name) VALUES (16194, 11478, 'Space15250');
INSERT INTO spaces (id, item_id, hour_price) VALUES (15250, 16194, 8.5);
INSERT INTO venues (id, name) VALUES (11484, 'Venue11484');
INSERT INTO items (id, venue_id, name) VALUES (15746, 11484, 'Space14876');
INSERT INTO spaces (id, item_id, hour_price) VALUES (14876, 15746, 0);
INSERT INTO items (id, venue_id, name) VALUES (15747, 11484, 'Space14877');
INSERT INTO spaces (id, item_id, hour_price) VALUES (14877, 15747, 0);
INSERT INTO items (id, venue_id, name) VALUES (15748, 11484, 'Space14878');
INSERT INTO spaces (id, item_id, hour_price) VALUES (14878, 15748, 0);
INSERT INTO items (id, venue_id, name) VALUES (15749, 11484, 'Space14879');
INSERT INTO spaces (id, item_id, hour_price) VALUES (14879, 15749, 0);
INSERT INTO items (id, venue_id, name) VALUES (15750, 11484, 'Space14880');
INSERT INTO spaces (id, item_id, hour_price) VALUES (14880, 15750, 0);
INSERT INTO items (id, venue_id, name) VALUES (15751, 11484, 'Space14881');
INSERT INTO spaces (id, item_id, hour_price) VALUES (14881, 15751, 0);
INSERT INTO items (id, venue_id, name) VALUES (15753, 11484, 'Space14883');
INSERT INTO spaces (id, item_id, hour_price) VALUES (14883, 15753, 30);
INSERT INTO items (id, venue_id, name) VALUES (15754, 11484, 'Space14884');
INSERT INTO spaces (id, item_id, hour_price) VALUES (14884, 15754, 40);
INSERT INTO items (id, venue_id, name) VALUES (15755, 11484, 'Space14885');
INSERT INTO spaces (id, item_id, hour_price) VALUES (14885, 15755, 60);
INSERT INTO items (id, venue_id, name) VALUES (15756, 11484, 'Space14886');
INSERT INTO spaces (id, item_id, hour_price) VALUES (14886, 15756, 80);
INSERT INTO items (id, venue_id, name) VALUES (15757, 11484, 'Product10863');
INSERT INTO products (id, item_id, price) VALUES (10863, 15757, 30);
INSERT INTO items (id, venue_id, name) VALUES (15758, 11484, 'Product10864');
INSERT INTO products (id, item_id, price) VALUES (10864, 15758, 10);
INSERT INTO items (id, venue_id, name) VALUES (15759, 11484, 'Product10865');
INSERT INTO products (id, item_id, price) VALUES (10865, 15759, 10);
INSERT INTO items (id, venue_id, name) VALUES (15760, 11484, 'Product10866');
INSERT INTO products (id, item_id, price) VALUES (10866, 15760, 5);
INSERT INTO items (id, venue_id, name) VALUES (16245, 11484, 'Space15292');
INSERT INTO spaces (id, item_id, hour_price) VALUES (15292, 16245, 5);
INSERT INTO items (id, venue_id, name) VALUES (16345, 11484, 'Product10984');
INSERT INTO products (id, item_id, price) VALUES (10984, 16345, 0);
INSERT INTO items (id, venue_id, name) VALUES (18980, 11484, 'Product11858');
INSERT INTO products (id, item_id, price) VALUES (11858, 18980, 15);
INSERT INTO items (id, venue_id, name) VALUES (20242, 11484, 'Space17938');
INSERT INTO spaces (id, item_id, hour_price) VALUES (17938, 20242, 15);
INSERT INTO venues (id, name) VALUES (11488, 'Venue11488');
INSERT INTO items (id, venue_id, name) VALUES (15762, 11488, 'Space14888');
INSERT INTO spaces (id, item_id, hour_price) VALUES (14888, 15762, 0);
INSERT INTO items (id, venue_id, name) VALUES (15763, 11488, 'Space14889');
INSERT INTO spaces (id, item_id, hour_price) VALUES (14889, 15763, 0);
INSERT INTO items (id, venue_id, name) VALUES (15764, 11488, 'Space14890');
INSERT INTO spaces (id, item_id, hour_price) VALUES (14890, 15764, 0);
INSERT INTO items (id, venue_id, name) VALUES (15765, 11488, 'Space14891');
INSERT INTO spaces (id, item_id, hour_price) VALUES (14891, 15765, 0);
INSERT INTO items (id, venue_id, name) VALUES (15766, 11488, 'Space14892');
INSERT INTO spaces (id, item_id, hour_price) VALUES (14892, 15766, 0);
INSERT INTO items (id, venue_id, name) VALUES (15767, 11488, 'Space14893');
INSERT INTO spaces (id, item_id, hour_price) VALUES (14893, 15767, 0);
INSERT INTO items (id, venue_id, name) VALUES (15768, 11488, 'Space14894');
INSERT INTO spaces (id, item_id, hour_price) VALUES (14894, 15768, 15);
INSERT INTO items (id, venue_id, name) VALUES (15775, 11488, 'Space14901');
INSERT INTO spaces (id, item_id, hour_price) VALUES (14901, 15775, 20);
INSERT INTO venues (id, name) VALUES (11494, 'Venue11494');
INSERT INTO items (id, venue_id, name) VALUES (15769, 11494, 'Space14895');
INSERT INTO spaces (id, item_id, hour_price) VALUES (14895, 15769, 0);
INSERT INTO items (id, venue_id, name) VALUES (15770, 11494, 'Space14896');
INSERT INTO spaces (id, item_id, hour_price) VALUES (14896, 15770, 0);
INSERT INTO items (id, venue_id, name) VALUES (15771, 11494, 'Space14897');
INSERT INTO spaces (id, item_id, hour_price) VALUES (14897, 15771, 0);
INSERT INTO items (id, venue_id, name) VALUES (15772, 11494, 'Space14898');
INSERT INTO spaces (id, item_id, hour_price) VALUES (14898, 15772, 0);
INSERT INTO items (id, venue_id, name) VALUES (15773, 11494, 'Space14899');
INSERT INTO spaces (id, item_id, hour_price) VALUES (14899, 15773, 0);
INSERT INTO items (id, venue_id, name) VALUES (15774, 11494, 'Space14900');
INSERT INTO spaces (id, item_id, hour_price) VALUES (14900, 15774, 0);
INSERT INTO items (id, venue_id, name) VALUES (15776, 11494, 'Space14902');
INSERT INTO spaces (id, item_id, hour_price) VALUES (14902, 15776, 12.5);
INSERT INTO items (id, venue_id, name) VALUES (19174, 11494, 'Space17232');
INSERT INTO spaces (id, item_id, hour_price) VALUES (17232, 19174, 29);
INSERT INTO venues (id, name) VALUES (11500, 'Venue11500');
INSERT INTO items (id, venue_id, name) VALUES (15777, 11500, 'Space14903');
INSERT INTO spaces (id, item_id, hour_price) VALUES (14903, 15777, 0);
INSERT INTO items (id, venue_id, name) VALUES (15778, 11500, 'Space14904');
INSERT INTO spaces (id, item_id, hour_price) VALUES (14904, 15778, 0);
INSERT INTO items (id, venue_id, name) VALUES (15779, 11500, 'Space14905');
INSERT INTO spaces (id, item_id, hour_price) VALUES (14905, 15779, 0);
INSERT INTO items (id, venue_id, name) VALUES (15780, 11500, 'Space14906');
INSERT INTO spaces (id, item_id, hour_price) VALUES (14906, 15780, 0);
INSERT INTO items (id, venue_id, name) VALUES (15781, 11500, 'Space14907');
INSERT INTO spaces (id, item_id, hour_price) VALUES (14907, 15781, 0);
INSERT INTO items (id, venue_id, name) VALUES (15782, 11500, 'Space14908');
INSERT INTO spaces (id, item_id, hour_price) VALUES (14908, 15782, 0);
INSERT INTO items (id, venue_id, name) VALUES (15783, 11500, 'Space14909');
INSERT INTO spaces (id, item_id, hour_price) VALUES (14909, 15783, 15);
INSERT INTO items (id, venue_id, name) VALUES (15784, 11500, 'Space14910');
INSERT INTO spaces (id, item_id, hour_price) VALUES (14910, 15784, 20);
INSERT INTO items (id, venue_id, name) VALUES (18458, 11500, 'Space16806');
INSERT INTO spaces (id, item_id, hour_price) VALUES (16806, 18458, 15);
INSERT INTO items (id, venue_id, name) VALUES (18459, 11500, 'Product11645');
INSERT INTO products (id, item_id, price) VALUES (11645, 18459, 0);
INSERT INTO items (id, venue_id, name) VALUES (18460, 11500, 'Product11646');
INSERT INTO products (id, item_id, price) VALUES (11646, 18460, 0);
INSERT INTO venues (id, name) VALUES (11503, 'Venue11503');
INSERT INTO items (id, venue_id, name) VALUES (15785, 11503, 'Space14911');
INSERT INTO spaces (id, item_id, hour_price) VALUES (14911, 15785, 0);
INSERT INTO items (id, venue_id, name) VALUES (15786, 11503, 'Space14912');
INSERT INTO spaces (id, item_id, hour_price) VALUES (14912, 15786, 0);
INSERT INTO items (id, venue_id, name) VALUES (15787, 11503, 'Space14913');
INSERT INTO spaces (id, item_id, hour_price) VALUES (14913, 15787, 0);
INSERT INTO items (id, venue_id, name) VALUES (15788, 11503, 'Space14914');
INSERT INTO spaces (id, item_id, hour_price) VALUES (14914, 15788, 0);
INSERT INTO items (id, venue_id, name) VALUES (15789, 11503, 'Space14915');
INSERT INTO spaces (id, item_id, hour_price) VALUES (14915, 15789, 0);
INSERT INTO items (id, venue_id, name) VALUES (15790, 11503, 'Space14916');
INSERT INTO spaces (id, item_id, hour_price) VALUES (14916, 15790, 0);
INSERT INTO items (id, venue_id, name) VALUES (15797, 11503, 'Space14923');
INSERT INTO spaces (id, item_id, hour_price) VALUES (14923, 15797, 15);
INSERT INTO items (id, venue_id, name) VALUES (15798, 11503, 'Space14924');
INSERT INTO spaces (id, item_id, hour_price) VALUES (14924, 15798, 20);
INSERT INTO items (id, venue_id, name) VALUES (15799, 11503, 'Space14925');
INSERT INTO spaces (id, item_id, hour_price) VALUES (14925, 15799, 27.5);
INSERT INTO items (id, venue_id, name) VALUES (15820, 11503, 'Space14946');
INSERT INTO spaces (id, item_id, hour_price) VALUES (14946, 15820, 5);
INSERT INTO items (id, venue_id, name) VALUES (15823, 11503, 'Product10869');
INSERT INTO products (id, item_id, price) VALUES (10869, 15823, 2.1);
INSERT INTO items (id, venue_id, name) VALUES (15824, 11503, 'Product10870');
INSERT INTO products (id, item_id, price) VALUES (10870, 15824, 2);
INSERT INTO items (id, venue_id, name) VALUES (19507, 11503, 'Product12042');
INSERT INTO products (id, item_id, price) VALUES (12042, 19507, 0);
INSERT INTO items (id, venue_id, name) VALUES (19508, 11503, 'Product12043');
INSERT INTO products (id, item_id, price) VALUES (12043, 19508, 7.5);
INSERT INTO items (id, venue_id, name) VALUES (19509, 11503, 'Product12044');
INSERT INTO products (id, item_id, price) VALUES (12044, 19509, 15);
INSERT INTO items (id, venue_id, name) VALUES (19510, 11503, 'Product12045');
INSERT INTO products (id, item_id, price) VALUES (12045, 19510, 0.25);
INSERT INTO items (id, venue_id, name) VALUES (19511, 11503, 'Product12046');
INSERT INTO products (id, item_id, price) VALUES (12046, 19511, 10);
INSERT INTO items (id, venue_id, name) VALUES (19512, 11503, 'Product12047');
INSERT INTO products (id, item_id, price) VALUES (12047, 19512, 0.1);
INSERT INTO items (id, venue_id, name) VALUES (19513, 11503, 'Product12048');
INSERT INTO products (id, item_id, price) VALUES (12048, 19513, 0);
INSERT INTO items (id, venue_id, name) VALUES (19523, 11503, 'Space17460');
INSERT INTO spaces (id, item_id, hour_price) VALUES (17460, 19523, 15);
INSERT INTO items (id, venue_id, name) VALUES (23160, 11503, 'Product13777');
INSERT INTO products (id, item_id, price) VALUES (13777, 23160, 0);
INSERT INTO items (id, venue_id, name) VALUES (23420, 11503, 'Space19504');
INSERT INTO spaces (id, item_id, hour_price) VALUES (19504, 23420, 10);
INSERT INTO items (id, venue_id, name) VALUES (24179, 11503, 'Space19868');
INSERT INTO spaces (id, item_id, hour_price) VALUES (19868, 24179, 15);
INSERT INTO items (id, venue_id, name) VALUES (25203, 11503, 'Product14881');
INSERT INTO products (id, item_id, price) VALUES (14881, 25203, 7.5);
INSERT INTO venues (id, name) VALUES (11505, 'Venue11505');
INSERT INTO items (id, venue_id, name) VALUES (15791, 11505, 'Space14917');
INSERT INTO spaces (id, item_id, hour_price) VALUES (14917, 15791, 0);
INSERT INTO items (id, venue_id, name) VALUES (15792, 11505, 'Space14918');
INSERT INTO spaces (id, item_id, hour_price) VALUES (14918, 15792, 0);
INSERT INTO items (id, venue_id, name) VALUES (15793, 11505, 'Space14919');
INSERT INTO spaces (id, item_id, hour_price) VALUES (14919, 15793, 0);
INSERT INTO items (id, venue_id, name) VALUES (15794, 11505, 'Space14920');
INSERT INTO spaces (id, item_id, hour_price) VALUES (14920, 15794, 0);
INSERT INTO items (id, venue_id, name) VALUES (15795, 11505, 'Space14921');
INSERT INTO spaces (id, item_id, hour_price) VALUES (14921, 15795, 0);
INSERT INTO items (id, venue_id, name) VALUES (15796, 11505, 'Space14922');
INSERT INTO spaces (id, item_id, hour_price) VALUES (14922, 15796, 0);
INSERT INTO venues (id, name) VALUES (11507, 'Venue11507');
INSERT INTO items (id, venue_id, name) VALUES (15800, 11507, 'Space14926');
INSERT INTO spaces (id, item_id, hour_price) VALUES (14926, 15800, 0);
INSERT INTO items (id, venue_id, name) VALUES (15801, 11507, 'Space14927');
INSERT INTO spaces (id, item_id, hour_price) VALUES (14927, 15801, 0);
INSERT INTO items (id, venue_id, name) VALUES (15802, 11507, 'Space14928');
INSERT INTO spaces (id, item_id, hour_price) VALUES (14928, 15802, 0);
INSERT INTO items (id, venue_id, name) VALUES (15803, 11507, 'Space14929');
INSERT INTO spaces (id, item_id, hour_price) VALUES (14929, 15803, 0);
INSERT INTO items (id, venue_id, name) VALUES (15804, 11507, 'Space14930');
INSERT INTO spaces (id, item_id, hour_price) VALUES (14930, 15804, 0);
INSERT INTO items (id, venue_id, name) VALUES (15805, 11507, 'Space14931');
INSERT INTO spaces (id, item_id, hour_price) VALUES (14931, 15805, 0);
INSERT INTO items (id, venue_id, name) VALUES (15806, 11507, 'Space14932');
INSERT INTO spaces (id, item_id, hour_price) VALUES (14932, 15806, 15);
INSERT INTO items (id, venue_id, name) VALUES (15807, 11507, 'Space14933');
INSERT INTO spaces (id, item_id, hour_price) VALUES (14933, 15807, 20);
INSERT INTO items (id, venue_id, name) VALUES (15808, 11507, 'Space14934');
INSERT INTO spaces (id, item_id, hour_price) VALUES (14934, 15808, 27.5);
INSERT INTO items (id, venue_id, name) VALUES (15809, 11507, 'Space14935');
INSERT INTO spaces (id, item_id, hour_price) VALUES (14935, 15809, 5);
INSERT INTO items (id, venue_id, name) VALUES (19514, 11507, 'Product12049');
INSERT INTO products (id, item_id, price) VALUES (12049, 19514, 10);
INSERT INTO items (id, venue_id, name) VALUES (19515, 11507, 'Product12050');
INSERT INTO products (id, item_id, price) VALUES (12050, 19515, 15);
INSERT INTO items (id, venue_id, name) VALUES (19516, 11507, 'Product12051');
INSERT INTO products (id, item_id, price) VALUES (12051, 19516, 5);
INSERT INTO items (id, venue_id, name) VALUES (19517, 11507, 'Product12052');
INSERT INTO products (id, item_id, price) VALUES (12052, 19517, 0);
INSERT INTO items (id, venue_id, name) VALUES (19518, 11507, 'Product12053');
INSERT INTO products (id, item_id, price) VALUES (12053, 19518, 15);
INSERT INTO items (id, venue_id, name) VALUES (19519, 11507, 'Product12054');
INSERT INTO products (id, item_id, price) VALUES (12054, 19519, 0.25);
INSERT INTO items (id, venue_id, name) VALUES (19520, 11507, 'Product12055');
INSERT INTO products (id, item_id, price) VALUES (12055, 19520, 0.1);
INSERT INTO items (id, venue_id, name) VALUES (19521, 11507, 'Space17458');
INSERT INTO spaces (id, item_id, hour_price) VALUES (17458, 19521, 15);
INSERT INTO items (id, venue_id, name) VALUES (19522, 11507, 'Space17459');
INSERT INTO spaces (id, item_id, hour_price) VALUES (17459, 19522, 15);
INSERT INTO items (id, venue_id, name) VALUES (19660, 11507, 'Product12119');
INSERT INTO products (id, item_id, price) VALUES (12119, 19660, 0);
INSERT INTO items (id, venue_id, name) VALUES (23575, 11507, 'Space19577');
INSERT INTO spaces (id, item_id, hour_price) VALUES (19577, 23575, 38.53);
INSERT INTO items (id, venue_id, name) VALUES (23577, 11507, 'Space19579');
INSERT INTO spaces (id, item_id, hour_price) VALUES (19579, 23577, 10);
INSERT INTO items (id, venue_id, name) VALUES (27534, 11507, 'Space21397');
INSERT INTO spaces (id, item_id, hour_price) VALUES (21397, 27534, 16.84);
INSERT INTO venues (id, name) VALUES (11511, 'Venue11511');
INSERT INTO items (id, venue_id, name) VALUES (15810, 11511, 'Space14936');
INSERT INTO spaces (id, item_id, hour_price) VALUES (14936, 15810, 0);
INSERT INTO items (id, venue_id, name) VALUES (15811, 11511, 'Space14937');
INSERT INTO spaces (id, item_id, hour_price) VALUES (14937, 15811, 0);
INSERT INTO items (id, venue_id, name) VALUES (15812, 11511, 'Space14938');
INSERT INTO spaces (id, item_id, hour_price) VALUES (14938, 15812, 0);
INSERT INTO items (id, venue_id, name) VALUES (15813, 11511, 'Space14939');
INSERT INTO spaces (id, item_id, hour_price) VALUES (14939, 15813, 0);
INSERT INTO items (id, venue_id, name) VALUES (15814, 11511, 'Space14940');
INSERT INTO spaces (id, item_id, hour_price) VALUES (14940, 15814, 0);
INSERT INTO items (id, venue_id, name) VALUES (15815, 11511, 'Space14941');
INSERT INTO spaces (id, item_id, hour_price) VALUES (14941, 15815, 0);
INSERT INTO items (id, venue_id, name) VALUES (15816, 11511, 'Space14942');
INSERT INTO spaces (id, item_id, hour_price) VALUES (14942, 15816, 14);
INSERT INTO items (id, venue_id, name) VALUES (15817, 11511, 'Space14943');
INSERT INTO spaces (id, item_id, hour_price) VALUES (14943, 15817, 23);
INSERT INTO items (id, venue_id, name) VALUES (15818, 11511, 'Space14944');
INSERT INTO spaces (id, item_id, hour_price) VALUES (14944, 15818, 31);
INSERT INTO items (id, venue_id, name) VALUES (17348, 11511, 'Product11205');
INSERT INTO products (id, item_id, price) VALUES (11205, 17348, 0);
INSERT INTO items (id, venue_id, name) VALUES (17349, 11511, 'Product11206');
INSERT INTO products (id, item_id, price) VALUES (11206, 17349, 1.5);
INSERT INTO items (id, venue_id, name) VALUES (17350, 11511, 'Product11207');
INSERT INTO products (id, item_id, price) VALUES (11207, 17350, 1.5);
INSERT INTO items (id, venue_id, name) VALUES (17351, 11511, 'Product11208');
INSERT INTO products (id, item_id, price) VALUES (11208, 17351, 10);
INSERT INTO items (id, venue_id, name) VALUES (17352, 11511, 'Product11209');
INSERT INTO products (id, item_id, price) VALUES (11209, 17352, 0);
INSERT INTO items (id, venue_id, name) VALUES (17353, 11511, 'Product11210');
INSERT INTO products (id, item_id, price) VALUES (11210, 17353, 0);
INSERT INTO items (id, venue_id, name) VALUES (18768, 11511, 'Product11771');
INSERT INTO products (id, item_id, price) VALUES (11771, 18768, 1);
INSERT INTO items (id, venue_id, name) VALUES (18769, 11511, 'Product11772');
INSERT INTO products (id, item_id, price) VALUES (11772, 18769, 0.1);
INSERT INTO items (id, venue_id, name) VALUES (18770, 11511, 'Product11773');
INSERT INTO products (id, item_id, price) VALUES (11773, 18770, 0.25);
INSERT INTO items (id, venue_id, name) VALUES (19100, 11511, 'Product11908');
INSERT INTO products (id, item_id, price) VALUES (11908, 19100, 8);
INSERT INTO items (id, venue_id, name) VALUES (19101, 11511, 'Product11909');
INSERT INTO products (id, item_id, price) VALUES (11909, 19101, 1.25);
INSERT INTO items (id, venue_id, name) VALUES (19102, 11511, 'Product11910');
INSERT INTO products (id, item_id, price) VALUES (11910, 19102, 2);
INSERT INTO items (id, venue_id, name) VALUES (19474, 11511, 'Space17435');
INSERT INTO spaces (id, item_id, hour_price) VALUES (17435, 19474, 14);
INSERT INTO items (id, venue_id, name) VALUES (19475, 11511, 'Space17436');
INSERT INTO spaces (id, item_id, hour_price) VALUES (17436, 19475, 23);
INSERT INTO items (id, venue_id, name) VALUES (19476, 11511, 'Space17437');
INSERT INTO spaces (id, item_id, hour_price) VALUES (17437, 19476, 31);
INSERT INTO items (id, venue_id, name) VALUES (19479, 11511, 'Space17440');
INSERT INTO spaces (id, item_id, hour_price) VALUES (17440, 19479, 14);
INSERT INTO items (id, venue_id, name) VALUES (19481, 11511, 'Space17442');
INSERT INTO spaces (id, item_id, hour_price) VALUES (17442, 19481, 42.5);
INSERT INTO items (id, venue_id, name) VALUES (19482, 11511, 'Space17443');
INSERT INTO spaces (id, item_id, hour_price) VALUES (17443, 19482, 14);
INSERT INTO items (id, venue_id, name) VALUES (19484, 11511, 'Space17445');
INSERT INTO spaces (id, item_id, hour_price) VALUES (17445, 19484, 23);
INSERT INTO items (id, venue_id, name) VALUES (19485, 11511, 'Product12032');
INSERT INTO products (id, item_id, price) VALUES (12032, 19485, 15);
INSERT INTO items (id, venue_id, name) VALUES (19491, 11511, 'Product12038');
INSERT INTO products (id, item_id, price) VALUES (12038, 19491, 0);
INSERT INTO items (id, venue_id, name) VALUES (19658, 11511, 'Product12117');
INSERT INTO products (id, item_id, price) VALUES (12117, 19658, 8);
INSERT INTO items (id, venue_id, name) VALUES (19659, 11511, 'Product12118');
INSERT INTO products (id, item_id, price) VALUES (12118, 19659, 17.5);
INSERT INTO items (id, venue_id, name) VALUES (19738, 11511, 'Space17579');
INSERT INTO spaces (id, item_id, hour_price) VALUES (17579, 19738, 5);
INSERT INTO items (id, venue_id, name) VALUES (19751, 11511, 'Space17587');
INSERT INTO spaces (id, item_id, hour_price) VALUES (17587, 19751, 5);
INSERT INTO items (id, venue_id, name) VALUES (20047, 11511, 'Product12251');
INSERT INTO products (id, item_id, price) VALUES (12251, 20047, 8.75);
INSERT INTO items (id, venue_id, name) VALUES (20048, 11511, 'Product12252');
INSERT INTO products (id, item_id, price) VALUES (12252, 20048, 4.38);
INSERT INTO items (id, venue_id, name) VALUES (22310, 11511, 'Product13330');
INSERT INTO products (id, item_id, price) VALUES (13330, 22310, 1.5);
INSERT INTO items (id, venue_id, name) VALUES (22311, 11511, 'Product13331');
INSERT INTO products (id, item_id, price) VALUES (13331, 22311, 15);
INSERT INTO items (id, venue_id, name) VALUES (23841, 11511, 'Space19705');
INSERT INTO spaces (id, item_id, hour_price) VALUES (19705, 23841, 10);
INSERT INTO items (id, venue_id, name) VALUES (25201, 11511, 'Space20314');
INSERT INTO spaces (id, item_id, hour_price) VALUES (20314, 25201, 31);
INSERT INTO items (id, venue_id, name) VALUES (25448, 11511, 'Product14987');
INSERT INTO products (id, item_id, price) VALUES (14987, 25448, 0.01);
INSERT INTO venues (id, name) VALUES (11515, 'Venue11515');
INSERT INTO items (id, venue_id, name) VALUES (15827, 11515, 'Space14947');
INSERT INTO spaces (id, item_id, hour_price) VALUES (14947, 15827, 0);
INSERT INTO items (id, venue_id, name) VALUES (15828, 11515, 'Space14948');
INSERT INTO spaces (id, item_id, hour_price) VALUES (14948, 15828, 0);
INSERT INTO items (id, venue_id, name) VALUES (15829, 11515, 'Space14949');
INSERT INTO spaces (id, item_id, hour_price) VALUES (14949, 15829, 0);
INSERT INTO items (id, venue_id, name) VALUES (15830, 11515, 'Space14950');
INSERT INTO spaces (id, item_id, hour_price) VALUES (14950, 15830, 0);
INSERT INTO items (id, venue_id, name) VALUES (15831, 11515, 'Space14951');
INSERT INTO spaces (id, item_id, hour_price) VALUES (14951, 15831, 0);
INSERT INTO items (id, venue_id, name) VALUES (15832, 11515, 'Space14952');
INSERT INTO spaces (id, item_id, hour_price) VALUES (14952, 15832, 0);
INSERT INTO items (id, venue_id, name) VALUES (15833, 11515, 'Space14953');
INSERT INTO spaces (id, item_id, hour_price) VALUES (14953, 15833, 14.5);
INSERT INTO items (id, venue_id, name) VALUES (15835, 11515, 'Space14955');
INSERT INTO spaces (id, item_id, hour_price) VALUES (14955, 15835, 26.5);
INSERT INTO items (id, venue_id, name) VALUES (15838, 11515, 'Product10873');
INSERT INTO products (id, item_id, price) VALUES (10873, 15838, 1);
INSERT INTO items (id, venue_id, name) VALUES (16227, 11515, 'Product10943');
INSERT INTO products (id, item_id, price) VALUES (10943, 16227, 10);
INSERT INTO items (id, venue_id, name) VALUES (17807, 11515, 'Space16484');
INSERT INTO spaces (id, item_id, hour_price) VALUES (16484, 17807, 14.5);
INSERT INTO venues (id, name) VALUES (11519, 'Venue11519');
INSERT INTO items (id, venue_id, name) VALUES (15839, 11519, 'Space14958');
INSERT INTO spaces (id, item_id, hour_price) VALUES (14958, 15839, 0);
INSERT INTO items (id, venue_id, name) VALUES (15840, 11519, 'Space14959');
INSERT INTO spaces (id, item_id, hour_price) VALUES (14959, 15840, 0);
INSERT INTO items (id, venue_id, name) VALUES (15841, 11519, 'Space14960');
INSERT INTO spaces (id, item_id, hour_price) VALUES (14960, 15841, 0);
INSERT INTO items (id, venue_id, name) VALUES (15842, 11519, 'Space14961');
INSERT INTO spaces (id, item_id, hour_price) VALUES (14961, 15842, 0);
INSERT INTO items (id, venue_id, name) VALUES (15843, 11519, 'Space14962');
INSERT INTO spaces (id, item_id, hour_price) VALUES (14962, 15843, 0);
INSERT INTO items (id, venue_id, name) VALUES (15844, 11519, 'Space14963');
INSERT INTO spaces (id, item_id, hour_price) VALUES (14963, 15844, 0);
INSERT INTO items (id, venue_id, name) VALUES (15845, 11519, 'Space14964');
INSERT INTO spaces (id, item_id, hour_price) VALUES (14964, 15845, 10);
INSERT INTO items (id, venue_id, name) VALUES (17152, 11519, 'Space15961');
INSERT INTO spaces (id, item_id, hour_price) VALUES (15961, 17152, 10);
INSERT INTO venues (id, name) VALUES (11531, 'Venue11531');
INSERT INTO items (id, venue_id, name) VALUES (15862, 11531, 'Space14980');
INSERT INTO spaces (id, item_id, hour_price) VALUES (14980, 15862, 0);
INSERT INTO items (id, venue_id, name) VALUES (15863, 11531, 'Space14981');
INSERT INTO spaces (id, item_id, hour_price) VALUES (14981, 15863, 0);
INSERT INTO items (id, venue_id, name) VALUES (15864, 11531, 'Space14982');
INSERT INTO spaces (id, item_id, hour_price) VALUES (14982, 15864, 0);
INSERT INTO items (id, venue_id, name) VALUES (15865, 11531, 'Space14983');
INSERT INTO spaces (id, item_id, hour_price) VALUES (14983, 15865, 0);
INSERT INTO items (id, venue_id, name) VALUES (15866, 11531, 'Space14984');
INSERT INTO spaces (id, item_id, hour_price) VALUES (14984, 15866, 0);
INSERT INTO items (id, venue_id, name) VALUES (15867, 11531, 'Space14985');
INSERT INTO spaces (id, item_id, hour_price) VALUES (14985, 15867, 0);
INSERT INTO items (id, venue_id, name) VALUES (15868, 11531, 'Space14986');
INSERT INTO spaces (id, item_id, hour_price) VALUES (14986, 15868, 45);
INSERT INTO items (id, venue_id, name) VALUES (15869, 11531, 'Product10875');
INSERT INTO products (id, item_id, price) VALUES (10875, 15869, 75);
INSERT INTO items (id, venue_id, name) VALUES (15899, 11531, 'Space15002');
INSERT INTO spaces (id, item_id, hour_price) VALUES (15002, 15899, 16);
INSERT INTO items (id, venue_id, name) VALUES (15900, 11531, 'Space15003');
INSERT INTO spaces (id, item_id, hour_price) VALUES (15003, 15900, 24);
INSERT INTO items (id, venue_id, name) VALUES (15901, 11531, 'Space15004');
INSERT INTO spaces (id, item_id, hour_price) VALUES (15004, 15901, 32);
INSERT INTO items (id, venue_id, name) VALUES (15902, 11531, 'Space15005');
INSERT INTO spaces (id, item_id, hour_price) VALUES (15005, 15902, 40);
INSERT INTO items (id, venue_id, name) VALUES (15903, 11531, 'Space15006');
INSERT INTO spaces (id, item_id, hour_price) VALUES (15006, 15903, 90);
INSERT INTO items (id, venue_id, name) VALUES (15904, 11531, 'Space15007');
INSERT INTO spaces (id, item_id, hour_price) VALUES (15007, 15904, 5);
INSERT INTO items (id, venue_id, name) VALUES (16330, 11531, 'Space15339');
INSERT INTO spaces (id, item_id, hour_price) VALUES (15339, 16330, 7);
INSERT INTO items (id, venue_id, name) VALUES (16993, 11531, 'Product11125');
INSERT INTO products (id, item_id, price) VALUES (11125, 16993, 8.5);
INSERT INTO items (id, venue_id, name) VALUES (16994, 11531, 'Product11126');
INSERT INTO products (id, item_id, price) VALUES (11126, 16994, 11.5);
INSERT INTO items (id, venue_id, name) VALUES (16995, 11531, 'Product11127');
INSERT INTO products (id, item_id, price) VALUES (11127, 16995, 9.5);
INSERT INTO items (id, venue_id, name) VALUES (19820, 11531, 'Space17643');
INSERT INTO spaces (id, item_id, hour_price) VALUES (17643, 19820, 50);
INSERT INTO items (id, venue_id, name) VALUES (20141, 11531, 'Space17852');
INSERT INTO spaces (id, item_id, hour_price) VALUES (17852, 20141, 5);
INSERT INTO items (id, venue_id, name) VALUES (20150, 11531, 'Product12282');
INSERT INTO products (id, item_id, price) VALUES (12282, 20150, 30);
INSERT INTO items (id, venue_id, name) VALUES (25174, 11531, 'Product14866');
INSERT INTO products (id, item_id, price) VALUES (14866, 25174, 20);
INSERT INTO venues (id, name) VALUES (11545, 'Venue11545');
INSERT INTO items (id, venue_id, name) VALUES (15926, 11545, 'Space15019');
INSERT INTO spaces (id, item_id, hour_price) VALUES (15019, 15926, 0);
INSERT INTO items (id, venue_id, name) VALUES (15927, 11545, 'Space15020');
INSERT INTO spaces (id, item_id, hour_price) VALUES (15020, 15927, 0);
INSERT INTO items (id, venue_id, name) VALUES (15928, 11545, 'Space15021');
INSERT INTO spaces (id, item_id, hour_price) VALUES (15021, 15928, 0);
INSERT INTO items (id, venue_id, name) VALUES (15929, 11545, 'Space15022');
INSERT INTO spaces (id, item_id, hour_price) VALUES (15022, 15929, 0);
INSERT INTO items (id, venue_id, name) VALUES (15930, 11545, 'Space15023');
INSERT INTO spaces (id, item_id, hour_price) VALUES (15023, 15930, 0);
INSERT INTO items (id, venue_id, name) VALUES (15931, 11545, 'Space15024');
INSERT INTO spaces (id, item_id, hour_price) VALUES (15024, 15931, 0);
INSERT INTO items (id, venue_id, name) VALUES (15934, 11545, 'Space15027');
INSERT INTO spaces (id, item_id, hour_price) VALUES (15027, 15934, 22.5);
INSERT INTO items (id, venue_id, name) VALUES (15935, 11545, 'Space15028');
INSERT INTO spaces (id, item_id, hour_price) VALUES (15028, 15935, 16.5);
INSERT INTO items (id, venue_id, name) VALUES (22745, 11545, 'Space19169');
INSERT INTO spaces (id, item_id, hour_price) VALUES (19169, 22745, 13.5);
INSERT INTO venues (id, name) VALUES (11549, 'Venue11549');
INSERT INTO items (id, venue_id, name) VALUES (15937, 11549, 'Space15030');
INSERT INTO spaces (id, item_id, hour_price) VALUES (15030, 15937, 0);
INSERT INTO items (id, venue_id, name) VALUES (15938, 11549, 'Space15031');
INSERT INTO spaces (id, item_id, hour_price) VALUES (15031, 15938, 0);
INSERT INTO items (id, venue_id, name) VALUES (15939, 11549, 'Space15032');
INSERT INTO spaces (id, item_id, hour_price) VALUES (15032, 15939, 0);
INSERT INTO items (id, venue_id, name) VALUES (15940, 11549, 'Space15033');
INSERT INTO spaces (id, item_id, hour_price) VALUES (15033, 15940, 0);
INSERT INTO items (id, venue_id, name) VALUES (15941, 11549, 'Space15034');
INSERT INTO spaces (id, item_id, hour_price) VALUES (15034, 15941, 0);
INSERT INTO items (id, venue_id, name) VALUES (15942, 11549, 'Space15035');
INSERT INTO spaces (id, item_id, hour_price) VALUES (15035, 15942, 0);
INSERT INTO items (id, venue_id, name) VALUES (15943, 11549, 'Space15036');
INSERT INTO spaces (id, item_id, hour_price) VALUES (15036, 15943, 10);
INSERT INTO venues (id, name) VALUES (11559, 'Venue11559');
INSERT INTO items (id, venue_id, name) VALUES (15963, 11559, 'Space15049');
INSERT INTO spaces (id, item_id, hour_price) VALUES (15049, 15963, 0);
INSERT INTO items (id, venue_id, name) VALUES (15964, 11559, 'Space15050');
INSERT INTO spaces (id, item_id, hour_price) VALUES (15050, 15964, 0);
INSERT INTO items (id, venue_id, name) VALUES (15965, 11559, 'Space15051');
INSERT INTO spaces (id, item_id, hour_price) VALUES (15051, 15965, 0);
INSERT INTO items (id, venue_id, name) VALUES (15966, 11559, 'Space15052');
INSERT INTO spaces (id, item_id, hour_price) VALUES (15052, 15966, 0);
INSERT INTO items (id, venue_id, name) VALUES (15967, 11559, 'Space15053');
INSERT INTO spaces (id, item_id, hour_price) VALUES (15053, 15967, 0);
INSERT INTO items (id, venue_id, name) VALUES (15968, 11559, 'Space15054');
INSERT INTO spaces (id, item_id, hour_price) VALUES (15054, 15968, 0);
INSERT INTO items (id, venue_id, name) VALUES (15969, 11559, 'Space15055');
INSERT INTO spaces (id, item_id, hour_price) VALUES (15055, 15969, 0);
INSERT INTO venues (id, name) VALUES (11565, 'Venue11565');
INSERT INTO items (id, venue_id, name) VALUES (15975, 11565, 'Space15056');
INSERT INTO spaces (id, item_id, hour_price) VALUES (15056, 15975, 0);
INSERT INTO items (id, venue_id, name) VALUES (15976, 11565, 'Space15057');
INSERT INTO spaces (id, item_id, hour_price) VALUES (15057, 15976, 0);
INSERT INTO items (id, venue_id, name) VALUES (15977, 11565, 'Space15058');
INSERT INTO spaces (id, item_id, hour_price) VALUES (15058, 15977, 0);
INSERT INTO items (id, venue_id, name) VALUES (15978, 11565, 'Space15059');
INSERT INTO spaces (id, item_id, hour_price) VALUES (15059, 15978, 0);
INSERT INTO items (id, venue_id, name) VALUES (15979, 11565, 'Space15060');
INSERT INTO spaces (id, item_id, hour_price) VALUES (15060, 15979, 0);
INSERT INTO items (id, venue_id, name) VALUES (15980, 11565, 'Space15061');
INSERT INTO spaces (id, item_id, hour_price) VALUES (15061, 15980, 0);
INSERT INTO items (id, venue_id, name) VALUES (16002, 11565, 'Space15080');
INSERT INTO spaces (id, item_id, hour_price) VALUES (15080, 16002, 5);
INSERT INTO items (id, venue_id, name) VALUES (16309, 11565, 'Space15330');
INSERT INTO spaces (id, item_id, hour_price) VALUES (15330, 16309, 27.5);
INSERT INTO items (id, venue_id, name) VALUES (16318, 11565, 'Product10980');
INSERT INTO products (id, item_id, price) VALUES (10980, 16318, 0);
INSERT INTO items (id, venue_id, name) VALUES (16319, 11565, 'Product10981');
INSERT INTO products (id, item_id, price) VALUES (10981, 16319, 7);
INSERT INTO items (id, venue_id, name) VALUES (16320, 11565, 'Product10982');
INSERT INTO products (id, item_id, price) VALUES (10982, 16320, 22.5);
INSERT INTO items (id, venue_id, name) VALUES (16342, 11565, 'Space15351');
INSERT INTO spaces (id, item_id, hour_price) VALUES (15351, 16342, 107);
INSERT INTO items (id, venue_id, name) VALUES (16344, 11565, 'Space15353');
INSERT INTO spaces (id, item_id, hour_price) VALUES (15353, 16344, 18);
INSERT INTO items (id, venue_id, name) VALUES (16799, 11565, 'Space15730');
INSERT INTO spaces (id, item_id, hour_price) VALUES (15730, 16799, 55);
INSERT INTO items (id, venue_id, name) VALUES (20137, 11565, 'Product12278');
INSERT INTO products (id, item_id, price) VALUES (12278, 20137, 1.75);
INSERT INTO items (id, venue_id, name) VALUES (20138, 11565, 'Product12279');
INSERT INTO products (id, item_id, price) VALUES (12279, 20138, 1.75);
INSERT INTO venues (id, name) VALUES (11572, 'Venue11572');
INSERT INTO items (id, venue_id, name) VALUES (15993, 11572, 'Space15072');
INSERT INTO spaces (id, item_id, hour_price) VALUES (15072, 15993, 0);
INSERT INTO items (id, venue_id, name) VALUES (15994, 11572, 'Space15073');
INSERT INTO spaces (id, item_id, hour_price) VALUES (15073, 15994, 0);
INSERT INTO items (id, venue_id, name) VALUES (15995, 11572, 'Space15074');
INSERT INTO spaces (id, item_id, hour_price) VALUES (15074, 15995, 0);
INSERT INTO items (id, venue_id, name) VALUES (15996, 11572, 'Space15075');
INSERT INTO spaces (id, item_id, hour_price) VALUES (15075, 15996, 0);
INSERT INTO items (id, venue_id, name) VALUES (15997, 11572, 'Space15076');
INSERT INTO spaces (id, item_id, hour_price) VALUES (15076, 15997, 0);
INSERT INTO items (id, venue_id, name) VALUES (15998, 11572, 'Space15077');
INSERT INTO spaces (id, item_id, hour_price) VALUES (15077, 15998, 0);
INSERT INTO items (id, venue_id, name) VALUES (15999, 11572, 'Space15078');
INSERT INTO spaces (id, item_id, hour_price) VALUES (15078, 15999, 5);
INSERT INTO items (id, venue_id, name) VALUES (16001, 11572, 'Space15079');
INSERT INTO spaces (id, item_id, hour_price) VALUES (15079, 16001, 18);
INSERT INTO items (id, venue_id, name) VALUES (16308, 11572, 'Space15329');
INSERT INTO spaces (id, item_id, hour_price) VALUES (15329, 16308, 27.5);
INSERT INTO items (id, venue_id, name) VALUES (16311, 11572, 'Product10973');
INSERT INTO products (id, item_id, price) VALUES (10973, 16311, 0);
INSERT INTO items (id, venue_id, name) VALUES (16312, 11572, 'Product10974');
INSERT INTO products (id, item_id, price) VALUES (10974, 16312, 22.5);
INSERT INTO items (id, venue_id, name) VALUES (16314, 11572, 'Product10976');
INSERT INTO products (id, item_id, price) VALUES (10976, 16314, 7);
INSERT INTO items (id, venue_id, name) VALUES (16315, 11572, 'Product10977');
INSERT INTO products (id, item_id, price) VALUES (10977, 16315, 1.75);
INSERT INTO items (id, venue_id, name) VALUES (16343, 11572, 'Space15352');
INSERT INTO spaces (id, item_id, hour_price) VALUES (15352, 16343, 107);
INSERT INTO items (id, venue_id, name) VALUES (20136, 11572, 'Product12277');
INSERT INTO products (id, item_id, price) VALUES (12277, 20136, 1.75);
INSERT INTO venues (id, name) VALUES (11578, 'Venue11578');
INSERT INTO items (id, venue_id, name) VALUES (16003, 11578, 'Space15081');
INSERT INTO spaces (id, item_id, hour_price) VALUES (15081, 16003, 0);
INSERT INTO items (id, venue_id, name) VALUES (16004, 11578, 'Space15082');
INSERT INTO spaces (id, item_id, hour_price) VALUES (15082, 16004, 0);
INSERT INTO items (id, venue_id, name) VALUES (16005, 11578, 'Space15083');
INSERT INTO spaces (id, item_id, hour_price) VALUES (15083, 16005, 0);
INSERT INTO items (id, venue_id, name) VALUES (16006, 11578, 'Space15084');
INSERT INTO spaces (id, item_id, hour_price) VALUES (15084, 16006, 0);
INSERT INTO items (id, venue_id, name) VALUES (16007, 11578, 'Space15085');
INSERT INTO spaces (id, item_id, hour_price) VALUES (15085, 16007, 0);
INSERT INTO items (id, venue_id, name) VALUES (16008, 11578, 'Space15086');
INSERT INTO spaces (id, item_id, hour_price) VALUES (15086, 16008, 0);
INSERT INTO items (id, venue_id, name) VALUES (16009, 11578, 'Space15087');
INSERT INTO spaces (id, item_id, hour_price) VALUES (15087, 16009, 5);
INSERT INTO items (id, venue_id, name) VALUES (16316, 11578, 'Product10978');
INSERT INTO products (id, item_id, price) VALUES (10978, 16316, 0);
INSERT INTO items (id, venue_id, name) VALUES (16317, 11578, 'Product10979');
INSERT INTO products (id, item_id, price) VALUES (10979, 16317, 7);
INSERT INTO items (id, venue_id, name) VALUES (20139, 11578, 'Product12280');
INSERT INTO products (id, item_id, price) VALUES (12280, 20139, 1.75);
INSERT INTO items (id, venue_id, name) VALUES (20140, 11578, 'Product12281');
INSERT INTO products (id, item_id, price) VALUES (12281, 20140, 1.75);
INSERT INTO venues (id, name) VALUES (11584, 'Venue11584');
INSERT INTO items (id, venue_id, name) VALUES (16017, 11584, 'Space15095');
INSERT INTO spaces (id, item_id, hour_price) VALUES (15095, 16017, 0);
INSERT INTO items (id, venue_id, name) VALUES (16018, 11584, 'Space15096');
INSERT INTO spaces (id, item_id, hour_price) VALUES (15096, 16018, 0);
INSERT INTO items (id, venue_id, name) VALUES (16019, 11584, 'Space15097');
INSERT INTO spaces (id, item_id, hour_price) VALUES (15097, 16019, 0);
INSERT INTO items (id, venue_id, name) VALUES (16020, 11584, 'Space15098');
INSERT INTO spaces (id, item_id, hour_price) VALUES (15098, 16020, 0);
INSERT INTO items (id, venue_id, name) VALUES (16021, 11584, 'Space15099');
INSERT INTO spaces (id, item_id, hour_price) VALUES (15099, 16021, 0);
INSERT INTO items (id, venue_id, name) VALUES (16022, 11584, 'Space15100');
INSERT INTO spaces (id, item_id, hour_price) VALUES (15100, 16022, 0);
INSERT INTO items (id, venue_id, name) VALUES (16023, 11584, 'Space15101');
INSERT INTO spaces (id, item_id, hour_price) VALUES (15101, 16023, 15);
INSERT INTO items (id, venue_id, name) VALUES (16183, 11584, 'Space15239');
INSERT INTO spaces (id, item_id, hour_price) VALUES (15239, 16183, 12.5);
INSERT INTO items (id, venue_id, name) VALUES (16184, 11584, 'Space15240');
INSERT INTO spaces (id, item_id, hour_price) VALUES (15240, 16184, 12.5);
INSERT INTO items (id, venue_id, name) VALUES (16187, 11584, 'Space15243');
INSERT INTO spaces (id, item_id, hour_price) VALUES (15243, 16187, 4);
INSERT INTO items (id, venue_id, name) VALUES (16190, 11584, 'Space15246');
INSERT INTO spaces (id, item_id, hour_price) VALUES (15246, 16190, 12.5);
INSERT INTO items (id, venue_id, name) VALUES (18210, 11584, 'Product11560');
INSERT INTO products (id, item_id, price) VALUES (11560, 18210, 15);
INSERT INTO items (id, venue_id, name) VALUES (25588, 11584, 'Product15091');
INSERT INTO products (id, item_id, price) VALUES (15091, 25588, 0);
INSERT INTO items (id, venue_id, name) VALUES (27957, 11584, 'Product16328');
INSERT INTO products (id, item_id, price) VALUES (16328, 27957, 5);
INSERT INTO items (id, venue_id, name) VALUES (27958, 11584, 'Product16329');
INSERT INTO products (id, item_id, price) VALUES (16329, 27958, 5);
INSERT INTO venues (id, name) VALUES (11588, 'Venue11588');
INSERT INTO items (id, venue_id, name) VALUES (16025, 11588, 'Space15102');
INSERT INTO spaces (id, item_id, hour_price) VALUES (15102, 16025, 0);
INSERT INTO items (id, venue_id, name) VALUES (16026, 11588, 'Space15103');
INSERT INTO spaces (id, item_id, hour_price) VALUES (15103, 16026, 0);
INSERT INTO items (id, venue_id, name) VALUES (16027, 11588, 'Space15104');
INSERT INTO spaces (id, item_id, hour_price) VALUES (15104, 16027, 0);
INSERT INTO items (id, venue_id, name) VALUES (16028, 11588, 'Space15105');
INSERT INTO spaces (id, item_id, hour_price) VALUES (15105, 16028, 0);
INSERT INTO items (id, venue_id, name) VALUES (16029, 11588, 'Space15106');
INSERT INTO spaces (id, item_id, hour_price) VALUES (15106, 16029, 0);
INSERT INTO items (id, venue_id, name) VALUES (16030, 11588, 'Space15107');
INSERT INTO spaces (id, item_id, hour_price) VALUES (15107, 16030, 0);
INSERT INTO items (id, venue_id, name) VALUES (16031, 11588, 'Space15108');
INSERT INTO spaces (id, item_id, hour_price) VALUES (15108, 16031, 25);
INSERT INTO items (id, venue_id, name) VALUES (16032, 11588, 'Space15109');
INSERT INTO spaces (id, item_id, hour_price) VALUES (15109, 16032, 32.5);
INSERT INTO items (id, venue_id, name) VALUES (16033, 11588, 'Product10916');
INSERT INTO products (id, item_id, price) VALUES (10916, 16033, 7.5);
INSERT INTO items (id, venue_id, name) VALUES (16034, 11588, 'Product10917');
INSERT INTO products (id, item_id, price) VALUES (10917, 16034, 12.5);
INSERT INTO items (id, venue_id, name) VALUES (16035, 11588, 'Product10918');
INSERT INTO products (id, item_id, price) VALUES (10918, 16035, 2.5);
INSERT INTO items (id, venue_id, name) VALUES (16036, 11588, 'Product10919');
INSERT INTO products (id, item_id, price) VALUES (10919, 16036, 12.5);
INSERT INTO venues (id, name) VALUES (11593, 'Venue11593');
INSERT INTO items (id, venue_id, name) VALUES (16037, 11593, 'Space15110');
INSERT INTO spaces (id, item_id, hour_price) VALUES (15110, 16037, 0);
INSERT INTO items (id, venue_id, name) VALUES (16038, 11593, 'Space15111');
INSERT INTO spaces (id, item_id, hour_price) VALUES (15111, 16038, 0);
INSERT INTO items (id, venue_id, name) VALUES (16039, 11593, 'Space15112');
INSERT INTO spaces (id, item_id, hour_price) VALUES (15112, 16039, 0);
INSERT INTO items (id, venue_id, name) VALUES (16040, 11593, 'Space15113');
INSERT INTO spaces (id, item_id, hour_price) VALUES (15113, 16040, 0);
INSERT INTO items (id, venue_id, name) VALUES (16041, 11593, 'Space15114');
INSERT INTO spaces (id, item_id, hour_price) VALUES (15114, 16041, 0);
INSERT INTO items (id, venue_id, name) VALUES (16042, 11593, 'Space15115');
INSERT INTO spaces (id, item_id, hour_price) VALUES (15115, 16042, 0);
INSERT INTO items (id, venue_id, name) VALUES (16043, 11593, 'Product10920');
INSERT INTO products (id, item_id, price) VALUES (10920, 16043, 10.5);
INSERT INTO items (id, venue_id, name) VALUES (16044, 11593, 'Product10921');
INSERT INTO products (id, item_id, price) VALUES (10921, 16044, 8.5);
INSERT INTO items (id, venue_id, name) VALUES (16045, 11593, 'Space15116');
INSERT INTO spaces (id, item_id, hour_price) VALUES (15116, 16045, 15);
INSERT INTO items (id, venue_id, name) VALUES (16046, 11593, 'Space15117');
INSERT INTO spaces (id, item_id, hour_price) VALUES (15117, 16046, 5);
INSERT INTO venues (id, name) VALUES (11597, 'Venue11597');
INSERT INTO items (id, venue_id, name) VALUES (16047, 11597, 'Space15118');
INSERT INTO spaces (id, item_id, hour_price) VALUES (15118, 16047, 0);
INSERT INTO items (id, venue_id, name) VALUES (16048, 11597, 'Space15119');
INSERT INTO spaces (id, item_id, hour_price) VALUES (15119, 16048, 0);
INSERT INTO items (id, venue_id, name) VALUES (16049, 11597, 'Space15120');
INSERT INTO spaces (id, item_id, hour_price) VALUES (15120, 16049, 0);
INSERT INTO items (id, venue_id, name) VALUES (16050, 11597, 'Space15121');
INSERT INTO spaces (id, item_id, hour_price) VALUES (15121, 16050, 0);
INSERT INTO items (id, venue_id, name) VALUES (16051, 11597, 'Space15122');
INSERT INTO spaces (id, item_id, hour_price) VALUES (15122, 16051, 0);
INSERT INTO items (id, venue_id, name) VALUES (16052, 11597, 'Space15123');
INSERT INTO spaces (id, item_id, hour_price) VALUES (15123, 16052, 0);
INSERT INTO items (id, venue_id, name) VALUES (16053, 11597, 'Space15124');
INSERT INTO spaces (id, item_id, hour_price) VALUES (15124, 16053, 15);
INSERT INTO items (id, venue_id, name) VALUES (16054, 11597, 'Space15125');
INSERT INTO spaces (id, item_id, hour_price) VALUES (15125, 16054, 15);
INSERT INTO venues (id, name) VALUES (11603, 'Venue11603');
INSERT INTO items (id, venue_id, name) VALUES (16055, 11603, 'Space15126');
INSERT INTO spaces (id, item_id, hour_price) VALUES (15126, 16055, 0);
INSERT INTO items (id, venue_id, name) VALUES (16056, 11603, 'Space15127');
INSERT INTO spaces (id, item_id, hour_price) VALUES (15127, 16056, 0);
INSERT INTO items (id, venue_id, name) VALUES (16057, 11603, 'Space15128');
INSERT INTO spaces (id, item_id, hour_price) VALUES (15128, 16057, 0);
INSERT INTO items (id, venue_id, name) VALUES (16058, 11603, 'Space15129');
INSERT INTO spaces (id, item_id, hour_price) VALUES (15129, 16058, 0);
INSERT INTO items (id, venue_id, name) VALUES (16059, 11603, 'Space15130');
INSERT INTO spaces (id, item_id, hour_price) VALUES (15130, 16059, 0);
INSERT INTO items (id, venue_id, name) VALUES (16060, 11603, 'Space15131');
INSERT INTO spaces (id, item_id, hour_price) VALUES (15131, 16060, 0);
INSERT INTO venues (id, name) VALUES (11611, 'Venue11611');
INSERT INTO items (id, venue_id, name) VALUES (16071, 11611, 'Space15142');
INSERT INTO spaces (id, item_id, hour_price) VALUES (15142, 16071, 0);
INSERT INTO items (id, venue_id, name) VALUES (16072, 11611, 'Space15143');
INSERT INTO spaces (id, item_id, hour_price) VALUES (15143, 16072, 0);
INSERT INTO items (id, venue_id, name) VALUES (16073, 11611, 'Space15144');
INSERT INTO spaces (id, item_id, hour_price) VALUES (15144, 16073, 0);
INSERT INTO items (id, venue_id, name) VALUES (16074, 11611, 'Space15145');
INSERT INTO spaces (id, item_id, hour_price) VALUES (15145, 16074, 0);
INSERT INTO items (id, venue_id, name) VALUES (16075, 11611, 'Space15146');
INSERT INTO spaces (id, item_id, hour_price) VALUES (15146, 16075, 0);
INSERT INTO items (id, venue_id, name) VALUES (16076, 11611, 'Space15147');
INSERT INTO spaces (id, item_id, hour_price) VALUES (15147, 16076, 0);
INSERT INTO items (id, venue_id, name) VALUES (16077, 11611, 'Space15148');
INSERT INTO spaces (id, item_id, hour_price) VALUES (15148, 16077, 10);
INSERT INTO venues (id, name) VALUES (11618, 'Venue11618');
INSERT INTO items (id, venue_id, name) VALUES (16090, 11618, 'Space15158');
INSERT INTO spaces (id, item_id, hour_price) VALUES (15158, 16090, 0);
INSERT INTO items (id, venue_id, name) VALUES (16091, 11618, 'Space15159');
INSERT INTO spaces (id, item_id, hour_price) VALUES (15159, 16091, 0);
INSERT INTO items (id, venue_id, name) VALUES (16092, 11618, 'Space15160');
INSERT INTO spaces (id, item_id, hour_price) VALUES (15160, 16092, 0);
INSERT INTO items (id, venue_id, name) VALUES (16093, 11618, 'Space15161');
INSERT INTO spaces (id, item_id, hour_price) VALUES (15161, 16093, 0);
INSERT INTO items (id, venue_id, name) VALUES (16094, 11618, 'Space15162');
INSERT INTO spaces (id, item_id, hour_price) VALUES (15162, 16094, 0);
INSERT INTO items (id, venue_id, name) VALUES (16095, 11618, 'Space15163');
INSERT INTO spaces (id, item_id, hour_price) VALUES (15163, 16095, 0);
INSERT INTO items (id, venue_id, name) VALUES (16097, 11618, 'Space15165');
INSERT INTO spaces (id, item_id, hour_price) VALUES (15165, 16097, 55);
INSERT INTO items (id, venue_id, name) VALUES (16098, 11618, 'Space15166');
INSERT INTO spaces (id, item_id, hour_price) VALUES (15166, 16098, 50);
INSERT INTO items (id, venue_id, name) VALUES (16099, 11618, 'Space15167');
INSERT INTO spaces (id, item_id, hour_price) VALUES (15167, 16099, 80);
INSERT INTO items (id, venue_id, name) VALUES (16100, 11618, 'Space15168');
INSERT INTO spaces (id, item_id, hour_price) VALUES (15168, 16100, 80);
INSERT INTO items (id, venue_id, name) VALUES (16101, 11618, 'Space15169');
INSERT INTO spaces (id, item_id, hour_price) VALUES (15169, 16101, 50);
INSERT INTO items (id, venue_id, name) VALUES (16129, 11618, 'Space15188');
INSERT INTO spaces (id, item_id, hour_price) VALUES (15188, 16129, 35);
INSERT INTO items (id, venue_id, name) VALUES (16130, 11618, 'Space15189');
INSERT INTO spaces (id, item_id, hour_price) VALUES (15189, 16130, 50);
INSERT INTO items (id, venue_id, name) VALUES (16131, 11618, 'Space15190');
INSERT INTO spaces (id, item_id, hour_price) VALUES (15190, 16131, 50);
INSERT INTO items (id, venue_id, name) VALUES (16132, 11618, 'Space15191');
INSERT INTO spaces (id, item_id, hour_price) VALUES (15191, 16132, 10);
INSERT INTO items (id, venue_id, name) VALUES (16133, 11618, 'Space15192');
INSERT INTO spaces (id, item_id, hour_price) VALUES (15192, 16133, 14.1);
INSERT INTO items (id, venue_id, name) VALUES (17386, 11618, 'Product11222');
INSERT INTO products (id, item_id, price) VALUES (11222, 17386, 2);
INSERT INTO items (id, venue_id, name) VALUES (17387, 11618, 'Product11223');
INSERT INTO products (id, item_id, price) VALUES (11223, 17387, 0.5);
INSERT INTO items (id, venue_id, name) VALUES (17388, 11618, 'Product11224');
INSERT INTO products (id, item_id, price) VALUES (11224, 17388, 1);
INSERT INTO items (id, venue_id, name) VALUES (17390, 11618, 'Product11226');
INSERT INTO products (id, item_id, price) VALUES (11226, 17390, 1.25);
INSERT INTO items (id, venue_id, name) VALUES (17391, 11618, 'Product11227');
INSERT INTO products (id, item_id, price) VALUES (11227, 17391, 1.25);
INSERT INTO items (id, venue_id, name) VALUES (17392, 11618, 'Product11228');
INSERT INTO products (id, item_id, price) VALUES (11228, 17392, 5);
INSERT INTO items (id, venue_id, name) VALUES (17393, 11618, 'Product11229');
INSERT INTO products (id, item_id, price) VALUES (11229, 17393, 7.5);
INSERT INTO items (id, venue_id, name) VALUES (17394, 11618, 'Product11230');
INSERT INTO products (id, item_id, price) VALUES (11230, 17394, 10);
INSERT INTO items (id, venue_id, name) VALUES (17395, 11618, 'Product11231');
INSERT INTO products (id, item_id, price) VALUES (11231, 17395, 2);
INSERT INTO items (id, venue_id, name) VALUES (17396, 11618, 'Product11232');
INSERT INTO products (id, item_id, price) VALUES (11232, 17396, 2);
INSERT INTO items (id, venue_id, name) VALUES (17397, 11618, 'Product11233');
INSERT INTO products (id, item_id, price) VALUES (11233, 17397, 0.5);
INSERT INTO items (id, venue_id, name) VALUES (17398, 11618, 'Product11234');
INSERT INTO products (id, item_id, price) VALUES (11234, 17398, 0.5);
INSERT INTO items (id, venue_id, name) VALUES (17399, 11618, 'Product11235');
INSERT INTO products (id, item_id, price) VALUES (11235, 17399, 1);
INSERT INTO items (id, venue_id, name) VALUES (17400, 11618, 'Product11236');
INSERT INTO products (id, item_id, price) VALUES (11236, 17400, 1);
INSERT INTO items (id, venue_id, name) VALUES (17401, 11618, 'Product11237');
INSERT INTO products (id, item_id, price) VALUES (11237, 17401, 3.5);
INSERT INTO items (id, venue_id, name) VALUES (17402, 11618, 'Product11238');
INSERT INTO products (id, item_id, price) VALUES (11238, 17402, 10);
INSERT INTO venues (id, name) VALUES (11622, 'Venue11622');
INSERT INTO items (id, venue_id, name) VALUES (16108, 11622, 'Space15171');
INSERT INTO spaces (id, item_id, hour_price) VALUES (15171, 16108, 0);
INSERT INTO items (id, venue_id, name) VALUES (16109, 11622, 'Space15172');
INSERT INTO spaces (id, item_id, hour_price) VALUES (15172, 16109, 0);
INSERT INTO items (id, venue_id, name) VALUES (16110, 11622, 'Space15173');
INSERT INTO spaces (id, item_id, hour_price) VALUES (15173, 16110, 0);
INSERT INTO items (id, venue_id, name) VALUES (16111, 11622, 'Space15174');
INSERT INTO spaces (id, item_id, hour_price) VALUES (15174, 16111, 0);
INSERT INTO items (id, venue_id, name) VALUES (16112, 11622, 'Space15175');
INSERT INTO spaces (id, item_id, hour_price) VALUES (15175, 16112, 0);
INSERT INTO items (id, venue_id, name) VALUES (16113, 11622, 'Space15176');
INSERT INTO spaces (id, item_id, hour_price) VALUES (15176, 16113, 0);
INSERT INTO items (id, venue_id, name) VALUES (16114, 11622, 'Space15177');
INSERT INTO spaces (id, item_id, hour_price) VALUES (15177, 16114, 0);
INSERT INTO items (id, venue_id, name) VALUES (16115, 11622, 'Space15178');
INSERT INTO spaces (id, item_id, hour_price) VALUES (15178, 16115, 15);
INSERT INTO items (id, venue_id, name) VALUES (18632, 11622, 'Product11717');
INSERT INTO products (id, item_id, price) VALUES (11717, 18632, 1.7);
INSERT INTO items (id, venue_id, name) VALUES (18633, 11622, 'Product11718');
INSERT INTO products (id, item_id, price) VALUES (11718, 18633, 1.7);
INSERT INTO venues (id, name) VALUES (11626, 'Venue11626');
INSERT INTO items (id, venue_id, name) VALUES (16120, 11626, 'Space15180');
INSERT INTO spaces (id, item_id, hour_price) VALUES (15180, 16120, 0);
INSERT INTO items (id, venue_id, name) VALUES (16121, 11626, 'Space15181');
INSERT INTO spaces (id, item_id, hour_price) VALUES (15181, 16121, 0);
INSERT INTO items (id, venue_id, name) VALUES (16122, 11626, 'Space15182');
INSERT INTO spaces (id, item_id, hour_price) VALUES (15182, 16122, 0);
INSERT INTO items (id, venue_id, name) VALUES (16123, 11626, 'Space15183');
INSERT INTO spaces (id, item_id, hour_price) VALUES (15183, 16123, 0);
INSERT INTO items (id, venue_id, name) VALUES (16124, 11626, 'Space15184');
INSERT INTO spaces (id, item_id, hour_price) VALUES (15184, 16124, 0);
INSERT INTO items (id, venue_id, name) VALUES (16125, 11626, 'Space15185');
INSERT INTO spaces (id, item_id, hour_price) VALUES (15185, 16125, 0);
INSERT INTO items (id, venue_id, name) VALUES (16127, 11626, 'Space15187');
INSERT INTO spaces (id, item_id, hour_price) VALUES (15187, 16127, 15);
INSERT INTO items (id, venue_id, name) VALUES (16128, 11626, 'Product10933');
INSERT INTO products (id, item_id, price) VALUES (10933, 16128, 0);
INSERT INTO items (id, venue_id, name) VALUES (25449, 11626, 'Space20454');
INSERT INTO spaces (id, item_id, hour_price) VALUES (20454, 25449, 30);
INSERT INTO venues (id, name) VALUES (11632, 'Venue11632');
INSERT INTO items (id, venue_id, name) VALUES (16134, 11632, 'Space15193');
INSERT INTO spaces (id, item_id, hour_price) VALUES (15193, 16134, 0);
INSERT INTO items (id, venue_id, name) VALUES (16135, 11632, 'Space15194');
INSERT INTO spaces (id, item_id, hour_price) VALUES (15194, 16135, 0);
INSERT INTO items (id, venue_id, name) VALUES (16136, 11632, 'Space15195');
INSERT INTO spaces (id, item_id, hour_price) VALUES (15195, 16136, 0);
INSERT INTO items (id, venue_id, name) VALUES (16137, 11632, 'Space15196');
INSERT INTO spaces (id, item_id, hour_price) VALUES (15196, 16137, 0);
INSERT INTO items (id, venue_id, name) VALUES (16138, 11632, 'Space15197');
INSERT INTO spaces (id, item_id, hour_price) VALUES (15197, 16138, 0);
INSERT INTO items (id, venue_id, name) VALUES (16139, 11632, 'Space15198');
INSERT INTO spaces (id, item_id, hour_price) VALUES (15198, 16139, 0);
INSERT INTO items (id, venue_id, name) VALUES (16140, 11632, 'Space15199');
INSERT INTO spaces (id, item_id, hour_price) VALUES (15199, 16140, 16);
INSERT INTO items (id, venue_id, name) VALUES (16141, 11632, 'Space15200');
INSERT INTO spaces (id, item_id, hour_price) VALUES (15200, 16141, 2);
INSERT INTO items (id, venue_id, name) VALUES (16142, 11632, 'Space15201');
INSERT INTO spaces (id, item_id, hour_price) VALUES (15201, 16142, 15);
INSERT INTO items (id, venue_id, name) VALUES (16143, 11632, 'Space15202');
INSERT INTO spaces (id, item_id, hour_price) VALUES (15202, 16143, 16);
INSERT INTO items (id, venue_id, name) VALUES (16144, 11632, 'Space15203');
INSERT INTO spaces (id, item_id, hour_price) VALUES (15203, 16144, 20);
INSERT INTO items (id, venue_id, name) VALUES (18993, 11632, 'Product11865');
INSERT INTO products (id, item_id, price) VALUES (11865, 18993, 25);
INSERT INTO items (id, venue_id, name) VALUES (22187, 11632, 'Product13271');
INSERT INTO products (id, item_id, price) VALUES (13271, 22187, 3);
INSERT INTO items (id, venue_id, name) VALUES (22188, 11632, 'Product13272');
INSERT INTO products (id, item_id, price) VALUES (13272, 22188, 1);
INSERT INTO items (id, venue_id, name) VALUES (22189, 11632, 'Product13273');
INSERT INTO products (id, item_id, price) VALUES (13273, 22189, 1);
INSERT INTO items (id, venue_id, name) VALUES (27203, 11632, 'Space21217');
INSERT INTO spaces (id, item_id, hour_price) VALUES (21217, 27203, 15);
INSERT INTO venues (id, name) VALUES (11634, 'Venue11634');
INSERT INTO items (id, venue_id, name) VALUES (16145, 11634, 'Space15204');
INSERT INTO spaces (id, item_id, hour_price) VALUES (15204, 16145, 0);
INSERT INTO items (id, venue_id, name) VALUES (16146, 11634, 'Space15205');
INSERT INTO spaces (id, item_id, hour_price) VALUES (15205, 16146, 0);
INSERT INTO items (id, venue_id, name) VALUES (16147, 11634, 'Space15206');
INSERT INTO spaces (id, item_id, hour_price) VALUES (15206, 16147, 0);
INSERT INTO items (id, venue_id, name) VALUES (16148, 11634, 'Space15207');
INSERT INTO spaces (id, item_id, hour_price) VALUES (15207, 16148, 0);
INSERT INTO items (id, venue_id, name) VALUES (16149, 11634, 'Space15208');
INSERT INTO spaces (id, item_id, hour_price) VALUES (15208, 16149, 0);
INSERT INTO items (id, venue_id, name) VALUES (16150, 11634, 'Space15209');
INSERT INTO spaces (id, item_id, hour_price) VALUES (15209, 16150, 0);
INSERT INTO items (id, venue_id, name) VALUES (16151, 11634, 'Space15210');
INSERT INTO spaces (id, item_id, hour_price) VALUES (15210, 16151, 16);
INSERT INTO items (id, venue_id, name) VALUES (16152, 11634, 'Space15211');
INSERT INTO spaces (id, item_id, hour_price) VALUES (15211, 16152, 2);
INSERT INTO items (id, venue_id, name) VALUES (16153, 11634, 'Space15212');
INSERT INTO spaces (id, item_id, hour_price) VALUES (15212, 16153, 15);
INSERT INTO items (id, venue_id, name) VALUES (16154, 11634, 'Space15213');
INSERT INTO spaces (id, item_id, hour_price) VALUES (15213, 16154, 20);
INSERT INTO items (id, venue_id, name) VALUES (22184, 11634, 'Product13268');
INSERT INTO products (id, item_id, price) VALUES (13268, 22184, 3);
INSERT INTO items (id, venue_id, name) VALUES (22185, 11634, 'Product13269');
INSERT INTO products (id, item_id, price) VALUES (13269, 22185, 1);
INSERT INTO items (id, venue_id, name) VALUES (22186, 11634, 'Product13270');
INSERT INTO products (id, item_id, price) VALUES (13270, 22186, 1);
INSERT INTO venues (id, name) VALUES (11635, 'Venue11635');
INSERT INTO items (id, venue_id, name) VALUES (16156, 11635, 'Space15215');
INSERT INTO spaces (id, item_id, hour_price) VALUES (15215, 16156, 0);
INSERT INTO items (id, venue_id, name) VALUES (16157, 11635, 'Space15216');
INSERT INTO spaces (id, item_id, hour_price) VALUES (15216, 16157, 0);
INSERT INTO items (id, venue_id, name) VALUES (16158, 11635, 'Space15217');
INSERT INTO spaces (id, item_id, hour_price) VALUES (15217, 16158, 0);
INSERT INTO items (id, venue_id, name) VALUES (16159, 11635, 'Space15218');
INSERT INTO spaces (id, item_id, hour_price) VALUES (15218, 16159, 0);
INSERT INTO items (id, venue_id, name) VALUES (16160, 11635, 'Space15219');
INSERT INTO spaces (id, item_id, hour_price) VALUES (15219, 16160, 0);
INSERT INTO items (id, venue_id, name) VALUES (16161, 11635, 'Space15220');
INSERT INTO spaces (id, item_id, hour_price) VALUES (15220, 16161, 0);
INSERT INTO items (id, venue_id, name) VALUES (16163, 11635, 'Product10934');
INSERT INTO products (id, item_id, price) VALUES (10934, 16163, 10);
INSERT INTO venues (id, name) VALUES (11650, 'Venue11650');
INSERT INTO items (id, venue_id, name) VALUES (16195, 11650, 'Space15251');
INSERT INTO spaces (id, item_id, hour_price) VALUES (15251, 16195, 0);
INSERT INTO items (id, venue_id, name) VALUES (16196, 11650, 'Space15252');
INSERT INTO spaces (id, item_id, hour_price) VALUES (15252, 16196, 0);
INSERT INTO items (id, venue_id, name) VALUES (16197, 11650, 'Space15253');
INSERT INTO spaces (id, item_id, hour_price) VALUES (15253, 16197, 0);
INSERT INTO items (id, venue_id, name) VALUES (16198, 11650, 'Space15254');
INSERT INTO spaces (id, item_id, hour_price) VALUES (15254, 16198, 0);
INSERT INTO items (id, venue_id, name) VALUES (16199, 11650, 'Space15255');
INSERT INTO spaces (id, item_id, hour_price) VALUES (15255, 16199, 0);
INSERT INTO items (id, venue_id, name) VALUES (16200, 11650, 'Space15256');
INSERT INTO spaces (id, item_id, hour_price) VALUES (15256, 16200, 0);
INSERT INTO items (id, venue_id, name) VALUES (16273, 11650, 'Product10960');
INSERT INTO products (id, item_id, price) VALUES (10960, 16273, 50);
INSERT INTO items (id, venue_id, name) VALUES (16274, 11650, 'Product10961');
INSERT INTO products (id, item_id, price) VALUES (10961, 16274, 15);
INSERT INTO items (id, venue_id, name) VALUES (16275, 11650, 'Product10962');
INSERT INTO products (id, item_id, price) VALUES (10962, 16275, 7.5);
INSERT INTO items (id, venue_id, name) VALUES (16277, 11650, 'Product10964');
INSERT INTO products (id, item_id, price) VALUES (10964, 16277, 40);
INSERT INTO items (id, venue_id, name) VALUES (16278, 11650, 'Product10965');
INSERT INTO products (id, item_id, price) VALUES (10965, 16278, 15);
INSERT INTO items (id, venue_id, name) VALUES (16279, 11650, 'Product10966');
INSERT INTO products (id, item_id, price) VALUES (10966, 16279, 12.5);
INSERT INTO venues (id, name) VALUES (11654, 'Venue11654');
INSERT INTO items (id, venue_id, name) VALUES (16201, 11654, 'Space15257');
INSERT INTO spaces (id, item_id, hour_price) VALUES (15257, 16201, 0);
INSERT INTO items (id, venue_id, name) VALUES (16202, 11654, 'Space15258');
INSERT INTO spaces (id, item_id, hour_price) VALUES (15258, 16202, 0);
INSERT INTO items (id, venue_id, name) VALUES (16203, 11654, 'Space15259');
INSERT INTO spaces (id, item_id, hour_price) VALUES (15259, 16203, 0);
INSERT INTO items (id, venue_id, name) VALUES (16204, 11654, 'Space15260');
INSERT INTO spaces (id, item_id, hour_price) VALUES (15260, 16204, 0);
INSERT INTO items (id, venue_id, name) VALUES (16205, 11654, 'Space15261');
INSERT INTO spaces (id, item_id, hour_price) VALUES (15261, 16205, 0);
INSERT INTO items (id, venue_id, name) VALUES (16206, 11654, 'Space15262');
INSERT INTO spaces (id, item_id, hour_price) VALUES (15262, 16206, 0);
INSERT INTO items (id, venue_id, name) VALUES (16207, 11654, 'Space15263');
INSERT INTO spaces (id, item_id, hour_price) VALUES (15263, 16207, 6);
INSERT INTO items (id, venue_id, name) VALUES (16208, 11654, 'Space15264');
INSERT INTO spaces (id, item_id, hour_price) VALUES (15264, 16208, 15);
INSERT INTO items (id, venue_id, name) VALUES (16209, 11654, 'Space15265');
INSERT INTO spaces (id, item_id, hour_price) VALUES (15265, 16209, 15);
INSERT INTO items (id, venue_id, name) VALUES (16210, 11654, 'Space15266');
INSERT INTO spaces (id, item_id, hour_price) VALUES (15266, 16210, 15);
INSERT INTO items (id, venue_id, name) VALUES (16223, 11654, 'Space15275');
INSERT INTO spaces (id, item_id, hour_price) VALUES (15275, 16223, 15);
INSERT INTO items (id, venue_id, name) VALUES (18978, 11654, 'Product11856');
INSERT INTO products (id, item_id, price) VALUES (11856, 18978, 15);
INSERT INTO items (id, venue_id, name) VALUES (18979, 11654, 'Product11857');
INSERT INTO products (id, item_id, price) VALUES (11857, 18979, 0);
INSERT INTO venues (id, name) VALUES (11658, 'Venue11658');
INSERT INTO items (id, venue_id, name) VALUES (16214, 11658, 'Space15268');
INSERT INTO spaces (id, item_id, hour_price) VALUES (15268, 16214, 0);
INSERT INTO items (id, venue_id, name) VALUES (16215, 11658, 'Space15269');
INSERT INTO spaces (id, item_id, hour_price) VALUES (15269, 16215, 0);
INSERT INTO items (id, venue_id, name) VALUES (16216, 11658, 'Space15270');
INSERT INTO spaces (id, item_id, hour_price) VALUES (15270, 16216, 0);
INSERT INTO items (id, venue_id, name) VALUES (16217, 11658, 'Space15271');
INSERT INTO spaces (id, item_id, hour_price) VALUES (15271, 16217, 0);
INSERT INTO items (id, venue_id, name) VALUES (16218, 11658, 'Space15272');
INSERT INTO spaces (id, item_id, hour_price) VALUES (15272, 16218, 0);
INSERT INTO items (id, venue_id, name) VALUES (16219, 11658, 'Space15273');
INSERT INTO spaces (id, item_id, hour_price) VALUES (15273, 16219, 0);
INSERT INTO items (id, venue_id, name) VALUES (16220, 11658, 'Space15274');
INSERT INTO spaces (id, item_id, hour_price) VALUES (15274, 16220, 25);
INSERT INTO venues (id, name) VALUES (11664, 'Venue11664');
INSERT INTO items (id, venue_id, name) VALUES (16230, 11664, 'Space15277');
INSERT INTO spaces (id, item_id, hour_price) VALUES (15277, 16230, 0);
INSERT INTO items (id, venue_id, name) VALUES (16231, 11664, 'Space15278');
INSERT INTO spaces (id, item_id, hour_price) VALUES (15278, 16231, 0);
INSERT INTO items (id, venue_id, name) VALUES (16232, 11664, 'Space15279');
INSERT INTO spaces (id, item_id, hour_price) VALUES (15279, 16232, 0);
INSERT INTO items (id, venue_id, name) VALUES (16233, 11664, 'Space15280');
INSERT INTO spaces (id, item_id, hour_price) VALUES (15280, 16233, 0);
INSERT INTO items (id, venue_id, name) VALUES (16234, 11664, 'Space15281');
INSERT INTO spaces (id, item_id, hour_price) VALUES (15281, 16234, 0);
INSERT INTO items (id, venue_id, name) VALUES (16235, 11664, 'Space15282');
INSERT INTO spaces (id, item_id, hour_price) VALUES (15282, 16235, 0);
INSERT INTO items (id, venue_id, name) VALUES (16236, 11664, 'Space15283');
INSERT INTO spaces (id, item_id, hour_price) VALUES (15283, 16236, 25);
INSERT INTO items (id, venue_id, name) VALUES (16379, 11664, 'Space15380');
INSERT INTO spaces (id, item_id, hour_price) VALUES (15380, 16379, 35);
INSERT INTO venues (id, name) VALUES (11669, 'Venue11669');
INSERT INTO items (id, venue_id, name) VALUES (16238, 11669, 'Space15285');
INSERT INTO spaces (id, item_id, hour_price) VALUES (15285, 16238, 0);
INSERT INTO items (id, venue_id, name) VALUES (16239, 11669, 'Space15286');
INSERT INTO spaces (id, item_id, hour_price) VALUES (15286, 16239, 0);
INSERT INTO items (id, venue_id, name) VALUES (16240, 11669, 'Space15287');
INSERT INTO spaces (id, item_id, hour_price) VALUES (15287, 16240, 0);
INSERT INTO items (id, venue_id, name) VALUES (16241, 11669, 'Space15288');
INSERT INTO spaces (id, item_id, hour_price) VALUES (15288, 16241, 0);
INSERT INTO items (id, venue_id, name) VALUES (16242, 11669, 'Space15289');
INSERT INTO spaces (id, item_id, hour_price) VALUES (15289, 16242, 0);
INSERT INTO items (id, venue_id, name) VALUES (16243, 11669, 'Space15290');
INSERT INTO spaces (id, item_id, hour_price) VALUES (15290, 16243, 0);
INSERT INTO items (id, venue_id, name) VALUES (16248, 11669, 'Product10946');
INSERT INTO products (id, item_id, price) VALUES (10946, 16248, 0);
INSERT INTO items (id, venue_id, name) VALUES (16249, 11669, 'Product10947');
INSERT INTO products (id, item_id, price) VALUES (10947, 16249, 0);
INSERT INTO items (id, venue_id, name) VALUES (16250, 11669, 'Product10948');
INSERT INTO products (id, item_id, price) VALUES (10948, 16250, 0);
INSERT INTO items (id, venue_id, name) VALUES (16251, 11669, 'Product10949');
INSERT INTO products (id, item_id, price) VALUES (10949, 16251, 0);
INSERT INTO items (id, venue_id, name) VALUES (16252, 11669, 'Product10950');
INSERT INTO products (id, item_id, price) VALUES (10950, 16252, 0);
INSERT INTO items (id, venue_id, name) VALUES (16253, 11669, 'Product10951');
INSERT INTO products (id, item_id, price) VALUES (10951, 16253, 0);
INSERT INTO items (id, venue_id, name) VALUES (16254, 11669, 'Product10952');
INSERT INTO products (id, item_id, price) VALUES (10952, 16254, 0);
INSERT INTO items (id, venue_id, name) VALUES (16256, 11669, 'Product10954');
INSERT INTO products (id, item_id, price) VALUES (10954, 16256, 0);
INSERT INTO items (id, venue_id, name) VALUES (16257, 11669, 'Product10955');
INSERT INTO products (id, item_id, price) VALUES (10955, 16257, 0.5);
INSERT INTO items (id, venue_id, name) VALUES (16258, 11669, 'Product10956');
INSERT INTO products (id, item_id, price) VALUES (10956, 16258, 0.15);
INSERT INTO items (id, venue_id, name) VALUES (16259, 11669, 'Product10957');
INSERT INTO products (id, item_id, price) VALUES (10957, 16259, 0.25);
INSERT INTO items (id, venue_id, name) VALUES (26692, 11669, 'Space20957');
INSERT INTO spaces (id, item_id, hour_price) VALUES (20957, 26692, 10);
INSERT INTO items (id, venue_id, name) VALUES (26693, 11669, 'Space20958');
INSERT INTO spaces (id, item_id, hour_price) VALUES (20958, 26693, 15);
INSERT INTO items (id, venue_id, name) VALUES (26694, 11669, 'Space20959');
INSERT INTO spaces (id, item_id, hour_price) VALUES (20959, 26694, 10);
INSERT INTO venues (id, name) VALUES (11680, 'Venue11680');
INSERT INTO items (id, venue_id, name) VALUES (16280, 11680, 'Space15306');
INSERT INTO spaces (id, item_id, hour_price) VALUES (15306, 16280, 0);
INSERT INTO items (id, venue_id, name) VALUES (16281, 11680, 'Space15307');
INSERT INTO spaces (id, item_id, hour_price) VALUES (15307, 16281, 0);
INSERT INTO items (id, venue_id, name) VALUES (16282, 11680, 'Space15308');
INSERT INTO spaces (id, item_id, hour_price) VALUES (15308, 16282, 0);
INSERT INTO items (id, venue_id, name) VALUES (16283, 11680, 'Space15309');
INSERT INTO spaces (id, item_id, hour_price) VALUES (15309, 16283, 0);
INSERT INTO items (id, venue_id, name) VALUES (16284, 11680, 'Space15310');
INSERT INTO spaces (id, item_id, hour_price) VALUES (15310, 16284, 0);
INSERT INTO items (id, venue_id, name) VALUES (16285, 11680, 'Space15311');
INSERT INTO spaces (id, item_id, hour_price) VALUES (15311, 16285, 0);
INSERT INTO items (id, venue_id, name) VALUES (16286, 11680, 'Space15312');
INSERT INTO spaces (id, item_id, hour_price) VALUES (15312, 16286, 100);
INSERT INTO items (id, venue_id, name) VALUES (16287, 11680, 'Space15313');
INSERT INTO spaces (id, item_id, hour_price) VALUES (15313, 16287, 100);
INSERT INTO items (id, venue_id, name) VALUES (16288, 11680, 'Space15314');
INSERT INTO spaces (id, item_id, hour_price) VALUES (15314, 16288, 75);
INSERT INTO items (id, venue_id, name) VALUES (16289, 11680, 'Space15315');
INSERT INTO spaces (id, item_id, hour_price) VALUES (15315, 16289, 62.5);
INSERT INTO items (id, venue_id, name) VALUES (16290, 11680, 'Space15316');
INSERT INTO spaces (id, item_id, hour_price) VALUES (15316, 16290, 62.5);
INSERT INTO items (id, venue_id, name) VALUES (16291, 11680, 'Product10967');
INSERT INTO products (id, item_id, price) VALUES (10967, 16291, 15.5);
INSERT INTO items (id, venue_id, name) VALUES (16292, 11680, 'Product10968');
INSERT INTO products (id, item_id, price) VALUES (10968, 16292, 29.5);
INSERT INTO items (id, venue_id, name) VALUES (17281, 11680, 'Product11195');
INSERT INTO products (id, item_id, price) VALUES (11195, 17281, 14.5);
INSERT INTO items (id, venue_id, name) VALUES (26327, 11680, 'Product15523');
INSERT INTO products (id, item_id, price) VALUES (15523, 26327, 3.72);
INSERT INTO venues (id, name) VALUES (11686, 'Venue11686');
INSERT INTO items (id, venue_id, name) VALUES (16293, 11686, 'Space15317');
INSERT INTO spaces (id, item_id, hour_price) VALUES (15317, 16293, 0);
INSERT INTO items (id, venue_id, name) VALUES (16294, 11686, 'Space15318');
INSERT INTO spaces (id, item_id, hour_price) VALUES (15318, 16294, 0);
INSERT INTO items (id, venue_id, name) VALUES (16295, 11686, 'Space15319');
INSERT INTO spaces (id, item_id, hour_price) VALUES (15319, 16295, 0);
INSERT INTO items (id, venue_id, name) VALUES (16296, 11686, 'Space15320');
INSERT INTO spaces (id, item_id, hour_price) VALUES (15320, 16296, 0);
INSERT INTO items (id, venue_id, name) VALUES (16297, 11686, 'Space15321');
INSERT INTO spaces (id, item_id, hour_price) VALUES (15321, 16297, 0);
INSERT INTO items (id, venue_id, name) VALUES (16298, 11686, 'Space15322');
INSERT INTO spaces (id, item_id, hour_price) VALUES (15322, 16298, 0);
INSERT INTO items (id, venue_id, name) VALUES (16299, 11686, 'Space15323');
INSERT INTO spaces (id, item_id, hour_price) VALUES (15323, 16299, 12.5);
INSERT INTO items (id, venue_id, name) VALUES (16300, 11686, 'Space15324');
INSERT INTO spaces (id, item_id, hour_price) VALUES (15324, 16300, 18);
INSERT INTO items (id, venue_id, name) VALUES (16346, 11686, 'Product10985');
INSERT INTO products (id, item_id, price) VALUES (10985, 16346, 2.5);
INSERT INTO venues (id, name) VALUES (11692, 'Venue11692');
INSERT INTO items (id, venue_id, name) VALUES (16322, 11692, 'Space15331');
INSERT INTO spaces (id, item_id, hour_price) VALUES (15331, 16322, 0);
INSERT INTO items (id, venue_id, name) VALUES (16323, 11692, 'Space15332');
INSERT INTO spaces (id, item_id, hour_price) VALUES (15332, 16323, 0);
INSERT INTO items (id, venue_id, name) VALUES (16324, 11692, 'Space15333');
INSERT INTO spaces (id, item_id, hour_price) VALUES (15333, 16324, 0);
INSERT INTO items (id, venue_id, name) VALUES (16325, 11692, 'Space15334');
INSERT INTO spaces (id, item_id, hour_price) VALUES (15334, 16325, 0);
INSERT INTO items (id, venue_id, name) VALUES (16326, 11692, 'Space15335');
INSERT INTO spaces (id, item_id, hour_price) VALUES (15335, 16326, 0);
INSERT INTO items (id, venue_id, name) VALUES (16327, 11692, 'Space15336');
INSERT INTO spaces (id, item_id, hour_price) VALUES (15336, 16327, 0);
INSERT INTO items (id, venue_id, name) VALUES (16328, 11692, 'Space15337');
INSERT INTO spaces (id, item_id, hour_price) VALUES (15337, 16328, 20);
INSERT INTO venues (id, name) VALUES (11707, 'Venue11707');
INSERT INTO items (id, venue_id, name) VALUES (16365, 11707, 'Space15366');
INSERT INTO spaces (id, item_id, hour_price) VALUES (15366, 16365, 0);
INSERT INTO items (id, venue_id, name) VALUES (16366, 11707, 'Space15367');
INSERT INTO spaces (id, item_id, hour_price) VALUES (15367, 16366, 0);
INSERT INTO items (id, venue_id, name) VALUES (16367, 11707, 'Space15368');
INSERT INTO spaces (id, item_id, hour_price) VALUES (15368, 16367, 0);
INSERT INTO items (id, venue_id, name) VALUES (16368, 11707, 'Space15369');
INSERT INTO spaces (id, item_id, hour_price) VALUES (15369, 16368, 0);
INSERT INTO items (id, venue_id, name) VALUES (16369, 11707, 'Space15370');
INSERT INTO spaces (id, item_id, hour_price) VALUES (15370, 16369, 0);
INSERT INTO items (id, venue_id, name) VALUES (16370, 11707, 'Space15371');
INSERT INTO spaces (id, item_id, hour_price) VALUES (15371, 16370, 0);
INSERT INTO items (id, venue_id, name) VALUES (16371, 11707, 'Space15372');
INSERT INTO spaces (id, item_id, hour_price) VALUES (15372, 16371, 2.75);
INSERT INTO items (id, venue_id, name) VALUES (16432, 11707, 'Space15414');
INSERT INTO spaces (id, item_id, hour_price) VALUES (15414, 16432, 37.5);
INSERT INTO items (id, venue_id, name) VALUES (16433, 11707, 'Space15415');
INSERT INTO spaces (id, item_id, hour_price) VALUES (15415, 16433, 15);
INSERT INTO items (id, venue_id, name) VALUES (16435, 11707, 'Product11011');
INSERT INTO products (id, item_id, price) VALUES (11011, 16435, 2.5);
INSERT INTO items (id, venue_id, name) VALUES (16694, 11707, 'Product11055');
INSERT INTO products (id, item_id, price) VALUES (11055, 16694, 0.62);
INSERT INTO items (id, venue_id, name) VALUES (17102, 11707, 'Product11171');
INSERT INTO products (id, item_id, price) VALUES (11171, 17102, 7.65);
INSERT INTO items (id, venue_id, name) VALUES (17683, 11707, 'Space16379');
INSERT INTO spaces (id, item_id, hour_price) VALUES (16379, 17683, 6);
INSERT INTO items (id, venue_id, name) VALUES (18625, 11707, 'Product11713');
INSERT INTO products (id, item_id, price) VALUES (11713, 18625, 0.5);
INSERT INTO items (id, venue_id, name) VALUES (18626, 11707, 'Product11714');
INSERT INTO products (id, item_id, price) VALUES (11714, 18626, 1);
INSERT INTO items (id, venue_id, name) VALUES (19061, 11707, 'Product11882');
INSERT INTO products (id, item_id, price) VALUES (11882, 19061, 15);
INSERT INTO items (id, venue_id, name) VALUES (19062, 11707, 'Product11883');
INSERT INTO products (id, item_id, price) VALUES (11883, 19062, 75);
INSERT INTO items (id, venue_id, name) VALUES (23094, 11707, 'Product13739');
INSERT INTO products (id, item_id, price) VALUES (13739, 23094, 1.23);
INSERT INTO items (id, venue_id, name) VALUES (23095, 11707, 'Product13740');
INSERT INTO products (id, item_id, price) VALUES (13740, 23095, 1.85);
INSERT INTO items (id, venue_id, name) VALUES (23096, 11707, 'Product13741');
INSERT INTO products (id, item_id, price) VALUES (13741, 23096, 2.46);
INSERT INTO items (id, venue_id, name) VALUES (23097, 11707, 'Product13742');
INSERT INTO products (id, item_id, price) VALUES (13742, 23097, 3.7);
INSERT INTO items (id, venue_id, name) VALUES (23183, 11707, 'Product13789');
INSERT INTO products (id, item_id, price) VALUES (13789, 23183, 0.11);
INSERT INTO items (id, venue_id, name) VALUES (23184, 11707, 'Product13790');
INSERT INTO products (id, item_id, price) VALUES (13790, 23184, 5.5);
INSERT INTO items (id, venue_id, name) VALUES (23185, 11707, 'Product13791');
INSERT INTO products (id, item_id, price) VALUES (13791, 23185, 0.33);
INSERT INTO items (id, venue_id, name) VALUES (23186, 11707, 'Product13792');
INSERT INTO products (id, item_id, price) VALUES (13792, 23186, 11);
INSERT INTO items (id, venue_id, name) VALUES (23219, 11707, 'Product13810');
INSERT INTO products (id, item_id, price) VALUES (13810, 23219, 0.67);
INSERT INTO items (id, venue_id, name) VALUES (23220, 11707, 'Product13811');
INSERT INTO products (id, item_id, price) VALUES (13811, 23220, 1.34);
INSERT INTO items (id, venue_id, name) VALUES (23221, 11707, 'Product13812');
INSERT INTO products (id, item_id, price) VALUES (13812, 23221, 2.01);
INSERT INTO items (id, venue_id, name) VALUES (23222, 11707, 'Product13813');
INSERT INTO products (id, item_id, price) VALUES (13813, 23222, 2.64);
INSERT INTO items (id, venue_id, name) VALUES (23223, 11707, 'Product13814');
INSERT INTO products (id, item_id, price) VALUES (13814, 23223, 3.35);
INSERT INTO items (id, venue_id, name) VALUES (25664, 11707, 'Space20536');
INSERT INTO spaces (id, item_id, hour_price) VALUES (20536, 25664, 27.5);
INSERT INTO venues (id, name) VALUES (11710, 'Venue11710');
INSERT INTO items (id, venue_id, name) VALUES (16372, 11710, 'Space15373');
INSERT INTO spaces (id, item_id, hour_price) VALUES (15373, 16372, 0);
INSERT INTO items (id, venue_id, name) VALUES (16373, 11710, 'Space15374');
INSERT INTO spaces (id, item_id, hour_price) VALUES (15374, 16373, 0);
INSERT INTO items (id, venue_id, name) VALUES (16374, 11710, 'Space15375');
INSERT INTO spaces (id, item_id, hour_price) VALUES (15375, 16374, 0);
INSERT INTO items (id, venue_id, name) VALUES (16375, 11710, 'Space15376');
INSERT INTO spaces (id, item_id, hour_price) VALUES (15376, 16375, 0);
INSERT INTO items (id, venue_id, name) VALUES (16376, 11710, 'Space15377');
INSERT INTO spaces (id, item_id, hour_price) VALUES (15377, 16376, 0);
INSERT INTO items (id, venue_id, name) VALUES (16377, 11710, 'Space15378');
INSERT INTO spaces (id, item_id, hour_price) VALUES (15378, 16377, 0);
INSERT INTO items (id, venue_id, name) VALUES (16378, 11710, 'Space15379');
INSERT INTO spaces (id, item_id, hour_price) VALUES (15379, 16378, 2.75);
INSERT INTO items (id, venue_id, name) VALUES (16474, 11710, 'Space15451');
INSERT INTO spaces (id, item_id, hour_price) VALUES (15451, 16474, 32.5);
INSERT INTO items (id, venue_id, name) VALUES (16477, 11710, 'Space15454');
INSERT INTO spaces (id, item_id, hour_price) VALUES (15454, 16477, 32.5);
INSERT INTO items (id, venue_id, name) VALUES (19063, 11710, 'Product11884');
INSERT INTO products (id, item_id, price) VALUES (11884, 19063, 10);
INSERT INTO items (id, venue_id, name) VALUES (19064, 11710, 'Product11885');
INSERT INTO products (id, item_id, price) VALUES (11885, 19064, 15);
INSERT INTO items (id, venue_id, name) VALUES (19080, 11710, 'Product11894');
INSERT INTO products (id, item_id, price) VALUES (11894, 19080, 1.98);
INSERT INTO items (id, venue_id, name) VALUES (19081, 11710, 'Product11895');
INSERT INTO products (id, item_id, price) VALUES (11895, 19081, 12);
INSERT INTO items (id, venue_id, name) VALUES (19253, 11710, 'Space17290');
INSERT INTO spaces (id, item_id, hour_price) VALUES (17290, 19253, 4.5);
INSERT INTO items (id, venue_id, name) VALUES (25852, 11710, 'Product15235');
INSERT INTO products (id, item_id, price) VALUES (15235, 25852, 1.2);
INSERT INTO items (id, venue_id, name) VALUES (25853, 11710, 'Product15236');
INSERT INTO products (id, item_id, price) VALUES (15236, 25853, 1.5);
INSERT INTO items (id, venue_id, name) VALUES (25854, 11710, 'Product15237');
INSERT INTO products (id, item_id, price) VALUES (15237, 25854, 1.7);
INSERT INTO items (id, venue_id, name) VALUES (25855, 11710, 'Product15238');
INSERT INTO products (id, item_id, price) VALUES (15238, 25855, 3);
INSERT INTO items (id, venue_id, name) VALUES (25856, 11710, 'Product15239');
INSERT INTO products (id, item_id, price) VALUES (15239, 25856, 3);
INSERT INTO items (id, venue_id, name) VALUES (25857, 11710, 'Product15240');
INSERT INTO products (id, item_id, price) VALUES (15240, 25857, 2);
INSERT INTO items (id, venue_id, name) VALUES (26604, 11710, 'Product15664');
INSERT INTO products (id, item_id, price) VALUES (15664, 26604, 6);
INSERT INTO items (id, venue_id, name) VALUES (26630, 11710, 'Product15682');
INSERT INTO products (id, item_id, price) VALUES (15682, 26630, 3);
INSERT INTO items (id, venue_id, name) VALUES (26631, 11710, 'Product15683');
INSERT INTO products (id, item_id, price) VALUES (15683, 26631, 2.5);
INSERT INTO items (id, venue_id, name) VALUES (28466, 11710, 'Product16658');
INSERT INTO products (id, item_id, price) VALUES (16658, 28466, 3.75);
INSERT INTO venues (id, name) VALUES (11714, 'Venue11714');
INSERT INTO items (id, venue_id, name) VALUES (16387, 11714, 'Space15381');
INSERT INTO spaces (id, item_id, hour_price) VALUES (15381, 16387, 0);
INSERT INTO items (id, venue_id, name) VALUES (16388, 11714, 'Space15382');
INSERT INTO spaces (id, item_id, hour_price) VALUES (15382, 16388, 0);
INSERT INTO items (id, venue_id, name) VALUES (16389, 11714, 'Space15383');
INSERT INTO spaces (id, item_id, hour_price) VALUES (15383, 16389, 0);
INSERT INTO items (id, venue_id, name) VALUES (16390, 11714, 'Space15384');
INSERT INTO spaces (id, item_id, hour_price) VALUES (15384, 16390, 0);
INSERT INTO items (id, venue_id, name) VALUES (16391, 11714, 'Space15385');
INSERT INTO spaces (id, item_id, hour_price) VALUES (15385, 16391, 0);
INSERT INTO items (id, venue_id, name) VALUES (16392, 11714, 'Space15386');
INSERT INTO spaces (id, item_id, hour_price) VALUES (15386, 16392, 0);
INSERT INTO items (id, venue_id, name) VALUES (16393, 11714, 'Space15387');
INSERT INTO spaces (id, item_id, hour_price) VALUES (15387, 16393, 10);
INSERT INTO items (id, venue_id, name) VALUES (19805, 11714, 'Space17632');
INSERT INTO spaces (id, item_id, hour_price) VALUES (17632, 19805, 13.33);
INSERT INTO venues (id, name) VALUES (11724, 'Venue11724');
INSERT INTO items (id, venue_id, name) VALUES (16412, 11724, 'Space15401');
INSERT INTO spaces (id, item_id, hour_price) VALUES (15401, 16412, 0);
INSERT INTO items (id, venue_id, name) VALUES (16413, 11724, 'Space15402');
INSERT INTO spaces (id, item_id, hour_price) VALUES (15402, 16413, 0);
INSERT INTO items (id, venue_id, name) VALUES (16414, 11724, 'Space15403');
INSERT INTO spaces (id, item_id, hour_price) VALUES (15403, 16414, 0);
INSERT INTO items (id, venue_id, name) VALUES (16415, 11724, 'Space15404');
INSERT INTO spaces (id, item_id, hour_price) VALUES (15404, 16415, 0);
INSERT INTO items (id, venue_id, name) VALUES (16416, 11724, 'Space15405');
INSERT INTO spaces (id, item_id, hour_price) VALUES (15405, 16416, 0);
INSERT INTO items (id, venue_id, name) VALUES (16417, 11724, 'Space15406');
INSERT INTO spaces (id, item_id, hour_price) VALUES (15406, 16417, 0);
INSERT INTO items (id, venue_id, name) VALUES (16447, 11724, 'Space15428');
INSERT INTO spaces (id, item_id, hour_price) VALUES (15428, 16447, 41);
INSERT INTO items (id, venue_id, name) VALUES (16448, 11724, 'Space15429');
INSERT INTO spaces (id, item_id, hour_price) VALUES (15429, 16448, 24);
INSERT INTO venues (id, name) VALUES (11729, 'Venue11729');
INSERT INTO items (id, venue_id, name) VALUES (16419, 11729, 'Space15407');
INSERT INTO spaces (id, item_id, hour_price) VALUES (15407, 16419, 0);
INSERT INTO items (id, venue_id, name) VALUES (16420, 11729, 'Space15408');
INSERT INTO spaces (id, item_id, hour_price) VALUES (15408, 16420, 0);
INSERT INTO items (id, venue_id, name) VALUES (16421, 11729, 'Space15409');
INSERT INTO spaces (id, item_id, hour_price) VALUES (15409, 16421, 0);
INSERT INTO items (id, venue_id, name) VALUES (16422, 11729, 'Space15410');
INSERT INTO spaces (id, item_id, hour_price) VALUES (15410, 16422, 0);
INSERT INTO items (id, venue_id, name) VALUES (16423, 11729, 'Space15411');
INSERT INTO spaces (id, item_id, hour_price) VALUES (15411, 16423, 0);
INSERT INTO items (id, venue_id, name) VALUES (16424, 11729, 'Space15412');
INSERT INTO spaces (id, item_id, hour_price) VALUES (15412, 16424, 0);
INSERT INTO items (id, venue_id, name) VALUES (16429, 11729, 'Space15413');
INSERT INTO spaces (id, item_id, hour_price) VALUES (15413, 16429, 84);
INSERT INTO items (id, venue_id, name) VALUES (16430, 11729, 'Product11009');
INSERT INTO products (id, item_id, price) VALUES (11009, 16430, 15);
INSERT INTO items (id, venue_id, name) VALUES (16431, 11729, 'Product11010');
INSERT INTO products (id, item_id, price) VALUES (11010, 16431, 25);
INSERT INTO items (id, venue_id, name) VALUES (16548, 11729, 'Space15507');
INSERT INTO spaces (id, item_id, hour_price) VALUES (15507, 16548, 11);
INSERT INTO items (id, venue_id, name) VALUES (16582, 11729, 'Space15541');
INSERT INTO spaces (id, item_id, hour_price) VALUES (15541, 16582, 37);
INSERT INTO items (id, venue_id, name) VALUES (20038, 11729, 'Space17781');
INSERT INTO spaces (id, item_id, hour_price) VALUES (17781, 20038, 22.25);
INSERT INTO items (id, venue_id, name) VALUES (23290, 11729, 'Space19438');
INSERT INTO spaces (id, item_id, hour_price) VALUES (19438, 23290, 90);
INSERT INTO venues (id, name) VALUES (11733, 'Venue11733');
INSERT INTO items (id, venue_id, name) VALUES (16436, 11733, 'Space15417');
INSERT INTO spaces (id, item_id, hour_price) VALUES (15417, 16436, 0);
INSERT INTO items (id, venue_id, name) VALUES (16437, 11733, 'Space15418');
INSERT INTO spaces (id, item_id, hour_price) VALUES (15418, 16437, 0);
INSERT INTO items (id, venue_id, name) VALUES (16438, 11733, 'Space15419');
INSERT INTO spaces (id, item_id, hour_price) VALUES (15419, 16438, 0);
INSERT INTO items (id, venue_id, name) VALUES (16439, 11733, 'Space15420');
INSERT INTO spaces (id, item_id, hour_price) VALUES (15420, 16439, 0);
INSERT INTO items (id, venue_id, name) VALUES (16440, 11733, 'Space15421');
INSERT INTO spaces (id, item_id, hour_price) VALUES (15421, 16440, 0);
INSERT INTO items (id, venue_id, name) VALUES (16441, 11733, 'Space15422');
INSERT INTO spaces (id, item_id, hour_price) VALUES (15422, 16441, 0);
INSERT INTO items (id, venue_id, name) VALUES (16442, 11733, 'Space15423');
INSERT INTO spaces (id, item_id, hour_price) VALUES (15423, 16442, 20);
INSERT INTO venues (id, name) VALUES (11738, 'Venue11738');
INSERT INTO items (id, venue_id, name) VALUES (16467, 11738, 'Space15444');
INSERT INTO spaces (id, item_id, hour_price) VALUES (15444, 16467, 0);
INSERT INTO items (id, venue_id, name) VALUES (16468, 11738, 'Space15445');
INSERT INTO spaces (id, item_id, hour_price) VALUES (15445, 16468, 0);
INSERT INTO items (id, venue_id, name) VALUES (16469, 11738, 'Space15446');
INSERT INTO spaces (id, item_id, hour_price) VALUES (15446, 16469, 0);
INSERT INTO items (id, venue_id, name) VALUES (16470, 11738, 'Space15447');
INSERT INTO spaces (id, item_id, hour_price) VALUES (15447, 16470, 0);
INSERT INTO items (id, venue_id, name) VALUES (16471, 11738, 'Space15448');
INSERT INTO spaces (id, item_id, hour_price) VALUES (15448, 16471, 0);
INSERT INTO items (id, venue_id, name) VALUES (16472, 11738, 'Space15449');
INSERT INTO spaces (id, item_id, hour_price) VALUES (15449, 16472, 0);
INSERT INTO items (id, venue_id, name) VALUES (16473, 11738, 'Space15450');
INSERT INTO spaces (id, item_id, hour_price) VALUES (15450, 16473, 12.5);
INSERT INTO items (id, venue_id, name) VALUES (19807, 11738, 'Space17633');
INSERT INTO spaces (id, item_id, hour_price) VALUES (17633, 19807, 7.5);
INSERT INTO venues (id, name) VALUES (11742, 'Venue11742');
INSERT INTO items (id, venue_id, name) VALUES (16478, 11742, 'Space15455');
INSERT INTO spaces (id, item_id, hour_price) VALUES (15455, 16478, 0);
INSERT INTO items (id, venue_id, name) VALUES (16479, 11742, 'Space15456');
INSERT INTO spaces (id, item_id, hour_price) VALUES (15456, 16479, 0);
INSERT INTO items (id, venue_id, name) VALUES (16480, 11742, 'Space15457');
INSERT INTO spaces (id, item_id, hour_price) VALUES (15457, 16480, 0);
INSERT INTO items (id, venue_id, name) VALUES (16481, 11742, 'Space15458');
INSERT INTO spaces (id, item_id, hour_price) VALUES (15458, 16481, 0);
INSERT INTO items (id, venue_id, name) VALUES (16482, 11742, 'Space15459');
INSERT INTO spaces (id, item_id, hour_price) VALUES (15459, 16482, 0);
INSERT INTO items (id, venue_id, name) VALUES (16483, 11742, 'Space15460');
INSERT INTO spaces (id, item_id, hour_price) VALUES (15460, 16483, 0);
INSERT INTO items (id, venue_id, name) VALUES (16484, 11742, 'Space15461');
INSERT INTO spaces (id, item_id, hour_price) VALUES (15461, 16484, 5);
INSERT INTO items (id, venue_id, name) VALUES (16485, 11742, 'Space15462');
INSERT INTO spaces (id, item_id, hour_price) VALUES (15462, 16485, 5);
INSERT INTO items (id, venue_id, name) VALUES (17073, 11742, 'Space15901');
INSERT INTO spaces (id, item_id, hour_price) VALUES (15901, 17073, 17.5);
INSERT INTO items (id, venue_id, name) VALUES (17074, 11742, 'Product11165');
INSERT INTO products (id, item_id, price) VALUES (11165, 17074, 17.5);
INSERT INTO items (id, venue_id, name) VALUES (17303, 11742, 'Space16096');
INSERT INTO spaces (id, item_id, hour_price) VALUES (16096, 17303, 5);
INSERT INTO items (id, venue_id, name) VALUES (17304, 11742, 'Space16097');
INSERT INTO spaces (id, item_id, hour_price) VALUES (16097, 17304, 5);
INSERT INTO items (id, venue_id, name) VALUES (17305, 11742, 'Space16098');
INSERT INTO spaces (id, item_id, hour_price) VALUES (16098, 17305, 5);
INSERT INTO items (id, venue_id, name) VALUES (17306, 11742, 'Space16099');
INSERT INTO spaces (id, item_id, hour_price) VALUES (16099, 17306, 5);
INSERT INTO venues (id, name) VALUES (11750, 'Venue11750');
INSERT INTO items (id, venue_id, name) VALUES (16494, 11750, 'Space15471');
INSERT INTO spaces (id, item_id, hour_price) VALUES (15471, 16494, 0);
INSERT INTO items (id, venue_id, name) VALUES (16495, 11750, 'Space15472');
INSERT INTO spaces (id, item_id, hour_price) VALUES (15472, 16495, 0);
INSERT INTO items (id, venue_id, name) VALUES (16496, 11750, 'Space15473');
INSERT INTO spaces (id, item_id, hour_price) VALUES (15473, 16496, 0);
INSERT INTO items (id, venue_id, name) VALUES (16497, 11750, 'Space15474');
INSERT INTO spaces (id, item_id, hour_price) VALUES (15474, 16497, 0);
INSERT INTO items (id, venue_id, name) VALUES (16498, 11750, 'Space15475');
INSERT INTO spaces (id, item_id, hour_price) VALUES (15475, 16498, 0);
INSERT INTO items (id, venue_id, name) VALUES (16499, 11750, 'Space15476');
INSERT INTO spaces (id, item_id, hour_price) VALUES (15476, 16499, 0);
INSERT INTO items (id, venue_id, name) VALUES (16500, 11750, 'Space15477');
INSERT INTO spaces (id, item_id, hour_price) VALUES (15477, 16500, 50);
INSERT INTO items (id, venue_id, name) VALUES (16697, 11750, 'Space15634');
INSERT INTO spaces (id, item_id, hour_price) VALUES (15634, 16697, 4);
INSERT INTO venues (id, name) VALUES (11754, 'Venue11754');
INSERT INTO items (id, venue_id, name) VALUES (16501, 11754, 'Space15478');
INSERT INTO spaces (id, item_id, hour_price) VALUES (15478, 16501, 0);
INSERT INTO items (id, venue_id, name) VALUES (16502, 11754, 'Space15479');
INSERT INTO spaces (id, item_id, hour_price) VALUES (15479, 16502, 0);
INSERT INTO items (id, venue_id, name) VALUES (16503, 11754, 'Space15480');
INSERT INTO spaces (id, item_id, hour_price) VALUES (15480, 16503, 0);
INSERT INTO items (id, venue_id, name) VALUES (16504, 11754, 'Space15481');
INSERT INTO spaces (id, item_id, hour_price) VALUES (15481, 16504, 0);
INSERT INTO items (id, venue_id, name) VALUES (16505, 11754, 'Space15482');
INSERT INTO spaces (id, item_id, hour_price) VALUES (15482, 16505, 0);
INSERT INTO items (id, venue_id, name) VALUES (16506, 11754, 'Space15483');
INSERT INTO spaces (id, item_id, hour_price) VALUES (15483, 16506, 0);
INSERT INTO items (id, venue_id, name) VALUES (16507, 11754, 'Space15484');
INSERT INTO spaces (id, item_id, hour_price) VALUES (15484, 16507, 15);
INSERT INTO items (id, venue_id, name) VALUES (16508, 11754, 'Space15485');
INSERT INTO spaces (id, item_id, hour_price) VALUES (15485, 16508, 15);
INSERT INTO items (id, venue_id, name) VALUES (16511, 11754, 'Space15488');
INSERT INTO spaces (id, item_id, hour_price) VALUES (15488, 16511, 65);
INSERT INTO items (id, venue_id, name) VALUES (16513, 11754, 'Space15490');
INSERT INTO spaces (id, item_id, hour_price) VALUES (15490, 16513, 12);
INSERT INTO items (id, venue_id, name) VALUES (16515, 11754, 'Product11016');
INSERT INTO products (id, item_id, price) VALUES (11016, 16515, 9);
INSERT INTO items (id, venue_id, name) VALUES (16516, 11754, 'Product11017');
INSERT INTO products (id, item_id, price) VALUES (11017, 16516, 25);
INSERT INTO items (id, venue_id, name) VALUES (16517, 11754, 'Product11018');
INSERT INTO products (id, item_id, price) VALUES (11018, 16517, 2);
INSERT INTO items (id, venue_id, name) VALUES (16519, 11754, 'Product11020');
INSERT INTO products (id, item_id, price) VALUES (11020, 16519, 2.7);
INSERT INTO items (id, venue_id, name) VALUES (16520, 11754, 'Product11021');
INSERT INTO products (id, item_id, price) VALUES (11021, 16520, 9);
INSERT INTO items (id, venue_id, name) VALUES (16521, 11754, 'Product11022');
INSERT INTO products (id, item_id, price) VALUES (11022, 16521, 12.5);
INSERT INTO items (id, venue_id, name) VALUES (16522, 11754, 'Product11023');
INSERT INTO products (id, item_id, price) VALUES (11023, 16522, 0);
INSERT INTO items (id, venue_id, name) VALUES (16523, 11754, 'Product11024');
INSERT INTO products (id, item_id, price) VALUES (11024, 16523, 10);
INSERT INTO items (id, venue_id, name) VALUES (16524, 11754, 'Product11025');
INSERT INTO products (id, item_id, price) VALUES (11025, 16524, 3.5);
INSERT INTO items (id, venue_id, name) VALUES (16525, 11754, 'Product11026');
INSERT INTO products (id, item_id, price) VALUES (11026, 16525, 10);
INSERT INTO items (id, venue_id, name) VALUES (16526, 11754, 'Product11027');
INSERT INTO products (id, item_id, price) VALUES (11027, 16526, 5);
INSERT INTO items (id, venue_id, name) VALUES (18783, 11754, 'Product11779');
INSERT INTO products (id, item_id, price) VALUES (11779, 18783, 2.4);
INSERT INTO items (id, venue_id, name) VALUES (18784, 11754, 'Product11780');
INSERT INTO products (id, item_id, price) VALUES (11780, 18784, 5);
INSERT INTO items (id, venue_id, name) VALUES (19617, 11754, 'Product12104');
INSERT INTO products (id, item_id, price) VALUES (12104, 19617, 1.75);
INSERT INTO items (id, venue_id, name) VALUES (19618, 11754, 'Product12105');
INSERT INTO products (id, item_id, price) VALUES (12105, 19618, 3.5);
INSERT INTO items (id, venue_id, name) VALUES (19619, 11754, 'Space17506');
INSERT INTO spaces (id, item_id, hour_price) VALUES (17506, 19619, 50);
INSERT INTO items (id, venue_id, name) VALUES (19737, 11754, 'Space17578');
INSERT INTO spaces (id, item_id, hour_price) VALUES (17578, 19737, 95);
INSERT INTO items (id, venue_id, name) VALUES (20546, 11754, 'Product12441');
INSERT INTO products (id, item_id, price) VALUES (12441, 20546, 27.5);
INSERT INTO items (id, venue_id, name) VALUES (23795, 11754, 'Space19699');
INSERT INTO spaces (id, item_id, hour_price) VALUES (19699, 23795, 12);
INSERT INTO items (id, venue_id, name) VALUES (28648, 11754, 'Space21914');
INSERT INTO spaces (id, item_id, hour_price) VALUES (21914, 28648, 12);
INSERT INTO items (id, venue_id, name) VALUES (28649, 11754, 'Space21915');
INSERT INTO spaces (id, item_id, hour_price) VALUES (21915, 28649, 20);
INSERT INTO venues (id, name) VALUES (11759, 'Venue11759');
INSERT INTO items (id, venue_id, name) VALUES (16527, 11759, 'Space15492');
INSERT INTO spaces (id, item_id, hour_price) VALUES (15492, 16527, 0);
INSERT INTO items (id, venue_id, name) VALUES (16528, 11759, 'Space15493');
INSERT INTO spaces (id, item_id, hour_price) VALUES (15493, 16528, 0);
INSERT INTO items (id, venue_id, name) VALUES (16529, 11759, 'Space15494');
INSERT INTO spaces (id, item_id, hour_price) VALUES (15494, 16529, 0);
INSERT INTO items (id, venue_id, name) VALUES (16530, 11759, 'Space15495');
INSERT INTO spaces (id, item_id, hour_price) VALUES (15495, 16530, 0);
INSERT INTO items (id, venue_id, name) VALUES (16531, 11759, 'Space15496');
INSERT INTO spaces (id, item_id, hour_price) VALUES (15496, 16531, 0);
INSERT INTO items (id, venue_id, name) VALUES (16532, 11759, 'Space15497');
INSERT INTO spaces (id, item_id, hour_price) VALUES (15497, 16532, 0);
INSERT INTO items (id, venue_id, name) VALUES (17045, 11759, 'Space15883');
INSERT INTO spaces (id, item_id, hour_price) VALUES (15883, 17045, 25);
INSERT INTO items (id, venue_id, name) VALUES (17046, 11759, 'Space15884');
INSERT INTO spaces (id, item_id, hour_price) VALUES (15884, 17046, 50);
INSERT INTO items (id, venue_id, name) VALUES (17047, 11759, 'Space15885');
INSERT INTO spaces (id, item_id, hour_price) VALUES (15885, 17047, 30);
INSERT INTO items (id, venue_id, name) VALUES (17048, 11759, 'Space15886');
INSERT INTO spaces (id, item_id, hour_price) VALUES (15886, 17048, 50);
INSERT INTO items (id, venue_id, name) VALUES (17072, 11759, 'Space15900');
INSERT INTO spaces (id, item_id, hour_price) VALUES (15900, 17072, 0);
INSERT INTO venues (id, name) VALUES (11763, 'Venue11763');
INSERT INTO items (id, venue_id, name) VALUES (16533, 11763, 'Space15498');
INSERT INTO spaces (id, item_id, hour_price) VALUES (15498, 16533, 0);
INSERT INTO items (id, venue_id, name) VALUES (16534, 11763, 'Space15499');
INSERT INTO spaces (id, item_id, hour_price) VALUES (15499, 16534, 0);
INSERT INTO items (id, venue_id, name) VALUES (16535, 11763, 'Space15500');
INSERT INTO spaces (id, item_id, hour_price) VALUES (15500, 16535, 0);
INSERT INTO items (id, venue_id, name) VALUES (16536, 11763, 'Space15501');
INSERT INTO spaces (id, item_id, hour_price) VALUES (15501, 16536, 0);
INSERT INTO items (id, venue_id, name) VALUES (16537, 11763, 'Space15502');
INSERT INTO spaces (id, item_id, hour_price) VALUES (15502, 16537, 0);
INSERT INTO items (id, venue_id, name) VALUES (16538, 11763, 'Space15503');
INSERT INTO spaces (id, item_id, hour_price) VALUES (15503, 16538, 0);
INSERT INTO items (id, venue_id, name) VALUES (16539, 11763, 'Space15504');
INSERT INTO spaces (id, item_id, hour_price) VALUES (15504, 16539, 25);
INSERT INTO items (id, venue_id, name) VALUES (16540, 11763, 'Space15505');
INSERT INTO spaces (id, item_id, hour_price) VALUES (15505, 16540, 25);
INSERT INTO items (id, venue_id, name) VALUES (16541, 11763, 'Space15506');
INSERT INTO spaces (id, item_id, hour_price) VALUES (15506, 16541, 50);
INSERT INTO items (id, venue_id, name) VALUES (16542, 11763, 'Product11028');
INSERT INTO products (id, item_id, price) VALUES (11028, 16542, 5);
INSERT INTO items (id, venue_id, name) VALUES (16543, 11763, 'Product11029');
INSERT INTO products (id, item_id, price) VALUES (11029, 16543, 7.5);
INSERT INTO items (id, venue_id, name) VALUES (16544, 11763, 'Product11030');
INSERT INTO products (id, item_id, price) VALUES (11030, 16544, 5);
INSERT INTO items (id, venue_id, name) VALUES (16545, 11763, 'Product11031');
INSERT INTO products (id, item_id, price) VALUES (11031, 16545, 0);
INSERT INTO items (id, venue_id, name) VALUES (16546, 11763, 'Product11032');
INSERT INTO products (id, item_id, price) VALUES (11032, 16546, 13.5);
INSERT INTO items (id, venue_id, name) VALUES (16547, 11763, 'Product11033');
INSERT INTO products (id, item_id, price) VALUES (11033, 16547, 13.5);
INSERT INTO items (id, venue_id, name) VALUES (16549, 11763, 'Space15508');
INSERT INTO spaces (id, item_id, hour_price) VALUES (15508, 16549, 40);
INSERT INTO venues (id, name) VALUES (11768, 'Venue11768');
INSERT INTO items (id, venue_id, name) VALUES (16550, 11768, 'Space15509');
INSERT INTO spaces (id, item_id, hour_price) VALUES (15509, 16550, 0);
INSERT INTO items (id, venue_id, name) VALUES (16551, 11768, 'Space15510');
INSERT INTO spaces (id, item_id, hour_price) VALUES (15510, 16551, 0);
INSERT INTO items (id, venue_id, name) VALUES (16552, 11768, 'Space15511');
INSERT INTO spaces (id, item_id, hour_price) VALUES (15511, 16552, 0);
INSERT INTO items (id, venue_id, name) VALUES (16553, 11768, 'Space15512');
INSERT INTO spaces (id, item_id, hour_price) VALUES (15512, 16553, 0);
INSERT INTO items (id, venue_id, name) VALUES (16554, 11768, 'Space15513');
INSERT INTO spaces (id, item_id, hour_price) VALUES (15513, 16554, 0);
INSERT INTO items (id, venue_id, name) VALUES (16555, 11768, 'Space15514');
INSERT INTO spaces (id, item_id, hour_price) VALUES (15514, 16555, 0);
INSERT INTO items (id, venue_id, name) VALUES (16556, 11768, 'Space15515');
INSERT INTO spaces (id, item_id, hour_price) VALUES (15515, 16556, 0);
INSERT INTO items (id, venue_id, name) VALUES (17674, 11768, 'Space16372');
INSERT INTO spaces (id, item_id, hour_price) VALUES (16372, 17674, 18);
INSERT INTO items (id, venue_id, name) VALUES (17677, 11768, 'Space16373');
INSERT INTO spaces (id, item_id, hour_price) VALUES (16373, 17677, 12.5);
INSERT INTO items (id, venue_id, name) VALUES (17678, 11768, 'Space16374');
INSERT INTO spaces (id, item_id, hour_price) VALUES (16374, 17678, 15);
INSERT INTO items (id, venue_id, name) VALUES (17679, 11768, 'Space16375');
INSERT INTO spaces (id, item_id, hour_price) VALUES (16375, 17679, 18);
INSERT INTO items (id, venue_id, name) VALUES (17680, 11768, 'Space16376');
INSERT INTO spaces (id, item_id, hour_price) VALUES (16376, 17680, 6.5);
INSERT INTO items (id, venue_id, name) VALUES (17681, 11768, 'Space16377');
INSERT INTO spaces (id, item_id, hour_price) VALUES (16377, 17681, 6.5);
INSERT INTO items (id, venue_id, name) VALUES (17682, 11768, 'Space16378');
INSERT INTO spaces (id, item_id, hour_price) VALUES (16378, 17682, 5);
INSERT INTO items (id, venue_id, name) VALUES (17687, 11768, 'Space16383');
INSERT INTO spaces (id, item_id, hour_price) VALUES (16383, 17687, 6);
INSERT INTO items (id, venue_id, name) VALUES (17688, 11768, 'Product11297');
INSERT INTO products (id, item_id, price) VALUES (11297, 17688, 13);
INSERT INTO items (id, venue_id, name) VALUES (17689, 11768, 'Product11298');
INSERT INTO products (id, item_id, price) VALUES (11298, 17689, 5.5);
INSERT INTO items (id, venue_id, name) VALUES (17690, 11768, 'Product11299');
INSERT INTO products (id, item_id, price) VALUES (11299, 17690, 7.95);
INSERT INTO items (id, venue_id, name) VALUES (17691, 11768, 'Product11300');
INSERT INTO products (id, item_id, price) VALUES (11300, 17691, 10);
INSERT INTO items (id, venue_id, name) VALUES (17692, 11768, 'Product11301');
INSERT INTO products (id, item_id, price) VALUES (11301, 17692, 5);
INSERT INTO items (id, venue_id, name) VALUES (17693, 11768, 'Product11302');
INSERT INTO products (id, item_id, price) VALUES (11302, 17693, 2.95);
INSERT INTO items (id, venue_id, name) VALUES (17694, 11768, 'Space16384');
INSERT INTO spaces (id, item_id, hour_price) VALUES (16384, 17694, 12.5);
INSERT INTO items (id, venue_id, name) VALUES (17714, 11768, 'Space16403');
INSERT INTO spaces (id, item_id, hour_price) VALUES (16403, 17714, 29.5);
INSERT INTO items (id, venue_id, name) VALUES (22477, 11768, 'Space19040');
INSERT INTO spaces (id, item_id, hour_price) VALUES (19040, 22477, 5.1);
INSERT INTO items (id, venue_id, name) VALUES (23409, 11768, 'Product13899');
INSERT INTO products (id, item_id, price) VALUES (13899, 23409, 10);
INSERT INTO items (id, venue_id, name) VALUES (23410, 11768, 'Product13900');
INSERT INTO products (id, item_id, price) VALUES (13900, 23410, 3.5);
INSERT INTO items (id, venue_id, name) VALUES (23411, 11768, 'Product13901');
INSERT INTO products (id, item_id, price) VALUES (13901, 23411, 4);
INSERT INTO items (id, venue_id, name) VALUES (23412, 11768, 'Product13902');
INSERT INTO products (id, item_id, price) VALUES (13902, 23412, 4);
INSERT INTO items (id, venue_id, name) VALUES (23413, 11768, 'Product13903');
INSERT INTO products (id, item_id, price) VALUES (13903, 23413, 4);
INSERT INTO items (id, venue_id, name) VALUES (23414, 11768, 'Product13904');
INSERT INTO products (id, item_id, price) VALUES (13904, 23414, 6);
INSERT INTO items (id, venue_id, name) VALUES (23415, 11768, 'Product13905');
INSERT INTO products (id, item_id, price) VALUES (13905, 23415, 9);
INSERT INTO items (id, venue_id, name) VALUES (23416, 11768, 'Product13906');
INSERT INTO products (id, item_id, price) VALUES (13906, 23416, 12.5);
INSERT INTO items (id, venue_id, name) VALUES (23417, 11768, 'Product13907');
INSERT INTO products (id, item_id, price) VALUES (13907, 23417, 3.5);
INSERT INTO items (id, venue_id, name) VALUES (25016, 11768, 'Product14794');
INSERT INTO products (id, item_id, price) VALUES (14794, 25016, 1.4);
INSERT INTO items (id, venue_id, name) VALUES (25017, 11768, 'Product14795');
INSERT INTO products (id, item_id, price) VALUES (14795, 25017, 1.4);
INSERT INTO items (id, venue_id, name) VALUES (27114, 11768, 'Product15920');
INSERT INTO products (id, item_id, price) VALUES (15920, 27114, 0);
INSERT INTO venues (id, name) VALUES (11773, 'Venue11773');
INSERT INTO items (id, venue_id, name) VALUES (16557, 11773, 'Space15516');
INSERT INTO spaces (id, item_id, hour_price) VALUES (15516, 16557, 0);
INSERT INTO items (id, venue_id, name) VALUES (16558, 11773, 'Space15517');
INSERT INTO spaces (id, item_id, hour_price) VALUES (15517, 16558, 0);
INSERT INTO items (id, venue_id, name) VALUES (16559, 11773, 'Space15518');
INSERT INTO spaces (id, item_id, hour_price) VALUES (15518, 16559, 0);
INSERT INTO items (id, venue_id, name) VALUES (16560, 11773, 'Space15519');
INSERT INTO spaces (id, item_id, hour_price) VALUES (15519, 16560, 0);
INSERT INTO items (id, venue_id, name) VALUES (16561, 11773, 'Space15520');
INSERT INTO spaces (id, item_id, hour_price) VALUES (15520, 16561, 0);
INSERT INTO items (id, venue_id, name) VALUES (16562, 11773, 'Space15521');
INSERT INTO spaces (id, item_id, hour_price) VALUES (15521, 16562, 0);
INSERT INTO items (id, venue_id, name) VALUES (16563, 11773, 'Space15522');
INSERT INTO spaces (id, item_id, hour_price) VALUES (15522, 16563, 20);
INSERT INTO venues (id, name) VALUES (11774, 'Venue11774');
INSERT INTO items (id, venue_id, name) VALUES (16572, 11774, 'Space15531');
INSERT INTO spaces (id, item_id, hour_price) VALUES (15531, 16572, 0);
INSERT INTO items (id, venue_id, name) VALUES (16573, 11774, 'Space15532');
INSERT INTO spaces (id, item_id, hour_price) VALUES (15532, 16573, 0);
INSERT INTO items (id, venue_id, name) VALUES (16574, 11774, 'Space15533');
INSERT INTO spaces (id, item_id, hour_price) VALUES (15533, 16574, 0);
INSERT INTO items (id, venue_id, name) VALUES (16575, 11774, 'Space15534');
INSERT INTO spaces (id, item_id, hour_price) VALUES (15534, 16575, 0);
INSERT INTO items (id, venue_id, name) VALUES (16576, 11774, 'Space15535');
INSERT INTO spaces (id, item_id, hour_price) VALUES (15535, 16576, 0);
INSERT INTO items (id, venue_id, name) VALUES (16577, 11774, 'Space15536');
INSERT INTO spaces (id, item_id, hour_price) VALUES (15536, 16577, 0);
INSERT INTO items (id, venue_id, name) VALUES (16578, 11774, 'Space15537');
INSERT INTO spaces (id, item_id, hour_price) VALUES (15537, 16578, 15);
INSERT INTO items (id, venue_id, name) VALUES (16579, 11774, 'Space15538');
INSERT INTO spaces (id, item_id, hour_price) VALUES (15538, 16579, 15);
INSERT INTO items (id, venue_id, name) VALUES (16580, 11774, 'Space15539');
INSERT INTO spaces (id, item_id, hour_price) VALUES (15539, 16580, 12);
INSERT INTO items (id, venue_id, name) VALUES (16581, 11774, 'Space15540');
INSERT INTO spaces (id, item_id, hour_price) VALUES (15540, 16581, 0);
INSERT INTO items (id, venue_id, name) VALUES (22483, 11774, 'Product13431');
INSERT INTO products (id, item_id, price) VALUES (13431, 22483, 0);
INSERT INTO items (id, venue_id, name) VALUES (22484, 11774, 'Product13432');
INSERT INTO products (id, item_id, price) VALUES (13432, 22484, 0);
INSERT INTO items (id, venue_id, name) VALUES (22908, 11774, 'Product13653');
INSERT INTO products (id, item_id, price) VALUES (13653, 22908, 10);
INSERT INTO items (id, venue_id, name) VALUES (27253, 11774, 'Product15997');
INSERT INTO products (id, item_id, price) VALUES (15997, 27253, 10.5);
INSERT INTO items (id, venue_id, name) VALUES (27254, 11774, 'Product15998');
INSERT INTO products (id, item_id, price) VALUES (15998, 27254, 11);
INSERT INTO venues (id, name) VALUES (11781, 'Venue11781');
INSERT INTO items (id, venue_id, name) VALUES (16583, 11781, 'Space15542');
INSERT INTO spaces (id, item_id, hour_price) VALUES (15542, 16583, 0);
INSERT INTO items (id, venue_id, name) VALUES (16584, 11781, 'Space15543');
INSERT INTO spaces (id, item_id, hour_price) VALUES (15543, 16584, 0);
INSERT INTO items (id, venue_id, name) VALUES (16585, 11781, 'Space15544');
INSERT INTO spaces (id, item_id, hour_price) VALUES (15544, 16585, 0);
INSERT INTO items (id, venue_id, name) VALUES (16586, 11781, 'Space15545');
INSERT INTO spaces (id, item_id, hour_price) VALUES (15545, 16586, 0);
INSERT INTO items (id, venue_id, name) VALUES (16587, 11781, 'Space15546');
INSERT INTO spaces (id, item_id, hour_price) VALUES (15546, 16587, 0);
INSERT INTO items (id, venue_id, name) VALUES (16588, 11781, 'Space15547');
INSERT INTO spaces (id, item_id, hour_price) VALUES (15547, 16588, 0);
INSERT INTO items (id, venue_id, name) VALUES (16589, 11781, 'Space15548');
INSERT INTO spaces (id, item_id, hour_price) VALUES (15548, 16589, 10);
INSERT INTO items (id, venue_id, name) VALUES (16590, 11781, 'Space15549');
INSERT INTO spaces (id, item_id, hour_price) VALUES (15549, 16590, 10);
INSERT INTO items (id, venue_id, name) VALUES (18772, 11781, 'Product11774');
INSERT INTO products (id, item_id, price) VALUES (11774, 18772, 21.33);
INSERT INTO items (id, venue_id, name) VALUES (23141, 11781, 'Product13765');
INSERT INTO products (id, item_id, price) VALUES (13765, 23141, 1.5);
INSERT INTO items (id, venue_id, name) VALUES (23142, 11781, 'Product13766');
INSERT INTO products (id, item_id, price) VALUES (13766, 23142, 0.12);
INSERT INTO items (id, venue_id, name) VALUES (23143, 11781, 'Product13767');
INSERT INTO products (id, item_id, price) VALUES (13767, 23143, 0.12);
INSERT INTO items (id, venue_id, name) VALUES (24082, 11781, 'Product14251');
INSERT INTO products (id, item_id, price) VALUES (14251, 24082, 0.6);
INSERT INTO items (id, venue_id, name) VALUES (25202, 11781, 'Product14880');
INSERT INTO products (id, item_id, price) VALUES (14880, 25202, 7.5);
INSERT INTO items (id, venue_id, name) VALUES (25204, 11781, 'Product14882');
INSERT INTO products (id, item_id, price) VALUES (14882, 25204, 3);
INSERT INTO venues (id, name) VALUES (11786, 'Venue11786');
INSERT INTO items (id, venue_id, name) VALUES (16592, 11786, 'Space15550');
INSERT INTO spaces (id, item_id, hour_price) VALUES (15550, 16592, 0);
INSERT INTO items (id, venue_id, name) VALUES (16593, 11786, 'Space15551');
INSERT INTO spaces (id, item_id, hour_price) VALUES (15551, 16593, 0);
INSERT INTO items (id, venue_id, name) VALUES (16594, 11786, 'Space15552');
INSERT INTO spaces (id, item_id, hour_price) VALUES (15552, 16594, 0);
INSERT INTO items (id, venue_id, name) VALUES (16595, 11786, 'Space15553');
INSERT INTO spaces (id, item_id, hour_price) VALUES (15553, 16595, 0);
INSERT INTO items (id, venue_id, name) VALUES (16596, 11786, 'Space15554');
INSERT INTO spaces (id, item_id, hour_price) VALUES (15554, 16596, 0);
INSERT INTO items (id, venue_id, name) VALUES (16597, 11786, 'Space15555');
INSERT INTO spaces (id, item_id, hour_price) VALUES (15555, 16597, 0);
INSERT INTO items (id, venue_id, name) VALUES (16604, 11786, 'Space15562');
INSERT INTO spaces (id, item_id, hour_price) VALUES (15562, 16604, 80);
INSERT INTO items (id, venue_id, name) VALUES (16611, 11786, 'Space15569');
INSERT INTO spaces (id, item_id, hour_price) VALUES (15569, 16611, 90);
INSERT INTO items (id, venue_id, name) VALUES (16612, 11786, 'Space15570');
INSERT INTO spaces (id, item_id, hour_price) VALUES (15570, 16612, 80);
INSERT INTO items (id, venue_id, name) VALUES (16615, 11786, 'Space15573');
INSERT INTO spaces (id, item_id, hour_price) VALUES (15573, 16615, 55);
INSERT INTO items (id, venue_id, name) VALUES (16616, 11786, 'Space15574');
INSERT INTO spaces (id, item_id, hour_price) VALUES (15574, 16616, 55);
INSERT INTO items (id, venue_id, name) VALUES (16617, 11786, 'Product11035');
INSERT INTO products (id, item_id, price) VALUES (11035, 16617, 1.25);
INSERT INTO items (id, venue_id, name) VALUES (16619, 11786, 'Product11036');
INSERT INTO products (id, item_id, price) VALUES (11036, 16619, 1);
INSERT INTO venues (id, name) VALUES (11791, 'Venue11791');
INSERT INTO items (id, venue_id, name) VALUES (16598, 11791, 'Space15556');
INSERT INTO spaces (id, item_id, hour_price) VALUES (15556, 16598, 0);
INSERT INTO items (id, venue_id, name) VALUES (16599, 11791, 'Space15557');
INSERT INTO spaces (id, item_id, hour_price) VALUES (15557, 16599, 0);
INSERT INTO items (id, venue_id, name) VALUES (16600, 11791, 'Space15558');
INSERT INTO spaces (id, item_id, hour_price) VALUES (15558, 16600, 0);
INSERT INTO items (id, venue_id, name) VALUES (16601, 11791, 'Space15559');
INSERT INTO spaces (id, item_id, hour_price) VALUES (15559, 16601, 0);
INSERT INTO items (id, venue_id, name) VALUES (16602, 11791, 'Space15560');
INSERT INTO spaces (id, item_id, hour_price) VALUES (15560, 16602, 0);
INSERT INTO items (id, venue_id, name) VALUES (16603, 11791, 'Space15561');
INSERT INTO spaces (id, item_id, hour_price) VALUES (15561, 16603, 0);
INSERT INTO items (id, venue_id, name) VALUES (16614, 11791, 'Space15572');
INSERT INTO spaces (id, item_id, hour_price) VALUES (15572, 16614, 2.5);
INSERT INTO items (id, venue_id, name) VALUES (16618, 11791, 'Space15575');
INSERT INTO spaces (id, item_id, hour_price) VALUES (15575, 16618, 35);
INSERT INTO items (id, venue_id, name) VALUES (16620, 11791, 'Product11037');
INSERT INTO products (id, item_id, price) VALUES (11037, 16620, 10);
INSERT INTO items (id, venue_id, name) VALUES (16621, 11791, 'Product11038');
INSERT INTO products (id, item_id, price) VALUES (11038, 16621, 15);
INSERT INTO items (id, venue_id, name) VALUES (16622, 11791, 'Product11039');
INSERT INTO products (id, item_id, price) VALUES (11039, 16622, 15);
INSERT INTO items (id, venue_id, name) VALUES (16623, 11791, 'Product11040');
INSERT INTO products (id, item_id, price) VALUES (11040, 16623, 0);
INSERT INTO items (id, venue_id, name) VALUES (16913, 11791, 'Space15802');
INSERT INTO spaces (id, item_id, hour_price) VALUES (15802, 16913, 14.4);
INSERT INTO items (id, venue_id, name) VALUES (19075, 11791, 'Product11889');
INSERT INTO products (id, item_id, price) VALUES (11889, 19075, 1);
INSERT INTO items (id, venue_id, name) VALUES (27509, 11791, 'Product16118');
INSERT INTO products (id, item_id, price) VALUES (16118, 27509, 5);
INSERT INTO venues (id, name) VALUES (11796, 'Venue11796');
INSERT INTO items (id, venue_id, name) VALUES (16605, 11796, 'Space15563');
INSERT INTO spaces (id, item_id, hour_price) VALUES (15563, 16605, 0);
INSERT INTO items (id, venue_id, name) VALUES (16606, 11796, 'Space15564');
INSERT INTO spaces (id, item_id, hour_price) VALUES (15564, 16606, 0);
INSERT INTO items (id, venue_id, name) VALUES (16607, 11796, 'Space15565');
INSERT INTO spaces (id, item_id, hour_price) VALUES (15565, 16607, 0);
INSERT INTO items (id, venue_id, name) VALUES (16608, 11796, 'Space15566');
INSERT INTO spaces (id, item_id, hour_price) VALUES (15566, 16608, 0);
INSERT INTO items (id, venue_id, name) VALUES (16609, 11796, 'Space15567');
INSERT INTO spaces (id, item_id, hour_price) VALUES (15567, 16609, 0);
INSERT INTO items (id, venue_id, name) VALUES (16610, 11796, 'Space15568');
INSERT INTO spaces (id, item_id, hour_price) VALUES (15568, 16610, 0);
INSERT INTO items (id, venue_id, name) VALUES (16613, 11796, 'Space15571');
INSERT INTO spaces (id, item_id, hour_price) VALUES (15571, 16613, 6);
INSERT INTO items (id, venue_id, name) VALUES (27554, 11796, 'Space21412');
INSERT INTO spaces (id, item_id, hour_price) VALUES (21412, 27554, 10);
INSERT INTO venues (id, name) VALUES (11804, 'Venue11804');
INSERT INTO items (id, venue_id, name) VALUES (16633, 11804, 'Space15583');
INSERT INTO spaces (id, item_id, hour_price) VALUES (15583, 16633, 0);
INSERT INTO items (id, venue_id, name) VALUES (16634, 11804, 'Space15584');
INSERT INTO spaces (id, item_id, hour_price) VALUES (15584, 16634, 0);
INSERT INTO items (id, venue_id, name) VALUES (16635, 11804, 'Space15585');
INSERT INTO spaces (id, item_id, hour_price) VALUES (15585, 16635, 0);
INSERT INTO items (id, venue_id, name) VALUES (16636, 11804, 'Space15586');
INSERT INTO spaces (id, item_id, hour_price) VALUES (15586, 16636, 0);
INSERT INTO items (id, venue_id, name) VALUES (16637, 11804, 'Space15587');
INSERT INTO spaces (id, item_id, hour_price) VALUES (15587, 16637, 0);
INSERT INTO items (id, venue_id, name) VALUES (16638, 11804, 'Space15588');
INSERT INTO spaces (id, item_id, hour_price) VALUES (15588, 16638, 0);
INSERT INTO items (id, venue_id, name) VALUES (16639, 11804, 'Space15589');
INSERT INTO spaces (id, item_id, hour_price) VALUES (15589, 16639, 15);
INSERT INTO venues (id, name) VALUES (11809, 'Venue11809');
INSERT INTO items (id, venue_id, name) VALUES (16640, 11809, 'Space15590');
INSERT INTO spaces (id, item_id, hour_price) VALUES (15590, 16640, 0);
INSERT INTO items (id, venue_id, name) VALUES (16641, 11809, 'Space15591');
INSERT INTO spaces (id, item_id, hour_price) VALUES (15591, 16641, 0);
INSERT INTO items (id, venue_id, name) VALUES (16642, 11809, 'Space15592');
INSERT INTO spaces (id, item_id, hour_price) VALUES (15592, 16642, 0);
INSERT INTO items (id, venue_id, name) VALUES (16643, 11809, 'Space15593');
INSERT INTO spaces (id, item_id, hour_price) VALUES (15593, 16643, 0);
INSERT INTO items (id, venue_id, name) VALUES (16644, 11809, 'Space15594');
INSERT INTO spaces (id, item_id, hour_price) VALUES (15594, 16644, 0);
INSERT INTO items (id, venue_id, name) VALUES (16645, 11809, 'Space15595');
INSERT INTO spaces (id, item_id, hour_price) VALUES (15595, 16645, 0);
INSERT INTO items (id, venue_id, name) VALUES (16646, 11809, 'Space15596');
INSERT INTO spaces (id, item_id, hour_price) VALUES (15596, 16646, 2);
INSERT INTO items (id, venue_id, name) VALUES (16647, 11809, 'Space15597');
INSERT INTO spaces (id, item_id, hour_price) VALUES (15597, 16647, 0);
INSERT INTO items (id, venue_id, name) VALUES (16648, 11809, 'Space15598');
INSERT INTO spaces (id, item_id, hour_price) VALUES (15598, 16648, 37.5);
INSERT INTO items (id, venue_id, name) VALUES (16649, 11809, 'Space15599');
INSERT INTO spaces (id, item_id, hour_price) VALUES (15599, 16649, 37.5);
INSERT INTO items (id, venue_id, name) VALUES (16650, 11809, 'Space15600');
INSERT INTO spaces (id, item_id, hour_price) VALUES (15600, 16650, 0);
INSERT INTO items (id, venue_id, name) VALUES (16651, 11809, 'Product11043');
INSERT INTO products (id, item_id, price) VALUES (11043, 16651, 0);
INSERT INTO items (id, venue_id, name) VALUES (16652, 11809, 'Product11044');
INSERT INTO products (id, item_id, price) VALUES (11044, 16652, 0);
INSERT INTO items (id, venue_id, name) VALUES (16653, 11809, 'Product11045');
INSERT INTO products (id, item_id, price) VALUES (11045, 16653, 0);
INSERT INTO items (id, venue_id, name) VALUES (16654, 11809, 'Product11046');
INSERT INTO products (id, item_id, price) VALUES (11046, 16654, 0.2);
INSERT INTO items (id, venue_id, name) VALUES (16655, 11809, 'Product11047');
INSERT INTO products (id, item_id, price) VALUES (11047, 16655, 0);
INSERT INTO venues (id, name) VALUES (11814, 'Venue11814');
INSERT INTO items (id, venue_id, name) VALUES (16657, 11814, 'Space15601');
INSERT INTO spaces (id, item_id, hour_price) VALUES (15601, 16657, 0);
INSERT INTO items (id, venue_id, name) VALUES (16658, 11814, 'Space15602');
INSERT INTO spaces (id, item_id, hour_price) VALUES (15602, 16658, 0);
INSERT INTO items (id, venue_id, name) VALUES (16659, 11814, 'Space15603');
INSERT INTO spaces (id, item_id, hour_price) VALUES (15603, 16659, 0);
INSERT INTO items (id, venue_id, name) VALUES (16660, 11814, 'Space15604');
INSERT INTO spaces (id, item_id, hour_price) VALUES (15604, 16660, 0);
INSERT INTO items (id, venue_id, name) VALUES (16661, 11814, 'Space15605');
INSERT INTO spaces (id, item_id, hour_price) VALUES (15605, 16661, 0);
INSERT INTO items (id, venue_id, name) VALUES (16662, 11814, 'Space15606');
INSERT INTO spaces (id, item_id, hour_price) VALUES (15606, 16662, 0);
INSERT INTO items (id, venue_id, name) VALUES (16663, 11814, 'Space15607');
INSERT INTO spaces (id, item_id, hour_price) VALUES (15607, 16663, 49);
INSERT INTO items (id, venue_id, name) VALUES (16664, 11814, 'Space15608');
INSERT INTO spaces (id, item_id, hour_price) VALUES (15608, 16664, 59);
INSERT INTO items (id, venue_id, name) VALUES (16665, 11814, 'Space15609');
INSERT INTO spaces (id, item_id, hour_price) VALUES (15609, 16665, 79);
INSERT INTO items (id, venue_id, name) VALUES (16666, 11814, 'Space15610');
INSERT INTO spaces (id, item_id, hour_price) VALUES (15610, 16666, 109);
INSERT INTO items (id, venue_id, name) VALUES (16667, 11814, 'Product11049');
INSERT INTO products (id, item_id, price) VALUES (11049, 16667, 40);
INSERT INTO items (id, venue_id, name) VALUES (16668, 11814, 'Product11050');
INSERT INTO products (id, item_id, price) VALUES (11050, 16668, 11);
INSERT INTO items (id, venue_id, name) VALUES (16669, 11814, 'Product11051');
INSERT INTO products (id, item_id, price) VALUES (11051, 16669, 13.5);
INSERT INTO items (id, venue_id, name) VALUES (16670, 11814, 'Product11052');
INSERT INTO products (id, item_id, price) VALUES (11052, 16670, 3);
INSERT INTO items (id, venue_id, name) VALUES (16671, 11814, 'Product11053');
INSERT INTO products (id, item_id, price) VALUES (11053, 16671, 10);
INSERT INTO items (id, venue_id, name) VALUES (16672, 11814, 'Product11054');
INSERT INTO products (id, item_id, price) VALUES (11054, 16672, 40);
INSERT INTO venues (id, name) VALUES (11818, 'Venue11818');
INSERT INTO items (id, venue_id, name) VALUES (16675, 11818, 'Space15613');
INSERT INTO spaces (id, item_id, hour_price) VALUES (15613, 16675, 0);
INSERT INTO items (id, venue_id, name) VALUES (16676, 11818, 'Space15614');
INSERT INTO spaces (id, item_id, hour_price) VALUES (15614, 16676, 0);
INSERT INTO items (id, venue_id, name) VALUES (16677, 11818, 'Space15615');
INSERT INTO spaces (id, item_id, hour_price) VALUES (15615, 16677, 0);
INSERT INTO items (id, venue_id, name) VALUES (16678, 11818, 'Space15616');
INSERT INTO spaces (id, item_id, hour_price) VALUES (15616, 16678, 0);
INSERT INTO items (id, venue_id, name) VALUES (16679, 11818, 'Space15617');
INSERT INTO spaces (id, item_id, hour_price) VALUES (15617, 16679, 0);
INSERT INTO items (id, venue_id, name) VALUES (16680, 11818, 'Space15618');
INSERT INTO spaces (id, item_id, hour_price) VALUES (15618, 16680, 0);
INSERT INTO venues (id, name) VALUES (11822, 'Venue11822');
INSERT INTO items (id, venue_id, name) VALUES (16681, 11822, 'Space15619');
INSERT INTO spaces (id, item_id, hour_price) VALUES (15619, 16681, 0);
INSERT INTO items (id, venue_id, name) VALUES (16682, 11822, 'Space15620');
INSERT INTO spaces (id, item_id, hour_price) VALUES (15620, 16682, 0);
INSERT INTO items (id, venue_id, name) VALUES (16683, 11822, 'Space15621');
INSERT INTO spaces (id, item_id, hour_price) VALUES (15621, 16683, 0);
INSERT INTO items (id, venue_id, name) VALUES (16684, 11822, 'Space15622');
INSERT INTO spaces (id, item_id, hour_price) VALUES (15622, 16684, 0);
INSERT INTO items (id, venue_id, name) VALUES (16685, 11822, 'Space15623');
INSERT INTO spaces (id, item_id, hour_price) VALUES (15623, 16685, 0);
INSERT INTO items (id, venue_id, name) VALUES (16686, 11822, 'Space15624');
INSERT INTO spaces (id, item_id, hour_price) VALUES (15624, 16686, 0);
INSERT INTO items (id, venue_id, name) VALUES (16687, 11822, 'Space15625');
INSERT INTO spaces (id, item_id, hour_price) VALUES (15625, 16687, 80);
INSERT INTO items (id, venue_id, name) VALUES (16910, 11822, 'Product11102');
INSERT INTO products (id, item_id, price) VALUES (11102, 16910, 15);
INSERT INTO venues (id, name) VALUES (11831, 'Venue11831');
INSERT INTO items (id, venue_id, name) VALUES (16705, 11831, 'Space15642');
INSERT INTO spaces (id, item_id, hour_price) VALUES (15642, 16705, 0);
INSERT INTO items (id, venue_id, name) VALUES (16706, 11831, 'Space15643');
INSERT INTO spaces (id, item_id, hour_price) VALUES (15643, 16706, 0);
INSERT INTO items (id, venue_id, name) VALUES (16707, 11831, 'Space15644');
INSERT INTO spaces (id, item_id, hour_price) VALUES (15644, 16707, 0);
INSERT INTO items (id, venue_id, name) VALUES (16708, 11831, 'Space15645');
INSERT INTO spaces (id, item_id, hour_price) VALUES (15645, 16708, 0);
INSERT INTO items (id, venue_id, name) VALUES (16709, 11831, 'Space15646');
INSERT INTO spaces (id, item_id, hour_price) VALUES (15646, 16709, 0);
INSERT INTO items (id, venue_id, name) VALUES (16710, 11831, 'Space15647');
INSERT INTO spaces (id, item_id, hour_price) VALUES (15647, 16710, 0);
INSERT INTO items (id, venue_id, name) VALUES (16711, 11831, 'Space15648');
INSERT INTO spaces (id, item_id, hour_price) VALUES (15648, 16711, 15);
INSERT INTO items (id, venue_id, name) VALUES (16716, 11831, 'Product11056');
INSERT INTO products (id, item_id, price) VALUES (11056, 16716, 10);
INSERT INTO items (id, venue_id, name) VALUES (16717, 11831, 'Product11057');
INSERT INTO products (id, item_id, price) VALUES (11057, 16717, 5);
INSERT INTO venues (id, name) VALUES (11833, 'Venue11833');
INSERT INTO items (id, venue_id, name) VALUES (16719, 11833, 'Space15654');
INSERT INTO spaces (id, item_id, hour_price) VALUES (15654, 16719, 0);
INSERT INTO items (id, venue_id, name) VALUES (16720, 11833, 'Space15655');
INSERT INTO spaces (id, item_id, hour_price) VALUES (15655, 16720, 0);
INSERT INTO items (id, venue_id, name) VALUES (16721, 11833, 'Space15656');
INSERT INTO spaces (id, item_id, hour_price) VALUES (15656, 16721, 0);
INSERT INTO items (id, venue_id, name) VALUES (16722, 11833, 'Space15657');
INSERT INTO spaces (id, item_id, hour_price) VALUES (15657, 16722, 0);
INSERT INTO items (id, venue_id, name) VALUES (16723, 11833, 'Space15658');
INSERT INTO spaces (id, item_id, hour_price) VALUES (15658, 16723, 0);
INSERT INTO items (id, venue_id, name) VALUES (16724, 11833, 'Space15659');
INSERT INTO spaces (id, item_id, hour_price) VALUES (15659, 16724, 0);
INSERT INTO items (id, venue_id, name) VALUES (16731, 11833, 'Space15666');
INSERT INTO spaces (id, item_id, hour_price) VALUES (15666, 16731, 12.21);
INSERT INTO items (id, venue_id, name) VALUES (16732, 11833, 'Space15667');
INSERT INTO spaces (id, item_id, hour_price) VALUES (15667, 16732, 17.5);
INSERT INTO items (id, venue_id, name) VALUES (20036, 11833, 'Product12249');
INSERT INTO products (id, item_id, price) VALUES (12249, 20036, 25);
INSERT INTO venues (id, name) VALUES (11838, 'Venue11838');
INSERT INTO items (id, venue_id, name) VALUES (16725, 11838, 'Space15660');
INSERT INTO spaces (id, item_id, hour_price) VALUES (15660, 16725, 0);
INSERT INTO items (id, venue_id, name) VALUES (16726, 11838, 'Space15661');
INSERT INTO spaces (id, item_id, hour_price) VALUES (15661, 16726, 0);
INSERT INTO items (id, venue_id, name) VALUES (16727, 11838, 'Space15662');
INSERT INTO spaces (id, item_id, hour_price) VALUES (15662, 16727, 0);
INSERT INTO items (id, venue_id, name) VALUES (16728, 11838, 'Space15663');
INSERT INTO spaces (id, item_id, hour_price) VALUES (15663, 16728, 0);
INSERT INTO items (id, venue_id, name) VALUES (16729, 11838, 'Space15664');
INSERT INTO spaces (id, item_id, hour_price) VALUES (15664, 16729, 0);
INSERT INTO items (id, venue_id, name) VALUES (16730, 11838, 'Space15665');
INSERT INTO spaces (id, item_id, hour_price) VALUES (15665, 16730, 0);
INSERT INTO items (id, venue_id, name) VALUES (16733, 11838, 'Space15668');
INSERT INTO spaces (id, item_id, hour_price) VALUES (15668, 16733, 90);
INSERT INTO items (id, venue_id, name) VALUES (16735, 11838, 'Product11058');
INSERT INTO products (id, item_id, price) VALUES (11058, 16735, 15);
INSERT INTO items (id, venue_id, name) VALUES (19989, 11838, 'Product12231');
INSERT INTO products (id, item_id, price) VALUES (12231, 19989, 17.5);
INSERT INTO items (id, venue_id, name) VALUES (19991, 11838, 'Product12233');
INSERT INTO products (id, item_id, price) VALUES (12233, 19991, 25);
INSERT INTO items (id, venue_id, name) VALUES (19993, 11838, 'Product12235');
INSERT INTO products (id, item_id, price) VALUES (12235, 19993, 75);
INSERT INTO venues (id, name) VALUES (11842, 'Venue11842');
INSERT INTO items (id, venue_id, name) VALUES (16736, 11842, 'Space15670');
INSERT INTO spaces (id, item_id, hour_price) VALUES (15670, 16736, 0);
INSERT INTO items (id, venue_id, name) VALUES (16737, 11842, 'Space15671');
INSERT INTO spaces (id, item_id, hour_price) VALUES (15671, 16737, 0);
INSERT INTO items (id, venue_id, name) VALUES (16738, 11842, 'Space15672');
INSERT INTO spaces (id, item_id, hour_price) VALUES (15672, 16738, 0);
INSERT INTO items (id, venue_id, name) VALUES (16739, 11842, 'Space15673');
INSERT INTO spaces (id, item_id, hour_price) VALUES (15673, 16739, 0);
INSERT INTO items (id, venue_id, name) VALUES (16740, 11842, 'Space15674');
INSERT INTO spaces (id, item_id, hour_price) VALUES (15674, 16740, 0);
INSERT INTO items (id, venue_id, name) VALUES (16741, 11842, 'Space15675');
INSERT INTO spaces (id, item_id, hour_price) VALUES (15675, 16741, 0);
INSERT INTO items (id, venue_id, name) VALUES (16755, 11842, 'Space15689');
INSERT INTO spaces (id, item_id, hour_price) VALUES (15689, 16755, 90);
INSERT INTO items (id, venue_id, name) VALUES (16909, 11842, 'Product11101');
INSERT INTO products (id, item_id, price) VALUES (11101, 16909, 15);
INSERT INTO items (id, venue_id, name) VALUES (19973, 11842, 'Space17740');
INSERT INTO spaces (id, item_id, hour_price) VALUES (17740, 19973, 90);
INSERT INTO items (id, venue_id, name) VALUES (19974, 11842, 'Space17741');
INSERT INTO spaces (id, item_id, hour_price) VALUES (17741, 19974, 90);
INSERT INTO items (id, venue_id, name) VALUES (19975, 11842, 'Space17742');
INSERT INTO spaces (id, item_id, hour_price) VALUES (17742, 19975, 90);
INSERT INTO items (id, venue_id, name) VALUES (19976, 11842, 'Product12226');
INSERT INTO products (id, item_id, price) VALUES (12226, 19976, 17.5);
INSERT INTO items (id, venue_id, name) VALUES (19977, 11842, 'Product12227');
INSERT INTO products (id, item_id, price) VALUES (12227, 19977, 25);
INSERT INTO items (id, venue_id, name) VALUES (19978, 11842, 'Product12228');
INSERT INTO products (id, item_id, price) VALUES (12228, 19978, 75);
INSERT INTO items (id, venue_id, name) VALUES (19979, 11842, 'Product12229');
INSERT INTO products (id, item_id, price) VALUES (12229, 19979, 75);
INSERT INTO venues (id, name) VALUES (11844, 'Venue11844');
INSERT INTO items (id, venue_id, name) VALUES (16748, 11844, 'Space15682');
INSERT INTO spaces (id, item_id, hour_price) VALUES (15682, 16748, 0);
INSERT INTO items (id, venue_id, name) VALUES (16749, 11844, 'Space15683');
INSERT INTO spaces (id, item_id, hour_price) VALUES (15683, 16749, 0);
INSERT INTO items (id, venue_id, name) VALUES (16750, 11844, 'Space15684');
INSERT INTO spaces (id, item_id, hour_price) VALUES (15684, 16750, 0);
INSERT INTO items (id, venue_id, name) VALUES (16751, 11844, 'Space15685');
INSERT INTO spaces (id, item_id, hour_price) VALUES (15685, 16751, 0);
INSERT INTO items (id, venue_id, name) VALUES (16752, 11844, 'Space15686');
INSERT INTO spaces (id, item_id, hour_price) VALUES (15686, 16752, 0);
INSERT INTO items (id, venue_id, name) VALUES (16753, 11844, 'Space15687');
INSERT INTO spaces (id, item_id, hour_price) VALUES (15687, 16753, 0);
INSERT INTO items (id, venue_id, name) VALUES (16754, 11844, 'Space15688');
INSERT INTO spaces (id, item_id, hour_price) VALUES (15688, 16754, 90);
INSERT INTO items (id, venue_id, name) VALUES (16908, 11844, 'Product11100');
INSERT INTO products (id, item_id, price) VALUES (11100, 16908, 15);
INSERT INTO items (id, venue_id, name) VALUES (19985, 11844, 'Space17748');
INSERT INTO spaces (id, item_id, hour_price) VALUES (17748, 19985, 90);
INSERT INTO items (id, venue_id, name) VALUES (19986, 11844, 'Space17749');
INSERT INTO spaces (id, item_id, hour_price) VALUES (17749, 19986, 90);
INSERT INTO items (id, venue_id, name) VALUES (19990, 11844, 'Product12232');
INSERT INTO products (id, item_id, price) VALUES (12232, 19990, 17.5);
INSERT INTO items (id, venue_id, name) VALUES (19992, 11844, 'Product12234');
INSERT INTO products (id, item_id, price) VALUES (12234, 19992, 25);
INSERT INTO items (id, venue_id, name) VALUES (19994, 11844, 'Product12236');
INSERT INTO products (id, item_id, price) VALUES (12236, 19994, 75);
INSERT INTO venues (id, name) VALUES (11850, 'Venue11850');
INSERT INTO items (id, venue_id, name) VALUES (16757, 11850, 'Space15691');
INSERT INTO spaces (id, item_id, hour_price) VALUES (15691, 16757, 0);
INSERT INTO items (id, venue_id, name) VALUES (16758, 11850, 'Space15692');
INSERT INTO spaces (id, item_id, hour_price) VALUES (15692, 16758, 0);
INSERT INTO items (id, venue_id, name) VALUES (16759, 11850, 'Space15693');
INSERT INTO spaces (id, item_id, hour_price) VALUES (15693, 16759, 0);
INSERT INTO items (id, venue_id, name) VALUES (16760, 11850, 'Space15694');
INSERT INTO spaces (id, item_id, hour_price) VALUES (15694, 16760, 0);
INSERT INTO items (id, venue_id, name) VALUES (16761, 11850, 'Space15695');
INSERT INTO spaces (id, item_id, hour_price) VALUES (15695, 16761, 0);
INSERT INTO items (id, venue_id, name) VALUES (16762, 11850, 'Space15696');
INSERT INTO spaces (id, item_id, hour_price) VALUES (15696, 16762, 0);
INSERT INTO items (id, venue_id, name) VALUES (16763, 11850, 'Space15697');
INSERT INTO spaces (id, item_id, hour_price) VALUES (15697, 16763, 20);
INSERT INTO items (id, venue_id, name) VALUES (16764, 11850, 'Space15698');
INSERT INTO spaces (id, item_id, hour_price) VALUES (15698, 16764, 12.5);
INSERT INTO items (id, venue_id, name) VALUES (16765, 11850, 'Product11059');
INSERT INTO products (id, item_id, price) VALUES (11059, 16765, 0);
INSERT INTO items (id, venue_id, name) VALUES (16766, 11850, 'Product11060');
INSERT INTO products (id, item_id, price) VALUES (11060, 16766, 0);
INSERT INTO items (id, venue_id, name) VALUES (17056, 11850, 'Product11155');
INSERT INTO products (id, item_id, price) VALUES (11155, 17056, 0);
INSERT INTO venues (id, name) VALUES (11854, 'Venue11854');
INSERT INTO items (id, venue_id, name) VALUES (16767, 11854, 'Space15699');
INSERT INTO spaces (id, item_id, hour_price) VALUES (15699, 16767, 0);
INSERT INTO items (id, venue_id, name) VALUES (16768, 11854, 'Space15700');
INSERT INTO spaces (id, item_id, hour_price) VALUES (15700, 16768, 0);
INSERT INTO items (id, venue_id, name) VALUES (16769, 11854, 'Space15701');
INSERT INTO spaces (id, item_id, hour_price) VALUES (15701, 16769, 0);
INSERT INTO items (id, venue_id, name) VALUES (16770, 11854, 'Space15702');
INSERT INTO spaces (id, item_id, hour_price) VALUES (15702, 16770, 0);
INSERT INTO items (id, venue_id, name) VALUES (16771, 11854, 'Space15703');
INSERT INTO spaces (id, item_id, hour_price) VALUES (15703, 16771, 0);
INSERT INTO items (id, venue_id, name) VALUES (16772, 11854, 'Space15704');
INSERT INTO spaces (id, item_id, hour_price) VALUES (15704, 16772, 0);
INSERT INTO items (id, venue_id, name) VALUES (16780, 11854, 'Space15712');
INSERT INTO spaces (id, item_id, hour_price) VALUES (15712, 16780, 12.5);
INSERT INTO items (id, venue_id, name) VALUES (16781, 11854, 'Space15713');
INSERT INTO spaces (id, item_id, hour_price) VALUES (15713, 16781, 18);
INSERT INTO items (id, venue_id, name) VALUES (16782, 11854, 'Space15714');
INSERT INTO spaces (id, item_id, hour_price) VALUES (15714, 16782, 12);
INSERT INTO items (id, venue_id, name) VALUES (16783, 11854, 'Space15715');
INSERT INTO spaces (id, item_id, hour_price) VALUES (15715, 16783, 17);
INSERT INTO venues (id, name) VALUES (11863, 'Venue11863');
INSERT INTO items (id, venue_id, name) VALUES (16784, 11863, 'Space15716');
INSERT INTO spaces (id, item_id, hour_price) VALUES (15716, 16784, 0);
INSERT INTO items (id, venue_id, name) VALUES (16785, 11863, 'Space15717');
INSERT INTO spaces (id, item_id, hour_price) VALUES (15717, 16785, 0);
INSERT INTO items (id, venue_id, name) VALUES (16786, 11863, 'Space15718');
INSERT INTO spaces (id, item_id, hour_price) VALUES (15718, 16786, 0);
INSERT INTO items (id, venue_id, name) VALUES (16787, 11863, 'Space15719');
INSERT INTO spaces (id, item_id, hour_price) VALUES (15719, 16787, 0);
INSERT INTO items (id, venue_id, name) VALUES (16788, 11863, 'Space15720');
INSERT INTO spaces (id, item_id, hour_price) VALUES (15720, 16788, 0);
INSERT INTO items (id, venue_id, name) VALUES (16789, 11863, 'Space15721');
INSERT INTO spaces (id, item_id, hour_price) VALUES (15721, 16789, 0);
INSERT INTO items (id, venue_id, name) VALUES (16790, 11863, 'Space15722');
INSERT INTO spaces (id, item_id, hour_price) VALUES (15722, 16790, 12.5);
INSERT INTO items (id, venue_id, name) VALUES (22747, 11863, 'Space19170');
INSERT INTO spaces (id, item_id, hour_price) VALUES (19170, 22747, 12.5);
INSERT INTO venues (id, name) VALUES (11867, 'Venue11867');
INSERT INTO items (id, venue_id, name) VALUES (16813, 11867, 'Space15731');
INSERT INTO spaces (id, item_id, hour_price) VALUES (15731, 16813, 0);
INSERT INTO items (id, venue_id, name) VALUES (16814, 11867, 'Space15732');
INSERT INTO spaces (id, item_id, hour_price) VALUES (15732, 16814, 0);
INSERT INTO items (id, venue_id, name) VALUES (16815, 11867, 'Space15733');
INSERT INTO spaces (id, item_id, hour_price) VALUES (15733, 16815, 0);
INSERT INTO items (id, venue_id, name) VALUES (16816, 11867, 'Space15734');
INSERT INTO spaces (id, item_id, hour_price) VALUES (15734, 16816, 0);
INSERT INTO items (id, venue_id, name) VALUES (16817, 11867, 'Space15735');
INSERT INTO spaces (id, item_id, hour_price) VALUES (15735, 16817, 0);
INSERT INTO items (id, venue_id, name) VALUES (16818, 11867, 'Space15736');
INSERT INTO spaces (id, item_id, hour_price) VALUES (15736, 16818, 0);
INSERT INTO items (id, venue_id, name) VALUES (16892, 11867, 'Space15786');
INSERT INTO spaces (id, item_id, hour_price) VALUES (15786, 16892, 3.5);
INSERT INTO items (id, venue_id, name) VALUES (16893, 11867, 'Space15787');
INSERT INTO spaces (id, item_id, hour_price) VALUES (15787, 16893, 20);
INSERT INTO items (id, venue_id, name) VALUES (17027, 11867, 'Space15873');
INSERT INTO spaces (id, item_id, hour_price) VALUES (15873, 17027, 10);
INSERT INTO venues (id, name) VALUES (11871, 'Venue11871');
INSERT INTO items (id, venue_id, name) VALUES (16834, 11871, 'Space15737');
INSERT INTO spaces (id, item_id, hour_price) VALUES (15737, 16834, 0);
INSERT INTO items (id, venue_id, name) VALUES (16835, 11871, 'Space15738');
INSERT INTO spaces (id, item_id, hour_price) VALUES (15738, 16835, 0);
INSERT INTO items (id, venue_id, name) VALUES (16836, 11871, 'Space15739');
INSERT INTO spaces (id, item_id, hour_price) VALUES (15739, 16836, 0);
INSERT INTO items (id, venue_id, name) VALUES (16837, 11871, 'Space15740');
INSERT INTO spaces (id, item_id, hour_price) VALUES (15740, 16837, 0);
INSERT INTO items (id, venue_id, name) VALUES (16838, 11871, 'Space15741');
INSERT INTO spaces (id, item_id, hour_price) VALUES (15741, 16838, 0);
INSERT INTO items (id, venue_id, name) VALUES (16839, 11871, 'Space15742');
INSERT INTO spaces (id, item_id, hour_price) VALUES (15742, 16839, 0);
INSERT INTO items (id, venue_id, name) VALUES (16846, 11871, 'Space15749');
INSERT INTO spaces (id, item_id, hour_price) VALUES (15749, 16846, 11.5);
INSERT INTO items (id, venue_id, name) VALUES (16847, 11871, 'Space15750');
INSERT INTO spaces (id, item_id, hour_price) VALUES (15750, 16847, 25);
INSERT INTO items (id, venue_id, name) VALUES (16848, 11871, 'Space15751');
INSERT INTO spaces (id, item_id, hour_price) VALUES (15751, 16848, 25);
INSERT INTO items (id, venue_id, name) VALUES (16850, 11871, 'Space15752');
INSERT INTO spaces (id, item_id, hour_price) VALUES (15752, 16850, 35);
INSERT INTO items (id, venue_id, name) VALUES (16851, 11871, 'Space15753');
INSERT INTO spaces (id, item_id, hour_price) VALUES (15753, 16851, 11.5);
INSERT INTO items (id, venue_id, name) VALUES (17869, 11871, 'Space16536');
INSERT INTO spaces (id, item_id, hour_price) VALUES (16536, 17869, 35);
INSERT INTO items (id, venue_id, name) VALUES (18293, 11871, 'Product11612');
INSERT INTO products (id, item_id, price) VALUES (11612, 18293, 4);
INSERT INTO items (id, venue_id, name) VALUES (18294, 11871, 'Product11613');
INSERT INTO products (id, item_id, price) VALUES (11613, 18294, 4);
INSERT INTO items (id, venue_id, name) VALUES (18303, 11871, 'Space16676');
INSERT INTO spaces (id, item_id, hour_price) VALUES (16676, 18303, 11.5);
INSERT INTO items (id, venue_id, name) VALUES (18304, 11871, 'Space16677');
INSERT INTO spaces (id, item_id, hour_price) VALUES (16677, 18304, 11.5);
INSERT INTO items (id, venue_id, name) VALUES (18344, 11871, 'Product11631');
INSERT INTO products (id, item_id, price) VALUES (11631, 18344, 10);
INSERT INTO venues (id, name) VALUES (11881, 'Venue11881');
INSERT INTO items (id, venue_id, name) VALUES (16854, 11881, 'Space15754');
INSERT INTO spaces (id, item_id, hour_price) VALUES (15754, 16854, 0);
INSERT INTO items (id, venue_id, name) VALUES (16855, 11881, 'Space15755');
INSERT INTO spaces (id, item_id, hour_price) VALUES (15755, 16855, 0);
INSERT INTO items (id, venue_id, name) VALUES (16856, 11881, 'Space15756');
INSERT INTO spaces (id, item_id, hour_price) VALUES (15756, 16856, 0);
INSERT INTO items (id, venue_id, name) VALUES (16857, 11881, 'Space15757');
INSERT INTO spaces (id, item_id, hour_price) VALUES (15757, 16857, 0);
INSERT INTO items (id, venue_id, name) VALUES (16858, 11881, 'Space15758');
INSERT INTO spaces (id, item_id, hour_price) VALUES (15758, 16858, 0);
INSERT INTO items (id, venue_id, name) VALUES (16859, 11881, 'Space15759');
INSERT INTO spaces (id, item_id, hour_price) VALUES (15759, 16859, 0);
INSERT INTO items (id, venue_id, name) VALUES (16860, 11881, 'Space15760');
INSERT INTO spaces (id, item_id, hour_price) VALUES (15760, 16860, 10.5);
INSERT INTO venues (id, name) VALUES (11886, 'Venue11886');
INSERT INTO items (id, venue_id, name) VALUES (16862, 11886, 'Space15761');
INSERT INTO spaces (id, item_id, hour_price) VALUES (15761, 16862, 0);
INSERT INTO items (id, venue_id, name) VALUES (16863, 11886, 'Space15762');
INSERT INTO spaces (id, item_id, hour_price) VALUES (15762, 16863, 0);
INSERT INTO items (id, venue_id, name) VALUES (16864, 11886, 'Space15763');
INSERT INTO spaces (id, item_id, hour_price) VALUES (15763, 16864, 0);
INSERT INTO items (id, venue_id, name) VALUES (16865, 11886, 'Space15764');
INSERT INTO spaces (id, item_id, hour_price) VALUES (15764, 16865, 0);
INSERT INTO items (id, venue_id, name) VALUES (16866, 11886, 'Space15765');
INSERT INTO spaces (id, item_id, hour_price) VALUES (15765, 16866, 0);
INSERT INTO items (id, venue_id, name) VALUES (16867, 11886, 'Space15766');
INSERT INTO spaces (id, item_id, hour_price) VALUES (15766, 16867, 0);
INSERT INTO items (id, venue_id, name) VALUES (20132, 11886, 'Space17848');
INSERT INTO spaces (id, item_id, hour_price) VALUES (17848, 20132, 80);
INSERT INTO items (id, venue_id, name) VALUES (20725, 11886, 'Product12535');
INSERT INTO products (id, item_id, price) VALUES (12535, 20725, 7.5);
INSERT INTO items (id, venue_id, name) VALUES (20726, 11886, 'Product12536');
INSERT INTO products (id, item_id, price) VALUES (12536, 20726, 14.5);
INSERT INTO items (id, venue_id, name) VALUES (20855, 11886, 'Product12600');
INSERT INTO products (id, item_id, price) VALUES (12600, 20855, 10);
INSERT INTO items (id, venue_id, name) VALUES (20856, 11886, 'Product12601');
INSERT INTO products (id, item_id, price) VALUES (12601, 20856, 1.5);
INSERT INTO items (id, venue_id, name) VALUES (20857, 11886, 'Product12602');
INSERT INTO products (id, item_id, price) VALUES (12602, 20857, 8);
INSERT INTO items (id, venue_id, name) VALUES (20858, 11886, 'Product12603');
INSERT INTO products (id, item_id, price) VALUES (12603, 20858, 4);
INSERT INTO items (id, venue_id, name) VALUES (20859, 11886, 'Product12604');
INSERT INTO products (id, item_id, price) VALUES (12604, 20859, 0.5);
INSERT INTO items (id, venue_id, name) VALUES (20860, 11886, 'Product12605');
INSERT INTO products (id, item_id, price) VALUES (12605, 20860, 0);
INSERT INTO items (id, venue_id, name) VALUES (20861, 11886, 'Product12606');
INSERT INTO products (id, item_id, price) VALUES (12606, 20861, 0);
INSERT INTO items (id, venue_id, name) VALUES (20862, 11886, 'Product12607');
INSERT INTO products (id, item_id, price) VALUES (12607, 20862, 2);
INSERT INTO items (id, venue_id, name) VALUES (20863, 11886, 'Product12608');
INSERT INTO products (id, item_id, price) VALUES (12608, 20863, 4);
INSERT INTO items (id, venue_id, name) VALUES (23528, 11886, 'Product13963');
INSERT INTO products (id, item_id, price) VALUES (13963, 23528, 2);
INSERT INTO items (id, venue_id, name) VALUES (23532, 11886, 'Product13964');
INSERT INTO products (id, item_id, price) VALUES (13964, 23532, 6);
INSERT INTO items (id, venue_id, name) VALUES (24185, 11886, 'Space19874');
INSERT INTO spaces (id, item_id, hour_price) VALUES (19874, 24185, 35);
INSERT INTO venues (id, name) VALUES (11900, 'Venue11900');
INSERT INTO items (id, venue_id, name) VALUES (16895, 11900, 'Space15788');
INSERT INTO spaces (id, item_id, hour_price) VALUES (15788, 16895, 0);
INSERT INTO items (id, venue_id, name) VALUES (16896, 11900, 'Space15789');
INSERT INTO spaces (id, item_id, hour_price) VALUES (15789, 16896, 0);
INSERT INTO items (id, venue_id, name) VALUES (16897, 11900, 'Space15790');
INSERT INTO spaces (id, item_id, hour_price) VALUES (15790, 16897, 0);
INSERT INTO items (id, venue_id, name) VALUES (16898, 11900, 'Space15791');
INSERT INTO spaces (id, item_id, hour_price) VALUES (15791, 16898, 0);
INSERT INTO items (id, venue_id, name) VALUES (16899, 11900, 'Space15792');
INSERT INTO spaces (id, item_id, hour_price) VALUES (15792, 16899, 0);
INSERT INTO items (id, venue_id, name) VALUES (16900, 11900, 'Space15793');
INSERT INTO spaces (id, item_id, hour_price) VALUES (15793, 16900, 0);
INSERT INTO items (id, venue_id, name) VALUES (16901, 11900, 'Space15794');
INSERT INTO spaces (id, item_id, hour_price) VALUES (15794, 16901, 15);
INSERT INTO items (id, venue_id, name) VALUES (16911, 11900, 'Product11103');
INSERT INTO products (id, item_id, price) VALUES (11103, 16911, 5);
INSERT INTO items (id, venue_id, name) VALUES (23422, 11900, 'Product13909');
INSERT INTO products (id, item_id, price) VALUES (13909, 23422, 11);
INSERT INTO venues (id, name) VALUES (11910, 'Venue11910');
INSERT INTO items (id, venue_id, name) VALUES (16914, 11910, 'Space15803');
INSERT INTO spaces (id, item_id, hour_price) VALUES (15803, 16914, 0);
INSERT INTO items (id, venue_id, name) VALUES (16915, 11910, 'Space15804');
INSERT INTO spaces (id, item_id, hour_price) VALUES (15804, 16915, 0);
INSERT INTO items (id, venue_id, name) VALUES (16916, 11910, 'Space15805');
INSERT INTO spaces (id, item_id, hour_price) VALUES (15805, 16916, 0);
INSERT INTO items (id, venue_id, name) VALUES (16917, 11910, 'Space15806');
INSERT INTO spaces (id, item_id, hour_price) VALUES (15806, 16917, 0);
INSERT INTO items (id, venue_id, name) VALUES (16918, 11910, 'Space15807');
INSERT INTO spaces (id, item_id, hour_price) VALUES (15807, 16918, 0);
INSERT INTO items (id, venue_id, name) VALUES (16919, 11910, 'Space15808');
INSERT INTO spaces (id, item_id, hour_price) VALUES (15808, 16919, 0);
INSERT INTO items (id, venue_id, name) VALUES (16920, 11910, 'Space15809');
INSERT INTO spaces (id, item_id, hour_price) VALUES (15809, 16920, 20);
INSERT INTO items (id, venue_id, name) VALUES (16921, 11910, 'Space15810');
INSERT INTO spaces (id, item_id, hour_price) VALUES (15810, 16921, 2.5);
INSERT INTO items (id, venue_id, name) VALUES (16922, 11910, 'Space15811');
INSERT INTO spaces (id, item_id, hour_price) VALUES (15811, 16922, 20);
INSERT INTO items (id, venue_id, name) VALUES (16923, 11910, 'Space15812');
INSERT INTO spaces (id, item_id, hour_price) VALUES (15812, 16923, 0);
INSERT INTO items (id, venue_id, name) VALUES (16924, 11910, 'Space15813');
INSERT INTO spaces (id, item_id, hour_price) VALUES (15813, 16924, 80);
INSERT INTO items (id, venue_id, name) VALUES (18481, 11910, 'Space16822');
INSERT INTO spaces (id, item_id, hour_price) VALUES (16822, 18481, 30);
INSERT INTO items (id, venue_id, name) VALUES (18482, 11910, 'Space16823');
INSERT INTO spaces (id, item_id, hour_price) VALUES (16823, 18482, 30);
INSERT INTO items (id, venue_id, name) VALUES (18500, 11910, 'Product11652');
INSERT INTO products (id, item_id, price) VALUES (11652, 18500, 1.84);
INSERT INTO items (id, venue_id, name) VALUES (18501, 11910, 'Product11653');
INSERT INTO products (id, item_id, price) VALUES (11653, 18501, 1.84);
INSERT INTO items (id, venue_id, name) VALUES (18502, 11910, 'Product11654');
INSERT INTO products (id, item_id, price) VALUES (11654, 18502, 2.12);
INSERT INTO items (id, venue_id, name) VALUES (18503, 11910, 'Product11655');
INSERT INTO products (id, item_id, price) VALUES (11655, 18503, 2.12);
INSERT INTO items (id, venue_id, name) VALUES (18504, 11910, 'Product11656');
INSERT INTO products (id, item_id, price) VALUES (11656, 18504, 2.36);
INSERT INTO items (id, venue_id, name) VALUES (18505, 11910, 'Product11657');
INSERT INTO products (id, item_id, price) VALUES (11657, 18505, 1.65);
INSERT INTO items (id, venue_id, name) VALUES (18506, 11910, 'Product11658');
INSERT INTO products (id, item_id, price) VALUES (11658, 18506, 1.89);
INSERT INTO items (id, venue_id, name) VALUES (18507, 11910, 'Product11659');
INSERT INTO products (id, item_id, price) VALUES (11659, 18507, 1.89);
INSERT INTO items (id, venue_id, name) VALUES (18508, 11910, 'Product11660');
INSERT INTO products (id, item_id, price) VALUES (11660, 18508, 1.89);
INSERT INTO items (id, venue_id, name) VALUES (18509, 11910, 'Product11661');
INSERT INTO products (id, item_id, price) VALUES (11661, 18509, 1.89);
INSERT INTO items (id, venue_id, name) VALUES (18510, 11910, 'Product11662');
INSERT INTO products (id, item_id, price) VALUES (11662, 18510, 1.89);
INSERT INTO items (id, venue_id, name) VALUES (18511, 11910, 'Product11663');
INSERT INTO products (id, item_id, price) VALUES (11663, 18511, 1.89);
INSERT INTO items (id, venue_id, name) VALUES (18512, 11910, 'Product11664');
INSERT INTO products (id, item_id, price) VALUES (11664, 18512, 1.89);
INSERT INTO items (id, venue_id, name) VALUES (18513, 11910, 'Product11665');
INSERT INTO products (id, item_id, price) VALUES (11665, 18513, 1.89);
INSERT INTO items (id, venue_id, name) VALUES (18514, 11910, 'Product11666');
INSERT INTO products (id, item_id, price) VALUES (11666, 18514, 1.89);
INSERT INTO items (id, venue_id, name) VALUES (18515, 11910, 'Product11667');
INSERT INTO products (id, item_id, price) VALUES (11667, 18515, 1.89);
INSERT INTO items (id, venue_id, name) VALUES (18516, 11910, 'Product11668');
INSERT INTO products (id, item_id, price) VALUES (11668, 18516, 12);
INSERT INTO items (id, venue_id, name) VALUES (18517, 11910, 'Product11669');
INSERT INTO products (id, item_id, price) VALUES (11669, 18517, 10);
INSERT INTO items (id, venue_id, name) VALUES (18518, 11910, 'Product11670');
INSERT INTO products (id, item_id, price) VALUES (11670, 18518, 0);
INSERT INTO items (id, venue_id, name) VALUES (18519, 11910, 'Product11671');
INSERT INTO products (id, item_id, price) VALUES (11671, 18519, 5.61);
INSERT INTO items (id, venue_id, name) VALUES (18520, 11910, 'Product11672');
INSERT INTO products (id, item_id, price) VALUES (11672, 18520, 7.5);
INSERT INTO items (id, venue_id, name) VALUES (18521, 11910, 'Product11673');
INSERT INTO products (id, item_id, price) VALUES (11673, 18521, 4.25);
INSERT INTO items (id, venue_id, name) VALUES (18522, 11910, 'Product11674');
INSERT INTO products (id, item_id, price) VALUES (11674, 18522, 2.12);
INSERT INTO items (id, venue_id, name) VALUES (18523, 11910, 'Product11675');
INSERT INTO products (id, item_id, price) VALUES (11675, 18523, 2.59);
INSERT INTO items (id, venue_id, name) VALUES (18524, 11910, 'Product11676');
INSERT INTO products (id, item_id, price) VALUES (11676, 18524, 2.12);
INSERT INTO items (id, venue_id, name) VALUES (18525, 11910, 'Product11677');
INSERT INTO products (id, item_id, price) VALUES (11677, 18525, 2.59);
INSERT INTO items (id, venue_id, name) VALUES (18526, 11910, 'Product11678');
INSERT INTO products (id, item_id, price) VALUES (11678, 18526, 2.36);
INSERT INTO items (id, venue_id, name) VALUES (18527, 11910, 'Product11679');
INSERT INTO products (id, item_id, price) VALUES (11679, 18527, 2.83);
INSERT INTO items (id, venue_id, name) VALUES (18528, 11910, 'Product11680');
INSERT INTO products (id, item_id, price) VALUES (11680, 18528, 2.59);
INSERT INTO items (id, venue_id, name) VALUES (18529, 11910, 'Product11681');
INSERT INTO products (id, item_id, price) VALUES (11681, 18529, 3.07);
INSERT INTO items (id, venue_id, name) VALUES (18530, 11910, 'Product11682');
INSERT INTO products (id, item_id, price) VALUES (11682, 18530, 2.36);
INSERT INTO items (id, venue_id, name) VALUES (18531, 11910, 'Product11683');
INSERT INTO products (id, item_id, price) VALUES (11683, 18531, 2.83);
INSERT INTO items (id, venue_id, name) VALUES (18532, 11910, 'Product11684');
INSERT INTO products (id, item_id, price) VALUES (11684, 18532, 2.78);
INSERT INTO items (id, venue_id, name) VALUES (18533, 11910, 'Product11685');
INSERT INTO products (id, item_id, price) VALUES (11685, 18533, 3.25);
INSERT INTO items (id, venue_id, name) VALUES (18534, 11910, 'Product11686');
INSERT INTO products (id, item_id, price) VALUES (11686, 18534, 2.78);
INSERT INTO items (id, venue_id, name) VALUES (18535, 11910, 'Product11687');
INSERT INTO products (id, item_id, price) VALUES (11687, 18535, 3.25);
INSERT INTO items (id, venue_id, name) VALUES (18536, 11910, 'Product11688');
INSERT INTO products (id, item_id, price) VALUES (11688, 18536, 2.59);
INSERT INTO items (id, venue_id, name) VALUES (18537, 11910, 'Product11689');
INSERT INTO products (id, item_id, price) VALUES (11689, 18537, 3.07);
INSERT INTO items (id, venue_id, name) VALUES (18538, 11910, 'Product11690');
INSERT INTO products (id, item_id, price) VALUES (11690, 18538, 1.51);
INSERT INTO items (id, venue_id, name) VALUES (18539, 11910, 'Product11691');
INSERT INTO products (id, item_id, price) VALUES (11691, 18539, 1.51);
INSERT INTO items (id, venue_id, name) VALUES (18540, 11910, 'Product11692');
INSERT INTO products (id, item_id, price) VALUES (11692, 18540, 1.89);
INSERT INTO items (id, venue_id, name) VALUES (18541, 11910, 'Product11693');
INSERT INTO products (id, item_id, price) VALUES (11693, 18541, 1.65);
INSERT INTO items (id, venue_id, name) VALUES (18542, 11910, 'Product11694');
INSERT INTO products (id, item_id, price) VALUES (11694, 18542, 2.59);
INSERT INTO items (id, venue_id, name) VALUES (18543, 11910, 'Product11695');
INSERT INTO products (id, item_id, price) VALUES (11695, 18543, 2.59);
INSERT INTO items (id, venue_id, name) VALUES (18544, 11910, 'Product11696');
INSERT INTO products (id, item_id, price) VALUES (11696, 18544, 2.36);
INSERT INTO items (id, venue_id, name) VALUES (18743, 11910, 'Space16970');
INSERT INTO spaces (id, item_id, hour_price) VALUES (16970, 18743, 40);
INSERT INTO items (id, venue_id, name) VALUES (19136, 11910, 'Product11920');
INSERT INTO products (id, item_id, price) VALUES (11920, 19136, 4.25);
INSERT INTO items (id, venue_id, name) VALUES (19137, 11910, 'Product11921');
INSERT INTO products (id, item_id, price) VALUES (11921, 19137, 2);
INSERT INTO items (id, venue_id, name) VALUES (19262, 11910, 'Product11957');
INSERT INTO products (id, item_id, price) VALUES (11957, 19262, 1);
INSERT INTO items (id, venue_id, name) VALUES (20055, 11910, 'Product12253');
INSERT INTO products (id, item_id, price) VALUES (12253, 20055, 2);
INSERT INTO items (id, venue_id, name) VALUES (20218, 11910, 'Product12294');
INSERT INTO products (id, item_id, price) VALUES (12294, 20218, 3.73);
INSERT INTO items (id, venue_id, name) VALUES (20641, 11910, 'Product12498');
INSERT INTO products (id, item_id, price) VALUES (12498, 20641, 9.72);
INSERT INTO items (id, venue_id, name) VALUES (21039, 11910, 'Product12704');
INSERT INTO products (id, item_id, price) VALUES (12704, 21039, 4.67);
INSERT INTO items (id, venue_id, name) VALUES (23080, 11910, 'Product13732');
INSERT INTO products (id, item_id, price) VALUES (13732, 23080, 2.31);
INSERT INTO items (id, venue_id, name) VALUES (23081, 11910, 'Product13733');
INSERT INTO products (id, item_id, price) VALUES (13733, 23081, 5.61);
INSERT INTO items (id, venue_id, name) VALUES (23082, 11910, 'Product13734');
INSERT INTO products (id, item_id, price) VALUES (13734, 23082, 3.73);
INSERT INTO items (id, venue_id, name) VALUES (24184, 11910, 'Space19873');
INSERT INTO spaces (id, item_id, hour_price) VALUES (19873, 24184, 16);
INSERT INTO items (id, venue_id, name) VALUES (25002, 11910, 'Product14787');
INSERT INTO products (id, item_id, price) VALUES (14787, 25002, 22.5);
INSERT INTO items (id, venue_id, name) VALUES (26038, 11910, 'Product15341');
INSERT INTO products (id, item_id, price) VALUES (15341, 26038, 27.5);
INSERT INTO items (id, venue_id, name) VALUES (26119, 11910, 'Space20722');
INSERT INTO spaces (id, item_id, hour_price) VALUES (20722, 26119, 12);
INSERT INTO venues (id, name) VALUES (11914, 'Venue11914');
INSERT INTO items (id, venue_id, name) VALUES (16925, 11914, 'Space15814');
INSERT INTO spaces (id, item_id, hour_price) VALUES (15814, 16925, 0);
INSERT INTO items (id, venue_id, name) VALUES (16926, 11914, 'Space15815');
INSERT INTO spaces (id, item_id, hour_price) VALUES (15815, 16926, 0);
INSERT INTO items (id, venue_id, name) VALUES (16927, 11914, 'Space15816');
INSERT INTO spaces (id, item_id, hour_price) VALUES (15816, 16927, 0);
INSERT INTO items (id, venue_id, name) VALUES (16928, 11914, 'Space15817');
INSERT INTO spaces (id, item_id, hour_price) VALUES (15817, 16928, 0);
INSERT INTO items (id, venue_id, name) VALUES (16929, 11914, 'Space15818');
INSERT INTO spaces (id, item_id, hour_price) VALUES (15818, 16929, 0);
INSERT INTO items (id, venue_id, name) VALUES (16930, 11914, 'Space15819');
INSERT INTO spaces (id, item_id, hour_price) VALUES (15819, 16930, 0);
INSERT INTO items (id, venue_id, name) VALUES (16931, 11914, 'Space15820');
INSERT INTO spaces (id, item_id, hour_price) VALUES (15820, 16931, 9.95);
INSERT INTO items (id, venue_id, name) VALUES (16932, 11914, 'Space15821');
INSERT INTO spaces (id, item_id, hour_price) VALUES (15821, 16932, 5.5);
INSERT INTO items (id, venue_id, name) VALUES (16933, 11914, 'Product11104');
INSERT INTO products (id, item_id, price) VALUES (11104, 16933, 15);
INSERT INTO items (id, venue_id, name) VALUES (16934, 11914, 'Space15822');
INSERT INTO spaces (id, item_id, hour_price) VALUES (15822, 16934, 5.8);
INSERT INTO items (id, venue_id, name) VALUES (16935, 11914, 'Product11105');
INSERT INTO products (id, item_id, price) VALUES (11105, 16935, 24.95);
INSERT INTO items (id, venue_id, name) VALUES (16936, 11914, 'Product11106');
INSERT INTO products (id, item_id, price) VALUES (11106, 16936, 22.5);
INSERT INTO items (id, venue_id, name) VALUES (16937, 11914, 'Product11107');
INSERT INTO products (id, item_id, price) VALUES (11107, 16937, 19.5);
INSERT INTO items (id, venue_id, name) VALUES (16938, 11914, 'Product11108');
INSERT INTO products (id, item_id, price) VALUES (11108, 16938, 50);
INSERT INTO venues (id, name) VALUES (11915, 'Venue11915');
INSERT INTO items (id, venue_id, name) VALUES (16939, 11915, 'Space15823');
INSERT INTO spaces (id, item_id, hour_price) VALUES (15823, 16939, 0);
INSERT INTO items (id, venue_id, name) VALUES (16940, 11915, 'Space15824');
INSERT INTO spaces (id, item_id, hour_price) VALUES (15824, 16940, 0);
INSERT INTO items (id, venue_id, name) VALUES (16941, 11915, 'Space15825');
INSERT INTO spaces (id, item_id, hour_price) VALUES (15825, 16941, 0);
INSERT INTO items (id, venue_id, name) VALUES (16942, 11915, 'Space15826');
INSERT INTO spaces (id, item_id, hour_price) VALUES (15826, 16942, 0);
INSERT INTO items (id, venue_id, name) VALUES (16943, 11915, 'Space15827');
INSERT INTO spaces (id, item_id, hour_price) VALUES (15827, 16943, 0);
INSERT INTO items (id, venue_id, name) VALUES (16944, 11915, 'Space15828');
INSERT INTO spaces (id, item_id, hour_price) VALUES (15828, 16944, 0);
INSERT INTO items (id, venue_id, name) VALUES (16945, 11915, 'Space15829');
INSERT INTO spaces (id, item_id, hour_price) VALUES (15829, 16945, 10);
INSERT INTO items (id, venue_id, name) VALUES (16946, 11915, 'Product11109');
INSERT INTO products (id, item_id, price) VALUES (11109, 16946, 31.8);
INSERT INTO items (id, venue_id, name) VALUES (16947, 11915, 'Product11110');
INSERT INTO products (id, item_id, price) VALUES (11110, 16947, 42.4);
INSERT INTO items (id, venue_id, name) VALUES (16948, 11915, 'Product11111');
INSERT INTO products (id, item_id, price) VALUES (11111, 16948, 50);
INSERT INTO items (id, venue_id, name) VALUES (16949, 11915, 'Product11112');
INSERT INTO products (id, item_id, price) VALUES (11112, 16949, 43);
INSERT INTO items (id, venue_id, name) VALUES (16950, 11915, 'Product11113');
INSERT INTO products (id, item_id, price) VALUES (11113, 16950, 31.8);
INSERT INTO items (id, venue_id, name) VALUES (16951, 11915, 'Product11114');
INSERT INTO products (id, item_id, price) VALUES (11114, 16951, 31.8);
INSERT INTO venues (id, name) VALUES (11920, 'Venue11920');
INSERT INTO items (id, venue_id, name) VALUES (16961, 11920, 'Space15834');
INSERT INTO spaces (id, item_id, hour_price) VALUES (15834, 16961, 0);
INSERT INTO items (id, venue_id, name) VALUES (16962, 11920, 'Space15835');
INSERT INTO spaces (id, item_id, hour_price) VALUES (15835, 16962, 0);
INSERT INTO items (id, venue_id, name) VALUES (16963, 11920, 'Space15836');
INSERT INTO spaces (id, item_id, hour_price) VALUES (15836, 16963, 0);
INSERT INTO items (id, venue_id, name) VALUES (16964, 11920, 'Space15837');
INSERT INTO spaces (id, item_id, hour_price) VALUES (15837, 16964, 0);
INSERT INTO items (id, venue_id, name) VALUES (16965, 11920, 'Space15838');
INSERT INTO spaces (id, item_id, hour_price) VALUES (15838, 16965, 0);
INSERT INTO items (id, venue_id, name) VALUES (16966, 11920, 'Space15839');
INSERT INTO spaces (id, item_id, hour_price) VALUES (15839, 16966, 0);
INSERT INTO items (id, venue_id, name) VALUES (16967, 11920, 'Space15840');
INSERT INTO spaces (id, item_id, hour_price) VALUES (15840, 16967, 8);
INSERT INTO items (id, venue_id, name) VALUES (16968, 11920, 'Space15841');
INSERT INTO spaces (id, item_id, hour_price) VALUES (15841, 16968, 8);
INSERT INTO items (id, venue_id, name) VALUES (16969, 11920, 'Space15842');
INSERT INTO spaces (id, item_id, hour_price) VALUES (15842, 16969, 8);
INSERT INTO items (id, venue_id, name) VALUES (16970, 11920, 'Space15843');
INSERT INTO spaces (id, item_id, hour_price) VALUES (15843, 16970, 8);
INSERT INTO venues (id, name) VALUES (11924, 'Venue11924');
INSERT INTO items (id, venue_id, name) VALUES (16972, 11924, 'Space15845');
INSERT INTO spaces (id, item_id, hour_price) VALUES (15845, 16972, 0);
INSERT INTO items (id, venue_id, name) VALUES (16973, 11924, 'Space15846');
INSERT INTO spaces (id, item_id, hour_price) VALUES (15846, 16973, 0);
INSERT INTO items (id, venue_id, name) VALUES (16974, 11924, 'Space15847');
INSERT INTO spaces (id, item_id, hour_price) VALUES (15847, 16974, 0);
INSERT INTO items (id, venue_id, name) VALUES (16975, 11924, 'Space15848');
INSERT INTO spaces (id, item_id, hour_price) VALUES (15848, 16975, 0);
INSERT INTO items (id, venue_id, name) VALUES (16976, 11924, 'Space15849');
INSERT INTO spaces (id, item_id, hour_price) VALUES (15849, 16976, 0);
INSERT INTO items (id, venue_id, name) VALUES (16977, 11924, 'Space15850');
INSERT INTO spaces (id, item_id, hour_price) VALUES (15850, 16977, 0);
INSERT INTO items (id, venue_id, name) VALUES (16978, 11924, 'Space15851');
INSERT INTO spaces (id, item_id, hour_price) VALUES (15851, 16978, 50);
INSERT INTO items (id, venue_id, name) VALUES (16979, 11924, 'Product11120');
INSERT INTO products (id, item_id, price) VALUES (11120, 16979, 17);
INSERT INTO items (id, venue_id, name) VALUES (16980, 11924, 'Product11121');
INSERT INTO products (id, item_id, price) VALUES (11121, 16980, 25);
INSERT INTO items (id, venue_id, name) VALUES (16981, 11924, 'Product11122');
INSERT INTO products (id, item_id, price) VALUES (11122, 16981, 0);
INSERT INTO items (id, venue_id, name) VALUES (17029, 11924, 'Product11148');
INSERT INTO products (id, item_id, price) VALUES (11148, 17029, 15);
INSERT INTO items (id, venue_id, name) VALUES (17715, 11924, 'Space16404');
INSERT INTO spaces (id, item_id, hour_price) VALUES (16404, 17715, 22.5);
INSERT INTO items (id, venue_id, name) VALUES (17716, 11924, 'Product11304');
INSERT INTO products (id, item_id, price) VALUES (11304, 17716, 7.5);
INSERT INTO items (id, venue_id, name) VALUES (18295, 11924, 'Product11614');
INSERT INTO products (id, item_id, price) VALUES (11614, 18295, 3.5);
INSERT INTO items (id, venue_id, name) VALUES (18730, 11924, 'Product11762');
INSERT INTO products (id, item_id, price) VALUES (11762, 18730, 17.5);
INSERT INTO items (id, venue_id, name) VALUES (18731, 11924, 'Product11763');
INSERT INTO products (id, item_id, price) VALUES (11763, 18731, 190);
INSERT INTO items (id, venue_id, name) VALUES (20003, 11924, 'Product12238');
INSERT INTO products (id, item_id, price) VALUES (12238, 20003, 7.5);
INSERT INTO items (id, venue_id, name) VALUES (20004, 11924, 'Product12239');
INSERT INTO products (id, item_id, price) VALUES (12239, 20004, 7.5);
INSERT INTO items (id, venue_id, name) VALUES (20005, 11924, 'Product12240');
INSERT INTO products (id, item_id, price) VALUES (12240, 20005, 15.5);
INSERT INTO items (id, venue_id, name) VALUES (20259, 11924, 'Space17946');
INSERT INTO spaces (id, item_id, hour_price) VALUES (17946, 20259, 75);
INSERT INTO items (id, venue_id, name) VALUES (20343, 11924, 'Product12336');
INSERT INTO products (id, item_id, price) VALUES (12336, 20343, 12.5);
INSERT INTO items (id, venue_id, name) VALUES (22180, 11924, 'Product13267');
INSERT INTO products (id, item_id, price) VALUES (13267, 22180, 13.5);
INSERT INTO items (id, venue_id, name) VALUES (24864, 11924, 'Product14719');
INSERT INTO products (id, item_id, price) VALUES (14719, 24864, 3);
INSERT INTO items (id, venue_id, name) VALUES (24869, 11924, 'Space20138');
INSERT INTO spaces (id, item_id, hour_price) VALUES (20138, 24869, 15);
INSERT INTO items (id, venue_id, name) VALUES (25011, 11924, 'Product14789');
INSERT INTO products (id, item_id, price) VALUES (14789, 25011, 7.5);
INSERT INTO venues (id, name) VALUES (11929, 'Venue11929');
INSERT INTO items (id, venue_id, name) VALUES (16982, 11929, 'Space15852');
INSERT INTO spaces (id, item_id, hour_price) VALUES (15852, 16982, 0);
INSERT INTO items (id, venue_id, name) VALUES (16983, 11929, 'Space15853');
INSERT INTO spaces (id, item_id, hour_price) VALUES (15853, 16983, 0);
INSERT INTO items (id, venue_id, name) VALUES (16984, 11929, 'Space15854');
INSERT INTO spaces (id, item_id, hour_price) VALUES (15854, 16984, 0);
INSERT INTO items (id, venue_id, name) VALUES (16985, 11929, 'Space15855');
INSERT INTO spaces (id, item_id, hour_price) VALUES (15855, 16985, 0);
INSERT INTO items (id, venue_id, name) VALUES (16986, 11929, 'Space15856');
INSERT INTO spaces (id, item_id, hour_price) VALUES (15856, 16986, 0);
INSERT INTO items (id, venue_id, name) VALUES (16987, 11929, 'Space15857');
INSERT INTO spaces (id, item_id, hour_price) VALUES (15857, 16987, 0);
INSERT INTO items (id, venue_id, name) VALUES (16988, 11929, 'Space15858');
INSERT INTO spaces (id, item_id, hour_price) VALUES (15858, 16988, 12);
INSERT INTO items (id, venue_id, name) VALUES (17867, 11929, 'Space16534');
INSERT INTO spaces (id, item_id, hour_price) VALUES (16534, 17867, 13);
INSERT INTO items (id, venue_id, name) VALUES (17868, 11929, 'Space16535');
INSERT INTO spaces (id, item_id, hour_price) VALUES (16535, 17868, 14);
INSERT INTO items (id, venue_id, name) VALUES (18711, 11929, 'Product11751');
INSERT INTO products (id, item_id, price) VALUES (11751, 18711, 3);
INSERT INTO items (id, venue_id, name) VALUES (21477, 11929, 'Product12889');
INSERT INTO products (id, item_id, price) VALUES (12889, 21477, 10);
INSERT INTO items (id, venue_id, name) VALUES (22569, 11929, 'Product13467');
INSERT INTO products (id, item_id, price) VALUES (13467, 22569, 5);
INSERT INTO items (id, venue_id, name) VALUES (24362, 11929, 'Product14412');
INSERT INTO products (id, item_id, price) VALUES (14412, 24362, 4.5);
INSERT INTO venues (id, name) VALUES (11933, 'Venue11933');
INSERT INTO items (id, venue_id, name) VALUES (17009, 11933, 'Space15861');
INSERT INTO spaces (id, item_id, hour_price) VALUES (15861, 17009, 0);
INSERT INTO items (id, venue_id, name) VALUES (17010, 11933, 'Space15862');
INSERT INTO spaces (id, item_id, hour_price) VALUES (15862, 17010, 0);
INSERT INTO items (id, venue_id, name) VALUES (17011, 11933, 'Space15863');
INSERT INTO spaces (id, item_id, hour_price) VALUES (15863, 17011, 0);
INSERT INTO items (id, venue_id, name) VALUES (17012, 11933, 'Space15864');
INSERT INTO spaces (id, item_id, hour_price) VALUES (15864, 17012, 0);
INSERT INTO items (id, venue_id, name) VALUES (17013, 11933, 'Space15865');
INSERT INTO spaces (id, item_id, hour_price) VALUES (15865, 17013, 0);
INSERT INTO items (id, venue_id, name) VALUES (17014, 11933, 'Space15866');
INSERT INTO spaces (id, item_id, hour_price) VALUES (15866, 17014, 0);
INSERT INTO items (id, venue_id, name) VALUES (17015, 11933, 'Space15867');
INSERT INTO spaces (id, item_id, hour_price) VALUES (15867, 17015, 50);
INSERT INTO items (id, venue_id, name) VALUES (17016, 11933, 'Space15868');
INSERT INTO spaces (id, item_id, hour_price) VALUES (15868, 17016, 50);
INSERT INTO items (id, venue_id, name) VALUES (17017, 11933, 'Space15869');
INSERT INTO spaces (id, item_id, hour_price) VALUES (15869, 17017, 52.5);
INSERT INTO items (id, venue_id, name) VALUES (17018, 11933, 'Space15870');
INSERT INTO spaces (id, item_id, hour_price) VALUES (15870, 17018, 52.5);
INSERT INTO items (id, venue_id, name) VALUES (17019, 11933, 'Space15871');
INSERT INTO spaces (id, item_id, hour_price) VALUES (15871, 17019, 60);
INSERT INTO items (id, venue_id, name) VALUES (17020, 11933, 'Space15872');
INSERT INTO spaces (id, item_id, hour_price) VALUES (15872, 17020, 92);
INSERT INTO items (id, venue_id, name) VALUES (17021, 11933, 'Product11141');
INSERT INTO products (id, item_id, price) VALUES (11141, 17021, 45.5);
INSERT INTO items (id, venue_id, name) VALUES (17023, 11933, 'Product11143');
INSERT INTO products (id, item_id, price) VALUES (11143, 17023, 27.75);
INSERT INTO items (id, venue_id, name) VALUES (17024, 11933, 'Product11144');
INSERT INTO products (id, item_id, price) VALUES (11144, 17024, 22.1);
INSERT INTO items (id, venue_id, name) VALUES (17025, 11933, 'Product11145');
INSERT INTO products (id, item_id, price) VALUES (11145, 17025, 8.1);
INSERT INTO items (id, venue_id, name) VALUES (17026, 11933, 'Product11146');
INSERT INTO products (id, item_id, price) VALUES (11146, 17026, 32.5);
INSERT INTO venues (id, name) VALUES (11947, 'Venue11947');
INSERT INTO items (id, venue_id, name) VALUES (17075, 11947, 'Space15902');
INSERT INTO spaces (id, item_id, hour_price) VALUES (15902, 17075, 0);
INSERT INTO items (id, venue_id, name) VALUES (17076, 11947, 'Space15903');
INSERT INTO spaces (id, item_id, hour_price) VALUES (15903, 17076, 0);
INSERT INTO items (id, venue_id, name) VALUES (17077, 11947, 'Space15904');
INSERT INTO spaces (id, item_id, hour_price) VALUES (15904, 17077, 0);
INSERT INTO items (id, venue_id, name) VALUES (17078, 11947, 'Space15905');
INSERT INTO spaces (id, item_id, hour_price) VALUES (15905, 17078, 0);
INSERT INTO items (id, venue_id, name) VALUES (17079, 11947, 'Space15906');
INSERT INTO spaces (id, item_id, hour_price) VALUES (15906, 17079, 0);
INSERT INTO items (id, venue_id, name) VALUES (17080, 11947, 'Space15907');
INSERT INTO spaces (id, item_id, hour_price) VALUES (15907, 17080, 0);
INSERT INTO items (id, venue_id, name) VALUES (17081, 11947, 'Space15908');
INSERT INTO spaces (id, item_id, hour_price) VALUES (15908, 17081, 0);
INSERT INTO venues (id, name) VALUES (11952, 'Venue11952');
INSERT INTO items (id, venue_id, name) VALUES (17086, 11952, 'Space15909');
INSERT INTO spaces (id, item_id, hour_price) VALUES (15909, 17086, 0);
INSERT INTO items (id, venue_id, name) VALUES (17087, 11952, 'Space15910');
INSERT INTO spaces (id, item_id, hour_price) VALUES (15910, 17087, 0);
INSERT INTO items (id, venue_id, name) VALUES (17088, 11952, 'Space15911');
INSERT INTO spaces (id, item_id, hour_price) VALUES (15911, 17088, 0);
INSERT INTO items (id, venue_id, name) VALUES (17089, 11952, 'Space15912');
INSERT INTO spaces (id, item_id, hour_price) VALUES (15912, 17089, 0);
INSERT INTO items (id, venue_id, name) VALUES (17090, 11952, 'Space15913');
INSERT INTO spaces (id, item_id, hour_price) VALUES (15913, 17090, 0);
INSERT INTO items (id, venue_id, name) VALUES (17091, 11952, 'Space15914');
INSERT INTO spaces (id, item_id, hour_price) VALUES (15914, 17091, 0);
INSERT INTO items (id, venue_id, name) VALUES (17092, 11952, 'Space15915');
INSERT INTO spaces (id, item_id, hour_price) VALUES (15915, 17092, 4.5);
INSERT INTO items (id, venue_id, name) VALUES (17093, 11952, 'Space15916');
INSERT INTO spaces (id, item_id, hour_price) VALUES (15916, 17093, 12.5);
INSERT INTO venues (id, name) VALUES (11965, 'Venue11965');
INSERT INTO items (id, venue_id, name) VALUES (17128, 11965, 'Space15943');
INSERT INTO spaces (id, item_id, hour_price) VALUES (15943, 17128, 0);
INSERT INTO items (id, venue_id, name) VALUES (17129, 11965, 'Space15944');
INSERT INTO spaces (id, item_id, hour_price) VALUES (15944, 17129, 0);
INSERT INTO items (id, venue_id, name) VALUES (17130, 11965, 'Space15945');
INSERT INTO spaces (id, item_id, hour_price) VALUES (15945, 17130, 0);
INSERT INTO items (id, venue_id, name) VALUES (17131, 11965, 'Space15946');
INSERT INTO spaces (id, item_id, hour_price) VALUES (15946, 17131, 0);
INSERT INTO items (id, venue_id, name) VALUES (17132, 11965, 'Space15947');
INSERT INTO spaces (id, item_id, hour_price) VALUES (15947, 17132, 0);
INSERT INTO items (id, venue_id, name) VALUES (17133, 11965, 'Space15948');
INSERT INTO spaces (id, item_id, hour_price) VALUES (15948, 17133, 0);
INSERT INTO items (id, venue_id, name) VALUES (17134, 11965, 'Space15949');
INSERT INTO spaces (id, item_id, hour_price) VALUES (15949, 17134, 7.5);
INSERT INTO items (id, venue_id, name) VALUES (17135, 11965, 'Space15950');
INSERT INTO spaces (id, item_id, hour_price) VALUES (15950, 17135, 20);
INSERT INTO venues (id, name) VALUES (11970, 'Venue11970');
INSERT INTO items (id, venue_id, name) VALUES (17140, 11970, 'Space15954');
INSERT INTO spaces (id, item_id, hour_price) VALUES (15954, 17140, 0);
INSERT INTO items (id, venue_id, name) VALUES (17141, 11970, 'Space15955');
INSERT INTO spaces (id, item_id, hour_price) VALUES (15955, 17141, 0);
INSERT INTO items (id, venue_id, name) VALUES (17142, 11970, 'Space15956');
INSERT INTO spaces (id, item_id, hour_price) VALUES (15956, 17142, 0);
INSERT INTO items (id, venue_id, name) VALUES (17143, 11970, 'Space15957');
INSERT INTO spaces (id, item_id, hour_price) VALUES (15957, 17143, 0);
INSERT INTO items (id, venue_id, name) VALUES (17144, 11970, 'Space15958');
INSERT INTO spaces (id, item_id, hour_price) VALUES (15958, 17144, 0);
INSERT INTO items (id, venue_id, name) VALUES (17145, 11970, 'Space15959');
INSERT INTO spaces (id, item_id, hour_price) VALUES (15959, 17145, 0);
INSERT INTO items (id, venue_id, name) VALUES (17146, 11970, 'Space15960');
INSERT INTO spaces (id, item_id, hour_price) VALUES (15960, 17146, 50);
INSERT INTO venues (id, name) VALUES (11971, 'Venue11971');
INSERT INTO items (id, venue_id, name) VALUES (17157, 11971, 'Space15966');
INSERT INTO spaces (id, item_id, hour_price) VALUES (15966, 17157, 0);
INSERT INTO items (id, venue_id, name) VALUES (17158, 11971, 'Space15967');
INSERT INTO spaces (id, item_id, hour_price) VALUES (15967, 17158, 0);
INSERT INTO items (id, venue_id, name) VALUES (17159, 11971, 'Space15968');
INSERT INTO spaces (id, item_id, hour_price) VALUES (15968, 17159, 0);
INSERT INTO items (id, venue_id, name) VALUES (17160, 11971, 'Space15969');
INSERT INTO spaces (id, item_id, hour_price) VALUES (15969, 17160, 0);
INSERT INTO items (id, venue_id, name) VALUES (17161, 11971, 'Space15970');
INSERT INTO spaces (id, item_id, hour_price) VALUES (15970, 17161, 0);
INSERT INTO items (id, venue_id, name) VALUES (17162, 11971, 'Space15971');
INSERT INTO spaces (id, item_id, hour_price) VALUES (15971, 17162, 0);
INSERT INTO items (id, venue_id, name) VALUES (17163, 11971, 'Space15972');
INSERT INTO spaces (id, item_id, hour_price) VALUES (15972, 17163, 2.5);
INSERT INTO items (id, venue_id, name) VALUES (17164, 11971, 'Space15973');
INSERT INTO spaces (id, item_id, hour_price) VALUES (15973, 17164, 5);
INSERT INTO items (id, venue_id, name) VALUES (17165, 11971, 'Space15974');
INSERT INTO spaces (id, item_id, hour_price) VALUES (15974, 17165, 5);
INSERT INTO items (id, venue_id, name) VALUES (17166, 11971, 'Space15975');
INSERT INTO spaces (id, item_id, hour_price) VALUES (15975, 17166, 11.33);
INSERT INTO items (id, venue_id, name) VALUES (17167, 11971, 'Space15976');
INSERT INTO spaces (id, item_id, hour_price) VALUES (15976, 17167, 3);
INSERT INTO items (id, venue_id, name) VALUES (17168, 11971, 'Product11184');
INSERT INTO products (id, item_id, price) VALUES (11184, 17168, 50);
INSERT INTO items (id, venue_id, name) VALUES (18631, 11971, 'Product11716');
INSERT INTO products (id, item_id, price) VALUES (11716, 18631, 14.5);
INSERT INTO venues (id, name) VALUES (11975, 'Venue11975');
INSERT INTO items (id, venue_id, name) VALUES (17172, 11975, 'Space15978');
INSERT INTO spaces (id, item_id, hour_price) VALUES (15978, 17172, 0);
INSERT INTO items (id, venue_id, name) VALUES (17173, 11975, 'Space15979');
INSERT INTO spaces (id, item_id, hour_price) VALUES (15979, 17173, 0);
INSERT INTO items (id, venue_id, name) VALUES (17174, 11975, 'Space15980');
INSERT INTO spaces (id, item_id, hour_price) VALUES (15980, 17174, 0);
INSERT INTO items (id, venue_id, name) VALUES (17175, 11975, 'Space15981');
INSERT INTO spaces (id, item_id, hour_price) VALUES (15981, 17175, 0);
INSERT INTO items (id, venue_id, name) VALUES (17176, 11975, 'Space15982');
INSERT INTO spaces (id, item_id, hour_price) VALUES (15982, 17176, 0);
INSERT INTO items (id, venue_id, name) VALUES (17177, 11975, 'Space15983');
INSERT INTO spaces (id, item_id, hour_price) VALUES (15983, 17177, 0);
INSERT INTO items (id, venue_id, name) VALUES (17178, 11975, 'Space15984');
INSERT INTO spaces (id, item_id, hour_price) VALUES (15984, 17178, 10);
INSERT INTO items (id, venue_id, name) VALUES (17179, 11975, 'Product11187');
INSERT INTO products (id, item_id, price) VALUES (11187, 17179, 0.1);
INSERT INTO items (id, venue_id, name) VALUES (17180, 11975, 'Product11188');
INSERT INTO products (id, item_id, price) VALUES (11188, 17180, 0);
INSERT INTO items (id, venue_id, name) VALUES (17181, 11975, 'Product11189');
INSERT INTO products (id, item_id, price) VALUES (11189, 17181, 5);
INSERT INTO items (id, venue_id, name) VALUES (17182, 11975, 'Product11190');
INSERT INTO products (id, item_id, price) VALUES (11190, 17182, 25);
INSERT INTO items (id, venue_id, name) VALUES (17183, 11975, 'Product11191');
INSERT INTO products (id, item_id, price) VALUES (11191, 17183, 125);
INSERT INTO items (id, venue_id, name) VALUES (17184, 11975, 'Product11192');
INSERT INTO products (id, item_id, price) VALUES (11192, 17184, 10);
INSERT INTO items (id, venue_id, name) VALUES (17185, 11975, 'Product11193');
INSERT INTO products (id, item_id, price) VALUES (11193, 17185, 10);
INSERT INTO venues (id, name) VALUES (11983, 'Venue11983');
INSERT INTO items (id, venue_id, name) VALUES (17192, 11983, 'Space15991');
INSERT INTO spaces (id, item_id, hour_price) VALUES (15991, 17192, 0);
INSERT INTO items (id, venue_id, name) VALUES (17193, 11983, 'Space15992');
INSERT INTO spaces (id, item_id, hour_price) VALUES (15992, 17193, 0);
INSERT INTO items (id, venue_id, name) VALUES (17194, 11983, 'Space15993');
INSERT INTO spaces (id, item_id, hour_price) VALUES (15993, 17194, 0);
INSERT INTO items (id, venue_id, name) VALUES (17195, 11983, 'Space15994');
INSERT INTO spaces (id, item_id, hour_price) VALUES (15994, 17195, 0);
INSERT INTO items (id, venue_id, name) VALUES (17196, 11983, 'Space15995');
INSERT INTO spaces (id, item_id, hour_price) VALUES (15995, 17196, 0);
INSERT INTO items (id, venue_id, name) VALUES (17197, 11983, 'Space15996');
INSERT INTO spaces (id, item_id, hour_price) VALUES (15996, 17197, 0);
INSERT INTO items (id, venue_id, name) VALUES (17204, 11983, 'Space16003');
INSERT INTO spaces (id, item_id, hour_price) VALUES (16003, 17204, 9);
INSERT INTO items (id, venue_id, name) VALUES (17206, 11983, 'Space16005');
INSERT INTO spaces (id, item_id, hour_price) VALUES (16005, 17206, 9);
INSERT INTO items (id, venue_id, name) VALUES (17207, 11983, 'Space16006');
INSERT INTO spaces (id, item_id, hour_price) VALUES (16006, 17207, 5);
INSERT INTO items (id, venue_id, name) VALUES (17208, 11983, 'Space16007');
INSERT INTO spaces (id, item_id, hour_price) VALUES (16007, 17208, 15);
INSERT INTO items (id, venue_id, name) VALUES (17209, 11983, 'Space16008');
INSERT INTO spaces (id, item_id, hour_price) VALUES (16008, 17209, 65);
INSERT INTO venues (id, name) VALUES (11988, 'Venue11988');
INSERT INTO items (id, venue_id, name) VALUES (17198, 11988, 'Space15997');
INSERT INTO spaces (id, item_id, hour_price) VALUES (15997, 17198, 0);
INSERT INTO items (id, venue_id, name) VALUES (17199, 11988, 'Space15998');
INSERT INTO spaces (id, item_id, hour_price) VALUES (15998, 17199, 0);
INSERT INTO items (id, venue_id, name) VALUES (17200, 11988, 'Space15999');
INSERT INTO spaces (id, item_id, hour_price) VALUES (15999, 17200, 0);
INSERT INTO items (id, venue_id, name) VALUES (17201, 11988, 'Space16000');
INSERT INTO spaces (id, item_id, hour_price) VALUES (16000, 17201, 0);
INSERT INTO items (id, venue_id, name) VALUES (17202, 11988, 'Space16001');
INSERT INTO spaces (id, item_id, hour_price) VALUES (16001, 17202, 0);
INSERT INTO items (id, venue_id, name) VALUES (17203, 11988, 'Space16002');
INSERT INTO spaces (id, item_id, hour_price) VALUES (16002, 17203, 0);
INSERT INTO items (id, venue_id, name) VALUES (17205, 11988, 'Space16004');
INSERT INTO spaces (id, item_id, hour_price) VALUES (16004, 17205, 75);
INSERT INTO items (id, venue_id, name) VALUES (17415, 11988, 'Space16169');
INSERT INTO spaces (id, item_id, hour_price) VALUES (16169, 17415, 25);
INSERT INTO items (id, venue_id, name) VALUES (17416, 11988, 'Space16170');
INSERT INTO spaces (id, item_id, hour_price) VALUES (16170, 17416, 75);
INSERT INTO items (id, venue_id, name) VALUES (17417, 11988, 'Space16171');
INSERT INTO spaces (id, item_id, hour_price) VALUES (16171, 17417, 125);
INSERT INTO items (id, venue_id, name) VALUES (17418, 11988, 'Space16172');
INSERT INTO spaces (id, item_id, hour_price) VALUES (16172, 17418, 150);
INSERT INTO items (id, venue_id, name) VALUES (17419, 11988, 'Space16173');
INSERT INTO spaces (id, item_id, hour_price) VALUES (16173, 17419, 75);
INSERT INTO items (id, venue_id, name) VALUES (17420, 11988, 'Space16174');
INSERT INTO spaces (id, item_id, hour_price) VALUES (16174, 17420, 100);
INSERT INTO items (id, venue_id, name) VALUES (17430, 11988, 'Product11248');
INSERT INTO products (id, item_id, price) VALUES (11248, 17430, 8.5);
INSERT INTO items (id, venue_id, name) VALUES (17431, 11988, 'Product11249');
INSERT INTO products (id, item_id, price) VALUES (11249, 17431, 15);
INSERT INTO items (id, venue_id, name) VALUES (17432, 11988, 'Product11250');
INSERT INTO products (id, item_id, price) VALUES (11250, 17432, 19.95);
INSERT INTO items (id, venue_id, name) VALUES (17433, 11988, 'Product11251');
INSERT INTO products (id, item_id, price) VALUES (11251, 17433, 23.95);
INSERT INTO items (id, venue_id, name) VALUES (17434, 11988, 'Product11252');
INSERT INTO products (id, item_id, price) VALUES (11252, 17434, 43.5);
INSERT INTO venues (id, name) VALUES (11991, 'Venue11991');
INSERT INTO items (id, venue_id, name) VALUES (17210, 11991, 'Space16009');
INSERT INTO spaces (id, item_id, hour_price) VALUES (16009, 17210, 0);
INSERT INTO items (id, venue_id, name) VALUES (17211, 11991, 'Space16010');
INSERT INTO spaces (id, item_id, hour_price) VALUES (16010, 17211, 0);
INSERT INTO items (id, venue_id, name) VALUES (17212, 11991, 'Space16011');
INSERT INTO spaces (id, item_id, hour_price) VALUES (16011, 17212, 0);
INSERT INTO items (id, venue_id, name) VALUES (17213, 11991, 'Space16012');
INSERT INTO spaces (id, item_id, hour_price) VALUES (16012, 17213, 0);
INSERT INTO items (id, venue_id, name) VALUES (17214, 11991, 'Space16013');
INSERT INTO spaces (id, item_id, hour_price) VALUES (16013, 17214, 0);
INSERT INTO items (id, venue_id, name) VALUES (17215, 11991, 'Space16014');
INSERT INTO spaces (id, item_id, hour_price) VALUES (16014, 17215, 0);
INSERT INTO items (id, venue_id, name) VALUES (17216, 11991, 'Space16015');
INSERT INTO spaces (id, item_id, hour_price) VALUES (16015, 17216, 75);
INSERT INTO items (id, venue_id, name) VALUES (17271, 11991, 'Space16069');
INSERT INTO spaces (id, item_id, hour_price) VALUES (16069, 17271, 20);
INSERT INTO items (id, venue_id, name) VALUES (17272, 11991, 'Space16070');
INSERT INTO spaces (id, item_id, hour_price) VALUES (16070, 17272, 7.5);
INSERT INTO items (id, venue_id, name) VALUES (18385, 11991, 'Space16737');
INSERT INTO spaces (id, item_id, hour_price) VALUES (16737, 18385, 30);
INSERT INTO items (id, venue_id, name) VALUES (20037, 11991, 'Space17780');
INSERT INTO spaces (id, item_id, hour_price) VALUES (17780, 20037, 15);
INSERT INTO venues (id, name) VALUES (11994, 'Venue11994');
INSERT INTO items (id, venue_id, name) VALUES (17217, 11994, 'Space16016');
INSERT INTO spaces (id, item_id, hour_price) VALUES (16016, 17217, 0);
INSERT INTO items (id, venue_id, name) VALUES (17218, 11994, 'Space16017');
INSERT INTO spaces (id, item_id, hour_price) VALUES (16017, 17218, 0);
INSERT INTO items (id, venue_id, name) VALUES (17219, 11994, 'Space16018');
INSERT INTO spaces (id, item_id, hour_price) VALUES (16018, 17219, 0);
INSERT INTO items (id, venue_id, name) VALUES (17220, 11994, 'Space16019');
INSERT INTO spaces (id, item_id, hour_price) VALUES (16019, 17220, 0);
INSERT INTO items (id, venue_id, name) VALUES (17221, 11994, 'Space16020');
INSERT INTO spaces (id, item_id, hour_price) VALUES (16020, 17221, 0);
INSERT INTO items (id, venue_id, name) VALUES (17222, 11994, 'Space16021');
INSERT INTO spaces (id, item_id, hour_price) VALUES (16021, 17222, 0);
INSERT INTO items (id, venue_id, name) VALUES (17223, 11994, 'Space16022');
INSERT INTO spaces (id, item_id, hour_price) VALUES (16022, 17223, 20);
INSERT INTO items (id, venue_id, name) VALUES (17273, 11994, 'Space16071');
INSERT INTO spaces (id, item_id, hour_price) VALUES (16071, 17273, 7.5);
INSERT INTO items (id, venue_id, name) VALUES (20202, 11994, 'Space17905');
INSERT INTO spaces (id, item_id, hour_price) VALUES (17905, 20202, 72);
INSERT INTO items (id, venue_id, name) VALUES (20203, 11994, 'Space17906');
INSERT INTO spaces (id, item_id, hour_price) VALUES (17906, 20203, 36);
INSERT INTO venues (id, name) VALUES (11998, 'Venue11998');
INSERT INTO items (id, venue_id, name) VALUES (17224, 11998, 'Space16023');
INSERT INTO spaces (id, item_id, hour_price) VALUES (16023, 17224, 0);
INSERT INTO items (id, venue_id, name) VALUES (17225, 11998, 'Space16024');
INSERT INTO spaces (id, item_id, hour_price) VALUES (16024, 17225, 0);
INSERT INTO items (id, venue_id, name) VALUES (17226, 11998, 'Space16025');
INSERT INTO spaces (id, item_id, hour_price) VALUES (16025, 17226, 0);
INSERT INTO items (id, venue_id, name) VALUES (17227, 11998, 'Space16026');
INSERT INTO spaces (id, item_id, hour_price) VALUES (16026, 17227, 0);
INSERT INTO items (id, venue_id, name) VALUES (17228, 11998, 'Space16027');
INSERT INTO spaces (id, item_id, hour_price) VALUES (16027, 17228, 0);
INSERT INTO items (id, venue_id, name) VALUES (17229, 11998, 'Space16028');
INSERT INTO spaces (id, item_id, hour_price) VALUES (16028, 17229, 0);
INSERT INTO items (id, venue_id, name) VALUES (17230, 11998, 'Space16029');
INSERT INTO spaces (id, item_id, hour_price) VALUES (16029, 17230, 75);
INSERT INTO items (id, venue_id, name) VALUES (17274, 11998, 'Space16072');
INSERT INTO spaces (id, item_id, hour_price) VALUES (16072, 17274, 7.5);
INSERT INTO items (id, venue_id, name) VALUES (17277, 11998, 'Space16075');
INSERT INTO spaces (id, item_id, hour_price) VALUES (16075, 17277, 20);
INSERT INTO items (id, venue_id, name) VALUES (17278, 11998, 'Space16076');
INSERT INTO spaces (id, item_id, hour_price) VALUES (16076, 17278, 22.5);
INSERT INTO items (id, venue_id, name) VALUES (22672, 11998, 'Product13530');
INSERT INTO products (id, item_id, price) VALUES (13530, 22672, 4);
INSERT INTO venues (id, name) VALUES (12002, 'Venue12002');
INSERT INTO items (id, venue_id, name) VALUES (17231, 12002, 'Space16030');
INSERT INTO spaces (id, item_id, hour_price) VALUES (16030, 17231, 0);
INSERT INTO items (id, venue_id, name) VALUES (17232, 12002, 'Space16031');
INSERT INTO spaces (id, item_id, hour_price) VALUES (16031, 17232, 0);
INSERT INTO items (id, venue_id, name) VALUES (17233, 12002, 'Space16032');
INSERT INTO spaces (id, item_id, hour_price) VALUES (16032, 17233, 0);
INSERT INTO items (id, venue_id, name) VALUES (17234, 12002, 'Space16033');
INSERT INTO spaces (id, item_id, hour_price) VALUES (16033, 17234, 0);
INSERT INTO items (id, venue_id, name) VALUES (17235, 12002, 'Space16034');
INSERT INTO spaces (id, item_id, hour_price) VALUES (16034, 17235, 0);
INSERT INTO items (id, venue_id, name) VALUES (17236, 12002, 'Space16035');
INSERT INTO spaces (id, item_id, hour_price) VALUES (16035, 17236, 0);
INSERT INTO items (id, venue_id, name) VALUES (17243, 12002, 'Space16042');
INSERT INTO spaces (id, item_id, hour_price) VALUES (16042, 17243, 29.5);
INSERT INTO venues (id, name) VALUES (12006, 'Venue12006');
INSERT INTO items (id, venue_id, name) VALUES (17237, 12006, 'Space16036');
INSERT INTO spaces (id, item_id, hour_price) VALUES (16036, 17237, 0);
INSERT INTO items (id, venue_id, name) VALUES (17238, 12006, 'Space16037');
INSERT INTO spaces (id, item_id, hour_price) VALUES (16037, 17238, 0);
INSERT INTO items (id, venue_id, name) VALUES (17239, 12006, 'Space16038');
INSERT INTO spaces (id, item_id, hour_price) VALUES (16038, 17239, 0);
INSERT INTO items (id, venue_id, name) VALUES (17240, 12006, 'Space16039');
INSERT INTO spaces (id, item_id, hour_price) VALUES (16039, 17240, 0);
INSERT INTO items (id, venue_id, name) VALUES (17241, 12006, 'Space16040');
INSERT INTO spaces (id, item_id, hour_price) VALUES (16040, 17241, 0);
INSERT INTO items (id, venue_id, name) VALUES (17242, 12006, 'Space16041');
INSERT INTO spaces (id, item_id, hour_price) VALUES (16041, 17242, 0);
INSERT INTO items (id, venue_id, name) VALUES (17244, 12006, 'Space16043');
INSERT INTO spaces (id, item_id, hour_price) VALUES (16043, 17244, 5.5);
INSERT INTO items (id, venue_id, name) VALUES (17246, 12006, 'Space16045');
INSERT INTO spaces (id, item_id, hour_price) VALUES (16045, 17246, 12.5);
INSERT INTO items (id, venue_id, name) VALUES (17247, 12006, 'Space16046');
INSERT INTO spaces (id, item_id, hour_price) VALUES (16046, 17247, 25);
INSERT INTO items (id, venue_id, name) VALUES (28590, 12006, 'Space21869');
INSERT INTO spaces (id, item_id, hour_price) VALUES (21869, 28590, 35);
INSERT INTO venues (id, name) VALUES (12009, 'Venue12009');
INSERT INTO items (id, venue_id, name) VALUES (17250, 12009, 'Space16048');
INSERT INTO spaces (id, item_id, hour_price) VALUES (16048, 17250, 0);
INSERT INTO items (id, venue_id, name) VALUES (17251, 12009, 'Space16049');
INSERT INTO spaces (id, item_id, hour_price) VALUES (16049, 17251, 0);
INSERT INTO items (id, venue_id, name) VALUES (17252, 12009, 'Space16050');
INSERT INTO spaces (id, item_id, hour_price) VALUES (16050, 17252, 0);
INSERT INTO items (id, venue_id, name) VALUES (17253, 12009, 'Space16051');
INSERT INTO spaces (id, item_id, hour_price) VALUES (16051, 17253, 0);
INSERT INTO items (id, venue_id, name) VALUES (17254, 12009, 'Space16052');
INSERT INTO spaces (id, item_id, hour_price) VALUES (16052, 17254, 0);
INSERT INTO items (id, venue_id, name) VALUES (17255, 12009, 'Space16053');
INSERT INTO spaces (id, item_id, hour_price) VALUES (16053, 17255, 0);
INSERT INTO items (id, venue_id, name) VALUES (17280, 12009, 'Space16078');
INSERT INTO spaces (id, item_id, hour_price) VALUES (16078, 17280, 20);
INSERT INTO items (id, venue_id, name) VALUES (17684, 12009, 'Space16380');
INSERT INTO spaces (id, item_id, hour_price) VALUES (16380, 17684, 15);
INSERT INTO items (id, venue_id, name) VALUES (17685, 12009, 'Space16381');
INSERT INTO spaces (id, item_id, hour_price) VALUES (16381, 17685, 25);
INSERT INTO items (id, venue_id, name) VALUES (17686, 12009, 'Space16382');
INSERT INTO spaces (id, item_id, hour_price) VALUES (16382, 17686, 5);
INSERT INTO items (id, venue_id, name) VALUES (18297, 12009, 'Product11616');
INSERT INTO products (id, item_id, price) VALUES (11616, 18297, 10);
INSERT INTO items (id, venue_id, name) VALUES (18298, 12009, 'Product11617');
INSERT INTO products (id, item_id, price) VALUES (11617, 18298, 8);
INSERT INTO items (id, venue_id, name) VALUES (18299, 12009, 'Product11618');
INSERT INTO products (id, item_id, price) VALUES (11618, 18299, 1.5);
INSERT INTO items (id, venue_id, name) VALUES (18995, 12009, 'Product11867');
INSERT INTO products (id, item_id, price) VALUES (11867, 18995, 6);
INSERT INTO items (id, venue_id, name) VALUES (18996, 12009, 'Product11868');
INSERT INTO products (id, item_id, price) VALUES (11868, 18996, 0.25);
INSERT INTO items (id, venue_id, name) VALUES (18997, 12009, 'Product11869');
INSERT INTO products (id, item_id, price) VALUES (11869, 18997, 0.1);
INSERT INTO items (id, venue_id, name) VALUES (19156, 12009, 'Space17225');
INSERT INTO spaces (id, item_id, hour_price) VALUES (17225, 19156, 13.33);
INSERT INTO items (id, venue_id, name) VALUES (19159, 12009, 'Product11926');
INSERT INTO products (id, item_id, price) VALUES (11926, 19159, 2.4);
INSERT INTO items (id, venue_id, name) VALUES (19160, 12009, 'Product11927');
INSERT INTO products (id, item_id, price) VALUES (11927, 19160, 3.6);
INSERT INTO items (id, venue_id, name) VALUES (19161, 12009, 'Product11928');
INSERT INTO products (id, item_id, price) VALUES (11928, 19161, 2.4);
INSERT INTO items (id, venue_id, name) VALUES (19162, 12009, 'Product11929');
INSERT INTO products (id, item_id, price) VALUES (11929, 19162, 16.2);
INSERT INTO items (id, venue_id, name) VALUES (19163, 12009, 'Product11930');
INSERT INTO products (id, item_id, price) VALUES (11930, 19163, 2.05);
INSERT INTO items (id, venue_id, name) VALUES (19164, 12009, 'Product11931');
INSERT INTO products (id, item_id, price) VALUES (11931, 19164, 3.6);
INSERT INTO items (id, venue_id, name) VALUES (19170, 12009, 'Product11932');
INSERT INTO products (id, item_id, price) VALUES (11932, 19170, 3);
INSERT INTO items (id, venue_id, name) VALUES (19171, 12009, 'Product11933');
INSERT INTO products (id, item_id, price) VALUES (11933, 19171, 3);
INSERT INTO items (id, venue_id, name) VALUES (19172, 12009, 'Product11934');
INSERT INTO products (id, item_id, price) VALUES (11934, 19172, 2.1);
INSERT INTO items (id, venue_id, name) VALUES (19458, 12009, 'Product12022');
INSERT INTO products (id, item_id, price) VALUES (12022, 19458, 10);
INSERT INTO items (id, venue_id, name) VALUES (19739, 12009, 'Product12152');
INSERT INTO products (id, item_id, price) VALUES (12152, 19739, 3);
INSERT INTO items (id, venue_id, name) VALUES (20903, 12009, 'Space18269');
INSERT INTO spaces (id, item_id, hour_price) VALUES (18269, 20903, 25);
INSERT INTO items (id, venue_id, name) VALUES (22939, 12009, 'Space19265');
INSERT INTO spaces (id, item_id, hour_price) VALUES (19265, 22939, 13.33);
INSERT INTO items (id, venue_id, name) VALUES (23576, 12009, 'Space19578');
INSERT INTO spaces (id, item_id, hour_price) VALUES (19578, 23576, 10);
INSERT INTO items (id, venue_id, name) VALUES (26190, 12009, 'Space20738');
INSERT INTO spaces (id, item_id, hour_price) VALUES (20738, 26190, 15);
INSERT INTO venues (id, name) VALUES (12010, 'Venue12010');
INSERT INTO items (id, venue_id, name) VALUES (17256, 12010, 'Space16054');
INSERT INTO spaces (id, item_id, hour_price) VALUES (16054, 17256, 0);
INSERT INTO items (id, venue_id, name) VALUES (17257, 12010, 'Space16055');
INSERT INTO spaces (id, item_id, hour_price) VALUES (16055, 17257, 0);
INSERT INTO items (id, venue_id, name) VALUES (17258, 12010, 'Space16056');
INSERT INTO spaces (id, item_id, hour_price) VALUES (16056, 17258, 0);
INSERT INTO items (id, venue_id, name) VALUES (17259, 12010, 'Space16057');
INSERT INTO spaces (id, item_id, hour_price) VALUES (16057, 17259, 0);
INSERT INTO items (id, venue_id, name) VALUES (17260, 12010, 'Space16058');
INSERT INTO spaces (id, item_id, hour_price) VALUES (16058, 17260, 0);
INSERT INTO items (id, venue_id, name) VALUES (17261, 12010, 'Space16059');
INSERT INTO spaces (id, item_id, hour_price) VALUES (16059, 17261, 0);
INSERT INTO items (id, venue_id, name) VALUES (17262, 12010, 'Space16060');
INSERT INTO spaces (id, item_id, hour_price) VALUES (16060, 17262, 150);
INSERT INTO items (id, venue_id, name) VALUES (17425, 12010, 'Product11243');
INSERT INTO products (id, item_id, price) VALUES (11243, 17425, 23.5);
INSERT INTO items (id, venue_id, name) VALUES (17426, 12010, 'Product11244');
INSERT INTO products (id, item_id, price) VALUES (11244, 17426, 19.95);
INSERT INTO items (id, venue_id, name) VALUES (17427, 12010, 'Product11245');
INSERT INTO products (id, item_id, price) VALUES (11245, 17427, 8.5);
INSERT INTO items (id, venue_id, name) VALUES (17428, 12010, 'Product11246');
INSERT INTO products (id, item_id, price) VALUES (11246, 17428, 15);
INSERT INTO items (id, venue_id, name) VALUES (17429, 12010, 'Product11247');
INSERT INTO products (id, item_id, price) VALUES (11247, 17429, 43.5);
INSERT INTO venues (id, name) VALUES (12016, 'Venue12016');
INSERT INTO items (id, venue_id, name) VALUES (17282, 12016, 'Space16079');
INSERT INTO spaces (id, item_id, hour_price) VALUES (16079, 17282, 0);
INSERT INTO items (id, venue_id, name) VALUES (17283, 12016, 'Space16080');
INSERT INTO spaces (id, item_id, hour_price) VALUES (16080, 17283, 0);
INSERT INTO items (id, venue_id, name) VALUES (17284, 12016, 'Space16081');
INSERT INTO spaces (id, item_id, hour_price) VALUES (16081, 17284, 0);
INSERT INTO items (id, venue_id, name) VALUES (17285, 12016, 'Space16082');
INSERT INTO spaces (id, item_id, hour_price) VALUES (16082, 17285, 0);
INSERT INTO items (id, venue_id, name) VALUES (17286, 12016, 'Space16083');
INSERT INTO spaces (id, item_id, hour_price) VALUES (16083, 17286, 0);
INSERT INTO items (id, venue_id, name) VALUES (17287, 12016, 'Space16084');
INSERT INTO spaces (id, item_id, hour_price) VALUES (16084, 17287, 0);
INSERT INTO items (id, venue_id, name) VALUES (17288, 12016, 'Space16085');
INSERT INTO spaces (id, item_id, hour_price) VALUES (16085, 17288, 60);
INSERT INTO items (id, venue_id, name) VALUES (17289, 12016, 'Space16086');
INSERT INTO spaces (id, item_id, hour_price) VALUES (16086, 17289, 20);
INSERT INTO items (id, venue_id, name) VALUES (17290, 12016, 'Product11196');
INSERT INTO products (id, item_id, price) VALUES (11196, 17290, 54);
INSERT INTO venues (id, name) VALUES (12020, 'Venue12020');
INSERT INTO items (id, venue_id, name) VALUES (17292, 12020, 'Space16088');
INSERT INTO spaces (id, item_id, hour_price) VALUES (16088, 17292, 0);
INSERT INTO items (id, venue_id, name) VALUES (17293, 12020, 'Space16089');
INSERT INTO spaces (id, item_id, hour_price) VALUES (16089, 17293, 0);
INSERT INTO items (id, venue_id, name) VALUES (17294, 12020, 'Space16090');
INSERT INTO spaces (id, item_id, hour_price) VALUES (16090, 17294, 0);
INSERT INTO items (id, venue_id, name) VALUES (17295, 12020, 'Space16091');
INSERT INTO spaces (id, item_id, hour_price) VALUES (16091, 17295, 0);
INSERT INTO items (id, venue_id, name) VALUES (17296, 12020, 'Space16092');
INSERT INTO spaces (id, item_id, hour_price) VALUES (16092, 17296, 0);
INSERT INTO items (id, venue_id, name) VALUES (17297, 12020, 'Space16093');
INSERT INTO spaces (id, item_id, hour_price) VALUES (16093, 17297, 0);
INSERT INTO items (id, venue_id, name) VALUES (17298, 12020, 'Space16094');
INSERT INTO spaces (id, item_id, hour_price) VALUES (16094, 17298, 14.75);
INSERT INTO items (id, venue_id, name) VALUES (17299, 12020, 'Space16095');
INSERT INTO spaces (id, item_id, hour_price) VALUES (16095, 17299, 14.75);
INSERT INTO items (id, venue_id, name) VALUES (17300, 12020, 'Product11197');
INSERT INTO products (id, item_id, price) VALUES (11197, 17300, 8.95);
INSERT INTO venues (id, name) VALUES (12025, 'Venue12025');
INSERT INTO items (id, venue_id, name) VALUES (17313, 12025, 'Space16106');
INSERT INTO spaces (id, item_id, hour_price) VALUES (16106, 17313, 0);
INSERT INTO items (id, venue_id, name) VALUES (17314, 12025, 'Space16107');
INSERT INTO spaces (id, item_id, hour_price) VALUES (16107, 17314, 0);
INSERT INTO items (id, venue_id, name) VALUES (17315, 12025, 'Space16108');
INSERT INTO spaces (id, item_id, hour_price) VALUES (16108, 17315, 0);
INSERT INTO items (id, venue_id, name) VALUES (17316, 12025, 'Space16109');
INSERT INTO spaces (id, item_id, hour_price) VALUES (16109, 17316, 0);
INSERT INTO items (id, venue_id, name) VALUES (17317, 12025, 'Space16110');
INSERT INTO spaces (id, item_id, hour_price) VALUES (16110, 17317, 0);
INSERT INTO items (id, venue_id, name) VALUES (17318, 12025, 'Space16111');
INSERT INTO spaces (id, item_id, hour_price) VALUES (16111, 17318, 0);
INSERT INTO items (id, venue_id, name) VALUES (17319, 12025, 'Space16112');
INSERT INTO spaces (id, item_id, hour_price) VALUES (16112, 17319, 15);
INSERT INTO items (id, venue_id, name) VALUES (17320, 12025, 'Space16113');
INSERT INTO spaces (id, item_id, hour_price) VALUES (16113, 17320, 30);
INSERT INTO venues (id, name) VALUES (12030, 'Venue12030');
INSERT INTO items (id, venue_id, name) VALUES (17321, 12030, 'Space16114');
INSERT INTO spaces (id, item_id, hour_price) VALUES (16114, 17321, 0);
INSERT INTO items (id, venue_id, name) VALUES (17322, 12030, 'Space16115');
INSERT INTO spaces (id, item_id, hour_price) VALUES (16115, 17322, 0);
INSERT INTO items (id, venue_id, name) VALUES (17323, 12030, 'Space16116');
INSERT INTO spaces (id, item_id, hour_price) VALUES (16116, 17323, 0);
INSERT INTO items (id, venue_id, name) VALUES (17324, 12030, 'Space16117');
INSERT INTO spaces (id, item_id, hour_price) VALUES (16117, 17324, 0);
INSERT INTO items (id, venue_id, name) VALUES (17325, 12030, 'Space16118');
INSERT INTO spaces (id, item_id, hour_price) VALUES (16118, 17325, 0);
INSERT INTO items (id, venue_id, name) VALUES (17326, 12030, 'Space16119');
INSERT INTO spaces (id, item_id, hour_price) VALUES (16119, 17326, 0);
INSERT INTO items (id, venue_id, name) VALUES (17329, 12030, 'Space16122');
INSERT INTO spaces (id, item_id, hour_price) VALUES (16122, 17329, 6.5);
INSERT INTO items (id, venue_id, name) VALUES (17330, 12030, 'Space16123');
INSERT INTO spaces (id, item_id, hour_price) VALUES (16123, 17330, 6.5);
INSERT INTO items (id, venue_id, name) VALUES (17331, 12030, 'Product11200');
INSERT INTO products (id, item_id, price) VALUES (11200, 17331, 0);
INSERT INTO items (id, venue_id, name) VALUES (17333, 12030, 'Product11202');
INSERT INTO products (id, item_id, price) VALUES (11202, 17333, 11);
INSERT INTO items (id, venue_id, name) VALUES (17334, 12030, 'Product11203');
INSERT INTO products (id, item_id, price) VALUES (11203, 17334, 75);
INSERT INTO items (id, venue_id, name) VALUES (17335, 12030, 'Product11204');
INSERT INTO products (id, item_id, price) VALUES (11204, 17335, 16.25);
INSERT INTO items (id, venue_id, name) VALUES (17822, 12030, 'Space16498');
INSERT INTO spaces (id, item_id, hour_price) VALUES (16498, 17822, 6.5);
INSERT INTO items (id, venue_id, name) VALUES (25402, 12030, 'Product14960');
INSERT INTO products (id, item_id, price) VALUES (14960, 25402, 50);
INSERT INTO items (id, venue_id, name) VALUES (26753, 12030, 'Space20982');
INSERT INTO spaces (id, item_id, hour_price) VALUES (20982, 26753, 6.5);
INSERT INTO venues (id, name) VALUES (12048, 'Venue12048');
INSERT INTO items (id, venue_id, name) VALUES (17376, 12048, 'Space16150');
INSERT INTO spaces (id, item_id, hour_price) VALUES (16150, 17376, 0);
INSERT INTO items (id, venue_id, name) VALUES (17377, 12048, 'Space16151');
INSERT INTO spaces (id, item_id, hour_price) VALUES (16151, 17377, 0);
INSERT INTO items (id, venue_id, name) VALUES (17378, 12048, 'Space16152');
INSERT INTO spaces (id, item_id, hour_price) VALUES (16152, 17378, 0);
INSERT INTO items (id, venue_id, name) VALUES (17379, 12048, 'Space16153');
INSERT INTO spaces (id, item_id, hour_price) VALUES (16153, 17379, 0);
INSERT INTO items (id, venue_id, name) VALUES (17380, 12048, 'Space16154');
INSERT INTO spaces (id, item_id, hour_price) VALUES (16154, 17380, 0);
INSERT INTO items (id, venue_id, name) VALUES (17381, 12048, 'Space16155');
INSERT INTO spaces (id, item_id, hour_price) VALUES (16155, 17381, 0);
INSERT INTO items (id, venue_id, name) VALUES (17382, 12048, 'Space16156');
INSERT INTO spaces (id, item_id, hour_price) VALUES (16156, 17382, 27.5);
INSERT INTO items (id, venue_id, name) VALUES (18724, 12048, 'Product11756');
INSERT INTO products (id, item_id, price) VALUES (11756, 18724, 8.49);
INSERT INTO items (id, venue_id, name) VALUES (18725, 12048, 'Product11757');
INSERT INTO products (id, item_id, price) VALUES (11757, 18725, 5.66);
INSERT INTO items (id, venue_id, name) VALUES (18726, 12048, 'Product11758');
INSERT INTO products (id, item_id, price) VALUES (11758, 18726, 7.08);
INSERT INTO items (id, venue_id, name) VALUES (20057, 12048, 'Product12254');
INSERT INTO products (id, item_id, price) VALUES (12254, 20057, 5);
INSERT INTO venues (id, name) VALUES (12056, 'Venue12056');
INSERT INTO items (id, venue_id, name) VALUES (17409, 12056, 'Space16163');
INSERT INTO spaces (id, item_id, hour_price) VALUES (16163, 17409, 0);
INSERT INTO items (id, venue_id, name) VALUES (17410, 12056, 'Space16164');
INSERT INTO spaces (id, item_id, hour_price) VALUES (16164, 17410, 0);
INSERT INTO items (id, venue_id, name) VALUES (17411, 12056, 'Space16165');
INSERT INTO spaces (id, item_id, hour_price) VALUES (16165, 17411, 0);
INSERT INTO items (id, venue_id, name) VALUES (17412, 12056, 'Space16166');
INSERT INTO spaces (id, item_id, hour_price) VALUES (16166, 17412, 0);
INSERT INTO items (id, venue_id, name) VALUES (17413, 12056, 'Space16167');
INSERT INTO spaces (id, item_id, hour_price) VALUES (16167, 17413, 0);
INSERT INTO items (id, venue_id, name) VALUES (17414, 12056, 'Space16168');
INSERT INTO spaces (id, item_id, hour_price) VALUES (16168, 17414, 0);
INSERT INTO items (id, venue_id, name) VALUES (17526, 12056, 'Space16246');
INSERT INTO spaces (id, item_id, hour_price) VALUES (16246, 17526, 25);
INSERT INTO venues (id, name) VALUES (12060, 'Venue12060');
INSERT INTO items (id, venue_id, name) VALUES (17435, 12060, 'Space16175');
INSERT INTO spaces (id, item_id, hour_price) VALUES (16175, 17435, 0);
INSERT INTO items (id, venue_id, name) VALUES (17436, 12060, 'Space16176');
INSERT INTO spaces (id, item_id, hour_price) VALUES (16176, 17436, 0);
INSERT INTO items (id, venue_id, name) VALUES (17437, 12060, 'Space16177');
INSERT INTO spaces (id, item_id, hour_price) VALUES (16177, 17437, 0);
INSERT INTO items (id, venue_id, name) VALUES (17438, 12060, 'Space16178');
INSERT INTO spaces (id, item_id, hour_price) VALUES (16178, 17438, 0);
INSERT INTO items (id, venue_id, name) VALUES (17439, 12060, 'Space16179');
INSERT INTO spaces (id, item_id, hour_price) VALUES (16179, 17439, 0);
INSERT INTO items (id, venue_id, name) VALUES (17440, 12060, 'Space16180');
INSERT INTO spaces (id, item_id, hour_price) VALUES (16180, 17440, 0);
INSERT INTO items (id, venue_id, name) VALUES (17442, 12060, 'Product11253');
INSERT INTO products (id, item_id, price) VALUES (11253, 17442, 17.5);
INSERT INTO items (id, venue_id, name) VALUES (17443, 12060, 'Product11254');
INSERT INTO products (id, item_id, price) VALUES (11254, 17443, 15);
INSERT INTO items (id, venue_id, name) VALUES (17444, 12060, 'Product11255');
INSERT INTO products (id, item_id, price) VALUES (11255, 17444, 20);
INSERT INTO venues (id, name) VALUES (12064, 'Venue12064');
INSERT INTO items (id, venue_id, name) VALUES (17446, 12064, 'Space16182');
INSERT INTO spaces (id, item_id, hour_price) VALUES (16182, 17446, 0);
INSERT INTO items (id, venue_id, name) VALUES (17447, 12064, 'Space16183');
INSERT INTO spaces (id, item_id, hour_price) VALUES (16183, 17447, 0);
INSERT INTO items (id, venue_id, name) VALUES (17448, 12064, 'Space16184');
INSERT INTO spaces (id, item_id, hour_price) VALUES (16184, 17448, 0);
INSERT INTO items (id, venue_id, name) VALUES (17449, 12064, 'Space16185');
INSERT INTO spaces (id, item_id, hour_price) VALUES (16185, 17449, 0);
INSERT INTO items (id, venue_id, name) VALUES (17450, 12064, 'Space16186');
INSERT INTO spaces (id, item_id, hour_price) VALUES (16186, 17450, 0);
INSERT INTO items (id, venue_id, name) VALUES (17451, 12064, 'Space16187');
INSERT INTO spaces (id, item_id, hour_price) VALUES (16187, 17451, 0);
INSERT INTO items (id, venue_id, name) VALUES (17452, 12064, 'Space16188');
INSERT INTO spaces (id, item_id, hour_price) VALUES (16188, 17452, 2);
INSERT INTO items (id, venue_id, name) VALUES (17453, 12064, 'Product11257');
INSERT INTO products (id, item_id, price) VALUES (11257, 17453, 2);
INSERT INTO items (id, venue_id, name) VALUES (17555, 12064, 'Space16275');
INSERT INTO spaces (id, item_id, hour_price) VALUES (16275, 17555, 10);
INSERT INTO items (id, venue_id, name) VALUES (17557, 12064, 'Space16277');
INSERT INTO spaces (id, item_id, hour_price) VALUES (16277, 17557, 10);
INSERT INTO items (id, venue_id, name) VALUES (17558, 12064, 'Space16278');
INSERT INTO spaces (id, item_id, hour_price) VALUES (16278, 17558, 10);
INSERT INTO items (id, venue_id, name) VALUES (17559, 12064, 'Space16279');
INSERT INTO spaces (id, item_id, hour_price) VALUES (16279, 17559, 10);
INSERT INTO items (id, venue_id, name) VALUES (22646, 12064, 'Space19127');
INSERT INTO spaces (id, item_id, hour_price) VALUES (19127, 22646, 10);
INSERT INTO venues (id, name) VALUES (12072, 'Venue12072');
INSERT INTO items (id, venue_id, name) VALUES (17462, 12072, 'Space16195');
INSERT INTO spaces (id, item_id, hour_price) VALUES (16195, 17462, 0);
INSERT INTO items (id, venue_id, name) VALUES (17463, 12072, 'Space16196');
INSERT INTO spaces (id, item_id, hour_price) VALUES (16196, 17463, 0);
INSERT INTO items (id, venue_id, name) VALUES (17464, 12072, 'Space16197');
INSERT INTO spaces (id, item_id, hour_price) VALUES (16197, 17464, 0);
INSERT INTO items (id, venue_id, name) VALUES (17465, 12072, 'Space16198');
INSERT INTO spaces (id, item_id, hour_price) VALUES (16198, 17465, 0);
INSERT INTO items (id, venue_id, name) VALUES (17466, 12072, 'Space16199');
INSERT INTO spaces (id, item_id, hour_price) VALUES (16199, 17466, 0);
INSERT INTO items (id, venue_id, name) VALUES (17467, 12072, 'Space16200');
INSERT INTO spaces (id, item_id, hour_price) VALUES (16200, 17467, 0);
INSERT INTO venues (id, name) VALUES (12080, 'Venue12080');
INSERT INTO items (id, venue_id, name) VALUES (17484, 12080, 'Space16213');
INSERT INTO spaces (id, item_id, hour_price) VALUES (16213, 17484, 0);
INSERT INTO items (id, venue_id, name) VALUES (17485, 12080, 'Space16214');
INSERT INTO spaces (id, item_id, hour_price) VALUES (16214, 17485, 0);
INSERT INTO items (id, venue_id, name) VALUES (17486, 12080, 'Space16215');
INSERT INTO spaces (id, item_id, hour_price) VALUES (16215, 17486, 0);
INSERT INTO items (id, venue_id, name) VALUES (17487, 12080, 'Space16216');
INSERT INTO spaces (id, item_id, hour_price) VALUES (16216, 17487, 0);
INSERT INTO items (id, venue_id, name) VALUES (17488, 12080, 'Space16217');
INSERT INTO spaces (id, item_id, hour_price) VALUES (16217, 17488, 0);
INSERT INTO items (id, venue_id, name) VALUES (17489, 12080, 'Space16218');
INSERT INTO spaces (id, item_id, hour_price) VALUES (16218, 17489, 0);
INSERT INTO items (id, venue_id, name) VALUES (17490, 12080, 'Space16219');
INSERT INTO spaces (id, item_id, hour_price) VALUES (16219, 17490, 60);
INSERT INTO items (id, venue_id, name) VALUES (17491, 12080, 'Space16220');
INSERT INTO spaces (id, item_id, hour_price) VALUES (16220, 17491, 10);
INSERT INTO items (id, venue_id, name) VALUES (17492, 12080, 'Product11264');
INSERT INTO products (id, item_id, price) VALUES (11264, 17492, 0);
INSERT INTO venues (id, name) VALUES (12084, 'Venue12084');
INSERT INTO items (id, venue_id, name) VALUES (17499, 12084, 'Space16226');
INSERT INTO spaces (id, item_id, hour_price) VALUES (16226, 17499, 0);
INSERT INTO items (id, venue_id, name) VALUES (17500, 12084, 'Space16227');
INSERT INTO spaces (id, item_id, hour_price) VALUES (16227, 17500, 0);
INSERT INTO items (id, venue_id, name) VALUES (17501, 12084, 'Space16228');
INSERT INTO spaces (id, item_id, hour_price) VALUES (16228, 17501, 0);
INSERT INTO items (id, venue_id, name) VALUES (17502, 12084, 'Space16229');
INSERT INTO spaces (id, item_id, hour_price) VALUES (16229, 17502, 0);
INSERT INTO items (id, venue_id, name) VALUES (17503, 12084, 'Space16230');
INSERT INTO spaces (id, item_id, hour_price) VALUES (16230, 17503, 0);
INSERT INTO items (id, venue_id, name) VALUES (17504, 12084, 'Space16231');
INSERT INTO spaces (id, item_id, hour_price) VALUES (16231, 17504, 0);
INSERT INTO items (id, venue_id, name) VALUES (17505, 12084, 'Space16232');
INSERT INTO spaces (id, item_id, hour_price) VALUES (16232, 17505, 10);
INSERT INTO venues (id, name) VALUES (12089, 'Venue12089');
INSERT INTO items (id, venue_id, name) VALUES (17512, 12089, 'Space16233');
INSERT INTO spaces (id, item_id, hour_price) VALUES (16233, 17512, 0);
INSERT INTO items (id, venue_id, name) VALUES (17513, 12089, 'Space16234');
INSERT INTO spaces (id, item_id, hour_price) VALUES (16234, 17513, 0);
INSERT INTO items (id, venue_id, name) VALUES (17514, 12089, 'Space16235');
INSERT INTO spaces (id, item_id, hour_price) VALUES (16235, 17514, 0);
INSERT INTO items (id, venue_id, name) VALUES (17515, 12089, 'Space16236');
INSERT INTO spaces (id, item_id, hour_price) VALUES (16236, 17515, 0);
INSERT INTO items (id, venue_id, name) VALUES (17516, 12089, 'Space16237');
INSERT INTO spaces (id, item_id, hour_price) VALUES (16237, 17516, 0);
INSERT INTO items (id, venue_id, name) VALUES (17517, 12089, 'Space16238');
INSERT INTO spaces (id, item_id, hour_price) VALUES (16238, 17517, 0);
INSERT INTO items (id, venue_id, name) VALUES (17518, 12089, 'Space16239');
INSERT INTO spaces (id, item_id, hour_price) VALUES (16239, 17518, 150);
INSERT INTO venues (id, name) VALUES (12093, 'Venue12093');
INSERT INTO items (id, venue_id, name) VALUES (17520, 12093, 'Space16240');
INSERT INTO spaces (id, item_id, hour_price) VALUES (16240, 17520, 0);
INSERT INTO items (id, venue_id, name) VALUES (17521, 12093, 'Space16241');
INSERT INTO spaces (id, item_id, hour_price) VALUES (16241, 17521, 0);
INSERT INTO items (id, venue_id, name) VALUES (17522, 12093, 'Space16242');
INSERT INTO spaces (id, item_id, hour_price) VALUES (16242, 17522, 0);
INSERT INTO items (id, venue_id, name) VALUES (17523, 12093, 'Space16243');
INSERT INTO spaces (id, item_id, hour_price) VALUES (16243, 17523, 0);
INSERT INTO items (id, venue_id, name) VALUES (17524, 12093, 'Space16244');
INSERT INTO spaces (id, item_id, hour_price) VALUES (16244, 17524, 0);
INSERT INTO items (id, venue_id, name) VALUES (17525, 12093, 'Space16245');
INSERT INTO spaces (id, item_id, hour_price) VALUES (16245, 17525, 0);
INSERT INTO items (id, venue_id, name) VALUES (17527, 12093, 'Space16247');
INSERT INTO spaces (id, item_id, hour_price) VALUES (16247, 17527, 11);
INSERT INTO venues (id, name) VALUES (12097, 'Venue12097');
INSERT INTO items (id, venue_id, name) VALUES (17530, 12097, 'Space16250');
INSERT INTO spaces (id, item_id, hour_price) VALUES (16250, 17530, 0);
INSERT INTO items (id, venue_id, name) VALUES (17531, 12097, 'Space16251');
INSERT INTO spaces (id, item_id, hour_price) VALUES (16251, 17531, 0);
INSERT INTO items (id, venue_id, name) VALUES (17532, 12097, 'Space16252');
INSERT INTO spaces (id, item_id, hour_price) VALUES (16252, 17532, 0);
INSERT INTO items (id, venue_id, name) VALUES (17533, 12097, 'Space16253');
INSERT INTO spaces (id, item_id, hour_price) VALUES (16253, 17533, 0);
INSERT INTO items (id, venue_id, name) VALUES (17534, 12097, 'Space16254');
INSERT INTO spaces (id, item_id, hour_price) VALUES (16254, 17534, 0);
INSERT INTO items (id, venue_id, name) VALUES (17535, 12097, 'Space16255');
INSERT INTO spaces (id, item_id, hour_price) VALUES (16255, 17535, 0);
INSERT INTO items (id, venue_id, name) VALUES (17536, 12097, 'Space16256');
INSERT INTO spaces (id, item_id, hour_price) VALUES (16256, 17536, 14.5);
INSERT INTO venues (id, name) VALUES (12102, 'Venue12102');
INSERT INTO items (id, venue_id, name) VALUES (17538, 12102, 'Space16258');
INSERT INTO spaces (id, item_id, hour_price) VALUES (16258, 17538, 0);
INSERT INTO items (id, venue_id, name) VALUES (17539, 12102, 'Space16259');
INSERT INTO spaces (id, item_id, hour_price) VALUES (16259, 17539, 0);
INSERT INTO items (id, venue_id, name) VALUES (17540, 12102, 'Space16260');
INSERT INTO spaces (id, item_id, hour_price) VALUES (16260, 17540, 0);
INSERT INTO items (id, venue_id, name) VALUES (17541, 12102, 'Space16261');
INSERT INTO spaces (id, item_id, hour_price) VALUES (16261, 17541, 0);
INSERT INTO items (id, venue_id, name) VALUES (17542, 12102, 'Space16262');
INSERT INTO spaces (id, item_id, hour_price) VALUES (16262, 17542, 0);
INSERT INTO items (id, venue_id, name) VALUES (17543, 12102, 'Space16263');
INSERT INTO spaces (id, item_id, hour_price) VALUES (16263, 17543, 0);
INSERT INTO items (id, venue_id, name) VALUES (17544, 12102, 'Space16264');
INSERT INTO spaces (id, item_id, hour_price) VALUES (16264, 17544, 10);
INSERT INTO venues (id, name) VALUES (12107, 'Venue12107');
INSERT INTO items (id, venue_id, name) VALUES (17545, 12107, 'Space16265');
INSERT INTO spaces (id, item_id, hour_price) VALUES (16265, 17545, 0);
INSERT INTO items (id, venue_id, name) VALUES (17546, 12107, 'Space16266');
INSERT INTO spaces (id, item_id, hour_price) VALUES (16266, 17546, 0);
INSERT INTO items (id, venue_id, name) VALUES (17547, 12107, 'Space16267');
INSERT INTO spaces (id, item_id, hour_price) VALUES (16267, 17547, 0);
INSERT INTO items (id, venue_id, name) VALUES (17548, 12107, 'Space16268');
INSERT INTO spaces (id, item_id, hour_price) VALUES (16268, 17548, 0);
INSERT INTO items (id, venue_id, name) VALUES (17549, 12107, 'Space16269');
INSERT INTO spaces (id, item_id, hour_price) VALUES (16269, 17549, 0);
INSERT INTO items (id, venue_id, name) VALUES (17550, 12107, 'Space16270');
INSERT INTO spaces (id, item_id, hour_price) VALUES (16270, 17550, 0);
INSERT INTO items (id, venue_id, name) VALUES (17554, 12107, 'Space16274');
INSERT INTO spaces (id, item_id, hour_price) VALUES (16274, 17554, 5);
INSERT INTO items (id, venue_id, name) VALUES (20642, 12107, 'Space18136');
INSERT INTO spaces (id, item_id, hour_price) VALUES (18136, 20642, 750);
INSERT INTO items (id, venue_id, name) VALUES (20643, 12107, 'Space18137');
INSERT INTO spaces (id, item_id, hour_price) VALUES (18137, 20643, 17.5);
INSERT INTO items (id, venue_id, name) VALUES (20644, 12107, 'Space18138');
INSERT INTO spaces (id, item_id, hour_price) VALUES (18138, 20644, 17.5);
INSERT INTO items (id, venue_id, name) VALUES (20645, 12107, 'Space18139');
INSERT INTO spaces (id, item_id, hour_price) VALUES (18139, 20645, 17.5);
INSERT INTO items (id, venue_id, name) VALUES (20646, 12107, 'Space18140');
INSERT INTO spaces (id, item_id, hour_price) VALUES (18140, 20646, 300);
INSERT INTO items (id, venue_id, name) VALUES (20647, 12107, 'Product12499');
INSERT INTO products (id, item_id, price) VALUES (12499, 20647, 5);
INSERT INTO items (id, venue_id, name) VALUES (20648, 12107, 'Product12500');
INSERT INTO products (id, item_id, price) VALUES (12500, 20648, 75);
INSERT INTO items (id, venue_id, name) VALUES (20649, 12107, 'Product12501');
INSERT INTO products (id, item_id, price) VALUES (12501, 20649, 40);
INSERT INTO items (id, venue_id, name) VALUES (20650, 12107, 'Product12502');
INSERT INTO products (id, item_id, price) VALUES (12502, 20650, 22.5);
INSERT INTO items (id, venue_id, name) VALUES (20651, 12107, 'Product12503');
INSERT INTO products (id, item_id, price) VALUES (12503, 20651, 22.5);
INSERT INTO items (id, venue_id, name) VALUES (20652, 12107, 'Product12504');
INSERT INTO products (id, item_id, price) VALUES (12504, 20652, 40);
INSERT INTO items (id, venue_id, name) VALUES (20653, 12107, 'Product12505');
INSERT INTO products (id, item_id, price) VALUES (12505, 20653, 3.75);
INSERT INTO items (id, venue_id, name) VALUES (20654, 12107, 'Product12506');
INSERT INTO products (id, item_id, price) VALUES (12506, 20654, 6.75);
INSERT INTO venues (id, name) VALUES (12108, 'Venue12108');
INSERT INTO items (id, venue_id, name) VALUES (17560, 12108, 'Space16280');
INSERT INTO spaces (id, item_id, hour_price) VALUES (16280, 17560, 0);
INSERT INTO items (id, venue_id, name) VALUES (17561, 12108, 'Space16281');
INSERT INTO spaces (id, item_id, hour_price) VALUES (16281, 17561, 0);
INSERT INTO items (id, venue_id, name) VALUES (17562, 12108, 'Space16282');
INSERT INTO spaces (id, item_id, hour_price) VALUES (16282, 17562, 0);
INSERT INTO items (id, venue_id, name) VALUES (17563, 12108, 'Space16283');
INSERT INTO spaces (id, item_id, hour_price) VALUES (16283, 17563, 0);
INSERT INTO items (id, venue_id, name) VALUES (17564, 12108, 'Space16284');
INSERT INTO spaces (id, item_id, hour_price) VALUES (16284, 17564, 0);
INSERT INTO items (id, venue_id, name) VALUES (17565, 12108, 'Space16285');
INSERT INTO spaces (id, item_id, hour_price) VALUES (16285, 17565, 0);
INSERT INTO venues (id, name) VALUES (12113, 'Venue12113');
INSERT INTO items (id, venue_id, name) VALUES (17567, 12113, 'Space16287');
INSERT INTO spaces (id, item_id, hour_price) VALUES (16287, 17567, 0);
INSERT INTO items (id, venue_id, name) VALUES (17568, 12113, 'Space16288');
INSERT INTO spaces (id, item_id, hour_price) VALUES (16288, 17568, 0);
INSERT INTO items (id, venue_id, name) VALUES (17569, 12113, 'Space16289');
INSERT INTO spaces (id, item_id, hour_price) VALUES (16289, 17569, 0);
INSERT INTO items (id, venue_id, name) VALUES (17570, 12113, 'Space16290');
INSERT INTO spaces (id, item_id, hour_price) VALUES (16290, 17570, 0);
INSERT INTO items (id, venue_id, name) VALUES (17571, 12113, 'Space16291');
INSERT INTO spaces (id, item_id, hour_price) VALUES (16291, 17571, 0);
INSERT INTO items (id, venue_id, name) VALUES (17572, 12113, 'Space16292');
INSERT INTO spaces (id, item_id, hour_price) VALUES (16292, 17572, 0);
INSERT INTO items (id, venue_id, name) VALUES (17573, 12113, 'Space16293');
INSERT INTO spaces (id, item_id, hour_price) VALUES (16293, 17573, 60);
INSERT INTO items (id, venue_id, name) VALUES (17574, 12113, 'Product11273');
INSERT INTO products (id, item_id, price) VALUES (11273, 17574, 3.3);
INSERT INTO items (id, venue_id, name) VALUES (17575, 12113, 'Product11274');
INSERT INTO products (id, item_id, price) VALUES (11274, 17575, 7.31);
INSERT INTO items (id, venue_id, name) VALUES (17576, 12113, 'Product11275');
INSERT INTO products (id, item_id, price) VALUES (11275, 17576, 21.23);
INSERT INTO items (id, venue_id, name) VALUES (17577, 12113, 'Product11276');
INSERT INTO products (id, item_id, price) VALUES (11276, 17577, 28.25);
INSERT INTO items (id, venue_id, name) VALUES (17578, 12113, 'Product11277');
INSERT INTO products (id, item_id, price) VALUES (11277, 17578, 14.62);
INSERT INTO items (id, venue_id, name) VALUES (17579, 12113, 'Product11278');
INSERT INTO products (id, item_id, price) VALUES (11278, 17579, 15.05);
INSERT INTO items (id, venue_id, name) VALUES (17580, 12113, 'Space16294');
INSERT INTO spaces (id, item_id, hour_price) VALUES (16294, 17580, 0);
INSERT INTO items (id, venue_id, name) VALUES (23965, 12113, 'Product14182');
INSERT INTO products (id, item_id, price) VALUES (14182, 23965, 8.96);
INSERT INTO items (id, venue_id, name) VALUES (25264, 12113, 'Product14910');
INSERT INTO products (id, item_id, price) VALUES (14910, 25264, 5.66);
INSERT INTO items (id, venue_id, name) VALUES (25265, 12113, 'Product14911');
INSERT INTO products (id, item_id, price) VALUES (14911, 25265, 4.48);
INSERT INTO items (id, venue_id, name) VALUES (25266, 12113, 'Product14912');
INSERT INTO products (id, item_id, price) VALUES (14912, 25266, 3.54);
INSERT INTO items (id, venue_id, name) VALUES (25717, 12113, 'Product15158');
INSERT INTO products (id, item_id, price) VALUES (15158, 25717, 4.95);
INSERT INTO venues (id, name) VALUES (12118, 'Venue12118');
INSERT INTO items (id, venue_id, name) VALUES (17581, 12118, 'Space16295');
INSERT INTO spaces (id, item_id, hour_price) VALUES (16295, 17581, 0);
INSERT INTO items (id, venue_id, name) VALUES (17582, 12118, 'Space16296');
INSERT INTO spaces (id, item_id, hour_price) VALUES (16296, 17582, 0);
INSERT INTO items (id, venue_id, name) VALUES (17583, 12118, 'Space16297');
INSERT INTO spaces (id, item_id, hour_price) VALUES (16297, 17583, 0);
INSERT INTO items (id, venue_id, name) VALUES (17584, 12118, 'Space16298');
INSERT INTO spaces (id, item_id, hour_price) VALUES (16298, 17584, 0);
INSERT INTO items (id, venue_id, name) VALUES (17585, 12118, 'Space16299');
INSERT INTO spaces (id, item_id, hour_price) VALUES (16299, 17585, 0);
INSERT INTO items (id, venue_id, name) VALUES (17586, 12118, 'Space16300');
INSERT INTO spaces (id, item_id, hour_price) VALUES (16300, 17586, 0);
INSERT INTO items (id, venue_id, name) VALUES (17587, 12118, 'Space16301');
INSERT INTO spaces (id, item_id, hour_price) VALUES (16301, 17587, 100);
INSERT INTO items (id, venue_id, name) VALUES (17588, 12118, 'Space16302');
INSERT INTO spaces (id, item_id, hour_price) VALUES (16302, 17588, 100);
INSERT INTO items (id, venue_id, name) VALUES (17589, 12118, 'Space16303');
INSERT INTO spaces (id, item_id, hour_price) VALUES (16303, 17589, 100);
INSERT INTO venues (id, name) VALUES (12123, 'Venue12123');
INSERT INTO items (id, venue_id, name) VALUES (17594, 12123, 'Space16306');
INSERT INTO spaces (id, item_id, hour_price) VALUES (16306, 17594, 0);
INSERT INTO items (id, venue_id, name) VALUES (17595, 12123, 'Space16307');
INSERT INTO spaces (id, item_id, hour_price) VALUES (16307, 17595, 0);
INSERT INTO items (id, venue_id, name) VALUES (17596, 12123, 'Space16308');
INSERT INTO spaces (id, item_id, hour_price) VALUES (16308, 17596, 0);
INSERT INTO items (id, venue_id, name) VALUES (17597, 12123, 'Space16309');
INSERT INTO spaces (id, item_id, hour_price) VALUES (16309, 17597, 0);
INSERT INTO items (id, venue_id, name) VALUES (17598, 12123, 'Space16310');
INSERT INTO spaces (id, item_id, hour_price) VALUES (16310, 17598, 0);
INSERT INTO items (id, venue_id, name) VALUES (17599, 12123, 'Space16311');
INSERT INTO spaces (id, item_id, hour_price) VALUES (16311, 17599, 0);
INSERT INTO items (id, venue_id, name) VALUES (17600, 12123, 'Space16312');
INSERT INTO spaces (id, item_id, hour_price) VALUES (16312, 17600, 25);
INSERT INTO items (id, venue_id, name) VALUES (17601, 12123, 'Product11281');
INSERT INTO products (id, item_id, price) VALUES (11281, 17601, 15);
INSERT INTO items (id, venue_id, name) VALUES (17602, 12123, 'Product11282');
INSERT INTO products (id, item_id, price) VALUES (11282, 17602, 25);
INSERT INTO items (id, venue_id, name) VALUES (17603, 12123, 'Product11283');
INSERT INTO products (id, item_id, price) VALUES (11283, 17603, 11.5);
INSERT INTO items (id, venue_id, name) VALUES (17604, 12123, 'Space16313');
INSERT INTO spaces (id, item_id, hour_price) VALUES (16313, 17604, 30);
INSERT INTO items (id, venue_id, name) VALUES (17605, 12123, 'Product11284');
INSERT INTO products (id, item_id, price) VALUES (11284, 17605, 7.5);
INSERT INTO items (id, venue_id, name) VALUES (17606, 12123, 'Product11285');
INSERT INTO products (id, item_id, price) VALUES (11285, 17606, 5);
INSERT INTO items (id, venue_id, name) VALUES (17607, 12123, 'Space16314');
INSERT INTO spaces (id, item_id, hour_price) VALUES (16314, 17607, 15);
INSERT INTO items (id, venue_id, name) VALUES (18916, 12123, 'Space17059');
INSERT INTO spaces (id, item_id, hour_price) VALUES (17059, 18916, 18);
INSERT INTO items (id, venue_id, name) VALUES (18917, 12123, 'Space17060');
INSERT INTO spaces (id, item_id, hour_price) VALUES (17060, 18917, 25);
INSERT INTO venues (id, name) VALUES (12131, 'Venue12131');
INSERT INTO items (id, venue_id, name) VALUES (17614, 12131, 'Space16321');
INSERT INTO spaces (id, item_id, hour_price) VALUES (16321, 17614, 0);
INSERT INTO items (id, venue_id, name) VALUES (17615, 12131, 'Space16322');
INSERT INTO spaces (id, item_id, hour_price) VALUES (16322, 17615, 0);
INSERT INTO items (id, venue_id, name) VALUES (17616, 12131, 'Space16323');
INSERT INTO spaces (id, item_id, hour_price) VALUES (16323, 17616, 0);
INSERT INTO items (id, venue_id, name) VALUES (17617, 12131, 'Space16324');
INSERT INTO spaces (id, item_id, hour_price) VALUES (16324, 17617, 0);
INSERT INTO items (id, venue_id, name) VALUES (17618, 12131, 'Space16325');
INSERT INTO spaces (id, item_id, hour_price) VALUES (16325, 17618, 0);
INSERT INTO items (id, venue_id, name) VALUES (17619, 12131, 'Space16326');
INSERT INTO spaces (id, item_id, hour_price) VALUES (16326, 17619, 0);
INSERT INTO items (id, venue_id, name) VALUES (27258, 12131, 'Space21249');
INSERT INTO spaces (id, item_id, hour_price) VALUES (21249, 27258, 100);
INSERT INTO items (id, venue_id, name) VALUES (27259, 12131, 'Product16002');
INSERT INTO products (id, item_id, price) VALUES (16002, 27259, 27.5);
INSERT INTO items (id, venue_id, name) VALUES (27261, 12131, 'Product16004');
INSERT INTO products (id, item_id, price) VALUES (16004, 27261, 40);
INSERT INTO items (id, venue_id, name) VALUES (27262, 12131, 'Product16005');
INSERT INTO products (id, item_id, price) VALUES (16005, 27262, 21.5);
INSERT INTO items (id, venue_id, name) VALUES (27263, 12131, 'Product16006');
INSERT INTO products (id, item_id, price) VALUES (16006, 27263, 26.5);
INSERT INTO items (id, venue_id, name) VALUES (27264, 12131, 'Product16007');
INSERT INTO products (id, item_id, price) VALUES (16007, 27264, 18.5);
INSERT INTO venues (id, name) VALUES (12136, 'Venue12136');
INSERT INTO items (id, venue_id, name) VALUES (17629, 12136, 'Space16332');
INSERT INTO spaces (id, item_id, hour_price) VALUES (16332, 17629, 0);
INSERT INTO items (id, venue_id, name) VALUES (17630, 12136, 'Space16333');
INSERT INTO spaces (id, item_id, hour_price) VALUES (16333, 17630, 0);
INSERT INTO items (id, venue_id, name) VALUES (17631, 12136, 'Space16334');
INSERT INTO spaces (id, item_id, hour_price) VALUES (16334, 17631, 0);
INSERT INTO items (id, venue_id, name) VALUES (17632, 12136, 'Space16335');
INSERT INTO spaces (id, item_id, hour_price) VALUES (16335, 17632, 0);
INSERT INTO items (id, venue_id, name) VALUES (17633, 12136, 'Space16336');
INSERT INTO spaces (id, item_id, hour_price) VALUES (16336, 17633, 0);
INSERT INTO items (id, venue_id, name) VALUES (17634, 12136, 'Space16337');
INSERT INTO spaces (id, item_id, hour_price) VALUES (16337, 17634, 0);
INSERT INTO items (id, venue_id, name) VALUES (17636, 12136, 'Product11290');
INSERT INTO products (id, item_id, price) VALUES (11290, 17636, 0);
INSERT INTO items (id, venue_id, name) VALUES (17637, 12136, 'Space16339');
INSERT INTO spaces (id, item_id, hour_price) VALUES (16339, 17637, 4);
INSERT INTO venues (id, name) VALUES (12140, 'Venue12140');
INSERT INTO items (id, venue_id, name) VALUES (17639, 12140, 'Space16340');
INSERT INTO spaces (id, item_id, hour_price) VALUES (16340, 17639, 0);
INSERT INTO items (id, venue_id, name) VALUES (17640, 12140, 'Space16341');
INSERT INTO spaces (id, item_id, hour_price) VALUES (16341, 17640, 0);
INSERT INTO items (id, venue_id, name) VALUES (17641, 12140, 'Space16342');
INSERT INTO spaces (id, item_id, hour_price) VALUES (16342, 17641, 0);
INSERT INTO items (id, venue_id, name) VALUES (17642, 12140, 'Space16343');
INSERT INTO spaces (id, item_id, hour_price) VALUES (16343, 17642, 0);
INSERT INTO items (id, venue_id, name) VALUES (17643, 12140, 'Space16344');
INSERT INTO spaces (id, item_id, hour_price) VALUES (16344, 17643, 0);
INSERT INTO items (id, venue_id, name) VALUES (17644, 12140, 'Space16345');
INSERT INTO spaces (id, item_id, hour_price) VALUES (16345, 17644, 0);
INSERT INTO items (id, venue_id, name) VALUES (17645, 12140, 'Product11292');
INSERT INTO products (id, item_id, price) VALUES (11292, 17645, 3);
INSERT INTO items (id, venue_id, name) VALUES (17646, 12140, 'Product11293');
INSERT INTO products (id, item_id, price) VALUES (11293, 17646, 0);
INSERT INTO items (id, venue_id, name) VALUES (17647, 12140, 'Space16346');
INSERT INTO spaces (id, item_id, hour_price) VALUES (16346, 17647, 4);
INSERT INTO items (id, venue_id, name) VALUES (17648, 12140, 'Space16347');
INSERT INTO spaces (id, item_id, hour_price) VALUES (16347, 17648, 5);
INSERT INTO items (id, venue_id, name) VALUES (17649, 12140, 'Space16348');
INSERT INTO spaces (id, item_id, hour_price) VALUES (16348, 17649, 12.5);
INSERT INTO items (id, venue_id, name) VALUES (17650, 12140, 'Space16349');
INSERT INTO spaces (id, item_id, hour_price) VALUES (16349, 17650, 12.5);
INSERT INTO items (id, venue_id, name) VALUES (17651, 12140, 'Space16350');
INSERT INTO spaces (id, item_id, hour_price) VALUES (16350, 17651, 40);
INSERT INTO venues (id, name) VALUES (12145, 'Venue12145');
INSERT INTO items (id, venue_id, name) VALUES (17652, 12145, 'Space16351');
INSERT INTO spaces (id, item_id, hour_price) VALUES (16351, 17652, 0);
INSERT INTO items (id, venue_id, name) VALUES (17653, 12145, 'Space16352');
INSERT INTO spaces (id, item_id, hour_price) VALUES (16352, 17653, 0);
INSERT INTO items (id, venue_id, name) VALUES (17654, 12145, 'Space16353');
INSERT INTO spaces (id, item_id, hour_price) VALUES (16353, 17654, 0);
INSERT INTO items (id, venue_id, name) VALUES (17655, 12145, 'Space16354');
INSERT INTO spaces (id, item_id, hour_price) VALUES (16354, 17655, 0);
INSERT INTO items (id, venue_id, name) VALUES (17656, 12145, 'Space16355');
INSERT INTO spaces (id, item_id, hour_price) VALUES (16355, 17656, 0);
INSERT INTO items (id, venue_id, name) VALUES (17657, 12145, 'Space16356');
INSERT INTO spaces (id, item_id, hour_price) VALUES (16356, 17657, 0);
INSERT INTO items (id, venue_id, name) VALUES (17658, 12145, 'Space16357');
INSERT INTO spaces (id, item_id, hour_price) VALUES (16357, 17658, 10);
INSERT INTO items (id, venue_id, name) VALUES (17712, 12145, 'Space16401');
INSERT INTO spaces (id, item_id, hour_price) VALUES (16401, 17712, 25);
INSERT INTO items (id, venue_id, name) VALUES (20305, 12145, 'Product12320');
INSERT INTO products (id, item_id, price) VALUES (12320, 20305, 12.5);
INSERT INTO venues (id, name) VALUES (12154, 'Venue12154');
INSERT INTO items (id, venue_id, name) VALUES (17698, 12154, 'Space16387');
INSERT INTO spaces (id, item_id, hour_price) VALUES (16387, 17698, 0);
INSERT INTO items (id, venue_id, name) VALUES (17699, 12154, 'Space16388');
INSERT INTO spaces (id, item_id, hour_price) VALUES (16388, 17699, 0);
INSERT INTO items (id, venue_id, name) VALUES (17700, 12154, 'Space16389');
INSERT INTO spaces (id, item_id, hour_price) VALUES (16389, 17700, 0);
INSERT INTO items (id, venue_id, name) VALUES (17701, 12154, 'Space16390');
INSERT INTO spaces (id, item_id, hour_price) VALUES (16390, 17701, 0);
INSERT INTO items (id, venue_id, name) VALUES (17702, 12154, 'Space16391');
INSERT INTO spaces (id, item_id, hour_price) VALUES (16391, 17702, 0);
INSERT INTO items (id, venue_id, name) VALUES (17703, 12154, 'Space16392');
INSERT INTO spaces (id, item_id, hour_price) VALUES (16392, 17703, 0);
INSERT INTO items (id, venue_id, name) VALUES (17704, 12154, 'Space16393');
INSERT INTO spaces (id, item_id, hour_price) VALUES (16393, 17704, 135);
INSERT INTO venues (id, name) VALUES (12158, 'Venue12158');
INSERT INTO items (id, venue_id, name) VALUES (17705, 12158, 'Space16394');
INSERT INTO spaces (id, item_id, hour_price) VALUES (16394, 17705, 0);
INSERT INTO items (id, venue_id, name) VALUES (17706, 12158, 'Space16395');
INSERT INTO spaces (id, item_id, hour_price) VALUES (16395, 17706, 0);
INSERT INTO items (id, venue_id, name) VALUES (17707, 12158, 'Space16396');
INSERT INTO spaces (id, item_id, hour_price) VALUES (16396, 17707, 0);
INSERT INTO items (id, venue_id, name) VALUES (17708, 12158, 'Space16397');
INSERT INTO spaces (id, item_id, hour_price) VALUES (16397, 17708, 0);
INSERT INTO items (id, venue_id, name) VALUES (17709, 12158, 'Space16398');
INSERT INTO spaces (id, item_id, hour_price) VALUES (16398, 17709, 0);
INSERT INTO items (id, venue_id, name) VALUES (17710, 12158, 'Space16399');
INSERT INTO spaces (id, item_id, hour_price) VALUES (16399, 17710, 0);
INSERT INTO items (id, venue_id, name) VALUES (17711, 12158, 'Space16400');
INSERT INTO spaces (id, item_id, hour_price) VALUES (16400, 17711, 12.5);
INSERT INTO items (id, venue_id, name) VALUES (21494, 12158, 'Space18589');
INSERT INTO spaces (id, item_id, hour_price) VALUES (18589, 21494, 20);
INSERT INTO venues (id, name) VALUES (12159, 'Venue12159');
INSERT INTO items (id, venue_id, name) VALUES (17717, 12159, 'Space16405');
INSERT INTO spaces (id, item_id, hour_price) VALUES (16405, 17717, 0);
INSERT INTO items (id, venue_id, name) VALUES (17718, 12159, 'Space16406');
INSERT INTO spaces (id, item_id, hour_price) VALUES (16406, 17718, 0);
INSERT INTO items (id, venue_id, name) VALUES (17719, 12159, 'Space16407');
INSERT INTO spaces (id, item_id, hour_price) VALUES (16407, 17719, 0);
INSERT INTO items (id, venue_id, name) VALUES (17720, 12159, 'Space16408');
INSERT INTO spaces (id, item_id, hour_price) VALUES (16408, 17720, 0);
INSERT INTO items (id, venue_id, name) VALUES (17721, 12159, 'Space16409');
INSERT INTO spaces (id, item_id, hour_price) VALUES (16409, 17721, 0);
INSERT INTO items (id, venue_id, name) VALUES (17722, 12159, 'Space16410');
INSERT INTO spaces (id, item_id, hour_price) VALUES (16410, 17722, 0);
INSERT INTO venues (id, name) VALUES (12163, 'Venue12163');
INSERT INTO items (id, venue_id, name) VALUES (17724, 12163, 'Space16412');
INSERT INTO spaces (id, item_id, hour_price) VALUES (16412, 17724, 0);
INSERT INTO items (id, venue_id, name) VALUES (17725, 12163, 'Space16413');
INSERT INTO spaces (id, item_id, hour_price) VALUES (16413, 17725, 0);
INSERT INTO items (id, venue_id, name) VALUES (17726, 12163, 'Space16414');
INSERT INTO spaces (id, item_id, hour_price) VALUES (16414, 17726, 0);
INSERT INTO items (id, venue_id, name) VALUES (17727, 12163, 'Space16415');
INSERT INTO spaces (id, item_id, hour_price) VALUES (16415, 17727, 0);
INSERT INTO items (id, venue_id, name) VALUES (17728, 12163, 'Space16416');
INSERT INTO spaces (id, item_id, hour_price) VALUES (16416, 17728, 0);
INSERT INTO items (id, venue_id, name) VALUES (17729, 12163, 'Space16417');
INSERT INTO spaces (id, item_id, hour_price) VALUES (16417, 17729, 0);
INSERT INTO items (id, venue_id, name) VALUES (17730, 12163, 'Space16418');
INSERT INTO spaces (id, item_id, hour_price) VALUES (16418, 17730, 11);
INSERT INTO items (id, venue_id, name) VALUES (19000, 12163, 'Product11872');
INSERT INTO products (id, item_id, price) VALUES (11872, 19000, 1.25);
INSERT INTO venues (id, name) VALUES (12172, 'Venue12172');
INSERT INTO items (id, venue_id, name) VALUES (17742, 12172, 'Space16426');
INSERT INTO spaces (id, item_id, hour_price) VALUES (16426, 17742, 0);
INSERT INTO items (id, venue_id, name) VALUES (17743, 12172, 'Space16427');
INSERT INTO spaces (id, item_id, hour_price) VALUES (16427, 17743, 0);
INSERT INTO items (id, venue_id, name) VALUES (17744, 12172, 'Space16428');
INSERT INTO spaces (id, item_id, hour_price) VALUES (16428, 17744, 0);
INSERT INTO items (id, venue_id, name) VALUES (17745, 12172, 'Space16429');
INSERT INTO spaces (id, item_id, hour_price) VALUES (16429, 17745, 0);
INSERT INTO items (id, venue_id, name) VALUES (17746, 12172, 'Space16430');
INSERT INTO spaces (id, item_id, hour_price) VALUES (16430, 17746, 0);
INSERT INTO items (id, venue_id, name) VALUES (17747, 12172, 'Space16431');
INSERT INTO spaces (id, item_id, hour_price) VALUES (16431, 17747, 0);
INSERT INTO items (id, venue_id, name) VALUES (17748, 12172, 'Space16432');
INSERT INTO spaces (id, item_id, hour_price) VALUES (16432, 17748, 2.5);
INSERT INTO items (id, venue_id, name) VALUES (18301, 12172, 'Space16674');
INSERT INTO spaces (id, item_id, hour_price) VALUES (16674, 18301, 7);
INSERT INTO items (id, venue_id, name) VALUES (22471, 12172, 'Space19037');
INSERT INTO spaces (id, item_id, hour_price) VALUES (19037, 22471, 14);
INSERT INTO items (id, venue_id, name) VALUES (23121, 12172, 'Space19357');
INSERT INTO spaces (id, item_id, hour_price) VALUES (19357, 23121, 7);
INSERT INTO items (id, venue_id, name) VALUES (25735, 12172, 'Space20565');
INSERT INTO spaces (id, item_id, hour_price) VALUES (20565, 25735, 25);
INSERT INTO items (id, venue_id, name) VALUES (25736, 12172, 'Space20566');
INSERT INTO spaces (id, item_id, hour_price) VALUES (20566, 25736, 40);
INSERT INTO venues (id, name) VALUES (12177, 'Venue12177');
INSERT INTO items (id, venue_id, name) VALUES (17751, 12177, 'Space16435');
INSERT INTO spaces (id, item_id, hour_price) VALUES (16435, 17751, 0);
INSERT INTO items (id, venue_id, name) VALUES (17752, 12177, 'Space16436');
INSERT INTO spaces (id, item_id, hour_price) VALUES (16436, 17752, 0);
INSERT INTO items (id, venue_id, name) VALUES (17753, 12177, 'Space16437');
INSERT INTO spaces (id, item_id, hour_price) VALUES (16437, 17753, 0);
INSERT INTO items (id, venue_id, name) VALUES (17754, 12177, 'Space16438');
INSERT INTO spaces (id, item_id, hour_price) VALUES (16438, 17754, 0);
INSERT INTO items (id, venue_id, name) VALUES (17755, 12177, 'Space16439');
INSERT INTO spaces (id, item_id, hour_price) VALUES (16439, 17755, 0);
INSERT INTO items (id, venue_id, name) VALUES (17756, 12177, 'Space16440');
INSERT INTO spaces (id, item_id, hour_price) VALUES (16440, 17756, 0);
INSERT INTO items (id, venue_id, name) VALUES (17757, 12177, 'Space16441');
INSERT INTO spaces (id, item_id, hour_price) VALUES (16441, 17757, 25);
INSERT INTO items (id, venue_id, name) VALUES (17758, 12177, 'Space16442');
INSERT INTO spaces (id, item_id, hour_price) VALUES (16442, 17758, 15);
INSERT INTO items (id, venue_id, name) VALUES (17760, 12177, 'Space16444');
INSERT INTO spaces (id, item_id, hour_price) VALUES (16444, 17760, 25);
INSERT INTO items (id, venue_id, name) VALUES (17761, 12177, 'Product11309');
INSERT INTO products (id, item_id, price) VALUES (11309, 17761, 7.5);
INSERT INTO items (id, venue_id, name) VALUES (17762, 12177, 'Product11310');
INSERT INTO products (id, item_id, price) VALUES (11310, 17762, 5);
INSERT INTO venues (id, name) VALUES (12182, 'Venue12182');
INSERT INTO items (id, venue_id, name) VALUES (17767, 12182, 'Space16446');
INSERT INTO spaces (id, item_id, hour_price) VALUES (16446, 17767, 0);
INSERT INTO items (id, venue_id, name) VALUES (17768, 12182, 'Space16447');
INSERT INTO spaces (id, item_id, hour_price) VALUES (16447, 17768, 0);
INSERT INTO items (id, venue_id, name) VALUES (17769, 12182, 'Space16448');
INSERT INTO spaces (id, item_id, hour_price) VALUES (16448, 17769, 0);
INSERT INTO items (id, venue_id, name) VALUES (17770, 12182, 'Space16449');
INSERT INTO spaces (id, item_id, hour_price) VALUES (16449, 17770, 0);
INSERT INTO items (id, venue_id, name) VALUES (17771, 12182, 'Space16450');
INSERT INTO spaces (id, item_id, hour_price) VALUES (16450, 17771, 0);
INSERT INTO items (id, venue_id, name) VALUES (17772, 12182, 'Space16451');
INSERT INTO spaces (id, item_id, hour_price) VALUES (16451, 17772, 0);
INSERT INTO items (id, venue_id, name) VALUES (17773, 12182, 'Space16452');
INSERT INTO spaces (id, item_id, hour_price) VALUES (16452, 17773, 31.2);
INSERT INTO items (id, venue_id, name) VALUES (17784, 12182, 'Space16462');
INSERT INTO spaces (id, item_id, hour_price) VALUES (16462, 17784, 47.2);
INSERT INTO items (id, venue_id, name) VALUES (17785, 12182, 'Space16463');
INSERT INTO spaces (id, item_id, hour_price) VALUES (16463, 17785, 76);
INSERT INTO items (id, venue_id, name) VALUES (17786, 12182, 'Space16464');
INSERT INTO spaces (id, item_id, hour_price) VALUES (16464, 17786, 12);
INSERT INTO items (id, venue_id, name) VALUES (18782, 12182, 'Product11778');
INSERT INTO products (id, item_id, price) VALUES (11778, 18782, 34.5);
INSERT INTO items (id, venue_id, name) VALUES (19079, 12182, 'Product11893');
INSERT INTO products (id, item_id, price) VALUES (11893, 19079, 16.5);
INSERT INTO items (id, venue_id, name) VALUES (21037, 12182, 'Product12702');
INSERT INTO products (id, item_id, price) VALUES (12702, 21037, 5);
INSERT INTO items (id, venue_id, name) VALUES (21038, 12182, 'Product12703');
INSERT INTO products (id, item_id, price) VALUES (12703, 21038, 5);
INSERT INTO venues (id, name) VALUES (12186, 'Venue12186');
INSERT INTO items (id, venue_id, name) VALUES (17777, 12186, 'Space16455');
INSERT INTO spaces (id, item_id, hour_price) VALUES (16455, 17777, 0);
INSERT INTO items (id, venue_id, name) VALUES (17778, 12186, 'Space16456');
INSERT INTO spaces (id, item_id, hour_price) VALUES (16456, 17778, 0);
INSERT INTO items (id, venue_id, name) VALUES (17779, 12186, 'Space16457');
INSERT INTO spaces (id, item_id, hour_price) VALUES (16457, 17779, 0);
INSERT INTO items (id, venue_id, name) VALUES (17780, 12186, 'Space16458');
INSERT INTO spaces (id, item_id, hour_price) VALUES (16458, 17780, 0);
INSERT INTO items (id, venue_id, name) VALUES (17781, 12186, 'Space16459');
INSERT INTO spaces (id, item_id, hour_price) VALUES (16459, 17781, 0);
INSERT INTO items (id, venue_id, name) VALUES (17782, 12186, 'Space16460');
INSERT INTO spaces (id, item_id, hour_price) VALUES (16460, 17782, 0);
INSERT INTO items (id, venue_id, name) VALUES (17795, 12186, 'Space16473');
INSERT INTO spaces (id, item_id, hour_price) VALUES (16473, 17795, 12.5);
INSERT INTO items (id, venue_id, name) VALUES (17796, 12186, 'Space16474');
INSERT INTO spaces (id, item_id, hour_price) VALUES (16474, 17796, 7.5);
INSERT INTO items (id, venue_id, name) VALUES (17824, 12186, 'Product11317');
INSERT INTO products (id, item_id, price) VALUES (11317, 17824, 15);
INSERT INTO items (id, venue_id, name) VALUES (18268, 12186, 'Space16654');
INSERT INTO spaces (id, item_id, hour_price) VALUES (16654, 18268, 7.5);
INSERT INTO items (id, venue_id, name) VALUES (18269, 12186, 'Space16655');
INSERT INTO spaces (id, item_id, hour_price) VALUES (16655, 18269, 7.5);
INSERT INTO items (id, venue_id, name) VALUES (18270, 12186, 'Product11607');
INSERT INTO products (id, item_id, price) VALUES (11607, 18270, 10);
INSERT INTO items (id, venue_id, name) VALUES (18302, 12186, 'Space16675');
INSERT INTO spaces (id, item_id, hour_price) VALUES (16675, 18302, 5);
INSERT INTO venues (id, name) VALUES (12191, 'Venue12191');
INSERT INTO items (id, venue_id, name) VALUES (17787, 12191, 'Space16465');
INSERT INTO spaces (id, item_id, hour_price) VALUES (16465, 17787, 0);
INSERT INTO items (id, venue_id, name) VALUES (17788, 12191, 'Space16466');
INSERT INTO spaces (id, item_id, hour_price) VALUES (16466, 17788, 0);
INSERT INTO items (id, venue_id, name) VALUES (17789, 12191, 'Space16467');
INSERT INTO spaces (id, item_id, hour_price) VALUES (16467, 17789, 0);
INSERT INTO items (id, venue_id, name) VALUES (17790, 12191, 'Space16468');
INSERT INTO spaces (id, item_id, hour_price) VALUES (16468, 17790, 0);
INSERT INTO items (id, venue_id, name) VALUES (17791, 12191, 'Space16469');
INSERT INTO spaces (id, item_id, hour_price) VALUES (16469, 17791, 0);
INSERT INTO items (id, venue_id, name) VALUES (17792, 12191, 'Space16470');
INSERT INTO spaces (id, item_id, hour_price) VALUES (16470, 17792, 0);
INSERT INTO items (id, venue_id, name) VALUES (17793, 12191, 'Space16471');
INSERT INTO spaces (id, item_id, hour_price) VALUES (16471, 17793, 10);
INSERT INTO venues (id, name) VALUES (12192, 'Venue12192');
INSERT INTO items (id, venue_id, name) VALUES (17799, 12192, 'Space16477');
INSERT INTO spaces (id, item_id, hour_price) VALUES (16477, 17799, 0);
INSERT INTO items (id, venue_id, name) VALUES (17800, 12192, 'Space16478');
INSERT INTO spaces (id, item_id, hour_price) VALUES (16478, 17800, 0);
INSERT INTO items (id, venue_id, name) VALUES (17801, 12192, 'Space16479');
INSERT INTO spaces (id, item_id, hour_price) VALUES (16479, 17801, 0);
INSERT INTO items (id, venue_id, name) VALUES (17802, 12192, 'Space16480');
INSERT INTO spaces (id, item_id, hour_price) VALUES (16480, 17802, 0);
INSERT INTO items (id, venue_id, name) VALUES (17803, 12192, 'Space16481');
INSERT INTO spaces (id, item_id, hour_price) VALUES (16481, 17803, 0);
INSERT INTO items (id, venue_id, name) VALUES (17804, 12192, 'Space16482');
INSERT INTO spaces (id, item_id, hour_price) VALUES (16482, 17804, 0);
INSERT INTO items (id, venue_id, name) VALUES (18727, 12192, 'Product11759');
INSERT INTO products (id, item_id, price) VALUES (11759, 18727, 5);
INSERT INTO items (id, venue_id, name) VALUES (18728, 12192, 'Product11760');
INSERT INTO products (id, item_id, price) VALUES (11760, 18728, 5);
INSERT INTO venues (id, name) VALUES (12196, 'Venue12196');
INSERT INTO items (id, venue_id, name) VALUES (17810, 12196, 'Space16487');
INSERT INTO spaces (id, item_id, hour_price) VALUES (16487, 17810, 0);
INSERT INTO items (id, venue_id, name) VALUES (17811, 12196, 'Space16488');
INSERT INTO spaces (id, item_id, hour_price) VALUES (16488, 17811, 0);
INSERT INTO items (id, venue_id, name) VALUES (17812, 12196, 'Space16489');
INSERT INTO spaces (id, item_id, hour_price) VALUES (16489, 17812, 0);
INSERT INTO items (id, venue_id, name) VALUES (17813, 12196, 'Space16490');
INSERT INTO spaces (id, item_id, hour_price) VALUES (16490, 17813, 0);
INSERT INTO items (id, venue_id, name) VALUES (17814, 12196, 'Space16491');
INSERT INTO spaces (id, item_id, hour_price) VALUES (16491, 17814, 0);
INSERT INTO items (id, venue_id, name) VALUES (17815, 12196, 'Space16492');
INSERT INTO spaces (id, item_id, hour_price) VALUES (16492, 17815, 0);
INSERT INTO items (id, venue_id, name) VALUES (17816, 12196, 'Product11316');
INSERT INTO products (id, item_id, price) VALUES (11316, 17816, 1.65);
INSERT INTO items (id, venue_id, name) VALUES (17817, 12196, 'Space16493');
INSERT INTO spaces (id, item_id, hour_price) VALUES (16493, 17817, 16.75);
INSERT INTO venues (id, name) VALUES (12201, 'Venue12201');
INSERT INTO items (id, venue_id, name) VALUES (17825, 12201, 'Space16500');
INSERT INTO spaces (id, item_id, hour_price) VALUES (16500, 17825, 0);
INSERT INTO items (id, venue_id, name) VALUES (17826, 12201, 'Space16501');
INSERT INTO spaces (id, item_id, hour_price) VALUES (16501, 17826, 0);
INSERT INTO items (id, venue_id, name) VALUES (17827, 12201, 'Space16502');
INSERT INTO spaces (id, item_id, hour_price) VALUES (16502, 17827, 0);
INSERT INTO items (id, venue_id, name) VALUES (17828, 12201, 'Space16503');
INSERT INTO spaces (id, item_id, hour_price) VALUES (16503, 17828, 0);
INSERT INTO items (id, venue_id, name) VALUES (17829, 12201, 'Space16504');
INSERT INTO spaces (id, item_id, hour_price) VALUES (16504, 17829, 0);
INSERT INTO items (id, venue_id, name) VALUES (17830, 12201, 'Space16505');
INSERT INTO spaces (id, item_id, hour_price) VALUES (16505, 17830, 0);
INSERT INTO items (id, venue_id, name) VALUES (17831, 12201, 'Space16506');
INSERT INTO spaces (id, item_id, hour_price) VALUES (16506, 17831, 80);
INSERT INTO items (id, venue_id, name) VALUES (17832, 12201, 'Space16507');
INSERT INTO spaces (id, item_id, hour_price) VALUES (16507, 17832, 80);
INSERT INTO items (id, venue_id, name) VALUES (17833, 12201, 'Product11318');
INSERT INTO products (id, item_id, price) VALUES (11318, 17833, 7.5);
INSERT INTO items (id, venue_id, name) VALUES (17834, 12201, 'Product11319');
INSERT INTO products (id, item_id, price) VALUES (11319, 17834, 2.5);
INSERT INTO items (id, venue_id, name) VALUES (17835, 12201, 'Product11320');
INSERT INTO products (id, item_id, price) VALUES (11320, 17835, 10);
INSERT INTO items (id, venue_id, name) VALUES (17836, 12201, 'Product11321');
INSERT INTO products (id, item_id, price) VALUES (11321, 17836, 25);
INSERT INTO items (id, venue_id, name) VALUES (17837, 12201, 'Product11322');
INSERT INTO products (id, item_id, price) VALUES (11322, 17837, 15);
INSERT INTO venues (id, name) VALUES (12206, 'Venue12206');
INSERT INTO items (id, venue_id, name) VALUES (17838, 12206, 'Space16508');
INSERT INTO spaces (id, item_id, hour_price) VALUES (16508, 17838, 0);
INSERT INTO items (id, venue_id, name) VALUES (17839, 12206, 'Space16509');
INSERT INTO spaces (id, item_id, hour_price) VALUES (16509, 17839, 0);
INSERT INTO items (id, venue_id, name) VALUES (17840, 12206, 'Space16510');
INSERT INTO spaces (id, item_id, hour_price) VALUES (16510, 17840, 0);
INSERT INTO items (id, venue_id, name) VALUES (17841, 12206, 'Space16511');
INSERT INTO spaces (id, item_id, hour_price) VALUES (16511, 17841, 0);
INSERT INTO items (id, venue_id, name) VALUES (17842, 12206, 'Space16512');
INSERT INTO spaces (id, item_id, hour_price) VALUES (16512, 17842, 0);
INSERT INTO items (id, venue_id, name) VALUES (17843, 12206, 'Space16513');
INSERT INTO spaces (id, item_id, hour_price) VALUES (16513, 17843, 0);
INSERT INTO items (id, venue_id, name) VALUES (17844, 12206, 'Space16514');
INSERT INTO spaces (id, item_id, hour_price) VALUES (16514, 17844, 10);
INSERT INTO venues (id, name) VALUES (12256, 'Venue12256');
INSERT INTO items (id, venue_id, name) VALUES (17947, 12256, 'Space16610');
INSERT INTO spaces (id, item_id, hour_price) VALUES (16610, 17947, 0);
INSERT INTO items (id, venue_id, name) VALUES (17948, 12256, 'Space16611');
INSERT INTO spaces (id, item_id, hour_price) VALUES (16611, 17948, 0);
INSERT INTO items (id, venue_id, name) VALUES (17949, 12256, 'Space16612');
INSERT INTO spaces (id, item_id, hour_price) VALUES (16612, 17949, 0);
INSERT INTO items (id, venue_id, name) VALUES (17950, 12256, 'Space16613');
INSERT INTO spaces (id, item_id, hour_price) VALUES (16613, 17950, 0);
INSERT INTO items (id, venue_id, name) VALUES (17951, 12256, 'Space16614');
INSERT INTO spaces (id, item_id, hour_price) VALUES (16614, 17951, 0);
INSERT INTO items (id, venue_id, name) VALUES (17952, 12256, 'Space16615');
INSERT INTO spaces (id, item_id, hour_price) VALUES (16615, 17952, 0);
INSERT INTO items (id, venue_id, name) VALUES (17953, 12256, 'Space16616');
INSERT INTO spaces (id, item_id, hour_price) VALUES (16616, 17953, 12.5);
INSERT INTO venues (id, name) VALUES (12265, 'Venue12265');
INSERT INTO items (id, venue_id, name) VALUES (17963, 12265, 'Space16625');
INSERT INTO spaces (id, item_id, hour_price) VALUES (16625, 17963, 0);
INSERT INTO items (id, venue_id, name) VALUES (17964, 12265, 'Space16626');
INSERT INTO spaces (id, item_id, hour_price) VALUES (16626, 17964, 0);
INSERT INTO items (id, venue_id, name) VALUES (17965, 12265, 'Space16627');
INSERT INTO spaces (id, item_id, hour_price) VALUES (16627, 17965, 0);
INSERT INTO items (id, venue_id, name) VALUES (17966, 12265, 'Space16628');
INSERT INTO spaces (id, item_id, hour_price) VALUES (16628, 17966, 0);
INSERT INTO items (id, venue_id, name) VALUES (17967, 12265, 'Space16629');
INSERT INTO spaces (id, item_id, hour_price) VALUES (16629, 17967, 0);
INSERT INTO items (id, venue_id, name) VALUES (17968, 12265, 'Space16630');
INSERT INTO spaces (id, item_id, hour_price) VALUES (16630, 17968, 0);
INSERT INTO items (id, venue_id, name) VALUES (17969, 12265, 'Space16631');
INSERT INTO spaces (id, item_id, hour_price) VALUES (16631, 17969, 10);
INSERT INTO items (id, venue_id, name) VALUES (17970, 12265, 'Space16632');
INSERT INTO spaces (id, item_id, hour_price) VALUES (16632, 17970, 12.5);
INSERT INTO items (id, venue_id, name) VALUES (17972, 12265, 'Space16634');
INSERT INTO spaces (id, item_id, hour_price) VALUES (16634, 17972, 14);
INSERT INTO items (id, venue_id, name) VALUES (17973, 12265, 'Space16635');
INSERT INTO spaces (id, item_id, hour_price) VALUES (16635, 17973, 5);
INSERT INTO items (id, venue_id, name) VALUES (17974, 12265, 'Space16636');
INSERT INTO spaces (id, item_id, hour_price) VALUES (16636, 17974, 20.5);
INSERT INTO venues (id, name) VALUES (12273, 'Venue12273');
INSERT INTO items (id, venue_id, name) VALUES (18242, 12273, 'Space16643');
INSERT INTO spaces (id, item_id, hour_price) VALUES (16643, 18242, 0);
INSERT INTO items (id, venue_id, name) VALUES (18243, 12273, 'Space16644');
INSERT INTO spaces (id, item_id, hour_price) VALUES (16644, 18243, 0);
INSERT INTO items (id, venue_id, name) VALUES (18244, 12273, 'Space16645');
INSERT INTO spaces (id, item_id, hour_price) VALUES (16645, 18244, 0);
INSERT INTO items (id, venue_id, name) VALUES (18245, 12273, 'Space16646');
INSERT INTO spaces (id, item_id, hour_price) VALUES (16646, 18245, 0);
INSERT INTO items (id, venue_id, name) VALUES (18246, 12273, 'Space16647');
INSERT INTO spaces (id, item_id, hour_price) VALUES (16647, 18246, 0);
INSERT INTO items (id, venue_id, name) VALUES (18247, 12273, 'Space16648');
INSERT INTO spaces (id, item_id, hour_price) VALUES (16648, 18247, 0);
INSERT INTO venues (id, name) VALUES (12278, 'Venue12278');
INSERT INTO items (id, venue_id, name) VALUES (18271, 12278, 'Space16656');
INSERT INTO spaces (id, item_id, hour_price) VALUES (16656, 18271, 0);
INSERT INTO items (id, venue_id, name) VALUES (18272, 12278, 'Space16657');
INSERT INTO spaces (id, item_id, hour_price) VALUES (16657, 18272, 0);
INSERT INTO items (id, venue_id, name) VALUES (18273, 12278, 'Space16658');
INSERT INTO spaces (id, item_id, hour_price) VALUES (16658, 18273, 0);
INSERT INTO items (id, venue_id, name) VALUES (18274, 12278, 'Space16659');
INSERT INTO spaces (id, item_id, hour_price) VALUES (16659, 18274, 0);
INSERT INTO items (id, venue_id, name) VALUES (18275, 12278, 'Space16660');
INSERT INTO spaces (id, item_id, hour_price) VALUES (16660, 18275, 0);
INSERT INTO items (id, venue_id, name) VALUES (18276, 12278, 'Space16661');
INSERT INTO spaces (id, item_id, hour_price) VALUES (16661, 18276, 0);
INSERT INTO items (id, venue_id, name) VALUES (18277, 12278, 'Space16662');
INSERT INTO spaces (id, item_id, hour_price) VALUES (16662, 18277, 9);
INSERT INTO venues (id, name) VALUES (12281, 'Venue12281');
INSERT INTO items (id, venue_id, name) VALUES (18280, 12281, 'Space16664');
INSERT INTO spaces (id, item_id, hour_price) VALUES (16664, 18280, 0);
INSERT INTO items (id, venue_id, name) VALUES (18281, 12281, 'Space16665');
INSERT INTO spaces (id, item_id, hour_price) VALUES (16665, 18281, 0);
INSERT INTO items (id, venue_id, name) VALUES (18282, 12281, 'Space16666');
INSERT INTO spaces (id, item_id, hour_price) VALUES (16666, 18282, 0);
INSERT INTO items (id, venue_id, name) VALUES (18283, 12281, 'Space16667');
INSERT INTO spaces (id, item_id, hour_price) VALUES (16667, 18283, 0);
INSERT INTO items (id, venue_id, name) VALUES (18284, 12281, 'Space16668');
INSERT INTO spaces (id, item_id, hour_price) VALUES (16668, 18284, 0);
INSERT INTO items (id, venue_id, name) VALUES (18285, 12281, 'Space16669');
INSERT INTO spaces (id, item_id, hour_price) VALUES (16669, 18285, 0);
INSERT INTO items (id, venue_id, name) VALUES (18286, 12281, 'Space16670');
INSERT INTO spaces (id, item_id, hour_price) VALUES (16670, 18286, 5);
INSERT INTO items (id, venue_id, name) VALUES (18287, 12281, 'Space16671');
INSERT INTO spaces (id, item_id, hour_price) VALUES (16671, 18287, 18);
INSERT INTO items (id, venue_id, name) VALUES (18288, 12281, 'Space16672');
INSERT INTO spaces (id, item_id, hour_price) VALUES (16672, 18288, 30);
INSERT INTO items (id, venue_id, name) VALUES (18289, 12281, 'Space16673');
INSERT INTO spaces (id, item_id, hour_price) VALUES (16673, 18289, 35);
INSERT INTO items (id, venue_id, name) VALUES (18290, 12281, 'Product11609');
INSERT INTO products (id, item_id, price) VALUES (11609, 18290, 10);
INSERT INTO items (id, venue_id, name) VALUES (18291, 12281, 'Product11610');
INSERT INTO products (id, item_id, price) VALUES (11610, 18291, 8);
INSERT INTO items (id, venue_id, name) VALUES (18292, 12281, 'Product11611');
INSERT INTO products (id, item_id, price) VALUES (11611, 18292, 1.5);
INSERT INTO items (id, venue_id, name) VALUES (18981, 12281, 'Space17115');
INSERT INTO spaces (id, item_id, hour_price) VALUES (17115, 18981, 35);
INSERT INTO items (id, venue_id, name) VALUES (19486, 12281, 'Product12033');
INSERT INTO products (id, item_id, price) VALUES (12033, 19486, 8);
INSERT INTO items (id, venue_id, name) VALUES (19487, 12281, 'Product12034');
INSERT INTO products (id, item_id, price) VALUES (12034, 19487, 15);
INSERT INTO items (id, venue_id, name) VALUES (19488, 12281, 'Product12035');
INSERT INTO products (id, item_id, price) VALUES (12035, 19488, 0.25);
INSERT INTO items (id, venue_id, name) VALUES (19489, 12281, 'Product12036');
INSERT INTO products (id, item_id, price) VALUES (12036, 19489, 0.1);
INSERT INTO items (id, venue_id, name) VALUES (19490, 12281, 'Product12037');
INSERT INTO products (id, item_id, price) VALUES (12037, 19490, 0);
INSERT INTO items (id, venue_id, name) VALUES (21709, 12281, 'Space18680');
INSERT INTO spaces (id, item_id, hour_price) VALUES (18680, 21709, 18);
INSERT INTO items (id, venue_id, name) VALUES (23842, 12281, 'Space19706');
INSERT INTO spaces (id, item_id, hour_price) VALUES (19706, 23842, 10);
INSERT INTO venues (id, name) VALUES (12286, 'Venue12286');
INSERT INTO items (id, venue_id, name) VALUES (18310, 12286, 'Space16680');
INSERT INTO spaces (id, item_id, hour_price) VALUES (16680, 18310, 0);
INSERT INTO items (id, venue_id, name) VALUES (18311, 12286, 'Space16681');
INSERT INTO spaces (id, item_id, hour_price) VALUES (16681, 18311, 0);
INSERT INTO items (id, venue_id, name) VALUES (18312, 12286, 'Space16682');
INSERT INTO spaces (id, item_id, hour_price) VALUES (16682, 18312, 0);
INSERT INTO items (id, venue_id, name) VALUES (18313, 12286, 'Space16683');
INSERT INTO spaces (id, item_id, hour_price) VALUES (16683, 18313, 0);
INSERT INTO items (id, venue_id, name) VALUES (18314, 12286, 'Space16684');
INSERT INTO spaces (id, item_id, hour_price) VALUES (16684, 18314, 0);
INSERT INTO items (id, venue_id, name) VALUES (18315, 12286, 'Space16685');
INSERT INTO spaces (id, item_id, hour_price) VALUES (16685, 18315, 0);
INSERT INTO items (id, venue_id, name) VALUES (18316, 12286, 'Space16686');
INSERT INTO spaces (id, item_id, hour_price) VALUES (16686, 18316, 14);
INSERT INTO items (id, venue_id, name) VALUES (18317, 12286, 'Space16687');
INSERT INTO spaces (id, item_id, hour_price) VALUES (16687, 18317, 13);
INSERT INTO venues (id, name) VALUES (12290, 'Venue12290');
INSERT INTO items (id, venue_id, name) VALUES (18318, 12290, 'Space16688');
INSERT INTO spaces (id, item_id, hour_price) VALUES (16688, 18318, 0);
INSERT INTO items (id, venue_id, name) VALUES (18319, 12290, 'Space16689');
INSERT INTO spaces (id, item_id, hour_price) VALUES (16689, 18319, 0);
INSERT INTO items (id, venue_id, name) VALUES (18320, 12290, 'Space16690');
INSERT INTO spaces (id, item_id, hour_price) VALUES (16690, 18320, 0);
INSERT INTO items (id, venue_id, name) VALUES (18321, 12290, 'Space16691');
INSERT INTO spaces (id, item_id, hour_price) VALUES (16691, 18321, 0);
INSERT INTO items (id, venue_id, name) VALUES (18322, 12290, 'Space16692');
INSERT INTO spaces (id, item_id, hour_price) VALUES (16692, 18322, 0);
INSERT INTO items (id, venue_id, name) VALUES (18323, 12290, 'Space16693');
INSERT INTO spaces (id, item_id, hour_price) VALUES (16693, 18323, 0);
INSERT INTO items (id, venue_id, name) VALUES (18324, 12290, 'Space16694');
INSERT INTO spaces (id, item_id, hour_price) VALUES (16694, 18324, 30);
INSERT INTO items (id, venue_id, name) VALUES (18345, 12290, 'Space16706');
INSERT INTO spaces (id, item_id, hour_price) VALUES (16706, 18345, 45);
INSERT INTO items (id, venue_id, name) VALUES (18346, 12290, 'Space16707');
INSERT INTO spaces (id, item_id, hour_price) VALUES (16707, 18346, 70);
INSERT INTO items (id, venue_id, name) VALUES (18347, 12290, 'Product11632');
INSERT INTO products (id, item_id, price) VALUES (11632, 18347, 15);
INSERT INTO items (id, venue_id, name) VALUES (18348, 12290, 'Product11633');
INSERT INTO products (id, item_id, price) VALUES (11633, 18348, 500);
INSERT INTO items (id, venue_id, name) VALUES (18461, 12290, 'Space16807');
INSERT INTO spaces (id, item_id, hour_price) VALUES (16807, 18461, 180);
INSERT INTO items (id, venue_id, name) VALUES (19995, 12290, 'Product12237');
INSERT INTO products (id, item_id, price) VALUES (12237, 19995, 25);
INSERT INTO venues (id, name) VALUES (12294, 'Venue12294');
INSERT INTO items (id, venue_id, name) VALUES (18329, 12294, 'Space16696');
INSERT INTO spaces (id, item_id, hour_price) VALUES (16696, 18329, 0);
INSERT INTO items (id, venue_id, name) VALUES (18330, 12294, 'Space16697');
INSERT INTO spaces (id, item_id, hour_price) VALUES (16697, 18330, 0);
INSERT INTO items (id, venue_id, name) VALUES (18331, 12294, 'Space16698');
INSERT INTO spaces (id, item_id, hour_price) VALUES (16698, 18331, 0);
INSERT INTO items (id, venue_id, name) VALUES (18332, 12294, 'Space16699');
INSERT INTO spaces (id, item_id, hour_price) VALUES (16699, 18332, 0);
INSERT INTO items (id, venue_id, name) VALUES (18333, 12294, 'Space16700');
INSERT INTO spaces (id, item_id, hour_price) VALUES (16700, 18333, 0);
INSERT INTO items (id, venue_id, name) VALUES (18334, 12294, 'Space16701');
INSERT INTO spaces (id, item_id, hour_price) VALUES (16701, 18334, 0);
INSERT INTO items (id, venue_id, name) VALUES (18335, 12294, 'Space16702');
INSERT INTO spaces (id, item_id, hour_price) VALUES (16702, 18335, 45);
INSERT INTO items (id, venue_id, name) VALUES (18336, 12294, 'Space16703');
INSERT INTO spaces (id, item_id, hour_price) VALUES (16703, 18336, 40);
INSERT INTO items (id, venue_id, name) VALUES (18338, 12294, 'Space16705');
INSERT INTO spaces (id, item_id, hour_price) VALUES (16705, 18338, 35);
INSERT INTO items (id, venue_id, name) VALUES (19190, 12294, 'Product11943');
INSERT INTO products (id, item_id, price) VALUES (11943, 19190, 25);
INSERT INTO items (id, venue_id, name) VALUES (19819, 12294, 'Product12169');
INSERT INTO products (id, item_id, price) VALUES (12169, 19819, 40);
INSERT INTO items (id, venue_id, name) VALUES (19957, 12294, 'Product12217');
INSERT INTO products (id, item_id, price) VALUES (12217, 19957, 35);
INSERT INTO items (id, venue_id, name) VALUES (19958, 12294, 'Product12218');
INSERT INTO products (id, item_id, price) VALUES (12218, 19958, 0);
INSERT INTO items (id, venue_id, name) VALUES (19959, 12294, 'Product12219');
INSERT INTO products (id, item_id, price) VALUES (12219, 19959, 0);
INSERT INTO items (id, venue_id, name) VALUES (20030, 12294, 'Product12243');
INSERT INTO products (id, item_id, price) VALUES (12243, 20030, 10);
INSERT INTO venues (id, name) VALUES (12298, 'Venue12298');
INSERT INTO items (id, venue_id, name) VALUES (18349, 12298, 'Space16708');
INSERT INTO spaces (id, item_id, hour_price) VALUES (16708, 18349, 0);
INSERT INTO items (id, venue_id, name) VALUES (18350, 12298, 'Space16709');
INSERT INTO spaces (id, item_id, hour_price) VALUES (16709, 18350, 0);
INSERT INTO items (id, venue_id, name) VALUES (18351, 12298, 'Space16710');
INSERT INTO spaces (id, item_id, hour_price) VALUES (16710, 18351, 0);
INSERT INTO items (id, venue_id, name) VALUES (18352, 12298, 'Space16711');
INSERT INTO spaces (id, item_id, hour_price) VALUES (16711, 18352, 0);
INSERT INTO items (id, venue_id, name) VALUES (18353, 12298, 'Space16712');
INSERT INTO spaces (id, item_id, hour_price) VALUES (16712, 18353, 0);
INSERT INTO items (id, venue_id, name) VALUES (18354, 12298, 'Space16713');
INSERT INTO spaces (id, item_id, hour_price) VALUES (16713, 18354, 0);
INSERT INTO items (id, venue_id, name) VALUES (18357, 12298, 'Product11634');
INSERT INTO products (id, item_id, price) VALUES (11634, 18357, 12.5);
INSERT INTO items (id, venue_id, name) VALUES (18358, 12298, 'Product11635');
INSERT INTO products (id, item_id, price) VALUES (11635, 18358, 45);
INSERT INTO items (id, venue_id, name) VALUES (18359, 12298, 'Product11636');
INSERT INTO products (id, item_id, price) VALUES (11636, 18359, 25);
INSERT INTO items (id, venue_id, name) VALUES (18360, 12298, 'Product11637');
INSERT INTO products (id, item_id, price) VALUES (11637, 18360, 22.5);
INSERT INTO items (id, venue_id, name) VALUES (18708, 12298, 'Product11749');
INSERT INTO products (id, item_id, price) VALUES (11749, 18708, 0);
INSERT INTO items (id, venue_id, name) VALUES (18723, 12298, 'Product11755');
INSERT INTO products (id, item_id, price) VALUES (11755, 18723, 0.64);
INSERT INTO items (id, venue_id, name) VALUES (18915, 12298, 'Product11849');
INSERT INTO products (id, item_id, price) VALUES (11849, 18915, 0.05);
INSERT INTO items (id, venue_id, name) VALUES (19272, 12298, 'Space17300');
INSERT INTO spaces (id, item_id, hour_price) VALUES (17300, 19272, 15);
INSERT INTO items (id, venue_id, name) VALUES (19284, 12298, 'Space17311');
INSERT INTO spaces (id, item_id, hour_price) VALUES (17311, 19284, 40);
INSERT INTO items (id, venue_id, name) VALUES (19285, 12298, 'Space17312');
INSERT INTO spaces (id, item_id, hour_price) VALUES (17312, 19285, 40);
INSERT INTO items (id, venue_id, name) VALUES (19286, 12298, 'Space17313');
INSERT INTO spaces (id, item_id, hour_price) VALUES (17313, 19286, 40);
INSERT INTO items (id, venue_id, name) VALUES (19287, 12298, 'Space17314');
INSERT INTO spaces (id, item_id, hour_price) VALUES (17314, 19287, 40);
INSERT INTO items (id, venue_id, name) VALUES (19296, 12298, 'Product11966');
INSERT INTO products (id, item_id, price) VALUES (11966, 19296, 5.95);
INSERT INTO items (id, venue_id, name) VALUES (19297, 12298, 'Product11967');
INSERT INTO products (id, item_id, price) VALUES (11967, 19297, 0.1);
INSERT INTO items (id, venue_id, name) VALUES (19298, 12298, 'Product11968');
INSERT INTO products (id, item_id, price) VALUES (11968, 19298, 2.5);
INSERT INTO items (id, venue_id, name) VALUES (19299, 12298, 'Product11969');
INSERT INTO products (id, item_id, price) VALUES (11969, 19299, 7.95);
INSERT INTO items (id, venue_id, name) VALUES (19300, 12298, 'Product11970');
INSERT INTO products (id, item_id, price) VALUES (11970, 19300, 10);
INSERT INTO items (id, venue_id, name) VALUES (19301, 12298, 'Product11971');
INSERT INTO products (id, item_id, price) VALUES (11971, 19301, 30);
INSERT INTO items (id, venue_id, name) VALUES (19302, 12298, 'Product11972');
INSERT INTO products (id, item_id, price) VALUES (11972, 19302, 0.25);
INSERT INTO items (id, venue_id, name) VALUES (19303, 12298, 'Product11973');
INSERT INTO products (id, item_id, price) VALUES (11973, 19303, 0.15);
INSERT INTO items (id, venue_id, name) VALUES (19304, 12298, 'Product11974');
INSERT INTO products (id, item_id, price) VALUES (11974, 19304, 0.2);
INSERT INTO items (id, venue_id, name) VALUES (19305, 12298, 'Product11975');
INSERT INTO products (id, item_id, price) VALUES (11975, 19305, 95);
INSERT INTO items (id, venue_id, name) VALUES (19306, 12298, 'Product11976');
INSERT INTO products (id, item_id, price) VALUES (11976, 19306, 55);
INSERT INTO items (id, venue_id, name) VALUES (19307, 12298, 'Product11977');
INSERT INTO products (id, item_id, price) VALUES (11977, 19307, 120);
INSERT INTO items (id, venue_id, name) VALUES (19309, 12298, 'Product11979');
INSERT INTO products (id, item_id, price) VALUES (11979, 19309, 55);
INSERT INTO items (id, venue_id, name) VALUES (19310, 12298, 'Product11980');
INSERT INTO products (id, item_id, price) VALUES (11980, 19310, 80);
INSERT INTO items (id, venue_id, name) VALUES (19311, 12298, 'Product11981');
INSERT INTO products (id, item_id, price) VALUES (11981, 19311, 150);
INSERT INTO items (id, venue_id, name) VALUES (19312, 12298, 'Product11982');
INSERT INTO products (id, item_id, price) VALUES (11982, 19312, 125);
INSERT INTO items (id, venue_id, name) VALUES (19313, 12298, 'Product11983');
INSERT INTO products (id, item_id, price) VALUES (11983, 19313, 59);
INSERT INTO items (id, venue_id, name) VALUES (19314, 12298, 'Product11984');
INSERT INTO products (id, item_id, price) VALUES (11984, 19314, 200);
INSERT INTO items (id, venue_id, name) VALUES (19315, 12298, 'Product11985');
INSERT INTO products (id, item_id, price) VALUES (11985, 19315, 79);
INSERT INTO items (id, venue_id, name) VALUES (19316, 12298, 'Product11986');
INSERT INTO products (id, item_id, price) VALUES (11986, 19316, 59);
INSERT INTO items (id, venue_id, name) VALUES (19317, 12298, 'Product11987');
INSERT INTO products (id, item_id, price) VALUES (11987, 19317, 169);
INSERT INTO items (id, venue_id, name) VALUES (19318, 12298, 'Product11988');
INSERT INTO products (id, item_id, price) VALUES (11988, 19318, 139);
INSERT INTO items (id, venue_id, name) VALUES (19319, 12298, 'Product11989');
INSERT INTO products (id, item_id, price) VALUES (11989, 19319, 249);
INSERT INTO items (id, venue_id, name) VALUES (19320, 12298, 'Product11990');
INSERT INTO products (id, item_id, price) VALUES (11990, 19320, 198);
INSERT INTO items (id, venue_id, name) VALUES (19321, 12298, 'Product11991');
INSERT INTO products (id, item_id, price) VALUES (11991, 19321, 329);
INSERT INTO items (id, venue_id, name) VALUES (19322, 12298, 'Product11992');
INSERT INTO products (id, item_id, price) VALUES (11992, 19322, 299);
INSERT INTO items (id, venue_id, name) VALUES (19323, 12298, 'Product11993');
INSERT INTO products (id, item_id, price) VALUES (11993, 19323, 159);
INSERT INTO items (id, venue_id, name) VALUES (19324, 12298, 'Product11994');
INSERT INTO products (id, item_id, price) VALUES (11994, 19324, 299);
INSERT INTO items (id, venue_id, name) VALUES (19325, 12298, 'Product11995');
INSERT INTO products (id, item_id, price) VALUES (11995, 19325, 59);
INSERT INTO items (id, venue_id, name) VALUES (19326, 12298, 'Product11996');
INSERT INTO products (id, item_id, price) VALUES (11996, 19326, 119);
INSERT INTO items (id, venue_id, name) VALUES (19327, 12298, 'Product11997');
INSERT INTO products (id, item_id, price) VALUES (11997, 19327, 199);
INSERT INTO items (id, venue_id, name) VALUES (19328, 12298, 'Product11998');
INSERT INTO products (id, item_id, price) VALUES (11998, 19328, 0);
INSERT INTO items (id, venue_id, name) VALUES (19329, 12298, 'Product11999');
INSERT INTO products (id, item_id, price) VALUES (11999, 19329, 0);
INSERT INTO items (id, venue_id, name) VALUES (19330, 12298, 'Product12000');
INSERT INTO products (id, item_id, price) VALUES (12000, 19330, 199);
INSERT INTO items (id, venue_id, name) VALUES (19331, 12298, 'Product12001');
INSERT INTO products (id, item_id, price) VALUES (12001, 19331, 0);
INSERT INTO items (id, venue_id, name) VALUES (19332, 12298, 'Space17323');
INSERT INTO spaces (id, item_id, hour_price) VALUES (17323, 19332, 10);
INSERT INTO items (id, venue_id, name) VALUES (19333, 12298, 'Space17324');
INSERT INTO spaces (id, item_id, hour_price) VALUES (17324, 19333, 10);
INSERT INTO items (id, venue_id, name) VALUES (19334, 12298, 'Space17325');
INSERT INTO spaces (id, item_id, hour_price) VALUES (17325, 19334, 10);
INSERT INTO items (id, venue_id, name) VALUES (19337, 12298, 'Space17328');
INSERT INTO spaces (id, item_id, hour_price) VALUES (17328, 19337, 10);
INSERT INTO items (id, venue_id, name) VALUES (19338, 12298, 'Space17329');
INSERT INTO spaces (id, item_id, hour_price) VALUES (17329, 19338, 10);
INSERT INTO items (id, venue_id, name) VALUES (19339, 12298, 'Space17330');
INSERT INTO spaces (id, item_id, hour_price) VALUES (17330, 19339, 10);
INSERT INTO items (id, venue_id, name) VALUES (19340, 12298, 'Space17331');
INSERT INTO spaces (id, item_id, hour_price) VALUES (17331, 19340, 10);
INSERT INTO items (id, venue_id, name) VALUES (19341, 12298, 'Space17332');
INSERT INTO spaces (id, item_id, hour_price) VALUES (17332, 19341, 10);
INSERT INTO items (id, venue_id, name) VALUES (19342, 12298, 'Space17333');
INSERT INTO spaces (id, item_id, hour_price) VALUES (17333, 19342, 10);
INSERT INTO items (id, venue_id, name) VALUES (19344, 12298, 'Space17335');
INSERT INTO spaces (id, item_id, hour_price) VALUES (17335, 19344, 5);
INSERT INTO items (id, venue_id, name) VALUES (23715, 12298, 'Space19662');
INSERT INTO spaces (id, item_id, hour_price) VALUES (19662, 23715, 10);
INSERT INTO items (id, venue_id, name) VALUES (23796, 12298, 'Space19700');
INSERT INTO spaces (id, item_id, hour_price) VALUES (19700, 23796, 10);
INSERT INTO venues (id, name) VALUES (12307, 'Venue12307');
INSERT INTO items (id, venue_id, name) VALUES (18368, 12307, 'Space16723');
INSERT INTO spaces (id, item_id, hour_price) VALUES (16723, 18368, 0);
INSERT INTO items (id, venue_id, name) VALUES (18369, 12307, 'Space16724');
INSERT INTO spaces (id, item_id, hour_price) VALUES (16724, 18369, 0);
INSERT INTO items (id, venue_id, name) VALUES (18370, 12307, 'Space16725');
INSERT INTO spaces (id, item_id, hour_price) VALUES (16725, 18370, 0);
INSERT INTO items (id, venue_id, name) VALUES (18371, 12307, 'Space16726');
INSERT INTO spaces (id, item_id, hour_price) VALUES (16726, 18371, 0);
INSERT INTO items (id, venue_id, name) VALUES (18372, 12307, 'Space16727');
INSERT INTO spaces (id, item_id, hour_price) VALUES (16727, 18372, 0);
INSERT INTO items (id, venue_id, name) VALUES (18373, 12307, 'Space16728');
INSERT INTO spaces (id, item_id, hour_price) VALUES (16728, 18373, 0);
INSERT INTO items (id, venue_id, name) VALUES (18374, 12307, 'Space16729');
INSERT INTO spaces (id, item_id, hour_price) VALUES (16729, 18374, 49);
INSERT INTO items (id, venue_id, name) VALUES (18375, 12307, 'Product11638');
INSERT INTO products (id, item_id, price) VALUES (11638, 18375, 10.5);
INSERT INTO items (id, venue_id, name) VALUES (22136, 12307, 'Product13245');
INSERT INTO products (id, item_id, price) VALUES (13245, 22136, 20);
INSERT INTO items (id, venue_id, name) VALUES (24074, 12307, 'Product14244');
INSERT INTO products (id, item_id, price) VALUES (14244, 24074, 13.5);
INSERT INTO items (id, venue_id, name) VALUES (24075, 12307, 'Product14245');
INSERT INTO products (id, item_id, price) VALUES (14245, 24075, 17.5);
INSERT INTO items (id, venue_id, name) VALUES (24076, 12307, 'Product14246');
INSERT INTO products (id, item_id, price) VALUES (14246, 24076, 21.5);
INSERT INTO items (id, venue_id, name) VALUES (24077, 12307, 'Product14247');
INSERT INTO products (id, item_id, price) VALUES (14247, 24077, 23.5);
INSERT INTO items (id, venue_id, name) VALUES (24078, 12307, 'Product14248');
INSERT INTO products (id, item_id, price) VALUES (14248, 24078, 26);
INSERT INTO items (id, venue_id, name) VALUES (24079, 12307, 'Product14249');
INSERT INTO products (id, item_id, price) VALUES (14249, 24079, 24);
INSERT INTO items (id, venue_id, name) VALUES (24080, 12307, 'Product14250');
INSERT INTO products (id, item_id, price) VALUES (14250, 24080, 3);
INSERT INTO venues (id, name) VALUES (12313, 'Venue12313');
INSERT INTO items (id, venue_id, name) VALUES (18390, 12313, 'Space16738');
INSERT INTO spaces (id, item_id, hour_price) VALUES (16738, 18390, 0);
INSERT INTO items (id, venue_id, name) VALUES (18391, 12313, 'Space16739');
INSERT INTO spaces (id, item_id, hour_price) VALUES (16739, 18391, 0);
INSERT INTO items (id, venue_id, name) VALUES (18392, 12313, 'Space16740');
INSERT INTO spaces (id, item_id, hour_price) VALUES (16740, 18392, 0);
INSERT INTO items (id, venue_id, name) VALUES (18393, 12313, 'Space16741');
INSERT INTO spaces (id, item_id, hour_price) VALUES (16741, 18393, 0);
INSERT INTO items (id, venue_id, name) VALUES (18394, 12313, 'Space16742');
INSERT INTO spaces (id, item_id, hour_price) VALUES (16742, 18394, 0);
INSERT INTO items (id, venue_id, name) VALUES (18395, 12313, 'Space16743');
INSERT INTO spaces (id, item_id, hour_price) VALUES (16743, 18395, 0);
INSERT INTO venues (id, name) VALUES (12318, 'Venue12318');
INSERT INTO items (id, venue_id, name) VALUES (18397, 12318, 'Space16745');
INSERT INTO spaces (id, item_id, hour_price) VALUES (16745, 18397, 0);
INSERT INTO items (id, venue_id, name) VALUES (18398, 12318, 'Space16746');
INSERT INTO spaces (id, item_id, hour_price) VALUES (16746, 18398, 0);
INSERT INTO items (id, venue_id, name) VALUES (18399, 12318, 'Space16747');
INSERT INTO spaces (id, item_id, hour_price) VALUES (16747, 18399, 0);
INSERT INTO items (id, venue_id, name) VALUES (18400, 12318, 'Space16748');
INSERT INTO spaces (id, item_id, hour_price) VALUES (16748, 18400, 0);
INSERT INTO items (id, venue_id, name) VALUES (18401, 12318, 'Space16749');
INSERT INTO spaces (id, item_id, hour_price) VALUES (16749, 18401, 0);
INSERT INTO items (id, venue_id, name) VALUES (18402, 12318, 'Space16750');
INSERT INTO spaces (id, item_id, hour_price) VALUES (16750, 18402, 0);
INSERT INTO items (id, venue_id, name) VALUES (18403, 12318, 'Space16751');
INSERT INTO spaces (id, item_id, hour_price) VALUES (16751, 18403, 45);
INSERT INTO items (id, venue_id, name) VALUES (18620, 12318, 'Product11709');
INSERT INTO products (id, item_id, price) VALUES (11709, 18620, 5);
INSERT INTO items (id, venue_id, name) VALUES (18621, 12318, 'Product11710');
INSERT INTO products (id, item_id, price) VALUES (11710, 18621, 10);
INSERT INTO items (id, venue_id, name) VALUES (25429, 12318, 'Product14978');
INSERT INTO products (id, item_id, price) VALUES (14978, 25429, 25);
INSERT INTO venues (id, name) VALUES (12323, 'Venue12323');
INSERT INTO items (id, venue_id, name) VALUES (18404, 12323, 'Space16752');
INSERT INTO spaces (id, item_id, hour_price) VALUES (16752, 18404, 0);
INSERT INTO items (id, venue_id, name) VALUES (18405, 12323, 'Space16753');
INSERT INTO spaces (id, item_id, hour_price) VALUES (16753, 18405, 0);
INSERT INTO items (id, venue_id, name) VALUES (18406, 12323, 'Space16754');
INSERT INTO spaces (id, item_id, hour_price) VALUES (16754, 18406, 0);
INSERT INTO items (id, venue_id, name) VALUES (18407, 12323, 'Space16755');
INSERT INTO spaces (id, item_id, hour_price) VALUES (16755, 18407, 0);
INSERT INTO items (id, venue_id, name) VALUES (18408, 12323, 'Space16756');
INSERT INTO spaces (id, item_id, hour_price) VALUES (16756, 18408, 0);
INSERT INTO items (id, venue_id, name) VALUES (18409, 12323, 'Space16757');
INSERT INTO spaces (id, item_id, hour_price) VALUES (16757, 18409, 0);
INSERT INTO items (id, venue_id, name) VALUES (18410, 12323, 'Space16758');
INSERT INTO spaces (id, item_id, hour_price) VALUES (16758, 18410, 5);
INSERT INTO items (id, venue_id, name) VALUES (18411, 12323, 'Space16759');
INSERT INTO spaces (id, item_id, hour_price) VALUES (16759, 18411, 5);
INSERT INTO venues (id, name) VALUES (12328, 'Venue12328');
INSERT INTO items (id, venue_id, name) VALUES (18412, 12328, 'Space16760');
INSERT INTO spaces (id, item_id, hour_price) VALUES (16760, 18412, 0);
INSERT INTO items (id, venue_id, name) VALUES (18413, 12328, 'Space16761');
INSERT INTO spaces (id, item_id, hour_price) VALUES (16761, 18413, 0);
INSERT INTO items (id, venue_id, name) VALUES (18414, 12328, 'Space16762');
INSERT INTO spaces (id, item_id, hour_price) VALUES (16762, 18414, 0);
INSERT INTO items (id, venue_id, name) VALUES (18415, 12328, 'Space16763');
INSERT INTO spaces (id, item_id, hour_price) VALUES (16763, 18415, 0);
INSERT INTO items (id, venue_id, name) VALUES (18416, 12328, 'Space16764');
INSERT INTO spaces (id, item_id, hour_price) VALUES (16764, 18416, 0);
INSERT INTO items (id, venue_id, name) VALUES (18417, 12328, 'Space16765');
INSERT INTO spaces (id, item_id, hour_price) VALUES (16765, 18417, 0);
INSERT INTO items (id, venue_id, name) VALUES (18434, 12328, 'Space16782');
INSERT INTO spaces (id, item_id, hour_price) VALUES (16782, 18434, 20);
INSERT INTO venues (id, name) VALUES (12332, 'Venue12332');
INSERT INTO items (id, venue_id, name) VALUES (18418, 12332, 'Space16766');
INSERT INTO spaces (id, item_id, hour_price) VALUES (16766, 18418, 0);
INSERT INTO items (id, venue_id, name) VALUES (18419, 12332, 'Space16767');
INSERT INTO spaces (id, item_id, hour_price) VALUES (16767, 18419, 0);
INSERT INTO items (id, venue_id, name) VALUES (18420, 12332, 'Space16768');
INSERT INTO spaces (id, item_id, hour_price) VALUES (16768, 18420, 0);
INSERT INTO items (id, venue_id, name) VALUES (18421, 12332, 'Space16769');
INSERT INTO spaces (id, item_id, hour_price) VALUES (16769, 18421, 0);
INSERT INTO items (id, venue_id, name) VALUES (18422, 12332, 'Space16770');
INSERT INTO spaces (id, item_id, hour_price) VALUES (16770, 18422, 0);
INSERT INTO items (id, venue_id, name) VALUES (18423, 12332, 'Space16771');
INSERT INTO spaces (id, item_id, hour_price) VALUES (16771, 18423, 0);
INSERT INTO items (id, venue_id, name) VALUES (18424, 12332, 'Space16772');
INSERT INTO spaces (id, item_id, hour_price) VALUES (16772, 18424, 5);
INSERT INTO items (id, venue_id, name) VALUES (18425, 12332, 'Space16773');
INSERT INTO spaces (id, item_id, hour_price) VALUES (16773, 18425, 5);
INSERT INTO items (id, venue_id, name) VALUES (18426, 12332, 'Space16774');
INSERT INTO spaces (id, item_id, hour_price) VALUES (16774, 18426, 5);
INSERT INTO items (id, venue_id, name) VALUES (18427, 12332, 'Space16775');
INSERT INTO spaces (id, item_id, hour_price) VALUES (16775, 18427, 5);
INSERT INTO items (id, venue_id, name) VALUES (18428, 12332, 'Space16776');
INSERT INTO spaces (id, item_id, hour_price) VALUES (16776, 18428, 7.5);
INSERT INTO items (id, venue_id, name) VALUES (18429, 12332, 'Space16777');
INSERT INTO spaces (id, item_id, hour_price) VALUES (16777, 18429, 7.5);
INSERT INTO items (id, venue_id, name) VALUES (18430, 12332, 'Space16778');
INSERT INTO spaces (id, item_id, hour_price) VALUES (16778, 18430, 7.5);
INSERT INTO items (id, venue_id, name) VALUES (18431, 12332, 'Space16779');
INSERT INTO spaces (id, item_id, hour_price) VALUES (16779, 18431, 7.5);
INSERT INTO items (id, venue_id, name) VALUES (18432, 12332, 'Space16780');
INSERT INTO spaces (id, item_id, hour_price) VALUES (16780, 18432, 25);
INSERT INTO items (id, venue_id, name) VALUES (18433, 12332, 'Space16781');
INSERT INTO spaces (id, item_id, hour_price) VALUES (16781, 18433, 2.5);
INSERT INTO items (id, venue_id, name) VALUES (19099, 12332, 'Product11907');
INSERT INTO products (id, item_id, price) VALUES (11907, 19099, 17.5);
INSERT INTO items (id, venue_id, name) VALUES (25009, 12332, 'Product14788');
INSERT INTO products (id, item_id, price) VALUES (14788, 25009, 0);
INSERT INTO venues (id, name) VALUES (12337, 'Venue12337');
INSERT INTO items (id, venue_id, name) VALUES (18435, 12337, 'Space16783');
INSERT INTO spaces (id, item_id, hour_price) VALUES (16783, 18435, 0);
INSERT INTO items (id, venue_id, name) VALUES (18436, 12337, 'Space16784');
INSERT INTO spaces (id, item_id, hour_price) VALUES (16784, 18436, 0);
INSERT INTO items (id, venue_id, name) VALUES (18437, 12337, 'Space16785');
INSERT INTO spaces (id, item_id, hour_price) VALUES (16785, 18437, 0);
INSERT INTO items (id, venue_id, name) VALUES (18438, 12337, 'Space16786');
INSERT INTO spaces (id, item_id, hour_price) VALUES (16786, 18438, 0);
INSERT INTO items (id, venue_id, name) VALUES (18439, 12337, 'Space16787');
INSERT INTO spaces (id, item_id, hour_price) VALUES (16787, 18439, 0);
INSERT INTO items (id, venue_id, name) VALUES (18440, 12337, 'Space16788');
INSERT INTO spaces (id, item_id, hour_price) VALUES (16788, 18440, 0);
INSERT INTO items (id, venue_id, name) VALUES (18441, 12337, 'Space16789');
INSERT INTO spaces (id, item_id, hour_price) VALUES (16789, 18441, 150);
INSERT INTO items (id, venue_id, name) VALUES (18442, 12337, 'Space16790');
INSERT INTO spaces (id, item_id, hour_price) VALUES (16790, 18442, 120);
INSERT INTO items (id, venue_id, name) VALUES (18457, 12337, 'Space16805');
INSERT INTO spaces (id, item_id, hour_price) VALUES (16805, 18457, 120);
INSERT INTO venues (id, name) VALUES (12342, 'Venue12342');
INSERT INTO items (id, venue_id, name) VALUES (18443, 12342, 'Space16791');
INSERT INTO spaces (id, item_id, hour_price) VALUES (16791, 18443, 0);
INSERT INTO items (id, venue_id, name) VALUES (18444, 12342, 'Space16792');
INSERT INTO spaces (id, item_id, hour_price) VALUES (16792, 18444, 0);
INSERT INTO items (id, venue_id, name) VALUES (18445, 12342, 'Space16793');
INSERT INTO spaces (id, item_id, hour_price) VALUES (16793, 18445, 0);
INSERT INTO items (id, venue_id, name) VALUES (18446, 12342, 'Space16794');
INSERT INTO spaces (id, item_id, hour_price) VALUES (16794, 18446, 0);
INSERT INTO items (id, venue_id, name) VALUES (18447, 12342, 'Space16795');
INSERT INTO spaces (id, item_id, hour_price) VALUES (16795, 18447, 0);
INSERT INTO items (id, venue_id, name) VALUES (18448, 12342, 'Space16796');
INSERT INTO spaces (id, item_id, hour_price) VALUES (16796, 18448, 0);
INSERT INTO items (id, venue_id, name) VALUES (18449, 12342, 'Space16797');
INSERT INTO spaces (id, item_id, hour_price) VALUES (16797, 18449, 10);
INSERT INTO venues (id, name) VALUES (12343, 'Venue12343');
INSERT INTO items (id, venue_id, name) VALUES (18450, 12343, 'Space16798');
INSERT INTO spaces (id, item_id, hour_price) VALUES (16798, 18450, 0);
INSERT INTO items (id, venue_id, name) VALUES (18451, 12343, 'Space16799');
INSERT INTO spaces (id, item_id, hour_price) VALUES (16799, 18451, 0);
INSERT INTO items (id, venue_id, name) VALUES (18452, 12343, 'Space16800');
INSERT INTO spaces (id, item_id, hour_price) VALUES (16800, 18452, 0);
INSERT INTO items (id, venue_id, name) VALUES (18453, 12343, 'Space16801');
INSERT INTO spaces (id, item_id, hour_price) VALUES (16801, 18453, 0);
INSERT INTO items (id, venue_id, name) VALUES (18454, 12343, 'Space16802');
INSERT INTO spaces (id, item_id, hour_price) VALUES (16802, 18454, 0);
INSERT INTO items (id, venue_id, name) VALUES (18455, 12343, 'Space16803');
INSERT INTO spaces (id, item_id, hour_price) VALUES (16803, 18455, 0);
INSERT INTO venues (id, name) VALUES (12347, 'Venue12347');
INSERT INTO items (id, venue_id, name) VALUES (18462, 12347, 'Space16808');
INSERT INTO spaces (id, item_id, hour_price) VALUES (16808, 18462, 0);
INSERT INTO items (id, venue_id, name) VALUES (18463, 12347, 'Space16809');
INSERT INTO spaces (id, item_id, hour_price) VALUES (16809, 18463, 0);
INSERT INTO items (id, venue_id, name) VALUES (18464, 12347, 'Space16810');
INSERT INTO spaces (id, item_id, hour_price) VALUES (16810, 18464, 0);
INSERT INTO items (id, venue_id, name) VALUES (18465, 12347, 'Space16811');
INSERT INTO spaces (id, item_id, hour_price) VALUES (16811, 18465, 0);
INSERT INTO items (id, venue_id, name) VALUES (18466, 12347, 'Space16812');
INSERT INTO spaces (id, item_id, hour_price) VALUES (16812, 18466, 0);
INSERT INTO items (id, venue_id, name) VALUES (18467, 12347, 'Space16813');
INSERT INTO spaces (id, item_id, hour_price) VALUES (16813, 18467, 0);
INSERT INTO items (id, venue_id, name) VALUES (23325, 12347, 'Product13864');
INSERT INTO products (id, item_id, price) VALUES (13864, 23325, 7.31);
INSERT INTO items (id, venue_id, name) VALUES (23326, 12347, 'Product13865');
INSERT INTO products (id, item_id, price) VALUES (13865, 23326, 28.25);
INSERT INTO items (id, venue_id, name) VALUES (23327, 12347, 'Product13866');
INSERT INTO products (id, item_id, price) VALUES (13866, 23327, 15.05);
INSERT INTO items (id, venue_id, name) VALUES (23328, 12347, 'Product13867');
INSERT INTO products (id, item_id, price) VALUES (13867, 23328, 14.62);
INSERT INTO items (id, venue_id, name) VALUES (23329, 12347, 'Product13868');
INSERT INTO products (id, item_id, price) VALUES (13868, 23329, 21.23);
INSERT INTO items (id, venue_id, name) VALUES (23330, 12347, 'Product13869');
INSERT INTO products (id, item_id, price) VALUES (13869, 23330, 3.3);
INSERT INTO items (id, venue_id, name) VALUES (23351, 12347, 'Space19466');
INSERT INTO spaces (id, item_id, hour_price) VALUES (19466, 23351, 0);
INSERT INTO items (id, venue_id, name) VALUES (23352, 12347, 'Space19467');
INSERT INTO spaces (id, item_id, hour_price) VALUES (19467, 23352, 60);
INSERT INTO items (id, venue_id, name) VALUES (23966, 12347, 'Product14183');
INSERT INTO products (id, item_id, price) VALUES (14183, 23966, 3.77);
INSERT INTO items (id, venue_id, name) VALUES (23967, 12347, 'Product14184');
INSERT INTO products (id, item_id, price) VALUES (14184, 23967, 8.96);
INSERT INTO items (id, venue_id, name) VALUES (25715, 12347, 'Product15156');
INSERT INTO products (id, item_id, price) VALUES (15156, 25715, 4.95);
INSERT INTO items (id, venue_id, name) VALUES (25719, 12347, 'Product15160');
INSERT INTO products (id, item_id, price) VALUES (15160, 25719, 4.48);
INSERT INTO venues (id, name) VALUES (12353, 'Venue12353');
INSERT INTO items (id, venue_id, name) VALUES (18474, 12353, 'Space16815');
INSERT INTO spaces (id, item_id, hour_price) VALUES (16815, 18474, 0);
INSERT INTO items (id, venue_id, name) VALUES (18475, 12353, 'Space16816');
INSERT INTO spaces (id, item_id, hour_price) VALUES (16816, 18475, 0);
INSERT INTO items (id, venue_id, name) VALUES (18476, 12353, 'Space16817');
INSERT INTO spaces (id, item_id, hour_price) VALUES (16817, 18476, 0);
INSERT INTO items (id, venue_id, name) VALUES (18477, 12353, 'Space16818');
INSERT INTO spaces (id, item_id, hour_price) VALUES (16818, 18477, 0);
INSERT INTO items (id, venue_id, name) VALUES (18478, 12353, 'Space16819');
INSERT INTO spaces (id, item_id, hour_price) VALUES (16819, 18478, 0);
INSERT INTO items (id, venue_id, name) VALUES (18479, 12353, 'Space16820');
INSERT INTO spaces (id, item_id, hour_price) VALUES (16820, 18479, 0);
INSERT INTO items (id, venue_id, name) VALUES (18489, 12353, 'Space16830');
INSERT INTO spaces (id, item_id, hour_price) VALUES (16830, 18489, 10);
INSERT INTO items (id, venue_id, name) VALUES (18497, 12353, 'Space16838');
INSERT INTO spaces (id, item_id, hour_price) VALUES (16838, 18497, 22.5);
INSERT INTO items (id, venue_id, name) VALUES (18499, 12353, 'Space16840');
INSERT INTO spaces (id, item_id, hour_price) VALUES (16840, 18499, 32.5);
INSERT INTO items (id, venue_id, name) VALUES (18551, 12353, 'Product11697');
INSERT INTO products (id, item_id, price) VALUES (11697, 18551, 14.25);
INSERT INTO items (id, venue_id, name) VALUES (18552, 12353, 'Product11698');
INSERT INTO products (id, item_id, price) VALUES (11698, 18552, 8);
INSERT INTO items (id, venue_id, name) VALUES (20178, 12353, 'Product12286');
INSERT INTO products (id, item_id, price) VALUES (12286, 20178, 3.5);
INSERT INTO items (id, venue_id, name) VALUES (20179, 12353, 'Product12287');
INSERT INTO products (id, item_id, price) VALUES (12287, 20179, 5.25);
INSERT INTO items (id, venue_id, name) VALUES (20180, 12353, 'Product12288');
INSERT INTO products (id, item_id, price) VALUES (12288, 20180, 10.5);
INSERT INTO items (id, venue_id, name) VALUES (20181, 12353, 'Product12289');
INSERT INTO products (id, item_id, price) VALUES (12289, 20181, 14.25);
INSERT INTO items (id, venue_id, name) VALUES (20183, 12353, 'Space17886');
INSERT INTO spaces (id, item_id, hour_price) VALUES (17886, 20183, 45);
INSERT INTO items (id, venue_id, name) VALUES (20184, 12353, 'Space17887');
INSERT INTO spaces (id, item_id, hour_price) VALUES (17887, 20184, 45);
INSERT INTO items (id, venue_id, name) VALUES (20185, 12353, 'Space17888');
INSERT INTO spaces (id, item_id, hour_price) VALUES (17888, 20185, 45);
INSERT INTO items (id, venue_id, name) VALUES (20186, 12353, 'Space17889');
INSERT INTO spaces (id, item_id, hour_price) VALUES (17889, 20186, 40);
INSERT INTO items (id, venue_id, name) VALUES (20193, 12353, 'Space17896');
INSERT INTO spaces (id, item_id, hour_price) VALUES (17896, 20193, 45);
INSERT INTO venues (id, name) VALUES (12358, 'Venue12358');
INSERT INTO items (id, venue_id, name) VALUES (18491, 12358, 'Space16832');
INSERT INTO spaces (id, item_id, hour_price) VALUES (16832, 18491, 0);
INSERT INTO items (id, venue_id, name) VALUES (18492, 12358, 'Space16833');
INSERT INTO spaces (id, item_id, hour_price) VALUES (16833, 18492, 0);
INSERT INTO items (id, venue_id, name) VALUES (18493, 12358, 'Space16834');
INSERT INTO spaces (id, item_id, hour_price) VALUES (16834, 18493, 0);
INSERT INTO items (id, venue_id, name) VALUES (18494, 12358, 'Space16835');
INSERT INTO spaces (id, item_id, hour_price) VALUES (16835, 18494, 0);
INSERT INTO items (id, venue_id, name) VALUES (18495, 12358, 'Space16836');
INSERT INTO spaces (id, item_id, hour_price) VALUES (16836, 18495, 0);
INSERT INTO items (id, venue_id, name) VALUES (18496, 12358, 'Space16837');
INSERT INTO spaces (id, item_id, hour_price) VALUES (16837, 18496, 0);
INSERT INTO items (id, venue_id, name) VALUES (18498, 12358, 'Space16839');
INSERT INTO spaces (id, item_id, hour_price) VALUES (16839, 18498, 10);
INSERT INTO venues (id, name) VALUES (12366, 'Venue12366');
INSERT INTO items (id, venue_id, name) VALUES (18553, 12366, 'Space16847');
INSERT INTO spaces (id, item_id, hour_price) VALUES (16847, 18553, 0);
INSERT INTO items (id, venue_id, name) VALUES (18554, 12366, 'Space16848');
INSERT INTO spaces (id, item_id, hour_price) VALUES (16848, 18554, 0);
INSERT INTO items (id, venue_id, name) VALUES (18555, 12366, 'Space16849');
INSERT INTO spaces (id, item_id, hour_price) VALUES (16849, 18555, 0);
INSERT INTO items (id, venue_id, name) VALUES (18556, 12366, 'Space16850');
INSERT INTO spaces (id, item_id, hour_price) VALUES (16850, 18556, 0);
INSERT INTO items (id, venue_id, name) VALUES (18557, 12366, 'Space16851');
INSERT INTO spaces (id, item_id, hour_price) VALUES (16851, 18557, 0);
INSERT INTO items (id, venue_id, name) VALUES (18558, 12366, 'Space16852');
INSERT INTO spaces (id, item_id, hour_price) VALUES (16852, 18558, 0);
INSERT INTO items (id, venue_id, name) VALUES (18559, 12366, 'Space16853');
INSERT INTO spaces (id, item_id, hour_price) VALUES (16853, 18559, 80);
INSERT INTO items (id, venue_id, name) VALUES (18560, 12366, 'Space16854');
INSERT INTO spaces (id, item_id, hour_price) VALUES (16854, 18560, 70);
INSERT INTO items (id, venue_id, name) VALUES (18561, 12366, 'Space16855');
INSERT INTO spaces (id, item_id, hour_price) VALUES (16855, 18561, 60);
INSERT INTO items (id, venue_id, name) VALUES (18562, 12366, 'Space16856');
INSERT INTO spaces (id, item_id, hour_price) VALUES (16856, 18562, 100);
INSERT INTO items (id, venue_id, name) VALUES (18563, 12366, 'Space16857');
INSERT INTO spaces (id, item_id, hour_price) VALUES (16857, 18563, 35);
INSERT INTO items (id, venue_id, name) VALUES (18564, 12366, 'Space16858');
INSERT INTO spaces (id, item_id, hour_price) VALUES (16858, 18564, 20);
INSERT INTO items (id, venue_id, name) VALUES (18565, 12366, 'Space16859');
INSERT INTO spaces (id, item_id, hour_price) VALUES (16859, 18565, 15);
INSERT INTO items (id, venue_id, name) VALUES (18566, 12366, 'Space16860');
INSERT INTO spaces (id, item_id, hour_price) VALUES (16860, 18566, 20);
INSERT INTO items (id, venue_id, name) VALUES (18567, 12366, 'Space16861');
INSERT INTO spaces (id, item_id, hour_price) VALUES (16861, 18567, 0);
INSERT INTO items (id, venue_id, name) VALUES (18568, 12366, 'Product11699');
INSERT INTO products (id, item_id, price) VALUES (11699, 18568, 7.5);
INSERT INTO items (id, venue_id, name) VALUES (18569, 12366, 'Product11700');
INSERT INTO products (id, item_id, price) VALUES (11700, 18569, 11);
INSERT INTO items (id, venue_id, name) VALUES (18570, 12366, 'Product11701');
INSERT INTO products (id, item_id, price) VALUES (11701, 18570, 14.5);
INSERT INTO items (id, venue_id, name) VALUES (18571, 12366, 'Product11702');
INSERT INTO products (id, item_id, price) VALUES (11702, 18571, 16);
INSERT INTO items (id, venue_id, name) VALUES (18572, 12366, 'Product11703');
INSERT INTO products (id, item_id, price) VALUES (11703, 18572, 6);
INSERT INTO items (id, venue_id, name) VALUES (18573, 12366, 'Product11704');
INSERT INTO products (id, item_id, price) VALUES (11704, 18573, 9);
INSERT INTO items (id, venue_id, name) VALUES (18574, 12366, 'Product11705');
INSERT INTO products (id, item_id, price) VALUES (11705, 18574, 12.5);
INSERT INTO venues (id, name) VALUES (12376, 'Venue12376');
INSERT INTO items (id, venue_id, name) VALUES (18582, 12376, 'Space16869');
INSERT INTO spaces (id, item_id, hour_price) VALUES (16869, 18582, 0);
INSERT INTO items (id, venue_id, name) VALUES (18583, 12376, 'Space16870');
INSERT INTO spaces (id, item_id, hour_price) VALUES (16870, 18583, 0);
INSERT INTO items (id, venue_id, name) VALUES (18584, 12376, 'Space16871');
INSERT INTO spaces (id, item_id, hour_price) VALUES (16871, 18584, 0);
INSERT INTO items (id, venue_id, name) VALUES (18585, 12376, 'Space16872');
INSERT INTO spaces (id, item_id, hour_price) VALUES (16872, 18585, 0);
INSERT INTO items (id, venue_id, name) VALUES (18586, 12376, 'Space16873');
INSERT INTO spaces (id, item_id, hour_price) VALUES (16873, 18586, 0);
INSERT INTO items (id, venue_id, name) VALUES (18587, 12376, 'Space16874');
INSERT INTO spaces (id, item_id, hour_price) VALUES (16874, 18587, 0);
INSERT INTO items (id, venue_id, name) VALUES (18588, 12376, 'Space16875');
INSERT INTO spaces (id, item_id, hour_price) VALUES (16875, 18588, 20.8);
INSERT INTO items (id, venue_id, name) VALUES (18589, 12376, 'Space16876');
INSERT INTO spaces (id, item_id, hour_price) VALUES (16876, 18589, 20.8);
INSERT INTO items (id, venue_id, name) VALUES (18590, 12376, 'Space16877');
INSERT INTO spaces (id, item_id, hour_price) VALUES (16877, 18590, 31.87);
INSERT INTO items (id, venue_id, name) VALUES (18591, 12376, 'Space16878');
INSERT INTO spaces (id, item_id, hour_price) VALUES (16878, 18591, 2.53);
INSERT INTO items (id, venue_id, name) VALUES (18592, 12376, 'Space16879');
INSERT INTO spaces (id, item_id, hour_price) VALUES (16879, 18592, 4.67);
INSERT INTO items (id, venue_id, name) VALUES (18593, 12376, 'Space16880');
INSERT INTO spaces (id, item_id, hour_price) VALUES (16880, 18593, 14);
INSERT INTO venues (id, name) VALUES (12381, 'Venue12381');
INSERT INTO items (id, venue_id, name) VALUES (18596, 12381, 'Space16882');
INSERT INTO spaces (id, item_id, hour_price) VALUES (16882, 18596, 0);
INSERT INTO items (id, venue_id, name) VALUES (18597, 12381, 'Space16883');
INSERT INTO spaces (id, item_id, hour_price) VALUES (16883, 18597, 0);
INSERT INTO items (id, venue_id, name) VALUES (18598, 12381, 'Space16884');
INSERT INTO spaces (id, item_id, hour_price) VALUES (16884, 18598, 0);
INSERT INTO items (id, venue_id, name) VALUES (18599, 12381, 'Space16885');
INSERT INTO spaces (id, item_id, hour_price) VALUES (16885, 18599, 0);
INSERT INTO items (id, venue_id, name) VALUES (18600, 12381, 'Space16886');
INSERT INTO spaces (id, item_id, hour_price) VALUES (16886, 18600, 0);
INSERT INTO items (id, venue_id, name) VALUES (18601, 12381, 'Space16887');
INSERT INTO spaces (id, item_id, hour_price) VALUES (16887, 18601, 0);
INSERT INTO items (id, venue_id, name) VALUES (18602, 12381, 'Space16888');
INSERT INTO spaces (id, item_id, hour_price) VALUES (16888, 18602, 18.75);
INSERT INTO items (id, venue_id, name) VALUES (27742, 12381, 'Product16220');
INSERT INTO products (id, item_id, price) VALUES (16220, 27742, 1.95);
INSERT INTO items (id, venue_id, name) VALUES (27745, 12381, 'Product16223');
INSERT INTO products (id, item_id, price) VALUES (16223, 27745, 10);
INSERT INTO items (id, venue_id, name) VALUES (27751, 12381, 'Product16224');
INSERT INTO products (id, item_id, price) VALUES (16224, 27751, 5);
INSERT INTO venues (id, name) VALUES (12385, 'Venue12385');
INSERT INTO items (id, venue_id, name) VALUES (18604, 12385, 'Space16890');
INSERT INTO spaces (id, item_id, hour_price) VALUES (16890, 18604, 0);
INSERT INTO items (id, venue_id, name) VALUES (18605, 12385, 'Space16891');
INSERT INTO spaces (id, item_id, hour_price) VALUES (16891, 18605, 0);
INSERT INTO items (id, venue_id, name) VALUES (18606, 12385, 'Space16892');
INSERT INTO spaces (id, item_id, hour_price) VALUES (16892, 18606, 0);
INSERT INTO items (id, venue_id, name) VALUES (18607, 12385, 'Space16893');
INSERT INTO spaces (id, item_id, hour_price) VALUES (16893, 18607, 0);
INSERT INTO items (id, venue_id, name) VALUES (18608, 12385, 'Space16894');
INSERT INTO spaces (id, item_id, hour_price) VALUES (16894, 18608, 0);
INSERT INTO items (id, venue_id, name) VALUES (18609, 12385, 'Space16895');
INSERT INTO spaces (id, item_id, hour_price) VALUES (16895, 18609, 0);
INSERT INTO items (id, venue_id, name) VALUES (18610, 12385, 'Space16896');
INSERT INTO spaces (id, item_id, hour_price) VALUES (16896, 18610, 40);
INSERT INTO venues (id, name) VALUES (12390, 'Venue12390');
INSERT INTO items (id, venue_id, name) VALUES (18612, 12390, 'Space16897');
INSERT INTO spaces (id, item_id, hour_price) VALUES (16897, 18612, 0);
INSERT INTO items (id, venue_id, name) VALUES (18613, 12390, 'Space16898');
INSERT INTO spaces (id, item_id, hour_price) VALUES (16898, 18613, 0);
INSERT INTO items (id, venue_id, name) VALUES (18614, 12390, 'Space16899');
INSERT INTO spaces (id, item_id, hour_price) VALUES (16899, 18614, 0);
INSERT INTO items (id, venue_id, name) VALUES (18615, 12390, 'Space16900');
INSERT INTO spaces (id, item_id, hour_price) VALUES (16900, 18615, 0);
INSERT INTO items (id, venue_id, name) VALUES (18616, 12390, 'Space16901');
INSERT INTO spaces (id, item_id, hour_price) VALUES (16901, 18616, 0);
INSERT INTO items (id, venue_id, name) VALUES (18617, 12390, 'Space16902');
INSERT INTO spaces (id, item_id, hour_price) VALUES (16902, 18617, 0);
INSERT INTO items (id, venue_id, name) VALUES (18622, 12390, 'Space16904');
INSERT INTO spaces (id, item_id, hour_price) VALUES (16904, 18622, 40);
INSERT INTO items (id, venue_id, name) VALUES (18627, 12390, 'Space16905');
INSERT INTO spaces (id, item_id, hour_price) VALUES (16905, 18627, 24);
INSERT INTO items (id, venue_id, name) VALUES (18628, 12390, 'Space16906');
INSERT INTO spaces (id, item_id, hour_price) VALUES (16906, 18628, 20);
INSERT INTO items (id, venue_id, name) VALUES (18629, 12390, 'Space16907');
INSERT INTO spaces (id, item_id, hour_price) VALUES (16907, 18629, 12.5);
INSERT INTO items (id, venue_id, name) VALUES (18674, 12390, 'Product11735');
INSERT INTO products (id, item_id, price) VALUES (11735, 18674, 25);
INSERT INTO items (id, venue_id, name) VALUES (19565, 12390, 'Product12081');
INSERT INTO products (id, item_id, price) VALUES (12081, 19565, 10.6);
INSERT INTO items (id, venue_id, name) VALUES (19566, 12390, 'Product12082');
INSERT INTO products (id, item_id, price) VALUES (12082, 19566, 6.4);
INSERT INTO items (id, venue_id, name) VALUES (19567, 12390, 'Product12083');
INSERT INTO products (id, item_id, price) VALUES (12083, 19567, 8.6);
INSERT INTO items (id, venue_id, name) VALUES (19568, 12390, 'Product12084');
INSERT INTO products (id, item_id, price) VALUES (12084, 19568, 9.1);
INSERT INTO items (id, venue_id, name) VALUES (19569, 12390, 'Product12085');
INSERT INTO products (id, item_id, price) VALUES (12085, 19569, 10.1);
INSERT INTO items (id, venue_id, name) VALUES (19570, 12390, 'Product12086');
INSERT INTO products (id, item_id, price) VALUES (12086, 19570, 12.2);
INSERT INTO items (id, venue_id, name) VALUES (19571, 12390, 'Product12087');
INSERT INTO products (id, item_id, price) VALUES (12087, 19571, 13.4);
INSERT INTO items (id, venue_id, name) VALUES (19572, 12390, 'Product12088');
INSERT INTO products (id, item_id, price) VALUES (12088, 19572, 10);
INSERT INTO items (id, venue_id, name) VALUES (19573, 12390, 'Product12089');
INSERT INTO products (id, item_id, price) VALUES (12089, 19573, 12.1);
INSERT INTO items (id, venue_id, name) VALUES (19574, 12390, 'Product12090');
INSERT INTO products (id, item_id, price) VALUES (12090, 19574, 10.3);
INSERT INTO items (id, venue_id, name) VALUES (19575, 12390, 'Product12091');
INSERT INTO products (id, item_id, price) VALUES (12091, 19575, 10.6);
INSERT INTO items (id, venue_id, name) VALUES (19576, 12390, 'Product12092');
INSERT INTO products (id, item_id, price) VALUES (12092, 19576, 10.8);
INSERT INTO items (id, venue_id, name) VALUES (19577, 12390, 'Product12093');
INSERT INTO products (id, item_id, price) VALUES (12093, 19577, 15);
INSERT INTO items (id, venue_id, name) VALUES (19578, 12390, 'Product12094');
INSERT INTO products (id, item_id, price) VALUES (12094, 19578, 5);
INSERT INTO items (id, venue_id, name) VALUES (19579, 12390, 'Product12095');
INSERT INTO products (id, item_id, price) VALUES (12095, 19579, 4.4);
INSERT INTO items (id, venue_id, name) VALUES (19589, 12390, 'Product12098');
INSERT INTO products (id, item_id, price) VALUES (12098, 19589, 23.3);
INSERT INTO items (id, venue_id, name) VALUES (19590, 12390, 'Product12099');
INSERT INTO products (id, item_id, price) VALUES (12099, 19590, 23.3);
INSERT INTO items (id, venue_id, name) VALUES (19591, 12390, 'Product12100');
INSERT INTO products (id, item_id, price) VALUES (12100, 19591, 23.3);
INSERT INTO items (id, venue_id, name) VALUES (19720, 12390, 'Product12148');
INSERT INTO products (id, item_id, price) VALUES (12148, 19720, 1.25);
INSERT INTO items (id, venue_id, name) VALUES (19721, 12390, 'Product12149');
INSERT INTO products (id, item_id, price) VALUES (12149, 19721, 1.5);
INSERT INTO items (id, venue_id, name) VALUES (20149, 12390, 'Space17860');
INSERT INTO spaces (id, item_id, hour_price) VALUES (17860, 20149, 14.67);
INSERT INTO items (id, venue_id, name) VALUES (21406, 12390, 'Product12851');
INSERT INTO products (id, item_id, price) VALUES (12851, 21406, 35);
INSERT INTO items (id, venue_id, name) VALUES (23678, 12390, 'Product14012');
INSERT INTO products (id, item_id, price) VALUES (14012, 23678, 20);
INSERT INTO items (id, venue_id, name) VALUES (27673, 12390, 'Space21481');
INSERT INTO spaces (id, item_id, hour_price) VALUES (21481, 27673, 10);
INSERT INTO venues (id, name) VALUES (12395, 'Venue12395');
INSERT INTO items (id, venue_id, name) VALUES (18642, 12395, 'Space16909');
INSERT INTO spaces (id, item_id, hour_price) VALUES (16909, 18642, 0);
INSERT INTO items (id, venue_id, name) VALUES (18643, 12395, 'Space16910');
INSERT INTO spaces (id, item_id, hour_price) VALUES (16910, 18643, 0);
INSERT INTO items (id, venue_id, name) VALUES (18644, 12395, 'Space16911');
INSERT INTO spaces (id, item_id, hour_price) VALUES (16911, 18644, 0);
INSERT INTO items (id, venue_id, name) VALUES (18645, 12395, 'Space16912');
INSERT INTO spaces (id, item_id, hour_price) VALUES (16912, 18645, 0);
INSERT INTO items (id, venue_id, name) VALUES (18646, 12395, 'Space16913');
INSERT INTO spaces (id, item_id, hour_price) VALUES (16913, 18646, 0);
INSERT INTO items (id, venue_id, name) VALUES (18647, 12395, 'Space16914');
INSERT INTO spaces (id, item_id, hour_price) VALUES (16914, 18647, 0);
INSERT INTO items (id, venue_id, name) VALUES (18648, 12395, 'Space16915');
INSERT INTO spaces (id, item_id, hour_price) VALUES (16915, 18648, 36);
INSERT INTO items (id, venue_id, name) VALUES (18649, 12395, 'Space16916');
INSERT INTO spaces (id, item_id, hour_price) VALUES (16916, 18649, 36);
INSERT INTO items (id, venue_id, name) VALUES (18650, 12395, 'Space16917');
INSERT INTO spaces (id, item_id, hour_price) VALUES (16917, 18650, 36);
INSERT INTO items (id, venue_id, name) VALUES (18652, 12395, 'Space16919');
INSERT INTO spaces (id, item_id, hour_price) VALUES (16919, 18652, 15);
INSERT INTO items (id, venue_id, name) VALUES (18653, 12395, 'Space16920');
INSERT INTO spaces (id, item_id, hour_price) VALUES (16920, 18653, 16);
INSERT INTO items (id, venue_id, name) VALUES (18654, 12395, 'Space16921');
INSERT INTO spaces (id, item_id, hour_price) VALUES (16921, 18654, 50);
INSERT INTO items (id, venue_id, name) VALUES (18655, 12395, 'Product11726');
INSERT INTO products (id, item_id, price) VALUES (11726, 18655, 10);
INSERT INTO items (id, venue_id, name) VALUES (18656, 12395, 'Product11727');
INSERT INTO products (id, item_id, price) VALUES (11727, 18656, 20);
INSERT INTO items (id, venue_id, name) VALUES (18657, 12395, 'Product11728');
INSERT INTO products (id, item_id, price) VALUES (11728, 18657, 10);
INSERT INTO items (id, venue_id, name) VALUES (18658, 12395, 'Product11729');
INSERT INTO products (id, item_id, price) VALUES (11729, 18658, 5);
INSERT INTO items (id, venue_id, name) VALUES (18660, 12395, 'Product11731');
INSERT INTO products (id, item_id, price) VALUES (11731, 18660, 12.5);
INSERT INTO items (id, venue_id, name) VALUES (18918, 12395, 'Space17061');
INSERT INTO spaces (id, item_id, hour_price) VALUES (17061, 18918, 16);
INSERT INTO items (id, venue_id, name) VALUES (18919, 12395, 'Space17062');
INSERT INTO spaces (id, item_id, hour_price) VALUES (17062, 18919, 16);
INSERT INTO items (id, venue_id, name) VALUES (18920, 12395, 'Space17063');
INSERT INTO spaces (id, item_id, hour_price) VALUES (17063, 18920, 16);
INSERT INTO items (id, venue_id, name) VALUES (18921, 12395, 'Product11850');
INSERT INTO products (id, item_id, price) VALUES (11850, 18921, 12.5);
INSERT INTO items (id, venue_id, name) VALUES (18928, 12395, 'Product11851');
INSERT INTO products (id, item_id, price) VALUES (11851, 18928, 10);
INSERT INTO items (id, venue_id, name) VALUES (25310, 12395, 'Space20377');
INSERT INTO spaces (id, item_id, hour_price) VALUES (20377, 25310, 40);
INSERT INTO venues (id, name) VALUES (12399, 'Venue12399');
INSERT INTO items (id, venue_id, name) VALUES (18665, 12399, 'Space16923');
INSERT INTO spaces (id, item_id, hour_price) VALUES (16923, 18665, 0);
INSERT INTO items (id, venue_id, name) VALUES (18666, 12399, 'Space16924');
INSERT INTO spaces (id, item_id, hour_price) VALUES (16924, 18666, 0);
INSERT INTO items (id, venue_id, name) VALUES (18667, 12399, 'Space16925');
INSERT INTO spaces (id, item_id, hour_price) VALUES (16925, 18667, 0);
INSERT INTO items (id, venue_id, name) VALUES (18668, 12399, 'Space16926');
INSERT INTO spaces (id, item_id, hour_price) VALUES (16926, 18668, 0);
INSERT INTO items (id, venue_id, name) VALUES (18669, 12399, 'Space16927');
INSERT INTO spaces (id, item_id, hour_price) VALUES (16927, 18669, 0);
INSERT INTO items (id, venue_id, name) VALUES (18670, 12399, 'Space16928');
INSERT INTO spaces (id, item_id, hour_price) VALUES (16928, 18670, 0);
INSERT INTO items (id, venue_id, name) VALUES (18692, 12399, 'Space16947');
INSERT INTO spaces (id, item_id, hour_price) VALUES (16947, 18692, 15);
INSERT INTO venues (id, name) VALUES (12403, 'Venue12403');
INSERT INTO items (id, venue_id, name) VALUES (18675, 12403, 'Space16932');
INSERT INTO spaces (id, item_id, hour_price) VALUES (16932, 18675, 0);
INSERT INTO items (id, venue_id, name) VALUES (18676, 12403, 'Space16933');
INSERT INTO spaces (id, item_id, hour_price) VALUES (16933, 18676, 0);
INSERT INTO items (id, venue_id, name) VALUES (18677, 12403, 'Space16934');
INSERT INTO spaces (id, item_id, hour_price) VALUES (16934, 18677, 0);
INSERT INTO items (id, venue_id, name) VALUES (18678, 12403, 'Space16935');
INSERT INTO spaces (id, item_id, hour_price) VALUES (16935, 18678, 0);
INSERT INTO items (id, venue_id, name) VALUES (18679, 12403, 'Space16936');
INSERT INTO spaces (id, item_id, hour_price) VALUES (16936, 18679, 0);
INSERT INTO items (id, venue_id, name) VALUES (18680, 12403, 'Space16937');
INSERT INTO spaces (id, item_id, hour_price) VALUES (16937, 18680, 0);
INSERT INTO items (id, venue_id, name) VALUES (18681, 12403, 'Space16938');
INSERT INTO spaces (id, item_id, hour_price) VALUES (16938, 18681, 80);
INSERT INTO items (id, venue_id, name) VALUES (18682, 12403, 'Space16939');
INSERT INTO spaces (id, item_id, hour_price) VALUES (16939, 18682, 0);
INSERT INTO items (id, venue_id, name) VALUES (18683, 12403, 'Space16940');
INSERT INTO spaces (id, item_id, hour_price) VALUES (16940, 18683, 0);
INSERT INTO items (id, venue_id, name) VALUES (18684, 12403, 'Product11736');
INSERT INTO products (id, item_id, price) VALUES (11736, 18684, 14.5);
INSERT INTO items (id, venue_id, name) VALUES (18685, 12403, 'Product11737');
INSERT INTO products (id, item_id, price) VALUES (11737, 18685, 14.5);
INSERT INTO venues (id, name) VALUES (12404, 'Venue12404');
INSERT INTO items (id, venue_id, name) VALUES (18686, 12404, 'Space16941');
INSERT INTO spaces (id, item_id, hour_price) VALUES (16941, 18686, 0);
INSERT INTO items (id, venue_id, name) VALUES (18687, 12404, 'Space16942');
INSERT INTO spaces (id, item_id, hour_price) VALUES (16942, 18687, 0);
INSERT INTO items (id, venue_id, name) VALUES (18688, 12404, 'Space16943');
INSERT INTO spaces (id, item_id, hour_price) VALUES (16943, 18688, 0);
INSERT INTO items (id, venue_id, name) VALUES (18689, 12404, 'Space16944');
INSERT INTO spaces (id, item_id, hour_price) VALUES (16944, 18689, 0);
INSERT INTO items (id, venue_id, name) VALUES (18690, 12404, 'Space16945');
INSERT INTO spaces (id, item_id, hour_price) VALUES (16945, 18690, 0);
INSERT INTO items (id, venue_id, name) VALUES (18691, 12404, 'Space16946');
INSERT INTO spaces (id, item_id, hour_price) VALUES (16946, 18691, 0);
INSERT INTO venues (id, name) VALUES (12406, 'Venue12406');
INSERT INTO items (id, venue_id, name) VALUES (18712, 12406, 'Space16953');
INSERT INTO spaces (id, item_id, hour_price) VALUES (16953, 18712, 0);
INSERT INTO items (id, venue_id, name) VALUES (18713, 12406, 'Space16954');
INSERT INTO spaces (id, item_id, hour_price) VALUES (16954, 18713, 0);
INSERT INTO items (id, venue_id, name) VALUES (18714, 12406, 'Space16955');
INSERT INTO spaces (id, item_id, hour_price) VALUES (16955, 18714, 0);
INSERT INTO items (id, venue_id, name) VALUES (18715, 12406, 'Space16956');
INSERT INTO spaces (id, item_id, hour_price) VALUES (16956, 18715, 0);
INSERT INTO items (id, venue_id, name) VALUES (18716, 12406, 'Space16957');
INSERT INTO spaces (id, item_id, hour_price) VALUES (16957, 18716, 0);
INSERT INTO items (id, venue_id, name) VALUES (18717, 12406, 'Space16958');
INSERT INTO spaces (id, item_id, hour_price) VALUES (16958, 18717, 0);
INSERT INTO items (id, venue_id, name) VALUES (18718, 12406, 'Space16959');
INSERT INTO spaces (id, item_id, hour_price) VALUES (16959, 18718, 16);
INSERT INTO items (id, venue_id, name) VALUES (19524, 12406, 'Product12056');
INSERT INTO products (id, item_id, price) VALUES (12056, 19524, 2.5);
INSERT INTO items (id, venue_id, name) VALUES (19525, 12406, 'Product12057');
INSERT INTO products (id, item_id, price) VALUES (12057, 19525, 2.5);
INSERT INTO items (id, venue_id, name) VALUES (19526, 12406, 'Product12058');
INSERT INTO products (id, item_id, price) VALUES (12058, 19526, 0.25);
INSERT INTO items (id, venue_id, name) VALUES (19527, 12406, 'Product12059');
INSERT INTO products (id, item_id, price) VALUES (12059, 19527, 10);
INSERT INTO items (id, venue_id, name) VALUES (19528, 12406, 'Product12060');
INSERT INTO products (id, item_id, price) VALUES (12060, 19528, 15);
INSERT INTO items (id, venue_id, name) VALUES (19529, 12406, 'Product12061');
INSERT INTO products (id, item_id, price) VALUES (12061, 19529, 0.25);
INSERT INTO items (id, venue_id, name) VALUES (19530, 12406, 'Product12062');
INSERT INTO products (id, item_id, price) VALUES (12062, 19530, 0.1);
INSERT INTO items (id, venue_id, name) VALUES (19531, 12406, 'Product12063');
INSERT INTO products (id, item_id, price) VALUES (12063, 19531, 0);
INSERT INTO items (id, venue_id, name) VALUES (21291, 12406, 'Space18496');
INSERT INTO spaces (id, item_id, hour_price) VALUES (18496, 21291, 16);
INSERT INTO items (id, venue_id, name) VALUES (23843, 12406, 'Space19707');
INSERT INTO spaces (id, item_id, hour_price) VALUES (19707, 23843, 10);
INSERT INTO venues (id, name) VALUES (12422, 'Venue12422');
INSERT INTO items (id, venue_id, name) VALUES (18762, 12422, 'Space16984');
INSERT INTO spaces (id, item_id, hour_price) VALUES (16984, 18762, 0);
INSERT INTO items (id, venue_id, name) VALUES (18763, 12422, 'Space16985');
INSERT INTO spaces (id, item_id, hour_price) VALUES (16985, 18763, 0);
INSERT INTO items (id, venue_id, name) VALUES (18764, 12422, 'Space16986');
INSERT INTO spaces (id, item_id, hour_price) VALUES (16986, 18764, 0);
INSERT INTO items (id, venue_id, name) VALUES (18765, 12422, 'Space16987');
INSERT INTO spaces (id, item_id, hour_price) VALUES (16987, 18765, 0);
INSERT INTO items (id, venue_id, name) VALUES (18766, 12422, 'Space16988');
INSERT INTO spaces (id, item_id, hour_price) VALUES (16988, 18766, 0);
INSERT INTO items (id, venue_id, name) VALUES (18767, 12422, 'Space16989');
INSERT INTO spaces (id, item_id, hour_price) VALUES (16989, 18767, 0);
INSERT INTO items (id, venue_id, name) VALUES (18834, 12422, 'Space17018');
INSERT INTO spaces (id, item_id, hour_price) VALUES (17018, 18834, 20);
INSERT INTO items (id, venue_id, name) VALUES (18835, 12422, 'Space17019');
INSERT INTO spaces (id, item_id, hour_price) VALUES (17019, 18835, 10);
INSERT INTO items (id, venue_id, name) VALUES (25267, 12422, 'Space20347');
INSERT INTO spaces (id, item_id, hour_price) VALUES (20347, 25267, 45);
INSERT INTO items (id, venue_id, name) VALUES (25268, 12422, 'Space20348');
INSERT INTO spaces (id, item_id, hour_price) VALUES (20348, 25268, 30);
INSERT INTO items (id, venue_id, name) VALUES (25311, 12422, 'Space20378');
INSERT INTO spaces (id, item_id, hour_price) VALUES (20378, 25311, 15);
INSERT INTO items (id, venue_id, name) VALUES (25360, 12422, 'Space20409');
INSERT INTO spaces (id, item_id, hour_price) VALUES (20409, 25360, 0);
INSERT INTO items (id, venue_id, name) VALUES (25364, 12422, 'Space20411');
INSERT INTO spaces (id, item_id, hour_price) VALUES (20411, 25364, 3.5);
INSERT INTO items (id, venue_id, name) VALUES (25370, 12422, 'Product14946');
INSERT INTO products (id, item_id, price) VALUES (14946, 25370, 0);
INSERT INTO items (id, venue_id, name) VALUES (25371, 12422, 'Product14947');
INSERT INTO products (id, item_id, price) VALUES (14947, 25371, 0);
INSERT INTO items (id, venue_id, name) VALUES (25372, 12422, 'Product14948');
INSERT INTO products (id, item_id, price) VALUES (14948, 25372, 0);
INSERT INTO items (id, venue_id, name) VALUES (25373, 12422, 'Product14949');
INSERT INTO products (id, item_id, price) VALUES (14949, 25373, 0);
INSERT INTO items (id, venue_id, name) VALUES (25374, 12422, 'Product14950');
INSERT INTO products (id, item_id, price) VALUES (14950, 25374, 0);
INSERT INTO items (id, venue_id, name) VALUES (25375, 12422, 'Product14951');
INSERT INTO products (id, item_id, price) VALUES (14951, 25375, 75);
INSERT INTO items (id, venue_id, name) VALUES (25376, 12422, 'Product14952');
INSERT INTO products (id, item_id, price) VALUES (14952, 25376, 40);
INSERT INTO items (id, venue_id, name) VALUES (25377, 12422, 'Product14953');
INSERT INTO products (id, item_id, price) VALUES (14953, 25377, 0);
INSERT INTO items (id, venue_id, name) VALUES (25378, 12422, 'Product14954');
INSERT INTO products (id, item_id, price) VALUES (14954, 25378, 5.66);
INSERT INTO items (id, venue_id, name) VALUES (25379, 12422, 'Product14955');
INSERT INTO products (id, item_id, price) VALUES (14955, 25379, 7.54);
INSERT INTO items (id, venue_id, name) VALUES (25380, 12422, 'Product14956');
INSERT INTO products (id, item_id, price) VALUES (14956, 25380, 9.43);
INSERT INTO items (id, venue_id, name) VALUES (25391, 12422, 'Product14958');
INSERT INTO products (id, item_id, price) VALUES (14958, 25391, 2.83);
INSERT INTO items (id, venue_id, name) VALUES (25392, 12422, 'Product14959');
INSERT INTO products (id, item_id, price) VALUES (14959, 25392, 3.77);
INSERT INTO items (id, venue_id, name) VALUES (25649, 12422, 'Space20523');
INSERT INTO spaces (id, item_id, hour_price) VALUES (20523, 25649, 12);
INSERT INTO items (id, venue_id, name) VALUES (27306, 12422, 'Space21266');
INSERT INTO spaces (id, item_id, hour_price) VALUES (21266, 27306, 45);
INSERT INTO venues (id, name) VALUES (12426, 'Venue12426');
INSERT INTO items (id, venue_id, name) VALUES (18773, 12426, 'Space16991');
INSERT INTO spaces (id, item_id, hour_price) VALUES (16991, 18773, 0);
INSERT INTO items (id, venue_id, name) VALUES (18774, 12426, 'Space16992');
INSERT INTO spaces (id, item_id, hour_price) VALUES (16992, 18774, 0);
INSERT INTO items (id, venue_id, name) VALUES (18775, 12426, 'Space16993');
INSERT INTO spaces (id, item_id, hour_price) VALUES (16993, 18775, 0);
INSERT INTO items (id, venue_id, name) VALUES (18776, 12426, 'Space16994');
INSERT INTO spaces (id, item_id, hour_price) VALUES (16994, 18776, 0);
INSERT INTO items (id, venue_id, name) VALUES (18777, 12426, 'Space16995');
INSERT INTO spaces (id, item_id, hour_price) VALUES (16995, 18777, 0);
INSERT INTO items (id, venue_id, name) VALUES (18778, 12426, 'Space16996');
INSERT INTO spaces (id, item_id, hour_price) VALUES (16996, 18778, 0);
INSERT INTO items (id, venue_id, name) VALUES (18990, 12426, 'Space17120');
INSERT INTO spaces (id, item_id, hour_price) VALUES (17120, 18990, 15);
INSERT INTO items (id, venue_id, name) VALUES (18991, 12426, 'Product11863');
INSERT INTO products (id, item_id, price) VALUES (11863, 18991, 25);
INSERT INTO items (id, venue_id, name) VALUES (18992, 12426, 'Product11864');
INSERT INTO products (id, item_id, price) VALUES (11864, 18992, 9);
INSERT INTO items (id, venue_id, name) VALUES (19045, 12426, 'Space17156');
INSERT INTO spaces (id, item_id, hour_price) VALUES (17156, 19045, 25);
INSERT INTO items (id, venue_id, name) VALUES (19046, 12426, 'Space17157');
INSERT INTO spaces (id, item_id, hour_price) VALUES (17157, 19046, 15);
INSERT INTO items (id, venue_id, name) VALUES (19047, 12426, 'Space17158');
INSERT INTO spaces (id, item_id, hour_price) VALUES (17158, 19047, 15);
INSERT INTO items (id, venue_id, name) VALUES (19049, 12426, 'Space17160');
INSERT INTO spaces (id, item_id, hour_price) VALUES (17160, 19049, 15);
INSERT INTO venues (id, name) VALUES (12429, 'Venue12429');
INSERT INTO items (id, venue_id, name) VALUES (18787, 12429, 'Space16998');
INSERT INTO spaces (id, item_id, hour_price) VALUES (16998, 18787, 0);
INSERT INTO items (id, venue_id, name) VALUES (18788, 12429, 'Space16999');
INSERT INTO spaces (id, item_id, hour_price) VALUES (16999, 18788, 0);
INSERT INTO items (id, venue_id, name) VALUES (18789, 12429, 'Space17000');
INSERT INTO spaces (id, item_id, hour_price) VALUES (17000, 18789, 0);
INSERT INTO items (id, venue_id, name) VALUES (18790, 12429, 'Space17001');
INSERT INTO spaces (id, item_id, hour_price) VALUES (17001, 18790, 0);
INSERT INTO items (id, venue_id, name) VALUES (18791, 12429, 'Space17002');
INSERT INTO spaces (id, item_id, hour_price) VALUES (17002, 18791, 0);
INSERT INTO items (id, venue_id, name) VALUES (18792, 12429, 'Space17003');
INSERT INTO spaces (id, item_id, hour_price) VALUES (17003, 18792, 0);
INSERT INTO items (id, venue_id, name) VALUES (18793, 12429, 'Space17004');
INSERT INTO spaces (id, item_id, hour_price) VALUES (17004, 18793, 42.5);
INSERT INTO items (id, venue_id, name) VALUES (18794, 12429, 'Space17005');
INSERT INTO spaces (id, item_id, hour_price) VALUES (17005, 18794, 42.5);
INSERT INTO items (id, venue_id, name) VALUES (18795, 12429, 'Space17006');
INSERT INTO spaces (id, item_id, hour_price) VALUES (17006, 18795, 42.5);
INSERT INTO items (id, venue_id, name) VALUES (18796, 12429, 'Space17007');
INSERT INTO spaces (id, item_id, hour_price) VALUES (17007, 18796, 42.5);
INSERT INTO items (id, venue_id, name) VALUES (18797, 12429, 'Space17008');
INSERT INTO spaces (id, item_id, hour_price) VALUES (17008, 18797, 65);
INSERT INTO items (id, venue_id, name) VALUES (18798, 12429, 'Space17009');
INSERT INTO spaces (id, item_id, hour_price) VALUES (17009, 18798, 100);
INSERT INTO items (id, venue_id, name) VALUES (18957, 12429, 'Space17096');
INSERT INTO spaces (id, item_id, hour_price) VALUES (17096, 18957, 2.75);
INSERT INTO items (id, venue_id, name) VALUES (19252, 12429, 'Space17289');
INSERT INTO spaces (id, item_id, hour_price) VALUES (17289, 19252, 4.5);
INSERT INTO items (id, venue_id, name) VALUES (19266, 12429, 'Product11960');
INSERT INTO products (id, item_id, price) VALUES (11960, 19266, 4.75);
INSERT INTO items (id, venue_id, name) VALUES (19267, 12429, 'Product11961');
INSERT INTO products (id, item_id, price) VALUES (11961, 19267, 9.25);
INSERT INTO items (id, venue_id, name) VALUES (19268, 12429, 'Product11962');
INSERT INTO products (id, item_id, price) VALUES (11962, 19268, 23.75);
INSERT INTO items (id, venue_id, name) VALUES (19269, 12429, 'Product11963');
INSERT INTO products (id, item_id, price) VALUES (11963, 19269, 28.5);
INSERT INTO items (id, venue_id, name) VALUES (19271, 12429, 'Product11964');
INSERT INTO products (id, item_id, price) VALUES (11964, 19271, 35.75);
INSERT INTO items (id, venue_id, name) VALUES (19353, 12429, 'Product12002');
INSERT INTO products (id, item_id, price) VALUES (12002, 19353, 3.5);
INSERT INTO items (id, venue_id, name) VALUES (19354, 12429, 'Product12003');
INSERT INTO products (id, item_id, price) VALUES (12003, 19354, 4.25);
INSERT INTO items (id, venue_id, name) VALUES (19355, 12429, 'Product12004');
INSERT INTO products (id, item_id, price) VALUES (12004, 19355, 1.85);
INSERT INTO items (id, venue_id, name) VALUES (19356, 12429, 'Product12005');
INSERT INTO products (id, item_id, price) VALUES (12005, 19356, 2.25);
INSERT INTO items (id, venue_id, name) VALUES (19357, 12429, 'Product12006');
INSERT INTO products (id, item_id, price) VALUES (12006, 19357, 0);
INSERT INTO items (id, venue_id, name) VALUES (19358, 12429, 'Product12007');
INSERT INTO products (id, item_id, price) VALUES (12007, 19358, 1.95);
INSERT INTO items (id, venue_id, name) VALUES (19359, 12429, 'Product12008');
INSERT INTO products (id, item_id, price) VALUES (12008, 19359, 3.25);
INSERT INTO items (id, venue_id, name) VALUES (19410, 12429, 'Product12011');
INSERT INTO products (id, item_id, price) VALUES (12011, 19410, 50);
INSERT INTO items (id, venue_id, name) VALUES (19411, 12429, 'Product12012');
INSERT INTO products (id, item_id, price) VALUES (12012, 19411, 15);
INSERT INTO items (id, venue_id, name) VALUES (19412, 12429, 'Product12013');
INSERT INTO products (id, item_id, price) VALUES (12013, 19412, 2.5);
INSERT INTO items (id, venue_id, name) VALUES (19592, 12429, 'Product12101');
INSERT INTO products (id, item_id, price) VALUES (12101, 19592, 0.5);
INSERT INTO items (id, venue_id, name) VALUES (20026, 12429, 'Product12241');
INSERT INTO products (id, item_id, price) VALUES (12241, 20026, 12.5);
INSERT INTO items (id, venue_id, name) VALUES (20076, 12429, 'Space17813');
INSERT INTO spaces (id, item_id, hour_price) VALUES (17813, 20076, 30);
INSERT INTO items (id, venue_id, name) VALUES (21257, 12429, 'Product12775');
INSERT INTO products (id, item_id, price) VALUES (12775, 21257, 40);
INSERT INTO items (id, venue_id, name) VALUES (23117, 12429, 'Product13755');
INSERT INTO products (id, item_id, price) VALUES (13755, 23117, 0.05);
INSERT INTO items (id, venue_id, name) VALUES (23118, 12429, 'Product13756');
INSERT INTO products (id, item_id, price) VALUES (13756, 23118, 0.1);
INSERT INTO items (id, venue_id, name) VALUES (23920, 12429, 'Product14162');
INSERT INTO products (id, item_id, price) VALUES (14162, 23920, 2.1);
INSERT INTO items (id, venue_id, name) VALUES (23921, 12429, 'Product14163');
INSERT INTO products (id, item_id, price) VALUES (14163, 23921, 2.75);
INSERT INTO items (id, venue_id, name) VALUES (24186, 12429, 'Product14304');
INSERT INTO products (id, item_id, price) VALUES (14304, 24186, 1.85);
INSERT INTO items (id, venue_id, name) VALUES (24187, 12429, 'Product14305');
INSERT INTO products (id, item_id, price) VALUES (14305, 24187, 1.95);
INSERT INTO items (id, venue_id, name) VALUES (24188, 12429, 'Product14306');
INSERT INTO products (id, item_id, price) VALUES (14306, 24188, 2.5);
INSERT INTO items (id, venue_id, name) VALUES (24360, 12429, 'Product14410');
INSERT INTO products (id, item_id, price) VALUES (14410, 24360, 8.95);
INSERT INTO items (id, venue_id, name) VALUES (24515, 12429, 'Product14505');
INSERT INTO products (id, item_id, price) VALUES (14505, 24515, 3.1);
INSERT INTO items (id, venue_id, name) VALUES (24516, 12429, 'Product14506');
INSERT INTO products (id, item_id, price) VALUES (14506, 24516, 2.4);
INSERT INTO items (id, venue_id, name) VALUES (24517, 12429, 'Product14507');
INSERT INTO products (id, item_id, price) VALUES (14507, 24517, 2.7);
INSERT INTO items (id, venue_id, name) VALUES (24518, 12429, 'Product14508');
INSERT INTO products (id, item_id, price) VALUES (14508, 24518, 4.95);
INSERT INTO items (id, venue_id, name) VALUES (24519, 12429, 'Product14509');
INSERT INTO products (id, item_id, price) VALUES (14509, 24519, 2.95);
INSERT INTO items (id, venue_id, name) VALUES (24520, 12429, 'Product14510');
INSERT INTO products (id, item_id, price) VALUES (14510, 24520, 1.75);
INSERT INTO items (id, venue_id, name) VALUES (24521, 12429, 'Product14511');
INSERT INTO products (id, item_id, price) VALUES (14511, 24521, 5);
INSERT INTO items (id, venue_id, name) VALUES (24522, 12429, 'Product14512');
INSERT INTO products (id, item_id, price) VALUES (14512, 24522, 5.25);
INSERT INTO items (id, venue_id, name) VALUES (24524, 12429, 'Product14514');
INSERT INTO products (id, item_id, price) VALUES (14514, 24524, 4.95);
INSERT INTO items (id, venue_id, name) VALUES (24525, 12429, 'Product14515');
INSERT INTO products (id, item_id, price) VALUES (14515, 24525, 4);
INSERT INTO items (id, venue_id, name) VALUES (24526, 12429, 'Product14516');
INSERT INTO products (id, item_id, price) VALUES (14516, 24526, 2.25);
INSERT INTO items (id, venue_id, name) VALUES (24527, 12429, 'Product14517');
INSERT INTO products (id, item_id, price) VALUES (14517, 24527, 2.75);
INSERT INTO items (id, venue_id, name) VALUES (26108, 12429, 'Product15383');
INSERT INTO products (id, item_id, price) VALUES (15383, 26108, 2.7);
INSERT INTO items (id, venue_id, name) VALUES (26109, 12429, 'Product15384');
INSERT INTO products (id, item_id, price) VALUES (15384, 26109, 2.5);
INSERT INTO items (id, venue_id, name) VALUES (26110, 12429, 'Product15385');
INSERT INTO products (id, item_id, price) VALUES (15385, 26110, 2);
INSERT INTO items (id, venue_id, name) VALUES (26115, 12429, 'Product15386');
INSERT INTO products (id, item_id, price) VALUES (15386, 26115, 1.95);
INSERT INTO items (id, venue_id, name) VALUES (26657, 12429, 'Product15702');
INSERT INTO products (id, item_id, price) VALUES (15702, 26657, 2.1);
INSERT INTO items (id, venue_id, name) VALUES (26658, 12429, 'Product15703');
INSERT INTO products (id, item_id, price) VALUES (15703, 26658, 4.25);
INSERT INTO items (id, venue_id, name) VALUES (26659, 12429, 'Product15704');
INSERT INTO products (id, item_id, price) VALUES (15704, 26659, 2);
INSERT INTO items (id, venue_id, name) VALUES (26660, 12429, 'Product15705');
INSERT INTO products (id, item_id, price) VALUES (15705, 26660, 2.95);
INSERT INTO items (id, venue_id, name) VALUES (26661, 12429, 'Product15706');
INSERT INTO products (id, item_id, price) VALUES (15706, 26661, 1.95);
INSERT INTO items (id, venue_id, name) VALUES (26662, 12429, 'Product15707');
INSERT INTO products (id, item_id, price) VALUES (15707, 26662, 6.95);
INSERT INTO items (id, venue_id, name) VALUES (26663, 12429, 'Product15708');
INSERT INTO products (id, item_id, price) VALUES (15708, 26663, 4.25);
INSERT INTO items (id, venue_id, name) VALUES (26664, 12429, 'Product15709');
INSERT INTO products (id, item_id, price) VALUES (15709, 26664, 2);
INSERT INTO items (id, venue_id, name) VALUES (26665, 12429, 'Product15710');
INSERT INTO products (id, item_id, price) VALUES (15710, 26665, 6.95);
INSERT INTO items (id, venue_id, name) VALUES (27174, 12429, 'Product15959');
INSERT INTO products (id, item_id, price) VALUES (15959, 27174, 1.75);
INSERT INTO items (id, venue_id, name) VALUES (27175, 12429, 'Product15960');
INSERT INTO products (id, item_id, price) VALUES (15960, 27175, 0.9);
INSERT INTO items (id, venue_id, name) VALUES (27176, 12429, 'Product15961');
INSERT INTO products (id, item_id, price) VALUES (15961, 27176, 2.95);
INSERT INTO items (id, venue_id, name) VALUES (27177, 12429, 'Product15962');
INSERT INTO products (id, item_id, price) VALUES (15962, 27177, 1.5);
INSERT INTO items (id, venue_id, name) VALUES (27178, 12429, 'Product15963');
INSERT INTO products (id, item_id, price) VALUES (15963, 27178, 2.5);
INSERT INTO items (id, venue_id, name) VALUES (27179, 12429, 'Product15964');
INSERT INTO products (id, item_id, price) VALUES (15964, 27179, 3.75);
INSERT INTO items (id, venue_id, name) VALUES (27181, 12429, 'Product15965');
INSERT INTO products (id, item_id, price) VALUES (15965, 27181, 12.5);
INSERT INTO items (id, venue_id, name) VALUES (27182, 12429, 'Product15966');
INSERT INTO products (id, item_id, price) VALUES (15966, 27182, 17.5);
INSERT INTO items (id, venue_id, name) VALUES (27183, 12429, 'Product15967');
INSERT INTO products (id, item_id, price) VALUES (15967, 27183, 3.75);
INSERT INTO items (id, venue_id, name) VALUES (27293, 12429, 'Product16026');
INSERT INTO products (id, item_id, price) VALUES (16026, 27293, 1.85);
INSERT INTO venues (id, name) VALUES (12437, 'Venue12437');
INSERT INTO items (id, venue_id, name) VALUES (18819, 12437, 'Space17010');
INSERT INTO spaces (id, item_id, hour_price) VALUES (17010, 18819, 0);
INSERT INTO items (id, venue_id, name) VALUES (18820, 12437, 'Space17011');
INSERT INTO spaces (id, item_id, hour_price) VALUES (17011, 18820, 0);
INSERT INTO items (id, venue_id, name) VALUES (18821, 12437, 'Space17012');
INSERT INTO spaces (id, item_id, hour_price) VALUES (17012, 18821, 0);
INSERT INTO items (id, venue_id, name) VALUES (18822, 12437, 'Space17013');
INSERT INTO spaces (id, item_id, hour_price) VALUES (17013, 18822, 0);
INSERT INTO items (id, venue_id, name) VALUES (18823, 12437, 'Space17014');
INSERT INTO spaces (id, item_id, hour_price) VALUES (17014, 18823, 0);
INSERT INTO items (id, venue_id, name) VALUES (18824, 12437, 'Space17015');
INSERT INTO spaces (id, item_id, hour_price) VALUES (17015, 18824, 0);
INSERT INTO items (id, venue_id, name) VALUES (18825, 12437, 'Space17016');
INSERT INTO spaces (id, item_id, hour_price) VALUES (17016, 18825, 122.5);
INSERT INTO items (id, venue_id, name) VALUES (18826, 12437, 'Space17017');
INSERT INTO spaces (id, item_id, hour_price) VALUES (17017, 18826, 71.5);
INSERT INTO items (id, venue_id, name) VALUES (18827, 12437, 'Product11802');
INSERT INTO products (id, item_id, price) VALUES (11802, 18827, 10);
INSERT INTO items (id, venue_id, name) VALUES (18828, 12437, 'Product11803');
INSERT INTO products (id, item_id, price) VALUES (11803, 18828, 10);
INSERT INTO items (id, venue_id, name) VALUES (18829, 12437, 'Product11804');
INSERT INTO products (id, item_id, price) VALUES (11804, 18829, 50);
INSERT INTO items (id, venue_id, name) VALUES (18830, 12437, 'Product11805');
INSERT INTO products (id, item_id, price) VALUES (11805, 18830, 25);
INSERT INTO items (id, venue_id, name) VALUES (18831, 12437, 'Product11806');
INSERT INTO products (id, item_id, price) VALUES (11806, 18831, 135);
INSERT INTO items (id, venue_id, name) VALUES (18832, 12437, 'Product11807');
INSERT INTO products (id, item_id, price) VALUES (11807, 18832, 170);
INSERT INTO items (id, venue_id, name) VALUES (18833, 12437, 'Product11808');
INSERT INTO products (id, item_id, price) VALUES (11808, 18833, 25);
INSERT INTO items (id, venue_id, name) VALUES (18895, 12437, 'Product11830');
INSERT INTO products (id, item_id, price) VALUES (11830, 18895, 12.26);
INSERT INTO items (id, venue_id, name) VALUES (18896, 12437, 'Product11831');
INSERT INTO products (id, item_id, price) VALUES (11831, 18896, 10.38);
INSERT INTO items (id, venue_id, name) VALUES (18897, 12437, 'Product11832');
INSERT INTO products (id, item_id, price) VALUES (11832, 18897, 10.38);
INSERT INTO items (id, venue_id, name) VALUES (18898, 12437, 'Product11833');
INSERT INTO products (id, item_id, price) VALUES (11833, 18898, 3.3);
INSERT INTO items (id, venue_id, name) VALUES (18899, 12437, 'Product11834');
INSERT INTO products (id, item_id, price) VALUES (11834, 18899, 1.98);
INSERT INTO items (id, venue_id, name) VALUES (18900, 12437, 'Product11835');
INSERT INTO products (id, item_id, price) VALUES (11835, 18900, 2.17);
INSERT INTO items (id, venue_id, name) VALUES (18901, 12437, 'Product11836');
INSERT INTO products (id, item_id, price) VALUES (11836, 18901, 2.17);
INSERT INTO items (id, venue_id, name) VALUES (18902, 12437, 'Product11837');
INSERT INTO products (id, item_id, price) VALUES (11837, 18902, 1.9);
INSERT INTO items (id, venue_id, name) VALUES (18903, 12437, 'Product11838');
INSERT INTO products (id, item_id, price) VALUES (11838, 18903, 2.31);
INSERT INTO items (id, venue_id, name) VALUES (18904, 12437, 'Product11839');
INSERT INTO products (id, item_id, price) VALUES (11839, 18904, 2.31);
INSERT INTO items (id, venue_id, name) VALUES (18905, 12437, 'Product11840');
INSERT INTO products (id, item_id, price) VALUES (11840, 18905, 2.89);
INSERT INTO items (id, venue_id, name) VALUES (18906, 12437, 'Product11841');
INSERT INTO products (id, item_id, price) VALUES (11841, 18906, 14.05);
INSERT INTO items (id, venue_id, name) VALUES (18907, 12437, 'Product11842');
INSERT INTO products (id, item_id, price) VALUES (11842, 18907, 2.4);
INSERT INTO items (id, venue_id, name) VALUES (18908, 12437, 'Product11843');
INSERT INTO products (id, item_id, price) VALUES (11843, 18908, 1.7);
INSERT INTO items (id, venue_id, name) VALUES (18909, 12437, 'Product11844');
INSERT INTO products (id, item_id, price) VALUES (11844, 18909, 2.64);
INSERT INTO items (id, venue_id, name) VALUES (18910, 12437, 'Product11845');
INSERT INTO products (id, item_id, price) VALUES (11845, 18910, 6.13);
INSERT INTO items (id, venue_id, name) VALUES (18911, 12437, 'Product11846');
INSERT INTO products (id, item_id, price) VALUES (11846, 18911, 3.77);
INSERT INTO items (id, venue_id, name) VALUES (18912, 12437, 'Product11847');
INSERT INTO products (id, item_id, price) VALUES (11847, 18912, 9.43);
INSERT INTO items (id, venue_id, name) VALUES (18913, 12437, 'Product11848');
INSERT INTO products (id, item_id, price) VALUES (11848, 18913, 16.51);
INSERT INTO venues (id, name) VALUES (12441, 'Venue12441');
INSERT INTO items (id, venue_id, name) VALUES (18838, 12441, 'Space17020');
INSERT INTO spaces (id, item_id, hour_price) VALUES (17020, 18838, 0);
INSERT INTO items (id, venue_id, name) VALUES (18839, 12441, 'Space17021');
INSERT INTO spaces (id, item_id, hour_price) VALUES (17021, 18839, 0);
INSERT INTO items (id, venue_id, name) VALUES (18840, 12441, 'Space17022');
INSERT INTO spaces (id, item_id, hour_price) VALUES (17022, 18840, 0);
INSERT INTO items (id, venue_id, name) VALUES (18841, 12441, 'Space17023');
INSERT INTO spaces (id, item_id, hour_price) VALUES (17023, 18841, 0);
INSERT INTO items (id, venue_id, name) VALUES (18842, 12441, 'Space17024');
INSERT INTO spaces (id, item_id, hour_price) VALUES (17024, 18842, 0);
INSERT INTO items (id, venue_id, name) VALUES (18843, 12441, 'Space17025');
INSERT INTO spaces (id, item_id, hour_price) VALUES (17025, 18843, 0);
INSERT INTO items (id, venue_id, name) VALUES (18844, 12441, 'Space17026');
INSERT INTO spaces (id, item_id, hour_price) VALUES (17026, 18844, 50);
INSERT INTO items (id, venue_id, name) VALUES (18846, 12441, 'Space17028');
INSERT INTO spaces (id, item_id, hour_price) VALUES (17028, 18846, 20);
INSERT INTO items (id, venue_id, name) VALUES (18847, 12441, 'Space17029');
INSERT INTO spaces (id, item_id, hour_price) VALUES (17029, 18847, 20);
INSERT INTO items (id, venue_id, name) VALUES (18848, 12441, 'Space17030');
INSERT INTO spaces (id, item_id, hour_price) VALUES (17030, 18848, 75);
INSERT INTO items (id, venue_id, name) VALUES (18851, 12441, 'Space17033');
INSERT INTO spaces (id, item_id, hour_price) VALUES (17033, 18851, 60);
INSERT INTO items (id, venue_id, name) VALUES (18853, 12441, 'Product11812');
INSERT INTO products (id, item_id, price) VALUES (11812, 18853, 5);
INSERT INTO items (id, venue_id, name) VALUES (18854, 12441, 'Product11813');
INSERT INTO products (id, item_id, price) VALUES (11813, 18854, 10);
INSERT INTO items (id, venue_id, name) VALUES (18855, 12441, 'Product11814');
INSERT INTO products (id, item_id, price) VALUES (11814, 18855, 0);
INSERT INTO items (id, venue_id, name) VALUES (18856, 12441, 'Product11815');
INSERT INTO products (id, item_id, price) VALUES (11815, 18856, 0);
INSERT INTO items (id, venue_id, name) VALUES (18857, 12441, 'Product11816');
INSERT INTO products (id, item_id, price) VALUES (11816, 18857, 5);
INSERT INTO items (id, venue_id, name) VALUES (18858, 12441, 'Product11817');
INSERT INTO products (id, item_id, price) VALUES (11817, 18858, 1.5);
INSERT INTO items (id, venue_id, name) VALUES (18859, 12441, 'Product11818');
INSERT INTO products (id, item_id, price) VALUES (11818, 18859, 1.5);
INSERT INTO items (id, venue_id, name) VALUES (18860, 12441, 'Product11819');
INSERT INTO products (id, item_id, price) VALUES (11819, 18860, 1.5);
INSERT INTO items (id, venue_id, name) VALUES (18861, 12441, 'Product11820');
INSERT INTO products (id, item_id, price) VALUES (11820, 18861, 1.5);
INSERT INTO items (id, venue_id, name) VALUES (18862, 12441, 'Product11821');
INSERT INTO products (id, item_id, price) VALUES (11821, 18862, 1.5);
INSERT INTO items (id, venue_id, name) VALUES (18863, 12441, 'Product11822');
INSERT INTO products (id, item_id, price) VALUES (11822, 18863, 1.5);
INSERT INTO items (id, venue_id, name) VALUES (18864, 12441, 'Product11823');
INSERT INTO products (id, item_id, price) VALUES (11823, 18864, 2.5);
INSERT INTO items (id, venue_id, name) VALUES (18865, 12441, 'Product11824');
INSERT INTO products (id, item_id, price) VALUES (11824, 18865, 3);
INSERT INTO items (id, venue_id, name) VALUES (18866, 12441, 'Product11825');
INSERT INTO products (id, item_id, price) VALUES (11825, 18866, 3);
INSERT INTO items (id, venue_id, name) VALUES (18867, 12441, 'Product11826');
INSERT INTO products (id, item_id, price) VALUES (11826, 18867, 1.5);
INSERT INTO items (id, venue_id, name) VALUES (18868, 12441, 'Product11827');
INSERT INTO products (id, item_id, price) VALUES (11827, 18868, 2);
INSERT INTO items (id, venue_id, name) VALUES (18869, 12441, 'Product11828');
INSERT INTO products (id, item_id, price) VALUES (11828, 18869, 25);
INSERT INTO items (id, venue_id, name) VALUES (18987, 12441, 'Product11861');
INSERT INTO products (id, item_id, price) VALUES (11861, 18987, 10.5);
INSERT INTO items (id, venue_id, name) VALUES (18988, 12441, 'Product11862');
INSERT INTO products (id, item_id, price) VALUES (11862, 18988, 12);
INSERT INTO items (id, venue_id, name) VALUES (19708, 12441, 'Product12146');
INSERT INTO products (id, item_id, price) VALUES (12146, 19708, 1);
INSERT INTO items (id, venue_id, name) VALUES (22482, 12441, 'Product13430');
INSERT INTO products (id, item_id, price) VALUES (13430, 22482, 1.5);
INSERT INTO items (id, venue_id, name) VALUES (22520, 12441, 'Space19059');
INSERT INTO spaces (id, item_id, hour_price) VALUES (19059, 22520, 20);
INSERT INTO items (id, venue_id, name) VALUES (22938, 12441, 'Space19264');
INSERT INTO spaces (id, item_id, hour_price) VALUES (19264, 22938, 0);
INSERT INTO items (id, venue_id, name) VALUES (23119, 12441, 'Space19355');
INSERT INTO spaces (id, item_id, hour_price) VALUES (19355, 23119, 3);
INSERT INTO items (id, venue_id, name) VALUES (23120, 12441, 'Space19356');
INSERT INTO spaces (id, item_id, hour_price) VALUES (19356, 23120, 3);
INSERT INTO items (id, venue_id, name) VALUES (24027, 12441, 'Product14218');
INSERT INTO products (id, item_id, price) VALUES (14218, 24027, 9);
INSERT INTO items (id, venue_id, name) VALUES (25451, 12441, 'Space20455');
INSERT INTO spaces (id, item_id, hour_price) VALUES (20455, 25451, 14);
INSERT INTO venues (id, name) VALUES (12455, 'Venue12455');
INSERT INTO items (id, venue_id, name) VALUES (18886, 12455, 'Space17049');
INSERT INTO spaces (id, item_id, hour_price) VALUES (17049, 18886, 0);
INSERT INTO items (id, venue_id, name) VALUES (18887, 12455, 'Space17050');
INSERT INTO spaces (id, item_id, hour_price) VALUES (17050, 18887, 0);
INSERT INTO items (id, venue_id, name) VALUES (18888, 12455, 'Space17051');
INSERT INTO spaces (id, item_id, hour_price) VALUES (17051, 18888, 0);
INSERT INTO items (id, venue_id, name) VALUES (18889, 12455, 'Space17052');
INSERT INTO spaces (id, item_id, hour_price) VALUES (17052, 18889, 0);
INSERT INTO items (id, venue_id, name) VALUES (18890, 12455, 'Space17053');
INSERT INTO spaces (id, item_id, hour_price) VALUES (17053, 18890, 0);
INSERT INTO items (id, venue_id, name) VALUES (18891, 12455, 'Space17054');
INSERT INTO spaces (id, item_id, hour_price) VALUES (17054, 18891, 0);
INSERT INTO items (id, venue_id, name) VALUES (18892, 12455, 'Space17055');
INSERT INTO spaces (id, item_id, hour_price) VALUES (17055, 18892, 90);
INSERT INTO items (id, venue_id, name) VALUES (18893, 12455, 'Space17056');
INSERT INTO spaces (id, item_id, hour_price) VALUES (17056, 18893, 90);
INSERT INTO items (id, venue_id, name) VALUES (18894, 12455, 'Space17057');
INSERT INTO spaces (id, item_id, hour_price) VALUES (17057, 18894, 90);
INSERT INTO items (id, venue_id, name) VALUES (27877, 12455, 'Product16296');
INSERT INTO products (id, item_id, price) VALUES (16296, 27877, 12.5);
INSERT INTO items (id, venue_id, name) VALUES (27878, 12455, 'Product16297');
INSERT INTO products (id, item_id, price) VALUES (16297, 27878, 37.5);
INSERT INTO items (id, venue_id, name) VALUES (27879, 12455, 'Product16298');
INSERT INTO products (id, item_id, price) VALUES (16298, 27879, 17.5);
INSERT INTO items (id, venue_id, name) VALUES (27880, 12455, 'Product16299');
INSERT INTO products (id, item_id, price) VALUES (16299, 27880, 2.5);
INSERT INTO items (id, venue_id, name) VALUES (27881, 12455, 'Product16300');
INSERT INTO products (id, item_id, price) VALUES (16300, 27881, 2);
INSERT INTO venues (id, name) VALUES (12459, 'Venue12459');
INSERT INTO items (id, venue_id, name) VALUES (18922, 12459, 'Space17064');
INSERT INTO spaces (id, item_id, hour_price) VALUES (17064, 18922, 0);
INSERT INTO items (id, venue_id, name) VALUES (18923, 12459, 'Space17065');
INSERT INTO spaces (id, item_id, hour_price) VALUES (17065, 18923, 0);
INSERT INTO items (id, venue_id, name) VALUES (18924, 12459, 'Space17066');
INSERT INTO spaces (id, item_id, hour_price) VALUES (17066, 18924, 0);
INSERT INTO items (id, venue_id, name) VALUES (18925, 12459, 'Space17067');
INSERT INTO spaces (id, item_id, hour_price) VALUES (17067, 18925, 0);
INSERT INTO items (id, venue_id, name) VALUES (18926, 12459, 'Space17068');
INSERT INTO spaces (id, item_id, hour_price) VALUES (17068, 18926, 0);
INSERT INTO items (id, venue_id, name) VALUES (18927, 12459, 'Space17069');
INSERT INTO spaces (id, item_id, hour_price) VALUES (17069, 18927, 0);
INSERT INTO items (id, venue_id, name) VALUES (19421, 12459, 'Space17398');
INSERT INTO spaces (id, item_id, hour_price) VALUES (17398, 19421, 35);
INSERT INTO items (id, venue_id, name) VALUES (22768, 12459, 'Product13580');
INSERT INTO products (id, item_id, price) VALUES (13580, 22768, 50);
INSERT INTO items (id, venue_id, name) VALUES (22769, 12459, 'Product13581');
INSERT INTO products (id, item_id, price) VALUES (13581, 22769, 125);
INSERT INTO items (id, venue_id, name) VALUES (22770, 12459, 'Product13582');
INSERT INTO products (id, item_id, price) VALUES (13582, 22770, 175);
INSERT INTO venues (id, name) VALUES (12463, 'Venue12463');
INSERT INTO items (id, venue_id, name) VALUES (18929, 12463, 'Space17070');
INSERT INTO spaces (id, item_id, hour_price) VALUES (17070, 18929, 0);
INSERT INTO items (id, venue_id, name) VALUES (18930, 12463, 'Space17071');
INSERT INTO spaces (id, item_id, hour_price) VALUES (17071, 18930, 0);
INSERT INTO items (id, venue_id, name) VALUES (18931, 12463, 'Space17072');
INSERT INTO spaces (id, item_id, hour_price) VALUES (17072, 18931, 0);
INSERT INTO items (id, venue_id, name) VALUES (18932, 12463, 'Space17073');
INSERT INTO spaces (id, item_id, hour_price) VALUES (17073, 18932, 0);
INSERT INTO items (id, venue_id, name) VALUES (18933, 12463, 'Space17074');
INSERT INTO spaces (id, item_id, hour_price) VALUES (17074, 18933, 0);
INSERT INTO items (id, venue_id, name) VALUES (18934, 12463, 'Space17075');
INSERT INTO spaces (id, item_id, hour_price) VALUES (17075, 18934, 0);
INSERT INTO items (id, venue_id, name) VALUES (18982, 12463, 'Space17116');
INSERT INTO spaces (id, item_id, hour_price) VALUES (17116, 18982, 6);
INSERT INTO items (id, venue_id, name) VALUES (18983, 12463, 'Space17117');
INSERT INTO spaces (id, item_id, hour_price) VALUES (17117, 18983, 15);
INSERT INTO items (id, venue_id, name) VALUES (18984, 12463, 'Space17118');
INSERT INTO spaces (id, item_id, hour_price) VALUES (17118, 18984, 15);
INSERT INTO items (id, venue_id, name) VALUES (18985, 12463, 'Product11859');
INSERT INTO products (id, item_id, price) VALUES (11859, 18985, 4.67);
INSERT INTO items (id, venue_id, name) VALUES (18986, 12463, 'Product11860');
INSERT INTO products (id, item_id, price) VALUES (11860, 18986, 1.18);
INSERT INTO venues (id, name) VALUES (12478, 'Venue12478');
INSERT INTO items (id, venue_id, name) VALUES (18964, 12478, 'Space17103');
INSERT INTO spaces (id, item_id, hour_price) VALUES (17103, 18964, 0);
INSERT INTO items (id, venue_id, name) VALUES (18965, 12478, 'Space17104');
INSERT INTO spaces (id, item_id, hour_price) VALUES (17104, 18965, 0);
INSERT INTO items (id, venue_id, name) VALUES (18966, 12478, 'Space17105');
INSERT INTO spaces (id, item_id, hour_price) VALUES (17105, 18966, 0);
INSERT INTO items (id, venue_id, name) VALUES (18967, 12478, 'Space17106');
INSERT INTO spaces (id, item_id, hour_price) VALUES (17106, 18967, 0);
INSERT INTO items (id, venue_id, name) VALUES (18968, 12478, 'Space17107');
INSERT INTO spaces (id, item_id, hour_price) VALUES (17107, 18968, 0);
INSERT INTO items (id, venue_id, name) VALUES (18969, 12478, 'Space17108');
INSERT INTO spaces (id, item_id, hour_price) VALUES (17108, 18969, 0);
INSERT INTO items (id, venue_id, name) VALUES (19001, 12478, 'Space17121');
INSERT INTO spaces (id, item_id, hour_price) VALUES (17121, 19001, 7.5);
INSERT INTO items (id, venue_id, name) VALUES (19002, 12478, 'Space17122');
INSERT INTO spaces (id, item_id, hour_price) VALUES (17122, 19002, 5);
INSERT INTO items (id, venue_id, name) VALUES (19003, 12478, 'Space17123');
INSERT INTO spaces (id, item_id, hour_price) VALUES (17123, 19003, 4.5);
INSERT INTO items (id, venue_id, name) VALUES (19004, 12478, 'Space17124');
INSERT INTO spaces (id, item_id, hour_price) VALUES (17124, 19004, 4);
INSERT INTO items (id, venue_id, name) VALUES (19005, 12478, 'Space17125');
INSERT INTO spaces (id, item_id, hour_price) VALUES (17125, 19005, 5);
INSERT INTO items (id, venue_id, name) VALUES (19006, 12478, 'Space17126');
INSERT INTO spaces (id, item_id, hour_price) VALUES (17126, 19006, 3.5);
INSERT INTO items (id, venue_id, name) VALUES (19155, 12478, 'Product11923');
INSERT INTO products (id, item_id, price) VALUES (11923, 19155, 10);
INSERT INTO items (id, venue_id, name) VALUES (22470, 12478, 'Space19036');
INSERT INTO spaces (id, item_id, hour_price) VALUES (19036, 22470, 17.5);
INSERT INTO items (id, venue_id, name) VALUES (24373, 12478, 'Product14421');
INSERT INTO products (id, item_id, price) VALUES (14421, 24373, 7);
INSERT INTO venues (id, name) VALUES (12492, 'Venue12492');
INSERT INTO items (id, venue_id, name) VALUES (19023, 12492, 'Space17138');
INSERT INTO spaces (id, item_id, hour_price) VALUES (17138, 19023, 0);
INSERT INTO items (id, venue_id, name) VALUES (19024, 12492, 'Space17139');
INSERT INTO spaces (id, item_id, hour_price) VALUES (17139, 19024, 0);
INSERT INTO items (id, venue_id, name) VALUES (19025, 12492, 'Space17140');
INSERT INTO spaces (id, item_id, hour_price) VALUES (17140, 19025, 0);
INSERT INTO items (id, venue_id, name) VALUES (19026, 12492, 'Space17141');
INSERT INTO spaces (id, item_id, hour_price) VALUES (17141, 19026, 0);
INSERT INTO items (id, venue_id, name) VALUES (19027, 12492, 'Space17142');
INSERT INTO spaces (id, item_id, hour_price) VALUES (17142, 19027, 0);
INSERT INTO items (id, venue_id, name) VALUES (19028, 12492, 'Space17143');
INSERT INTO spaces (id, item_id, hour_price) VALUES (17143, 19028, 0);
INSERT INTO items (id, venue_id, name) VALUES (19029, 12492, 'Space17144');
INSERT INTO spaces (id, item_id, hour_price) VALUES (17144, 19029, 90);
INSERT INTO items (id, venue_id, name) VALUES (19030, 12492, 'Product11878');
INSERT INTO products (id, item_id, price) VALUES (11878, 19030, 45);
INSERT INTO items (id, venue_id, name) VALUES (19420, 12492, 'Product12015');
INSERT INTO products (id, item_id, price) VALUES (12015, 19420, 55.5);
INSERT INTO venues (id, name) VALUES (12496, 'Venue12496');
INSERT INTO items (id, venue_id, name) VALUES (19032, 12496, 'Space17145');
INSERT INTO spaces (id, item_id, hour_price) VALUES (17145, 19032, 0);
INSERT INTO items (id, venue_id, name) VALUES (19033, 12496, 'Space17146');
INSERT INTO spaces (id, item_id, hour_price) VALUES (17146, 19033, 0);
INSERT INTO items (id, venue_id, name) VALUES (19034, 12496, 'Space17147');
INSERT INTO spaces (id, item_id, hour_price) VALUES (17147, 19034, 0);
INSERT INTO items (id, venue_id, name) VALUES (19035, 12496, 'Space17148');
INSERT INTO spaces (id, item_id, hour_price) VALUES (17148, 19035, 0);
INSERT INTO items (id, venue_id, name) VALUES (19036, 12496, 'Space17149');
INSERT INTO spaces (id, item_id, hour_price) VALUES (17149, 19036, 0);
INSERT INTO items (id, venue_id, name) VALUES (19037, 12496, 'Space17150');
INSERT INTO spaces (id, item_id, hour_price) VALUES (17150, 19037, 0);
INSERT INTO items (id, venue_id, name) VALUES (19038, 12496, 'Space17151');
INSERT INTO spaces (id, item_id, hour_price) VALUES (17151, 19038, 12);
INSERT INTO items (id, venue_id, name) VALUES (19041, 12496, 'Space17154');
INSERT INTO spaces (id, item_id, hour_price) VALUES (17154, 19041, 12);
INSERT INTO items (id, venue_id, name) VALUES (19042, 12496, 'Space17155');
INSERT INTO spaces (id, item_id, hour_price) VALUES (17155, 19042, 12);
INSERT INTO venues (id, name) VALUES (12502, 'Venue12502');
INSERT INTO items (id, venue_id, name) VALUES (19065, 12502, 'Space17172');
INSERT INTO spaces (id, item_id, hour_price) VALUES (17172, 19065, 0);
INSERT INTO items (id, venue_id, name) VALUES (19066, 12502, 'Space17173');
INSERT INTO spaces (id, item_id, hour_price) VALUES (17173, 19066, 0);
INSERT INTO items (id, venue_id, name) VALUES (19067, 12502, 'Space17174');
INSERT INTO spaces (id, item_id, hour_price) VALUES (17174, 19067, 0);
INSERT INTO items (id, venue_id, name) VALUES (19068, 12502, 'Space17175');
INSERT INTO spaces (id, item_id, hour_price) VALUES (17175, 19068, 0);
INSERT INTO items (id, venue_id, name) VALUES (19069, 12502, 'Space17176');
INSERT INTO spaces (id, item_id, hour_price) VALUES (17176, 19069, 0);
INSERT INTO items (id, venue_id, name) VALUES (19070, 12502, 'Space17177');
INSERT INTO spaces (id, item_id, hour_price) VALUES (17177, 19070, 0);
INSERT INTO items (id, venue_id, name) VALUES (19072, 12502, 'Space17178');
INSERT INTO spaces (id, item_id, hour_price) VALUES (17178, 19072, 7);
INSERT INTO venues (id, name) VALUES (12507, 'Venue12507');
INSERT INTO items (id, venue_id, name) VALUES (19107, 12507, 'Space17185');
INSERT INTO spaces (id, item_id, hour_price) VALUES (17185, 19107, 0);
INSERT INTO items (id, venue_id, name) VALUES (19108, 12507, 'Space17186');
INSERT INTO spaces (id, item_id, hour_price) VALUES (17186, 19108, 0);
INSERT INTO items (id, venue_id, name) VALUES (19109, 12507, 'Space17187');
INSERT INTO spaces (id, item_id, hour_price) VALUES (17187, 19109, 0);
INSERT INTO items (id, venue_id, name) VALUES (19110, 12507, 'Space17188');
INSERT INTO spaces (id, item_id, hour_price) VALUES (17188, 19110, 0);
INSERT INTO items (id, venue_id, name) VALUES (19111, 12507, 'Space17189');
INSERT INTO spaces (id, item_id, hour_price) VALUES (17189, 19111, 0);
INSERT INTO items (id, venue_id, name) VALUES (19112, 12507, 'Space17190');
INSERT INTO spaces (id, item_id, hour_price) VALUES (17190, 19112, 0);
INSERT INTO items (id, venue_id, name) VALUES (19113, 12507, 'Space17191');
INSERT INTO spaces (id, item_id, hour_price) VALUES (17191, 19113, 350);
INSERT INTO items (id, venue_id, name) VALUES (19114, 12507, 'Product11915');
INSERT INTO products (id, item_id, price) VALUES (11915, 19114, 25);
INSERT INTO items (id, venue_id, name) VALUES (19115, 12507, 'Product11916');
INSERT INTO products (id, item_id, price) VALUES (11916, 19115, 0);
INSERT INTO items (id, venue_id, name) VALUES (19116, 12507, 'Product11917');
INSERT INTO products (id, item_id, price) VALUES (11917, 19116, 0);
INSERT INTO items (id, venue_id, name) VALUES (19127, 12507, 'Space17201');
INSERT INTO spaces (id, item_id, hour_price) VALUES (17201, 19127, 250);
INSERT INTO items (id, venue_id, name) VALUES (19214, 12507, 'Space17260');
INSERT INTO spaces (id, item_id, hour_price) VALUES (17260, 19214, 550);
INSERT INTO items (id, venue_id, name) VALUES (24858, 12507, 'Product14713');
INSERT INTO products (id, item_id, price) VALUES (14713, 24858, 10);
INSERT INTO items (id, venue_id, name) VALUES (24859, 12507, 'Product14714');
INSERT INTO products (id, item_id, price) VALUES (14714, 24859, 10);
INSERT INTO items (id, venue_id, name) VALUES (24860, 12507, 'Product14715');
INSERT INTO products (id, item_id, price) VALUES (14715, 24860, 7.5);
INSERT INTO items (id, venue_id, name) VALUES (25444, 12507, 'Product14984');
INSERT INTO products (id, item_id, price) VALUES (14984, 25444, 15);
INSERT INTO items (id, venue_id, name) VALUES (25445, 12507, 'Product14985');
INSERT INTO products (id, item_id, price) VALUES (14985, 25445, 15);
INSERT INTO items (id, venue_id, name) VALUES (26116, 12507, 'Product15387');
INSERT INTO products (id, item_id, price) VALUES (15387, 26116, 200);
INSERT INTO items (id, venue_id, name) VALUES (26117, 12507, 'Product15388');
INSERT INTO products (id, item_id, price) VALUES (15388, 26117, 2.4);
INSERT INTO items (id, venue_id, name) VALUES (26118, 12507, 'Product15389');
INSERT INTO products (id, item_id, price) VALUES (15389, 26118, 2);
INSERT INTO items (id, venue_id, name) VALUES (26191, 12507, 'Product15445');
INSERT INTO products (id, item_id, price) VALUES (15445, 26191, 8.5);
INSERT INTO items (id, venue_id, name) VALUES (26192, 12507, 'Product15446');
INSERT INTO products (id, item_id, price) VALUES (15446, 26192, 8.5);
INSERT INTO items (id, venue_id, name) VALUES (26193, 12507, 'Product15447');
INSERT INTO products (id, item_id, price) VALUES (15447, 26193, 4);
INSERT INTO items (id, venue_id, name) VALUES (27501, 12507, 'Product16114');
INSERT INTO products (id, item_id, price) VALUES (16114, 27501, 0);
INSERT INTO venues (id, name) VALUES (12511, 'Venue12511');
INSERT INTO items (id, venue_id, name) VALUES (19117, 12511, 'Space17192');
INSERT INTO spaces (id, item_id, hour_price) VALUES (17192, 19117, 0);
INSERT INTO items (id, venue_id, name) VALUES (19118, 12511, 'Space17193');
INSERT INTO spaces (id, item_id, hour_price) VALUES (17193, 19118, 0);
INSERT INTO items (id, venue_id, name) VALUES (19119, 12511, 'Space17194');
INSERT INTO spaces (id, item_id, hour_price) VALUES (17194, 19119, 0);
INSERT INTO items (id, venue_id, name) VALUES (19120, 12511, 'Space17195');
INSERT INTO spaces (id, item_id, hour_price) VALUES (17195, 19120, 0);
INSERT INTO items (id, venue_id, name) VALUES (19121, 12511, 'Space17196');
INSERT INTO spaces (id, item_id, hour_price) VALUES (17196, 19121, 0);
INSERT INTO items (id, venue_id, name) VALUES (19122, 12511, 'Space17197');
INSERT INTO spaces (id, item_id, hour_price) VALUES (17197, 19122, 0);
INSERT INTO items (id, venue_id, name) VALUES (19123, 12511, 'Space17198');
INSERT INTO spaces (id, item_id, hour_price) VALUES (17198, 19123, 6);
INSERT INTO items (id, venue_id, name) VALUES (19124, 12511, 'Space17199');
INSERT INTO spaces (id, item_id, hour_price) VALUES (17199, 19124, 6);
INSERT INTO items (id, venue_id, name) VALUES (19125, 12511, 'Space17200');
INSERT INTO spaces (id, item_id, hour_price) VALUES (17200, 19125, 6);
INSERT INTO items (id, venue_id, name) VALUES (19126, 12511, 'Product11918');
INSERT INTO products (id, item_id, price) VALUES (11918, 19126, 6);
INSERT INTO venues (id, name) VALUES (12516, 'Venue12516');
INSERT INTO items (id, venue_id, name) VALUES (19128, 12516, 'Space17202');
INSERT INTO spaces (id, item_id, hour_price) VALUES (17202, 19128, 0);
INSERT INTO items (id, venue_id, name) VALUES (19129, 12516, 'Space17203');
INSERT INTO spaces (id, item_id, hour_price) VALUES (17203, 19129, 0);
INSERT INTO items (id, venue_id, name) VALUES (19130, 12516, 'Space17204');
INSERT INTO spaces (id, item_id, hour_price) VALUES (17204, 19130, 0);
INSERT INTO items (id, venue_id, name) VALUES (19131, 12516, 'Space17205');
INSERT INTO spaces (id, item_id, hour_price) VALUES (17205, 19131, 0);
INSERT INTO items (id, venue_id, name) VALUES (19132, 12516, 'Space17206');
INSERT INTO spaces (id, item_id, hour_price) VALUES (17206, 19132, 0);
INSERT INTO items (id, venue_id, name) VALUES (19133, 12516, 'Space17207');
INSERT INTO spaces (id, item_id, hour_price) VALUES (17207, 19133, 0);
INSERT INTO items (id, venue_id, name) VALUES (19134, 12516, 'Space17208');
INSERT INTO spaces (id, item_id, hour_price) VALUES (17208, 19134, 0);
INSERT INTO items (id, venue_id, name) VALUES (19135, 12516, 'Product11919');
INSERT INTO products (id, item_id, price) VALUES (11919, 19135, 0);
INSERT INTO venues (id, name) VALUES (12520, 'Venue12520');
INSERT INTO items (id, venue_id, name) VALUES (19138, 12520, 'Space17209');
INSERT INTO spaces (id, item_id, hour_price) VALUES (17209, 19138, 0);
INSERT INTO items (id, venue_id, name) VALUES (19139, 12520, 'Space17210');
INSERT INTO spaces (id, item_id, hour_price) VALUES (17210, 19139, 0);
INSERT INTO items (id, venue_id, name) VALUES (19140, 12520, 'Space17211');
INSERT INTO spaces (id, item_id, hour_price) VALUES (17211, 19140, 0);
INSERT INTO items (id, venue_id, name) VALUES (19141, 12520, 'Space17212');
INSERT INTO spaces (id, item_id, hour_price) VALUES (17212, 19141, 0);
INSERT INTO items (id, venue_id, name) VALUES (19142, 12520, 'Space17213');
INSERT INTO spaces (id, item_id, hour_price) VALUES (17213, 19142, 0);
INSERT INTO items (id, venue_id, name) VALUES (19143, 12520, 'Space17214');
INSERT INTO spaces (id, item_id, hour_price) VALUES (17214, 19143, 0);
INSERT INTO items (id, venue_id, name) VALUES (19144, 12520, 'Space17215');
INSERT INTO spaces (id, item_id, hour_price) VALUES (17215, 19144, 125);
INSERT INTO items (id, venue_id, name) VALUES (19145, 12520, 'Space17216');
INSERT INTO spaces (id, item_id, hour_price) VALUES (17216, 19145, 90);
INSERT INTO items (id, venue_id, name) VALUES (19165, 12520, 'Space17226');
INSERT INTO spaces (id, item_id, hour_price) VALUES (17226, 19165, 45);
INSERT INTO items (id, venue_id, name) VALUES (19167, 12520, 'Space17228');
INSERT INTO spaces (id, item_id, hour_price) VALUES (17228, 19167, 85);
INSERT INTO items (id, venue_id, name) VALUES (19168, 12520, 'Space17229');
INSERT INTO spaces (id, item_id, hour_price) VALUES (17229, 19168, 385);
INSERT INTO items (id, venue_id, name) VALUES (19169, 12520, 'Space17230');
INSERT INTO spaces (id, item_id, hour_price) VALUES (17230, 19169, 175);
INSERT INTO items (id, venue_id, name) VALUES (19197, 12520, 'Product11944');
INSERT INTO products (id, item_id, price) VALUES (11944, 19197, 13.5);
INSERT INTO items (id, venue_id, name) VALUES (19212, 12520, 'Product11946');
INSERT INTO products (id, item_id, price) VALUES (11946, 19212, 55.5);
INSERT INTO items (id, venue_id, name) VALUES (19213, 12520, 'Space17259');
INSERT INTO spaces (id, item_id, hour_price) VALUES (17259, 19213, 35);
INSERT INTO items (id, venue_id, name) VALUES (19215, 12520, 'Product11947');
INSERT INTO products (id, item_id, price) VALUES (11947, 19215, 63.5);
INSERT INTO items (id, venue_id, name) VALUES (19216, 12520, 'Product11948');
INSERT INTO products (id, item_id, price) VALUES (11948, 19216, 125);
INSERT INTO items (id, venue_id, name) VALUES (19218, 12520, 'Product11950');
INSERT INTO products (id, item_id, price) VALUES (11950, 19218, 12.5);
INSERT INTO items (id, venue_id, name) VALUES (19219, 12520, 'Product11951');
INSERT INTO products (id, item_id, price) VALUES (11951, 19219, 2);
INSERT INTO items (id, venue_id, name) VALUES (19220, 12520, 'Product11952');
INSERT INTO products (id, item_id, price) VALUES (11952, 19220, 2.5);
INSERT INTO items (id, venue_id, name) VALUES (19221, 12520, 'Product11953');
INSERT INTO products (id, item_id, price) VALUES (11953, 19221, 3.5);
INSERT INTO items (id, venue_id, name) VALUES (19222, 12520, 'Product11954');
INSERT INTO products (id, item_id, price) VALUES (11954, 19222, 24.5);
INSERT INTO items (id, venue_id, name) VALUES (19646, 12520, 'Space17523');
INSERT INTO spaces (id, item_id, hour_price) VALUES (17523, 19646, 35);
INSERT INTO items (id, venue_id, name) VALUES (19647, 12520, 'Space17524');
INSERT INTO spaces (id, item_id, hour_price) VALUES (17524, 19647, 195);
INSERT INTO items (id, venue_id, name) VALUES (19695, 12520, 'Product12141');
INSERT INTO products (id, item_id, price) VALUES (12141, 19695, 65);
INSERT INTO items (id, venue_id, name) VALUES (23799, 12520, 'Product14091');
INSERT INTO products (id, item_id, price) VALUES (14091, 23799, 9.95);
INSERT INTO items (id, venue_id, name) VALUES (23800, 12520, 'Product14092');
INSERT INTO products (id, item_id, price) VALUES (14092, 23800, 7.5);
INSERT INTO items (id, venue_id, name) VALUES (23801, 12520, 'Product14093');
INSERT INTO products (id, item_id, price) VALUES (14093, 23801, 7.5);
INSERT INTO items (id, venue_id, name) VALUES (23802, 12520, 'Product14094');
INSERT INTO products (id, item_id, price) VALUES (14094, 23802, 4.5);
INSERT INTO items (id, venue_id, name) VALUES (23803, 12520, 'Product14095');
INSERT INTO products (id, item_id, price) VALUES (14095, 23803, 17.5);
INSERT INTO items (id, venue_id, name) VALUES (23804, 12520, 'Product14096');
INSERT INTO products (id, item_id, price) VALUES (14096, 23804, 16.5);
INSERT INTO items (id, venue_id, name) VALUES (23805, 12520, 'Product14097');
INSERT INTO products (id, item_id, price) VALUES (14097, 23805, 13.5);
INSERT INTO items (id, venue_id, name) VALUES (23806, 12520, 'Product14098');
INSERT INTO products (id, item_id, price) VALUES (14098, 23806, 14.5);
INSERT INTO items (id, venue_id, name) VALUES (23807, 12520, 'Product14099');
INSERT INTO products (id, item_id, price) VALUES (14099, 23807, 4.75);
INSERT INTO items (id, venue_id, name) VALUES (23808, 12520, 'Product14100');
INSERT INTO products (id, item_id, price) VALUES (14100, 23808, 19.5);
INSERT INTO items (id, venue_id, name) VALUES (23809, 12520, 'Product14101');
INSERT INTO products (id, item_id, price) VALUES (14101, 23809, 10.5);
INSERT INTO items (id, venue_id, name) VALUES (23810, 12520, 'Product14102');
INSERT INTO products (id, item_id, price) VALUES (14102, 23810, 8.5);
INSERT INTO items (id, venue_id, name) VALUES (23811, 12520, 'Product14103');
INSERT INTO products (id, item_id, price) VALUES (14103, 23811, 9);
INSERT INTO items (id, venue_id, name) VALUES (23812, 12520, 'Product14104');
INSERT INTO products (id, item_id, price) VALUES (14104, 23812, 7.5);
INSERT INTO items (id, venue_id, name) VALUES (23813, 12520, 'Product14105');
INSERT INTO products (id, item_id, price) VALUES (14105, 23813, 6.5);
INSERT INTO items (id, venue_id, name) VALUES (23814, 12520, 'Product14106');
INSERT INTO products (id, item_id, price) VALUES (14106, 23814, 5.75);
INSERT INTO items (id, venue_id, name) VALUES (23815, 12520, 'Product14107');
INSERT INTO products (id, item_id, price) VALUES (14107, 23815, 5.75);
INSERT INTO items (id, venue_id, name) VALUES (23816, 12520, 'Product14108');
INSERT INTO products (id, item_id, price) VALUES (14108, 23816, 5.25);
INSERT INTO items (id, venue_id, name) VALUES (23817, 12520, 'Product14109');
INSERT INTO products (id, item_id, price) VALUES (14109, 23817, 4.95);
INSERT INTO items (id, venue_id, name) VALUES (23818, 12520, 'Product14110');
INSERT INTO products (id, item_id, price) VALUES (14110, 23818, 3.95);
INSERT INTO items (id, venue_id, name) VALUES (23819, 12520, 'Product14111');
INSERT INTO products (id, item_id, price) VALUES (14111, 23819, 3.95);
INSERT INTO items (id, venue_id, name) VALUES (23820, 12520, 'Product14112');
INSERT INTO products (id, item_id, price) VALUES (14112, 23820, 3.95);
INSERT INTO items (id, venue_id, name) VALUES (23821, 12520, 'Product14113');
INSERT INTO products (id, item_id, price) VALUES (14113, 23821, 3.5);
INSERT INTO items (id, venue_id, name) VALUES (23822, 12520, 'Product14114');
INSERT INTO products (id, item_id, price) VALUES (14114, 23822, 3.5);
INSERT INTO items (id, venue_id, name) VALUES (23823, 12520, 'Product14115');
INSERT INTO products (id, item_id, price) VALUES (14115, 23823, 2.75);
INSERT INTO items (id, venue_id, name) VALUES (23824, 12520, 'Product14116');
INSERT INTO products (id, item_id, price) VALUES (14116, 23824, 1.85);
INSERT INTO items (id, venue_id, name) VALUES (23825, 12520, 'Product14117');
INSERT INTO products (id, item_id, price) VALUES (14117, 23825, 20.25);
INSERT INTO items (id, venue_id, name) VALUES (23826, 12520, 'Product14118');
INSERT INTO products (id, item_id, price) VALUES (14118, 23826, 48.5);
INSERT INTO items (id, venue_id, name) VALUES (23827, 12520, 'Product14119');
INSERT INTO products (id, item_id, price) VALUES (14119, 23827, 20.75);
INSERT INTO items (id, venue_id, name) VALUES (23828, 12520, 'Product14120');
INSERT INTO products (id, item_id, price) VALUES (14120, 23828, 8.5);
INSERT INTO items (id, venue_id, name) VALUES (23829, 12520, 'Product14121');
INSERT INTO products (id, item_id, price) VALUES (14121, 23829, 11.5);
INSERT INTO items (id, venue_id, name) VALUES (23830, 12520, 'Product14122');
INSERT INTO products (id, item_id, price) VALUES (14122, 23830, 19.5);
INSERT INTO items (id, venue_id, name) VALUES (23831, 12520, 'Product14123');
INSERT INTO products (id, item_id, price) VALUES (14123, 23831, 4.75);
INSERT INTO items (id, venue_id, name) VALUES (23832, 12520, 'Product14124');
INSERT INTO products (id, item_id, price) VALUES (14124, 23832, 8.5);
INSERT INTO items (id, venue_id, name) VALUES (23833, 12520, 'Product14125');
INSERT INTO products (id, item_id, price) VALUES (14125, 23833, 12.5);
INSERT INTO items (id, venue_id, name) VALUES (23834, 12520, 'Product14126');
INSERT INTO products (id, item_id, price) VALUES (14126, 23834, 24.5);
INSERT INTO items (id, venue_id, name) VALUES (23835, 12520, 'Product14127');
INSERT INTO products (id, item_id, price) VALUES (14127, 23835, 16.75);
INSERT INTO items (id, venue_id, name) VALUES (23836, 12520, 'Product14128');
INSERT INTO products (id, item_id, price) VALUES (14128, 23836, 21.75);
INSERT INTO items (id, venue_id, name) VALUES (25443, 12520, 'Space20452');
INSERT INTO spaces (id, item_id, hour_price) VALUES (20452, 25443, 0);
INSERT INTO venues (id, name) VALUES (12525, 'Venue12525');
INSERT INTO items (id, venue_id, name) VALUES (19146, 12525, 'Space17217');
INSERT INTO spaces (id, item_id, hour_price) VALUES (17217, 19146, 0);
INSERT INTO items (id, venue_id, name) VALUES (19147, 12525, 'Space17218');
INSERT INTO spaces (id, item_id, hour_price) VALUES (17218, 19147, 0);
INSERT INTO items (id, venue_id, name) VALUES (19148, 12525, 'Space17219');
INSERT INTO spaces (id, item_id, hour_price) VALUES (17219, 19148, 0);
INSERT INTO items (id, venue_id, name) VALUES (19149, 12525, 'Space17220');
INSERT INTO spaces (id, item_id, hour_price) VALUES (17220, 19149, 0);
INSERT INTO items (id, venue_id, name) VALUES (19150, 12525, 'Space17221');
INSERT INTO spaces (id, item_id, hour_price) VALUES (17221, 19150, 0);
INSERT INTO items (id, venue_id, name) VALUES (19151, 12525, 'Space17222');
INSERT INTO spaces (id, item_id, hour_price) VALUES (17222, 19151, 0);
INSERT INTO items (id, venue_id, name) VALUES (19152, 12525, 'Space17223');
INSERT INTO spaces (id, item_id, hour_price) VALUES (17223, 19152, 35);
INSERT INTO items (id, venue_id, name) VALUES (19153, 12525, 'Product11922');
INSERT INTO products (id, item_id, price) VALUES (11922, 19153, 25);
INSERT INTO items (id, venue_id, name) VALUES (19661, 12525, 'Product12120');
INSERT INTO products (id, item_id, price) VALUES (12120, 19661, 10.6);
INSERT INTO items (id, venue_id, name) VALUES (19662, 12525, 'Product12121');
INSERT INTO products (id, item_id, price) VALUES (12121, 19662, 6.4);
INSERT INTO items (id, venue_id, name) VALUES (19663, 12525, 'Product12122');
INSERT INTO products (id, item_id, price) VALUES (12122, 19663, 8.6);
INSERT INTO items (id, venue_id, name) VALUES (19664, 12525, 'Product12123');
INSERT INTO products (id, item_id, price) VALUES (12123, 19664, 9.1);
INSERT INTO items (id, venue_id, name) VALUES (19665, 12525, 'Product12124');
INSERT INTO products (id, item_id, price) VALUES (12124, 19665, 15);
INSERT INTO items (id, venue_id, name) VALUES (19666, 12525, 'Product12125');
INSERT INTO products (id, item_id, price) VALUES (12125, 19666, 10.1);
INSERT INTO items (id, venue_id, name) VALUES (19667, 12525, 'Product12126');
INSERT INTO products (id, item_id, price) VALUES (12126, 19667, 12.2);
INSERT INTO items (id, venue_id, name) VALUES (19668, 12525, 'Product12127');
INSERT INTO products (id, item_id, price) VALUES (12127, 19668, 13.4);
INSERT INTO items (id, venue_id, name) VALUES (19669, 12525, 'Product12128');
INSERT INTO products (id, item_id, price) VALUES (12128, 19669, 10.6);
INSERT INTO items (id, venue_id, name) VALUES (19671, 12525, 'Product12130');
INSERT INTO products (id, item_id, price) VALUES (12130, 19671, 10.8);
INSERT INTO items (id, venue_id, name) VALUES (19673, 12525, 'Product12132');
INSERT INTO products (id, item_id, price) VALUES (12132, 19673, 10.3);
INSERT INTO items (id, venue_id, name) VALUES (19674, 12525, 'Product12133');
INSERT INTO products (id, item_id, price) VALUES (12133, 19674, 10);
INSERT INTO items (id, venue_id, name) VALUES (19675, 12525, 'Product12134');
INSERT INTO products (id, item_id, price) VALUES (12134, 19675, 12.1);
INSERT INTO items (id, venue_id, name) VALUES (19676, 12525, 'Product12135');
INSERT INTO products (id, item_id, price) VALUES (12135, 19676, 5);
INSERT INTO items (id, venue_id, name) VALUES (19677, 12525, 'Product12136');
INSERT INTO products (id, item_id, price) VALUES (12136, 19677, 4.4);
INSERT INTO items (id, venue_id, name) VALUES (19678, 12525, 'Product12137');
INSERT INTO products (id, item_id, price) VALUES (12137, 19678, 23.3);
INSERT INTO items (id, venue_id, name) VALUES (19679, 12525, 'Product12138');
INSERT INTO products (id, item_id, price) VALUES (12138, 19679, 23.3);
INSERT INTO items (id, venue_id, name) VALUES (19680, 12525, 'Product12139');
INSERT INTO products (id, item_id, price) VALUES (12139, 19680, 23.3);
INSERT INTO items (id, venue_id, name) VALUES (19682, 12525, 'Space17534');
INSERT INTO spaces (id, item_id, hour_price) VALUES (17534, 19682, 25);
INSERT INTO items (id, venue_id, name) VALUES (19683, 12525, 'Space17535');
INSERT INTO spaces (id, item_id, hour_price) VALUES (17535, 19683, 40);
INSERT INTO items (id, venue_id, name) VALUES (19684, 12525, 'Space17536');
INSERT INTO spaces (id, item_id, hour_price) VALUES (17536, 19684, 30);
INSERT INTO items (id, venue_id, name) VALUES (19722, 12525, 'Product12150');
INSERT INTO products (id, item_id, price) VALUES (12150, 19722, 1.25);
INSERT INTO items (id, venue_id, name) VALUES (19723, 12525, 'Product12151');
INSERT INTO products (id, item_id, price) VALUES (12151, 19723, 1.5);
INSERT INTO items (id, venue_id, name) VALUES (27794, 12525, 'Product16251');
INSERT INTO products (id, item_id, price) VALUES (16251, 27794, 2);
INSERT INTO venues (id, name) VALUES (12529, 'Venue12529');
INSERT INTO items (id, venue_id, name) VALUES (19175, 12529, 'Space17233');
INSERT INTO spaces (id, item_id, hour_price) VALUES (17233, 19175, 0);
INSERT INTO items (id, venue_id, name) VALUES (19176, 12529, 'Space17234');
INSERT INTO spaces (id, item_id, hour_price) VALUES (17234, 19176, 0);
INSERT INTO items (id, venue_id, name) VALUES (19177, 12529, 'Space17235');
INSERT INTO spaces (id, item_id, hour_price) VALUES (17235, 19177, 0);
INSERT INTO items (id, venue_id, name) VALUES (19178, 12529, 'Space17236');
INSERT INTO spaces (id, item_id, hour_price) VALUES (17236, 19178, 0);
INSERT INTO items (id, venue_id, name) VALUES (19179, 12529, 'Space17237');
INSERT INTO spaces (id, item_id, hour_price) VALUES (17237, 19179, 0);
INSERT INTO items (id, venue_id, name) VALUES (19180, 12529, 'Space17238');
INSERT INTO spaces (id, item_id, hour_price) VALUES (17238, 19180, 0);
INSERT INTO items (id, venue_id, name) VALUES (19494, 12529, 'Space17448');
INSERT INTO spaces (id, item_id, hour_price) VALUES (17448, 19494, 10);
INSERT INTO venues (id, name) VALUES (12539, 'Venue12539');
INSERT INTO items (id, venue_id, name) VALUES (19223, 12539, 'Space17261');
INSERT INTO spaces (id, item_id, hour_price) VALUES (17261, 19223, 0);
INSERT INTO items (id, venue_id, name) VALUES (19224, 12539, 'Space17262');
INSERT INTO spaces (id, item_id, hour_price) VALUES (17262, 19224, 0);
INSERT INTO items (id, venue_id, name) VALUES (19225, 12539, 'Space17263');
INSERT INTO spaces (id, item_id, hour_price) VALUES (17263, 19225, 0);
INSERT INTO items (id, venue_id, name) VALUES (19226, 12539, 'Space17264');
INSERT INTO spaces (id, item_id, hour_price) VALUES (17264, 19226, 0);
INSERT INTO items (id, venue_id, name) VALUES (19227, 12539, 'Space17265');
INSERT INTO spaces (id, item_id, hour_price) VALUES (17265, 19227, 0);
INSERT INTO items (id, venue_id, name) VALUES (19228, 12539, 'Space17266');
INSERT INTO spaces (id, item_id, hour_price) VALUES (17266, 19228, 0);
INSERT INTO items (id, venue_id, name) VALUES (19229, 12539, 'Space17267');
INSERT INTO spaces (id, item_id, hour_price) VALUES (17267, 19229, 12.5);
INSERT INTO items (id, venue_id, name) VALUES (19230, 12539, 'Space17268');
INSERT INTO spaces (id, item_id, hour_price) VALUES (17268, 19230, 12.5);
INSERT INTO items (id, venue_id, name) VALUES (19231, 12539, 'Space17269');
INSERT INTO spaces (id, item_id, hour_price) VALUES (17269, 19231, 12.5);
INSERT INTO items (id, venue_id, name) VALUES (19232, 12539, 'Space17270');
INSERT INTO spaces (id, item_id, hour_price) VALUES (17270, 19232, 12.5);
INSERT INTO items (id, venue_id, name) VALUES (19233, 12539, 'Space17271');
INSERT INTO spaces (id, item_id, hour_price) VALUES (17271, 19233, 12.5);
INSERT INTO items (id, venue_id, name) VALUES (19234, 12539, 'Space17272');
INSERT INTO spaces (id, item_id, hour_price) VALUES (17272, 19234, 12.5);
INSERT INTO items (id, venue_id, name) VALUES (19235, 12539, 'Space17273');
INSERT INTO spaces (id, item_id, hour_price) VALUES (17273, 19235, 7.5);
INSERT INTO items (id, venue_id, name) VALUES (19236, 12539, 'Space17274');
INSERT INTO spaces (id, item_id, hour_price) VALUES (17274, 19236, 10);
INSERT INTO items (id, venue_id, name) VALUES (19237, 12539, 'Space17275');
INSERT INTO spaces (id, item_id, hour_price) VALUES (17275, 19237, 12.5);
INSERT INTO items (id, venue_id, name) VALUES (19238, 12539, 'Space17276');
INSERT INTO spaces (id, item_id, hour_price) VALUES (17276, 19238, 12.5);
INSERT INTO items (id, venue_id, name) VALUES (19239, 12539, 'Space17277');
INSERT INTO spaces (id, item_id, hour_price) VALUES (17277, 19239, 12.5);
INSERT INTO items (id, venue_id, name) VALUES (19240, 12539, 'Space17278');
INSERT INTO spaces (id, item_id, hour_price) VALUES (17278, 19240, 32.5);
INSERT INTO items (id, venue_id, name) VALUES (19241, 12539, 'Space17279');
INSERT INTO spaces (id, item_id, hour_price) VALUES (17279, 19241, 37.5);
INSERT INTO items (id, venue_id, name) VALUES (19242, 12539, 'Space17280');
INSERT INTO spaces (id, item_id, hour_price) VALUES (17280, 19242, 12.5);
INSERT INTO items (id, venue_id, name) VALUES (19243, 12539, 'Space17281');
INSERT INTO spaces (id, item_id, hour_price) VALUES (17281, 19243, 37.5);
INSERT INTO items (id, venue_id, name) VALUES (19987, 12539, 'Product12230');
INSERT INTO products (id, item_id, price) VALUES (12230, 19987, 5);
INSERT INTO venues (id, name) VALUES (12550, 'Venue12550');
INSERT INTO items (id, venue_id, name) VALUES (19254, 12550, 'Space17291');
INSERT INTO spaces (id, item_id, hour_price) VALUES (17291, 19254, 0);
INSERT INTO items (id, venue_id, name) VALUES (19255, 12550, 'Space17292');
INSERT INTO spaces (id, item_id, hour_price) VALUES (17292, 19255, 0);
INSERT INTO items (id, venue_id, name) VALUES (19256, 12550, 'Space17293');
INSERT INTO spaces (id, item_id, hour_price) VALUES (17293, 19256, 0);
INSERT INTO items (id, venue_id, name) VALUES (19257, 12550, 'Space17294');
INSERT INTO spaces (id, item_id, hour_price) VALUES (17294, 19257, 0);
INSERT INTO items (id, venue_id, name) VALUES (19258, 12550, 'Space17295');
INSERT INTO spaces (id, item_id, hour_price) VALUES (17295, 19258, 0);
INSERT INTO items (id, venue_id, name) VALUES (19259, 12550, 'Space17296');
INSERT INTO spaces (id, item_id, hour_price) VALUES (17296, 19259, 0);
INSERT INTO items (id, venue_id, name) VALUES (19264, 12550, 'Space17298');
INSERT INTO spaces (id, item_id, hour_price) VALUES (17298, 19264, 25);
INSERT INTO items (id, venue_id, name) VALUES (19265, 12550, 'Product11959');
INSERT INTO products (id, item_id, price) VALUES (11959, 19265, 250);
INSERT INTO venues (id, name) VALUES (12554, 'Venue12554');
INSERT INTO items (id, venue_id, name) VALUES (19289, 12554, 'Space17316');
INSERT INTO spaces (id, item_id, hour_price) VALUES (17316, 19289, 0);
INSERT INTO items (id, venue_id, name) VALUES (19290, 12554, 'Space17317');
INSERT INTO spaces (id, item_id, hour_price) VALUES (17317, 19290, 0);
INSERT INTO items (id, venue_id, name) VALUES (19291, 12554, 'Space17318');
INSERT INTO spaces (id, item_id, hour_price) VALUES (17318, 19291, 0);
INSERT INTO items (id, venue_id, name) VALUES (19292, 12554, 'Space17319');
INSERT INTO spaces (id, item_id, hour_price) VALUES (17319, 19292, 0);
INSERT INTO items (id, venue_id, name) VALUES (19293, 12554, 'Space17320');
INSERT INTO spaces (id, item_id, hour_price) VALUES (17320, 19293, 0);
INSERT INTO items (id, venue_id, name) VALUES (19294, 12554, 'Space17321');
INSERT INTO spaces (id, item_id, hour_price) VALUES (17321, 19294, 0);
INSERT INTO items (id, venue_id, name) VALUES (19295, 12554, 'Space17322');
INSERT INTO spaces (id, item_id, hour_price) VALUES (17322, 19295, 8);
INSERT INTO venues (id, name) VALUES (12559, 'Venue12559');
INSERT INTO items (id, venue_id, name) VALUES (19346, 12559, 'Space17337');
INSERT INTO spaces (id, item_id, hour_price) VALUES (17337, 19346, 0);
INSERT INTO items (id, venue_id, name) VALUES (19347, 12559, 'Space17338');
INSERT INTO spaces (id, item_id, hour_price) VALUES (17338, 19347, 0);
INSERT INTO items (id, venue_id, name) VALUES (19348, 12559, 'Space17339');
INSERT INTO spaces (id, item_id, hour_price) VALUES (17339, 19348, 0);
INSERT INTO items (id, venue_id, name) VALUES (19349, 12559, 'Space17340');
INSERT INTO spaces (id, item_id, hour_price) VALUES (17340, 19349, 0);
INSERT INTO items (id, venue_id, name) VALUES (19350, 12559, 'Space17341');
INSERT INTO spaces (id, item_id, hour_price) VALUES (17341, 19350, 0);
INSERT INTO items (id, venue_id, name) VALUES (19351, 12559, 'Space17342');
INSERT INTO spaces (id, item_id, hour_price) VALUES (17342, 19351, 0);
INSERT INTO items (id, venue_id, name) VALUES (19352, 12559, 'Space17343');
INSERT INTO spaces (id, item_id, hour_price) VALUES (17343, 19352, 28.5);
INSERT INTO items (id, venue_id, name) VALUES (22145, 12559, 'Product13247');
INSERT INTO products (id, item_id, price) VALUES (13247, 22145, 12.5);
INSERT INTO items (id, venue_id, name) VALUES (22146, 12559, 'Product13248');
INSERT INTO products (id, item_id, price) VALUES (13248, 22146, 37.8);
INSERT INTO items (id, venue_id, name) VALUES (22147, 12559, 'Product13249');
INSERT INTO products (id, item_id, price) VALUES (13249, 22147, 21);
INSERT INTO items (id, venue_id, name) VALUES (22148, 12559, 'Product13250');
INSERT INTO products (id, item_id, price) VALUES (13250, 22148, 10);
INSERT INTO items (id, venue_id, name) VALUES (22149, 12559, 'Product13251');
INSERT INTO products (id, item_id, price) VALUES (13251, 22149, 19);
INSERT INTO items (id, venue_id, name) VALUES (22150, 12559, 'Product13252');
INSERT INTO products (id, item_id, price) VALUES (13252, 22150, 3);
INSERT INTO items (id, venue_id, name) VALUES (22265, 12559, 'Product13302');
INSERT INTO products (id, item_id, price) VALUES (13302, 22265, 3.5);
INSERT INTO items (id, venue_id, name) VALUES (22372, 12559, 'Space18999');
INSERT INTO spaces (id, item_id, hour_price) VALUES (18999, 22372, 20);
INSERT INTO items (id, venue_id, name) VALUES (25564, 12559, 'Product15067');
INSERT INTO products (id, item_id, price) VALUES (15067, 25564, 1);
INSERT INTO venues (id, name) VALUES (12563, 'Venue12563');
INSERT INTO items (id, venue_id, name) VALUES (19361, 12563, 'Space17344');
INSERT INTO spaces (id, item_id, hour_price) VALUES (17344, 19361, 0);
INSERT INTO items (id, venue_id, name) VALUES (19362, 12563, 'Space17345');
INSERT INTO spaces (id, item_id, hour_price) VALUES (17345, 19362, 0);
INSERT INTO items (id, venue_id, name) VALUES (19363, 12563, 'Space17346');
INSERT INTO spaces (id, item_id, hour_price) VALUES (17346, 19363, 0);
INSERT INTO items (id, venue_id, name) VALUES (19364, 12563, 'Space17347');
INSERT INTO spaces (id, item_id, hour_price) VALUES (17347, 19364, 0);
INSERT INTO items (id, venue_id, name) VALUES (19365, 12563, 'Space17348');
INSERT INTO spaces (id, item_id, hour_price) VALUES (17348, 19365, 0);
INSERT INTO items (id, venue_id, name) VALUES (19366, 12563, 'Space17349');
INSERT INTO spaces (id, item_id, hour_price) VALUES (17349, 19366, 0);
INSERT INTO items (id, venue_id, name) VALUES (19367, 12563, 'Space17350');
INSERT INTO spaces (id, item_id, hour_price) VALUES (17350, 19367, 10);
INSERT INTO items (id, venue_id, name) VALUES (19381, 12563, 'Space17364');
INSERT INTO spaces (id, item_id, hour_price) VALUES (17364, 19381, 10);
INSERT INTO venues (id, name) VALUES (12572, 'Venue12572');
INSERT INTO items (id, venue_id, name) VALUES (19383, 12572, 'Space17365');
INSERT INTO spaces (id, item_id, hour_price) VALUES (17365, 19383, 0);
INSERT INTO items (id, venue_id, name) VALUES (19384, 12572, 'Space17366');
INSERT INTO spaces (id, item_id, hour_price) VALUES (17366, 19384, 0);
INSERT INTO items (id, venue_id, name) VALUES (19385, 12572, 'Space17367');
INSERT INTO spaces (id, item_id, hour_price) VALUES (17367, 19385, 0);
INSERT INTO items (id, venue_id, name) VALUES (19386, 12572, 'Space17368');
INSERT INTO spaces (id, item_id, hour_price) VALUES (17368, 19386, 0);
INSERT INTO items (id, venue_id, name) VALUES (19387, 12572, 'Space17369');
INSERT INTO spaces (id, item_id, hour_price) VALUES (17369, 19387, 0);
INSERT INTO items (id, venue_id, name) VALUES (19388, 12572, 'Space17370');
INSERT INTO spaces (id, item_id, hour_price) VALUES (17370, 19388, 0);
INSERT INTO items (id, venue_id, name) VALUES (19389, 12572, 'Space17371');
INSERT INTO spaces (id, item_id, hour_price) VALUES (17371, 19389, 12);
INSERT INTO items (id, venue_id, name) VALUES (19392, 12572, 'Space17374');
INSERT INTO spaces (id, item_id, hour_price) VALUES (17374, 19392, 25);
INSERT INTO items (id, venue_id, name) VALUES (19815, 12572, 'Space17641');
INSERT INTO spaces (id, item_id, hour_price) VALUES (17641, 19815, 35);
INSERT INTO venues (id, name) VALUES (12576, 'Venue12576');
INSERT INTO items (id, venue_id, name) VALUES (19393, 12576, 'Space17375');
INSERT INTO spaces (id, item_id, hour_price) VALUES (17375, 19393, 0);
INSERT INTO items (id, venue_id, name) VALUES (19394, 12576, 'Space17376');
INSERT INTO spaces (id, item_id, hour_price) VALUES (17376, 19394, 0);
INSERT INTO items (id, venue_id, name) VALUES (19395, 12576, 'Space17377');
INSERT INTO spaces (id, item_id, hour_price) VALUES (17377, 19395, 0);
INSERT INTO items (id, venue_id, name) VALUES (19396, 12576, 'Space17378');
INSERT INTO spaces (id, item_id, hour_price) VALUES (17378, 19396, 0);
INSERT INTO items (id, venue_id, name) VALUES (19397, 12576, 'Space17379');
INSERT INTO spaces (id, item_id, hour_price) VALUES (17379, 19397, 0);
INSERT INTO items (id, venue_id, name) VALUES (19398, 12576, 'Space17380');
INSERT INTO spaces (id, item_id, hour_price) VALUES (17380, 19398, 0);
INSERT INTO venues (id, name) VALUES (12582, 'Venue12582');
INSERT INTO items (id, venue_id, name) VALUES (19413, 12582, 'Space17392');
INSERT INTO spaces (id, item_id, hour_price) VALUES (17392, 19413, 0);
INSERT INTO items (id, venue_id, name) VALUES (19414, 12582, 'Space17393');
INSERT INTO spaces (id, item_id, hour_price) VALUES (17393, 19414, 0);
INSERT INTO items (id, venue_id, name) VALUES (19415, 12582, 'Space17394');
INSERT INTO spaces (id, item_id, hour_price) VALUES (17394, 19415, 0);
INSERT INTO items (id, venue_id, name) VALUES (19416, 12582, 'Space17395');
INSERT INTO spaces (id, item_id, hour_price) VALUES (17395, 19416, 0);
INSERT INTO items (id, venue_id, name) VALUES (19417, 12582, 'Space17396');
INSERT INTO spaces (id, item_id, hour_price) VALUES (17396, 19417, 0);
INSERT INTO items (id, venue_id, name) VALUES (19418, 12582, 'Space17397');
INSERT INTO spaces (id, item_id, hour_price) VALUES (17397, 19418, 0);
INSERT INTO venues (id, name) VALUES (12587, 'Venue12587');
INSERT INTO items (id, venue_id, name) VALUES (19423, 12587, 'Space17399');
INSERT INTO spaces (id, item_id, hour_price) VALUES (17399, 19423, 0);
INSERT INTO items (id, venue_id, name) VALUES (19424, 12587, 'Space17400');
INSERT INTO spaces (id, item_id, hour_price) VALUES (17400, 19424, 0);
INSERT INTO items (id, venue_id, name) VALUES (19425, 12587, 'Space17401');
INSERT INTO spaces (id, item_id, hour_price) VALUES (17401, 19425, 0);
INSERT INTO items (id, venue_id, name) VALUES (19426, 12587, 'Space17402');
INSERT INTO spaces (id, item_id, hour_price) VALUES (17402, 19426, 0);
INSERT INTO items (id, venue_id, name) VALUES (19427, 12587, 'Space17403');
INSERT INTO spaces (id, item_id, hour_price) VALUES (17403, 19427, 0);
INSERT INTO items (id, venue_id, name) VALUES (19428, 12587, 'Space17404');
INSERT INTO spaces (id, item_id, hour_price) VALUES (17404, 19428, 0);
INSERT INTO items (id, venue_id, name) VALUES (19429, 12587, 'Space17405');
INSERT INTO spaces (id, item_id, hour_price) VALUES (17405, 19429, 20);
INSERT INTO venues (id, name) VALUES (12591, 'Venue12591');
INSERT INTO items (id, venue_id, name) VALUES (19438, 12591, 'Space17413');
INSERT INTO spaces (id, item_id, hour_price) VALUES (17413, 19438, 0);
INSERT INTO items (id, venue_id, name) VALUES (19439, 12591, 'Space17414');
INSERT INTO spaces (id, item_id, hour_price) VALUES (17414, 19439, 0);
INSERT INTO items (id, venue_id, name) VALUES (19440, 12591, 'Space17415');
INSERT INTO spaces (id, item_id, hour_price) VALUES (17415, 19440, 0);
INSERT INTO items (id, venue_id, name) VALUES (19441, 12591, 'Space17416');
INSERT INTO spaces (id, item_id, hour_price) VALUES (17416, 19441, 0);
INSERT INTO items (id, venue_id, name) VALUES (19442, 12591, 'Space17417');
INSERT INTO spaces (id, item_id, hour_price) VALUES (17417, 19442, 0);
INSERT INTO items (id, venue_id, name) VALUES (19443, 12591, 'Space17418');
INSERT INTO spaces (id, item_id, hour_price) VALUES (17418, 19443, 0);
INSERT INTO items (id, venue_id, name) VALUES (19444, 12591, 'Space17419');
INSERT INTO spaces (id, item_id, hour_price) VALUES (17419, 19444, 80);
INSERT INTO items (id, venue_id, name) VALUES (19445, 12591, 'Product12018');
INSERT INTO products (id, item_id, price) VALUES (12018, 19445, 15);
INSERT INTO items (id, venue_id, name) VALUES (19446, 12591, 'Product12019');
INSERT INTO products (id, item_id, price) VALUES (12019, 19446, 4.5);
INSERT INTO items (id, venue_id, name) VALUES (19447, 12591, 'Product12020');
INSERT INTO products (id, item_id, price) VALUES (12020, 19447, 9.5);
INSERT INTO items (id, venue_id, name) VALUES (19448, 12591, 'Product12021');
INSERT INTO products (id, item_id, price) VALUES (12021, 19448, 35);
INSERT INTO venues (id, name) VALUES (12595, 'Venue12595');
INSERT INTO items (id, venue_id, name) VALUES (19449, 12595, 'Space17420');
INSERT INTO spaces (id, item_id, hour_price) VALUES (17420, 19449, 0);
INSERT INTO items (id, venue_id, name) VALUES (19450, 12595, 'Space17421');
INSERT INTO spaces (id, item_id, hour_price) VALUES (17421, 19450, 0);
INSERT INTO items (id, venue_id, name) VALUES (19451, 12595, 'Space17422');
INSERT INTO spaces (id, item_id, hour_price) VALUES (17422, 19451, 0);
INSERT INTO items (id, venue_id, name) VALUES (19452, 12595, 'Space17423');
INSERT INTO spaces (id, item_id, hour_price) VALUES (17423, 19452, 0);
INSERT INTO items (id, venue_id, name) VALUES (19453, 12595, 'Space17424');
INSERT INTO spaces (id, item_id, hour_price) VALUES (17424, 19453, 0);
INSERT INTO items (id, venue_id, name) VALUES (19454, 12595, 'Space17425');
INSERT INTO spaces (id, item_id, hour_price) VALUES (17425, 19454, 0);
INSERT INTO items (id, venue_id, name) VALUES (19455, 12595, 'Space17426');
INSERT INTO spaces (id, item_id, hour_price) VALUES (17426, 19455, 5);
INSERT INTO items (id, venue_id, name) VALUES (19456, 12595, 'Space17427');
INSERT INTO spaces (id, item_id, hour_price) VALUES (17427, 19456, 12.5);
INSERT INTO items (id, venue_id, name) VALUES (19457, 12595, 'Space17428');
INSERT INTO spaces (id, item_id, hour_price) VALUES (17428, 19457, 25);
INSERT INTO items (id, venue_id, name) VALUES (19550, 12595, 'Space17475');
INSERT INTO spaces (id, item_id, hour_price) VALUES (17475, 19550, 50);
INSERT INTO items (id, venue_id, name) VALUES (19697, 12595, 'Product12142');
INSERT INTO products (id, item_id, price) VALUES (12142, 19697, 25);
INSERT INTO items (id, venue_id, name) VALUES (19988, 12595, 'Space17750');
INSERT INTO spaces (id, item_id, hour_price) VALUES (17750, 19988, 12.5);
INSERT INTO items (id, venue_id, name) VALUES (21121, 12595, 'Product12746');
INSERT INTO products (id, item_id, price) VALUES (12746, 21121, 4.75);
INSERT INTO items (id, venue_id, name) VALUES (21122, 12595, 'Product12747');
INSERT INTO products (id, item_id, price) VALUES (12747, 21122, 5);
INSERT INTO items (id, venue_id, name) VALUES (21123, 12595, 'Product12748');
INSERT INTO products (id, item_id, price) VALUES (12748, 21123, 5);
INSERT INTO venues (id, name) VALUES (12599, 'Venue12599');
INSERT INTO items (id, venue_id, name) VALUES (19461, 12599, 'Space17429');
INSERT INTO spaces (id, item_id, hour_price) VALUES (17429, 19461, 0);
INSERT INTO items (id, venue_id, name) VALUES (19462, 12599, 'Space17430');
INSERT INTO spaces (id, item_id, hour_price) VALUES (17430, 19462, 0);
INSERT INTO items (id, venue_id, name) VALUES (19463, 12599, 'Space17431');
INSERT INTO spaces (id, item_id, hour_price) VALUES (17431, 19463, 0);
INSERT INTO items (id, venue_id, name) VALUES (19464, 12599, 'Space17432');
INSERT INTO spaces (id, item_id, hour_price) VALUES (17432, 19464, 0);
INSERT INTO items (id, venue_id, name) VALUES (19465, 12599, 'Space17433');
INSERT INTO spaces (id, item_id, hour_price) VALUES (17433, 19465, 0);
INSERT INTO items (id, venue_id, name) VALUES (19466, 12599, 'Space17434');
INSERT INTO spaces (id, item_id, hour_price) VALUES (17434, 19466, 0);
INSERT INTO items (id, venue_id, name) VALUES (19477, 12599, 'Space17438');
INSERT INTO spaces (id, item_id, hour_price) VALUES (17438, 19477, 27.24);
INSERT INTO items (id, venue_id, name) VALUES (19480, 12599, 'Space17441');
INSERT INTO spaces (id, item_id, hour_price) VALUES (17441, 19480, 27.24);
INSERT INTO venues (id, name) VALUES (12600, 'Venue12600');
INSERT INTO items (id, venue_id, name) VALUES (19495, 12600, 'Space17449');
INSERT INTO spaces (id, item_id, hour_price) VALUES (17449, 19495, 0);
INSERT INTO items (id, venue_id, name) VALUES (19496, 12600, 'Space17450');
INSERT INTO spaces (id, item_id, hour_price) VALUES (17450, 19496, 0);
INSERT INTO items (id, venue_id, name) VALUES (19497, 12600, 'Space17451');
INSERT INTO spaces (id, item_id, hour_price) VALUES (17451, 19497, 0);
INSERT INTO items (id, venue_id, name) VALUES (19498, 12600, 'Space17452');
INSERT INTO spaces (id, item_id, hour_price) VALUES (17452, 19498, 0);
INSERT INTO items (id, venue_id, name) VALUES (19499, 12600, 'Space17453');
INSERT INTO spaces (id, item_id, hour_price) VALUES (17453, 19499, 0);
INSERT INTO items (id, venue_id, name) VALUES (19500, 12600, 'Space17454');
INSERT INTO spaces (id, item_id, hour_price) VALUES (17454, 19500, 0);
INSERT INTO items (id, venue_id, name) VALUES (19501, 12600, 'Space17455');
INSERT INTO spaces (id, item_id, hour_price) VALUES (17455, 19501, 18);
INSERT INTO items (id, venue_id, name) VALUES (19502, 12600, 'Space17456');
INSERT INTO spaces (id, item_id, hour_price) VALUES (17456, 19502, 35);
INSERT INTO items (id, venue_id, name) VALUES (19503, 12600, 'Product12039');
INSERT INTO products (id, item_id, price) VALUES (12039, 19503, 0);
INSERT INTO items (id, venue_id, name) VALUES (19504, 12600, 'Product12040');
INSERT INTO products (id, item_id, price) VALUES (12040, 19504, 8);
INSERT INTO items (id, venue_id, name) VALUES (20283, 12600, 'Space17964');
INSERT INTO spaces (id, item_id, hour_price) VALUES (17964, 20283, 3.33);
INSERT INTO items (id, venue_id, name) VALUES (23840, 12600, 'Space19704');
INSERT INTO spaces (id, item_id, hour_price) VALUES (19704, 23840, 10);
INSERT INTO items (id, venue_id, name) VALUES (25508, 12600, 'Space20466');
INSERT INTO spaces (id, item_id, hour_price) VALUES (20466, 25508, 18);
INSERT INTO items (id, venue_id, name) VALUES (26076, 12600, 'Space20701');
INSERT INTO spaces (id, item_id, hour_price) VALUES (20701, 26076, 25);
INSERT INTO items (id, venue_id, name) VALUES (26757, 12600, 'Product15764');
INSERT INTO products (id, item_id, price) VALUES (15764, 26757, 10);
INSERT INTO items (id, venue_id, name) VALUES (27060, 12600, 'Space21159');
INSERT INTO spaces (id, item_id, hour_price) VALUES (21159, 27060, 25);
INSERT INTO venues (id, name) VALUES (12605, 'Venue12605');
INSERT INTO items (id, venue_id, name) VALUES (19532, 12605, 'Space17461');
INSERT INTO spaces (id, item_id, hour_price) VALUES (17461, 19532, 0);
INSERT INTO items (id, venue_id, name) VALUES (19533, 12605, 'Space17462');
INSERT INTO spaces (id, item_id, hour_price) VALUES (17462, 19533, 0);
INSERT INTO items (id, venue_id, name) VALUES (19534, 12605, 'Space17463');
INSERT INTO spaces (id, item_id, hour_price) VALUES (17463, 19534, 0);
INSERT INTO items (id, venue_id, name) VALUES (19535, 12605, 'Space17464');
INSERT INTO spaces (id, item_id, hour_price) VALUES (17464, 19535, 0);
INSERT INTO items (id, venue_id, name) VALUES (19536, 12605, 'Space17465');
INSERT INTO spaces (id, item_id, hour_price) VALUES (17465, 19536, 0);
INSERT INTO items (id, venue_id, name) VALUES (19537, 12605, 'Space17466');
INSERT INTO spaces (id, item_id, hour_price) VALUES (17466, 19537, 0);
INSERT INTO items (id, venue_id, name) VALUES (19538, 12605, 'Space17467');
INSERT INTO spaces (id, item_id, hour_price) VALUES (17467, 19538, 21.33);
INSERT INTO items (id, venue_id, name) VALUES (19539, 12605, 'Product12064');
INSERT INTO products (id, item_id, price) VALUES (12064, 19539, 5);
INSERT INTO venues (id, name) VALUES (12606, 'Venue12606');
INSERT INTO items (id, venue_id, name) VALUES (19542, 12606, 'Space17468');
INSERT INTO spaces (id, item_id, hour_price) VALUES (17468, 19542, 0);
INSERT INTO items (id, venue_id, name) VALUES (19543, 12606, 'Space17469');
INSERT INTO spaces (id, item_id, hour_price) VALUES (17469, 19543, 0);
INSERT INTO items (id, venue_id, name) VALUES (19544, 12606, 'Space17470');
INSERT INTO spaces (id, item_id, hour_price) VALUES (17470, 19544, 0);
INSERT INTO items (id, venue_id, name) VALUES (19545, 12606, 'Space17471');
INSERT INTO spaces (id, item_id, hour_price) VALUES (17471, 19545, 0);
INSERT INTO items (id, venue_id, name) VALUES (19546, 12606, 'Space17472');
INSERT INTO spaces (id, item_id, hour_price) VALUES (17472, 19546, 0);
INSERT INTO items (id, venue_id, name) VALUES (19547, 12606, 'Space17473');
INSERT INTO spaces (id, item_id, hour_price) VALUES (17473, 19547, 0);
INSERT INTO items (id, venue_id, name) VALUES (19548, 12606, 'Space17474');
INSERT INTO spaces (id, item_id, hour_price) VALUES (17474, 19548, 15);
INSERT INTO items (id, venue_id, name) VALUES (19549, 12606, 'Product12067');
INSERT INTO products (id, item_id, price) VALUES (12067, 19549, 1.5);
INSERT INTO items (id, venue_id, name) VALUES (24355, 12606, 'Product14409');
INSERT INTO products (id, item_id, price) VALUES (14409, 24355, 120);
INSERT INTO items (id, venue_id, name) VALUES (24363, 12606, 'Space19943');
INSERT INTO spaces (id, item_id, hour_price) VALUES (19943, 24363, 15);
INSERT INTO venues (id, name) VALUES (12610, 'Venue12610');
INSERT INTO items (id, venue_id, name) VALUES (19581, 12610, 'Space17477');
INSERT INTO spaces (id, item_id, hour_price) VALUES (17477, 19581, 0);
INSERT INTO items (id, venue_id, name) VALUES (19582, 12610, 'Space17478');
INSERT INTO spaces (id, item_id, hour_price) VALUES (17478, 19582, 0);
INSERT INTO items (id, venue_id, name) VALUES (19583, 12610, 'Space17479');
INSERT INTO spaces (id, item_id, hour_price) VALUES (17479, 19583, 0);
INSERT INTO items (id, venue_id, name) VALUES (19584, 12610, 'Space17480');
INSERT INTO spaces (id, item_id, hour_price) VALUES (17480, 19584, 0);
INSERT INTO items (id, venue_id, name) VALUES (19585, 12610, 'Space17481');
INSERT INTO spaces (id, item_id, hour_price) VALUES (17481, 19585, 0);
INSERT INTO items (id, venue_id, name) VALUES (19586, 12610, 'Space17482');
INSERT INTO spaces (id, item_id, hour_price) VALUES (17482, 19586, 0);
INSERT INTO items (id, venue_id, name) VALUES (19588, 12610, 'Space17483');
INSERT INTO spaces (id, item_id, hour_price) VALUES (17483, 19588, 6);
INSERT INTO venues (id, name) VALUES (12614, 'Venue12614');
INSERT INTO items (id, venue_id, name) VALUES (19594, 12614, 'Space17484');
INSERT INTO spaces (id, item_id, hour_price) VALUES (17484, 19594, 0);
INSERT INTO items (id, venue_id, name) VALUES (19595, 12614, 'Space17485');
INSERT INTO spaces (id, item_id, hour_price) VALUES (17485, 19595, 0);
INSERT INTO items (id, venue_id, name) VALUES (19596, 12614, 'Space17486');
INSERT INTO spaces (id, item_id, hour_price) VALUES (17486, 19596, 0);
INSERT INTO items (id, venue_id, name) VALUES (19597, 12614, 'Space17487');
INSERT INTO spaces (id, item_id, hour_price) VALUES (17487, 19597, 0);
INSERT INTO items (id, venue_id, name) VALUES (19598, 12614, 'Space17488');
INSERT INTO spaces (id, item_id, hour_price) VALUES (17488, 19598, 0);
INSERT INTO items (id, venue_id, name) VALUES (19599, 12614, 'Space17489');
INSERT INTO spaces (id, item_id, hour_price) VALUES (17489, 19599, 0);
INSERT INTO items (id, venue_id, name) VALUES (19600, 12614, 'Space17490');
INSERT INTO spaces (id, item_id, hour_price) VALUES (17490, 19600, 2.75);
INSERT INTO items (id, venue_id, name) VALUES (19601, 12614, 'Space17491');
INSERT INTO spaces (id, item_id, hour_price) VALUES (17491, 19601, 19.5);
INSERT INTO items (id, venue_id, name) VALUES (19602, 12614, 'Space17492');
INSERT INTO spaces (id, item_id, hour_price) VALUES (17492, 19602, 4.5);
INSERT INTO items (id, venue_id, name) VALUES (20210, 12614, 'Space17913');
INSERT INTO spaces (id, item_id, hour_price) VALUES (17913, 20210, 27.5);
INSERT INTO items (id, venue_id, name) VALUES (20215, 12614, 'Space17914');
INSERT INTO spaces (id, item_id, hour_price) VALUES (17914, 20215, 27.5);
INSERT INTO items (id, venue_id, name) VALUES (20216, 12614, 'Space17915');
INSERT INTO spaces (id, item_id, hour_price) VALUES (17915, 20216, 14.5);
INSERT INTO items (id, venue_id, name) VALUES (20217, 12614, 'Space17916');
INSERT INTO spaces (id, item_id, hour_price) VALUES (17916, 20217, 27.5);
INSERT INTO items (id, venue_id, name) VALUES (20346, 12614, 'Product12339');
INSERT INTO products (id, item_id, price) VALUES (12339, 20346, 40);
INSERT INTO items (id, venue_id, name) VALUES (20348, 12614, 'Product12341');
INSERT INTO products (id, item_id, price) VALUES (12341, 20348, 15);
INSERT INTO items (id, venue_id, name) VALUES (20349, 12614, 'Product12342');
INSERT INTO products (id, item_id, price) VALUES (12342, 20349, 12.5);
INSERT INTO items (id, venue_id, name) VALUES (21273, 12614, 'Product12778');
INSERT INTO products (id, item_id, price) VALUES (12778, 21273, 0.5);
INSERT INTO items (id, venue_id, name) VALUES (21290, 12614, 'Product12787');
INSERT INTO products (id, item_id, price) VALUES (12787, 21290, 5);
INSERT INTO items (id, venue_id, name) VALUES (21340, 12614, 'Product12818');
INSERT INTO products (id, item_id, price) VALUES (12818, 21340, 6.5);
INSERT INTO items (id, venue_id, name) VALUES (22266, 12614, 'Product13303');
INSERT INTO products (id, item_id, price) VALUES (13303, 22266, 2.5);
INSERT INTO items (id, venue_id, name) VALUES (22714, 12614, 'Product13556');
INSERT INTO products (id, item_id, price) VALUES (13556, 22714, 10);
INSERT INTO items (id, venue_id, name) VALUES (24724, 12614, 'Product14623');
INSERT INTO products (id, item_id, price) VALUES (14623, 24724, 0.95);
INSERT INTO items (id, venue_id, name) VALUES (25971, 12614, 'Product15303');
INSERT INTO products (id, item_id, price) VALUES (15303, 25971, 75);
INSERT INTO items (id, venue_id, name) VALUES (25972, 12614, 'Product15304');
INSERT INTO products (id, item_id, price) VALUES (15304, 25972, 50);
INSERT INTO items (id, venue_id, name) VALUES (27971, 12614, 'Product16335');
INSERT INTO products (id, item_id, price) VALUES (16335, 27971, 1.56);
INSERT INTO items (id, venue_id, name) VALUES (27973, 12614, 'Product16337');
INSERT INTO products (id, item_id, price) VALUES (16337, 27973, 1.56);
INSERT INTO items (id, venue_id, name) VALUES (27974, 12614, 'Product16338');
INSERT INTO products (id, item_id, price) VALUES (16338, 27974, 2.36);
INSERT INTO venues (id, name) VALUES (12618, 'Venue12618');
INSERT INTO items (id, venue_id, name) VALUES (19603, 12618, 'Space17493');
INSERT INTO spaces (id, item_id, hour_price) VALUES (17493, 19603, 0);
INSERT INTO items (id, venue_id, name) VALUES (19604, 12618, 'Space17494');
INSERT INTO spaces (id, item_id, hour_price) VALUES (17494, 19604, 0);
INSERT INTO items (id, venue_id, name) VALUES (19605, 12618, 'Space17495');
INSERT INTO spaces (id, item_id, hour_price) VALUES (17495, 19605, 0);
INSERT INTO items (id, venue_id, name) VALUES (19606, 12618, 'Space17496');
INSERT INTO spaces (id, item_id, hour_price) VALUES (17496, 19606, 0);
INSERT INTO items (id, venue_id, name) VALUES (19607, 12618, 'Space17497');
INSERT INTO spaces (id, item_id, hour_price) VALUES (17497, 19607, 0);
INSERT INTO items (id, venue_id, name) VALUES (19608, 12618, 'Space17498');
INSERT INTO spaces (id, item_id, hour_price) VALUES (17498, 19608, 0);
INSERT INTO items (id, venue_id, name) VALUES (19609, 12618, 'Space17499');
INSERT INTO spaces (id, item_id, hour_price) VALUES (17499, 19609, 30);
INSERT INTO items (id, venue_id, name) VALUES (19610, 12618, 'Product12103');
INSERT INTO products (id, item_id, price) VALUES (12103, 19610, 2);
INSERT INTO items (id, venue_id, name) VALUES (19980, 12618, 'Space17743');
INSERT INTO spaces (id, item_id, hour_price) VALUES (17743, 19980, 30);
INSERT INTO items (id, venue_id, name) VALUES (19981, 12618, 'Space17744');
INSERT INTO spaces (id, item_id, hour_price) VALUES (17744, 19981, 30);
INSERT INTO venues (id, name) VALUES (12625, 'Venue12625');
INSERT INTO items (id, venue_id, name) VALUES (19621, 12625, 'Space17508');
INSERT INTO spaces (id, item_id, hour_price) VALUES (17508, 19621, 0);
INSERT INTO items (id, venue_id, name) VALUES (19622, 12625, 'Space17509');
INSERT INTO spaces (id, item_id, hour_price) VALUES (17509, 19622, 0);
INSERT INTO items (id, venue_id, name) VALUES (19623, 12625, 'Space17510');
INSERT INTO spaces (id, item_id, hour_price) VALUES (17510, 19623, 0);
INSERT INTO items (id, venue_id, name) VALUES (19624, 12625, 'Space17511');
INSERT INTO spaces (id, item_id, hour_price) VALUES (17511, 19624, 0);
INSERT INTO items (id, venue_id, name) VALUES (19625, 12625, 'Space17512');
INSERT INTO spaces (id, item_id, hour_price) VALUES (17512, 19625, 0);
INSERT INTO items (id, venue_id, name) VALUES (19626, 12625, 'Space17513');
INSERT INTO spaces (id, item_id, hour_price) VALUES (17513, 19626, 0);
INSERT INTO items (id, venue_id, name) VALUES (19627, 12625, 'Space17514');
INSERT INTO spaces (id, item_id, hour_price) VALUES (17514, 19627, 0);
INSERT INTO items (id, venue_id, name) VALUES (19628, 12625, 'Space17515');
INSERT INTO spaces (id, item_id, hour_price) VALUES (17515, 19628, 0);
INSERT INTO items (id, venue_id, name) VALUES (19629, 12625, 'Space17516');
INSERT INTO spaces (id, item_id, hour_price) VALUES (17516, 19629, 0);
INSERT INTO items (id, venue_id, name) VALUES (19630, 12625, 'Space17517');
INSERT INTO spaces (id, item_id, hour_price) VALUES (17517, 19630, 0);
INSERT INTO items (id, venue_id, name) VALUES (19631, 12625, 'Space17518');
INSERT INTO spaces (id, item_id, hour_price) VALUES (17518, 19631, 0);
INSERT INTO items (id, venue_id, name) VALUES (19632, 12625, 'Space17519');
INSERT INTO spaces (id, item_id, hour_price) VALUES (17519, 19632, 0);
INSERT INTO items (id, venue_id, name) VALUES (19633, 12625, 'Space17520');
INSERT INTO spaces (id, item_id, hour_price) VALUES (17520, 19633, 0);
INSERT INTO items (id, venue_id, name) VALUES (19634, 12625, 'Space17521');
INSERT INTO spaces (id, item_id, hour_price) VALUES (17521, 19634, 0);
INSERT INTO venues (id, name) VALUES (12630, 'Venue12630');
INSERT INTO items (id, venue_id, name) VALUES (19648, 12630, 'Space17525');
INSERT INTO spaces (id, item_id, hour_price) VALUES (17525, 19648, 0);
INSERT INTO items (id, venue_id, name) VALUES (19649, 12630, 'Space17526');
INSERT INTO spaces (id, item_id, hour_price) VALUES (17526, 19649, 0);
INSERT INTO items (id, venue_id, name) VALUES (19650, 12630, 'Space17527');
INSERT INTO spaces (id, item_id, hour_price) VALUES (17527, 19650, 0);
INSERT INTO items (id, venue_id, name) VALUES (19651, 12630, 'Space17528');
INSERT INTO spaces (id, item_id, hour_price) VALUES (17528, 19651, 0);
INSERT INTO items (id, venue_id, name) VALUES (19652, 12630, 'Space17529');
INSERT INTO spaces (id, item_id, hour_price) VALUES (17529, 19652, 0);
INSERT INTO items (id, venue_id, name) VALUES (19653, 12630, 'Space17530');
INSERT INTO spaces (id, item_id, hour_price) VALUES (17530, 19653, 0);
INSERT INTO items (id, venue_id, name) VALUES (19654, 12630, 'Space17531');
INSERT INTO spaces (id, item_id, hour_price) VALUES (17531, 19654, 40);
INSERT INTO items (id, venue_id, name) VALUES (19655, 12630, 'Space17532');
INSERT INTO spaces (id, item_id, hour_price) VALUES (17532, 19655, 37.5);
INSERT INTO items (id, venue_id, name) VALUES (19656, 12630, 'Space17533');
INSERT INTO spaces (id, item_id, hour_price) VALUES (17533, 19656, 23.75);
INSERT INTO items (id, venue_id, name) VALUES (19657, 12630, 'Product12116');
INSERT INTO products (id, item_id, price) VALUES (12116, 19657, 5);
INSERT INTO venues (id, name) VALUES (12634, 'Venue12634');
INSERT INTO items (id, venue_id, name) VALUES (19685, 12634, 'Space17537');
INSERT INTO spaces (id, item_id, hour_price) VALUES (17537, 19685, 0);
INSERT INTO items (id, venue_id, name) VALUES (19686, 12634, 'Space17538');
INSERT INTO spaces (id, item_id, hour_price) VALUES (17538, 19686, 0);
INSERT INTO items (id, venue_id, name) VALUES (19687, 12634, 'Space17539');
INSERT INTO spaces (id, item_id, hour_price) VALUES (17539, 19687, 0);
INSERT INTO items (id, venue_id, name) VALUES (19688, 12634, 'Space17540');
INSERT INTO spaces (id, item_id, hour_price) VALUES (17540, 19688, 0);
INSERT INTO items (id, venue_id, name) VALUES (19689, 12634, 'Space17541');
INSERT INTO spaces (id, item_id, hour_price) VALUES (17541, 19689, 0);
INSERT INTO items (id, venue_id, name) VALUES (19690, 12634, 'Space17542');
INSERT INTO spaces (id, item_id, hour_price) VALUES (17542, 19690, 0);
INSERT INTO items (id, venue_id, name) VALUES (19691, 12634, 'Space17543');
INSERT INTO spaces (id, item_id, hour_price) VALUES (17543, 19691, 10);
INSERT INTO items (id, venue_id, name) VALUES (19692, 12634, 'Space17544');
INSERT INTO spaces (id, item_id, hour_price) VALUES (17544, 19692, 10);
INSERT INTO items (id, venue_id, name) VALUES (19693, 12634, 'Space17545');
INSERT INTO spaces (id, item_id, hour_price) VALUES (17545, 19693, 20);
INSERT INTO items (id, venue_id, name) VALUES (19694, 12634, 'Space17546');
INSERT INTO spaces (id, item_id, hour_price) VALUES (17546, 19694, 12.25);
INSERT INTO items (id, venue_id, name) VALUES (19768, 12634, 'Space17603');
INSERT INTO spaces (id, item_id, hour_price) VALUES (17603, 19768, 5);
INSERT INTO venues (id, name) VALUES (12635, 'Venue12635');
INSERT INTO items (id, venue_id, name) VALUES (19701, 12635, 'Space17549');
INSERT INTO spaces (id, item_id, hour_price) VALUES (17549, 19701, 0);
INSERT INTO items (id, venue_id, name) VALUES (19702, 12635, 'Space17550');
INSERT INTO spaces (id, item_id, hour_price) VALUES (17550, 19702, 0);
INSERT INTO items (id, venue_id, name) VALUES (19703, 12635, 'Space17551');
INSERT INTO spaces (id, item_id, hour_price) VALUES (17551, 19703, 0);
INSERT INTO items (id, venue_id, name) VALUES (19704, 12635, 'Space17552');
INSERT INTO spaces (id, item_id, hour_price) VALUES (17552, 19704, 0);
INSERT INTO items (id, venue_id, name) VALUES (19705, 12635, 'Space17553');
INSERT INTO spaces (id, item_id, hour_price) VALUES (17553, 19705, 0);
INSERT INTO items (id, venue_id, name) VALUES (19706, 12635, 'Space17554');
INSERT INTO spaces (id, item_id, hour_price) VALUES (17554, 19706, 0);
INSERT INTO items (id, venue_id, name) VALUES (19707, 12635, 'Product12145');
INSERT INTO products (id, item_id, price) VALUES (12145, 19707, 20);
INSERT INTO items (id, venue_id, name) VALUES (20544, 12635, 'Space18097');
INSERT INTO spaces (id, item_id, hour_price) VALUES (18097, 20544, 20);
INSERT INTO items (id, venue_id, name) VALUES (25401, 12635, 'Space20434');
INSERT INTO spaces (id, item_id, hour_price) VALUES (20434, 25401, 20);
INSERT INTO venues (id, name) VALUES (12640, 'Venue12640');
INSERT INTO items (id, venue_id, name) VALUES (19710, 12640, 'Space17556');
INSERT INTO spaces (id, item_id, hour_price) VALUES (17556, 19710, 0);
INSERT INTO items (id, venue_id, name) VALUES (19711, 12640, 'Space17557');
INSERT INTO spaces (id, item_id, hour_price) VALUES (17557, 19711, 0);
INSERT INTO items (id, venue_id, name) VALUES (19712, 12640, 'Space17558');
INSERT INTO spaces (id, item_id, hour_price) VALUES (17558, 19712, 0);
INSERT INTO items (id, venue_id, name) VALUES (19713, 12640, 'Space17559');
INSERT INTO spaces (id, item_id, hour_price) VALUES (17559, 19713, 0);
INSERT INTO items (id, venue_id, name) VALUES (19714, 12640, 'Space17560');
INSERT INTO spaces (id, item_id, hour_price) VALUES (17560, 19714, 0);
INSERT INTO items (id, venue_id, name) VALUES (19715, 12640, 'Space17561');
INSERT INTO spaces (id, item_id, hour_price) VALUES (17561, 19715, 0);
INSERT INTO items (id, venue_id, name) VALUES (19716, 12640, 'Space17562');
INSERT INTO spaces (id, item_id, hour_price) VALUES (17562, 19716, 75);
INSERT INTO items (id, venue_id, name) VALUES (19717, 12640, 'Space17563');
INSERT INTO spaces (id, item_id, hour_price) VALUES (17563, 19717, 75);
INSERT INTO items (id, venue_id, name) VALUES (19718, 12640, 'Space17564');
INSERT INTO spaces (id, item_id, hour_price) VALUES (17564, 19718, 75);
INSERT INTO items (id, venue_id, name) VALUES (19719, 12640, 'Product12147');
INSERT INTO products (id, item_id, price) VALUES (12147, 19719, 15);
INSERT INTO venues (id, name) VALUES (12642, 'Venue12642');
INSERT INTO items (id, venue_id, name) VALUES (19724, 12642, 'Space17565');
INSERT INTO spaces (id, item_id, hour_price) VALUES (17565, 19724, 0);
INSERT INTO items (id, venue_id, name) VALUES (19725, 12642, 'Space17566');
INSERT INTO spaces (id, item_id, hour_price) VALUES (17566, 19725, 0);
INSERT INTO items (id, venue_id, name) VALUES (19726, 12642, 'Space17567');
INSERT INTO spaces (id, item_id, hour_price) VALUES (17567, 19726, 0);
INSERT INTO items (id, venue_id, name) VALUES (19727, 12642, 'Space17568');
INSERT INTO spaces (id, item_id, hour_price) VALUES (17568, 19727, 0);
INSERT INTO items (id, venue_id, name) VALUES (19728, 12642, 'Space17569');
INSERT INTO spaces (id, item_id, hour_price) VALUES (17569, 19728, 0);
INSERT INTO items (id, venue_id, name) VALUES (19729, 12642, 'Space17570');
INSERT INTO spaces (id, item_id, hour_price) VALUES (17570, 19729, 0);
INSERT INTO venues (id, name) VALUES (12643, 'Venue12643');
INSERT INTO items (id, venue_id, name) VALUES (19730, 12643, 'Space17571');
INSERT INTO spaces (id, item_id, hour_price) VALUES (17571, 19730, 0);
INSERT INTO items (id, venue_id, name) VALUES (19731, 12643, 'Space17572');
INSERT INTO spaces (id, item_id, hour_price) VALUES (17572, 19731, 0);
INSERT INTO items (id, venue_id, name) VALUES (19732, 12643, 'Space17573');
INSERT INTO spaces (id, item_id, hour_price) VALUES (17573, 19732, 0);
INSERT INTO items (id, venue_id, name) VALUES (19733, 12643, 'Space17574');
INSERT INTO spaces (id, item_id, hour_price) VALUES (17574, 19733, 0);
INSERT INTO items (id, venue_id, name) VALUES (19734, 12643, 'Space17575');
INSERT INTO spaces (id, item_id, hour_price) VALUES (17575, 19734, 0);
INSERT INTO items (id, venue_id, name) VALUES (19735, 12643, 'Space17576');
INSERT INTO spaces (id, item_id, hour_price) VALUES (17576, 19735, 0);
INSERT INTO items (id, venue_id, name) VALUES (19736, 12643, 'Space17577');
INSERT INTO spaces (id, item_id, hour_price) VALUES (17577, 19736, 8.4);
INSERT INTO venues (id, name) VALUES (12646, 'Venue12646');
INSERT INTO items (id, venue_id, name) VALUES (19740, 12646, 'Space17580');
INSERT INTO spaces (id, item_id, hour_price) VALUES (17580, 19740, 0);
INSERT INTO items (id, venue_id, name) VALUES (19741, 12646, 'Space17581');
INSERT INTO spaces (id, item_id, hour_price) VALUES (17581, 19741, 0);
INSERT INTO items (id, venue_id, name) VALUES (19742, 12646, 'Space17582');
INSERT INTO spaces (id, item_id, hour_price) VALUES (17582, 19742, 0);
INSERT INTO items (id, venue_id, name) VALUES (19743, 12646, 'Space17583');
INSERT INTO spaces (id, item_id, hour_price) VALUES (17583, 19743, 0);
INSERT INTO items (id, venue_id, name) VALUES (19744, 12646, 'Space17584');
INSERT INTO spaces (id, item_id, hour_price) VALUES (17584, 19744, 0);
INSERT INTO items (id, venue_id, name) VALUES (19745, 12646, 'Space17585');
INSERT INTO spaces (id, item_id, hour_price) VALUES (17585, 19745, 0);
INSERT INTO items (id, venue_id, name) VALUES (19746, 12646, 'Space17586');
INSERT INTO spaces (id, item_id, hour_price) VALUES (17586, 19746, 28);
INSERT INTO items (id, venue_id, name) VALUES (19747, 12646, 'Product12153');
INSERT INTO products (id, item_id, price) VALUES (12153, 19747, 50);
INSERT INTO items (id, venue_id, name) VALUES (19748, 12646, 'Product12154');
INSERT INTO products (id, item_id, price) VALUES (12154, 19748, 500);
INSERT INTO items (id, venue_id, name) VALUES (20220, 12646, 'Space17918');
INSERT INTO spaces (id, item_id, hour_price) VALUES (17918, 20220, 28);
INSERT INTO venues (id, name) VALUES (12651, 'Venue12651');
INSERT INTO items (id, venue_id, name) VALUES (19753, 12651, 'Space17589');
INSERT INTO spaces (id, item_id, hour_price) VALUES (17589, 19753, 0);
INSERT INTO items (id, venue_id, name) VALUES (19754, 12651, 'Space17590');
INSERT INTO spaces (id, item_id, hour_price) VALUES (17590, 19754, 0);
INSERT INTO items (id, venue_id, name) VALUES (19755, 12651, 'Space17591');
INSERT INTO spaces (id, item_id, hour_price) VALUES (17591, 19755, 0);
INSERT INTO items (id, venue_id, name) VALUES (19756, 12651, 'Space17592');
INSERT INTO spaces (id, item_id, hour_price) VALUES (17592, 19756, 0);
INSERT INTO items (id, venue_id, name) VALUES (19757, 12651, 'Space17593');
INSERT INTO spaces (id, item_id, hour_price) VALUES (17593, 19757, 0);
INSERT INTO items (id, venue_id, name) VALUES (19758, 12651, 'Space17594');
INSERT INTO spaces (id, item_id, hour_price) VALUES (17594, 19758, 0);
INSERT INTO items (id, venue_id, name) VALUES (19759, 12651, 'Space17595');
INSERT INTO spaces (id, item_id, hour_price) VALUES (17595, 19759, 20);
INSERT INTO items (id, venue_id, name) VALUES (22746, 12651, 'Product13569');
INSERT INTO products (id, item_id, price) VALUES (13569, 22746, 8.5);
INSERT INTO items (id, venue_id, name) VALUES (25446, 12651, 'Product14986');
INSERT INTO products (id, item_id, price) VALUES (14986, 25446, 8.5);
INSERT INTO items (id, venue_id, name) VALUES (25450, 12651, 'Product14988');
INSERT INTO products (id, item_id, price) VALUES (14988, 25450, 1.5);
INSERT INTO items (id, venue_id, name) VALUES (25476, 12651, 'Product15006');
INSERT INTO products (id, item_id, price) VALUES (15006, 25476, 1.5);
INSERT INTO items (id, venue_id, name) VALUES (25479, 12651, 'Product15009');
INSERT INTO products (id, item_id, price) VALUES (15009, 25479, 1.5);
INSERT INTO items (id, venue_id, name) VALUES (25481, 12651, 'Product15011');
INSERT INTO products (id, item_id, price) VALUES (15011, 25481, 1.5);
INSERT INTO items (id, venue_id, name) VALUES (25483, 12651, 'Product15013');
INSERT INTO products (id, item_id, price) VALUES (15013, 25483, 1.5);
INSERT INTO items (id, venue_id, name) VALUES (25484, 12651, 'Product15014');
INSERT INTO products (id, item_id, price) VALUES (15014, 25484, 1.5);
INSERT INTO items (id, venue_id, name) VALUES (25486, 12651, 'Product15016');
INSERT INTO products (id, item_id, price) VALUES (15016, 25486, 1.5);
INSERT INTO items (id, venue_id, name) VALUES (25810, 12651, 'Product15195');
INSERT INTO products (id, item_id, price) VALUES (15195, 25810, 2.2);
INSERT INTO items (id, venue_id, name) VALUES (25811, 12651, 'Product15196');
INSERT INTO products (id, item_id, price) VALUES (15196, 25811, 2.2);
INSERT INTO items (id, venue_id, name) VALUES (25812, 12651, 'Product15197');
INSERT INTO products (id, item_id, price) VALUES (15197, 25812, 2.8);
INSERT INTO items (id, venue_id, name) VALUES (25813, 12651, 'Product15198');
INSERT INTO products (id, item_id, price) VALUES (15198, 25813, 2.8);
INSERT INTO items (id, venue_id, name) VALUES (25814, 12651, 'Product15199');
INSERT INTO products (id, item_id, price) VALUES (15199, 25814, 2.2);
INSERT INTO items (id, venue_id, name) VALUES (25815, 12651, 'Product15200');
INSERT INTO products (id, item_id, price) VALUES (15200, 25815, 2.2);
INSERT INTO items (id, venue_id, name) VALUES (25816, 12651, 'Product15201');
INSERT INTO products (id, item_id, price) VALUES (15201, 25816, 2.8);
INSERT INTO items (id, venue_id, name) VALUES (25817, 12651, 'Product15202');
INSERT INTO products (id, item_id, price) VALUES (15202, 25817, 2.8);
INSERT INTO items (id, venue_id, name) VALUES (25818, 12651, 'Product15203');
INSERT INTO products (id, item_id, price) VALUES (15203, 25818, 2.2);
INSERT INTO items (id, venue_id, name) VALUES (25819, 12651, 'Product15204');
INSERT INTO products (id, item_id, price) VALUES (15204, 25819, 2.2);
INSERT INTO items (id, venue_id, name) VALUES (25820, 12651, 'Product15205');
INSERT INTO products (id, item_id, price) VALUES (15205, 25820, 2.8);
INSERT INTO items (id, venue_id, name) VALUES (25821, 12651, 'Product15206');
INSERT INTO products (id, item_id, price) VALUES (15206, 25821, 2.8);
INSERT INTO items (id, venue_id, name) VALUES (25822, 12651, 'Product15207');
INSERT INTO products (id, item_id, price) VALUES (15207, 25822, 2.4);
INSERT INTO items (id, venue_id, name) VALUES (25823, 12651, 'Product15208');
INSERT INTO products (id, item_id, price) VALUES (15208, 25823, 2.4);
INSERT INTO items (id, venue_id, name) VALUES (25824, 12651, 'Product15209');
INSERT INTO products (id, item_id, price) VALUES (15209, 25824, 3);
INSERT INTO items (id, venue_id, name) VALUES (25825, 12651, 'Product15210');
INSERT INTO products (id, item_id, price) VALUES (15210, 25825, 3);
INSERT INTO items (id, venue_id, name) VALUES (25826, 12651, 'Product15211');
INSERT INTO products (id, item_id, price) VALUES (15211, 25826, 2.8);
INSERT INTO items (id, venue_id, name) VALUES (25827, 12651, 'Product15212');
INSERT INTO products (id, item_id, price) VALUES (15212, 25827, 2.8);
INSERT INTO items (id, venue_id, name) VALUES (25828, 12651, 'Product15213');
INSERT INTO products (id, item_id, price) VALUES (15213, 25828, 3.4);
INSERT INTO items (id, venue_id, name) VALUES (25829, 12651, 'Product15214');
INSERT INTO products (id, item_id, price) VALUES (15214, 25829, 3.4);
INSERT INTO items (id, venue_id, name) VALUES (25830, 12651, 'Product15215');
INSERT INTO products (id, item_id, price) VALUES (15215, 25830, 2.9);
INSERT INTO items (id, venue_id, name) VALUES (25831, 12651, 'Product15216');
INSERT INTO products (id, item_id, price) VALUES (15216, 25831, 2.9);
INSERT INTO items (id, venue_id, name) VALUES (25832, 12651, 'Product15217');
INSERT INTO products (id, item_id, price) VALUES (15217, 25832, 3.5);
INSERT INTO items (id, venue_id, name) VALUES (25833, 12651, 'Product15218');
INSERT INTO products (id, item_id, price) VALUES (15218, 25833, 3.5);
INSERT INTO items (id, venue_id, name) VALUES (25834, 12651, 'Product15219');
INSERT INTO products (id, item_id, price) VALUES (15219, 25834, 2.9);
INSERT INTO items (id, venue_id, name) VALUES (25835, 12651, 'Product15220');
INSERT INTO products (id, item_id, price) VALUES (15220, 25835, 2.9);
INSERT INTO items (id, venue_id, name) VALUES (25836, 12651, 'Product15221');
INSERT INTO products (id, item_id, price) VALUES (15221, 25836, 3.5);
INSERT INTO items (id, venue_id, name) VALUES (25837, 12651, 'Product15222');
INSERT INTO products (id, item_id, price) VALUES (15222, 25837, 3.5);
INSERT INTO items (id, venue_id, name) VALUES (25838, 12651, 'Product15223');
INSERT INTO products (id, item_id, price) VALUES (15223, 25838, 3.3);
INSERT INTO items (id, venue_id, name) VALUES (25839, 12651, 'Product15224');
INSERT INTO products (id, item_id, price) VALUES (15224, 25839, 3.3);
INSERT INTO items (id, venue_id, name) VALUES (25840, 12651, 'Product15225');
INSERT INTO products (id, item_id, price) VALUES (15225, 25840, 3.9);
INSERT INTO items (id, venue_id, name) VALUES (25841, 12651, 'Product15226');
INSERT INTO products (id, item_id, price) VALUES (15226, 25841, 3.9);
INSERT INTO items (id, venue_id, name) VALUES (25842, 12651, 'Product15227');
INSERT INTO products (id, item_id, price) VALUES (15227, 25842, 3.3);
INSERT INTO items (id, venue_id, name) VALUES (25843, 12651, 'Product15228');
INSERT INTO products (id, item_id, price) VALUES (15228, 25843, 3.3);
INSERT INTO items (id, venue_id, name) VALUES (25844, 12651, 'Product15229');
INSERT INTO products (id, item_id, price) VALUES (15229, 25844, 3.9);
INSERT INTO items (id, venue_id, name) VALUES (25845, 12651, 'Product15230');
INSERT INTO products (id, item_id, price) VALUES (15230, 25845, 3.9);
INSERT INTO items (id, venue_id, name) VALUES (25846, 12651, 'Product15231');
INSERT INTO products (id, item_id, price) VALUES (15231, 25846, 1.8);
INSERT INTO items (id, venue_id, name) VALUES (25847, 12651, 'Product15232');
INSERT INTO products (id, item_id, price) VALUES (15232, 25847, 1.5);
INSERT INTO venues (id, name) VALUES (12656, 'Venue12656');
INSERT INTO items (id, venue_id, name) VALUES (19761, 12656, 'Space17596');
INSERT INTO spaces (id, item_id, hour_price) VALUES (17596, 19761, 0);
INSERT INTO items (id, venue_id, name) VALUES (19762, 12656, 'Space17597');
INSERT INTO spaces (id, item_id, hour_price) VALUES (17597, 19762, 0);
INSERT INTO items (id, venue_id, name) VALUES (19763, 12656, 'Space17598');
INSERT INTO spaces (id, item_id, hour_price) VALUES (17598, 19763, 0);
INSERT INTO items (id, venue_id, name) VALUES (19764, 12656, 'Space17599');
INSERT INTO spaces (id, item_id, hour_price) VALUES (17599, 19764, 0);
INSERT INTO items (id, venue_id, name) VALUES (19765, 12656, 'Space17600');
INSERT INTO spaces (id, item_id, hour_price) VALUES (17600, 19765, 0);
INSERT INTO items (id, venue_id, name) VALUES (19766, 12656, 'Space17601');
INSERT INTO spaces (id, item_id, hour_price) VALUES (17601, 19766, 0);
INSERT INTO items (id, venue_id, name) VALUES (19767, 12656, 'Space17602');
INSERT INTO spaces (id, item_id, hour_price) VALUES (17602, 19767, 40);
INSERT INTO items (id, venue_id, name) VALUES (19769, 12656, 'Space17604');
INSERT INTO spaces (id, item_id, hour_price) VALUES (17604, 19769, 15);
INSERT INTO items (id, venue_id, name) VALUES (19770, 12656, 'Product12158');
INSERT INTO products (id, item_id, price) VALUES (12158, 19770, 50);
INSERT INTO items (id, venue_id, name) VALUES (19771, 12656, 'Product12159');
INSERT INTO products (id, item_id, price) VALUES (12159, 19771, 50);
INSERT INTO items (id, venue_id, name) VALUES (21258, 12656, 'Product12776');
INSERT INTO products (id, item_id, price) VALUES (12776, 21258, 25);
INSERT INTO items (id, venue_id, name) VALUES (21259, 12656, 'Product12777');
INSERT INTO products (id, item_id, price) VALUES (12777, 21259, 7.5);
INSERT INTO venues (id, name) VALUES (12666, 'Venue12666');
INSERT INTO items (id, venue_id, name) VALUES (19782, 12666, 'Space17612');
INSERT INTO spaces (id, item_id, hour_price) VALUES (17612, 19782, 0);
INSERT INTO items (id, venue_id, name) VALUES (19783, 12666, 'Space17613');
INSERT INTO spaces (id, item_id, hour_price) VALUES (17613, 19783, 0);
INSERT INTO items (id, venue_id, name) VALUES (19784, 12666, 'Space17614');
INSERT INTO spaces (id, item_id, hour_price) VALUES (17614, 19784, 0);
INSERT INTO items (id, venue_id, name) VALUES (19785, 12666, 'Space17615');
INSERT INTO spaces (id, item_id, hour_price) VALUES (17615, 19785, 0);
INSERT INTO items (id, venue_id, name) VALUES (19786, 12666, 'Space17616');
INSERT INTO spaces (id, item_id, hour_price) VALUES (17616, 19786, 0);
INSERT INTO items (id, venue_id, name) VALUES (19787, 12666, 'Space17617');
INSERT INTO spaces (id, item_id, hour_price) VALUES (17617, 19787, 0);
INSERT INTO items (id, venue_id, name) VALUES (19788, 12666, 'Space17618');
INSERT INTO spaces (id, item_id, hour_price) VALUES (17618, 19788, 195);
INSERT INTO items (id, venue_id, name) VALUES (19789, 12666, 'Product12163');
INSERT INTO products (id, item_id, price) VALUES (12163, 19789, 7.5);
INSERT INTO items (id, venue_id, name) VALUES (19790, 12666, 'Product12164');
INSERT INTO products (id, item_id, price) VALUES (12164, 19790, 1299);
INSERT INTO venues (id, name) VALUES (12670, 'Venue12670');
INSERT INTO items (id, venue_id, name) VALUES (19791, 12670, 'Space17619');
INSERT INTO spaces (id, item_id, hour_price) VALUES (17619, 19791, 0);
INSERT INTO items (id, venue_id, name) VALUES (19792, 12670, 'Space17620');
INSERT INTO spaces (id, item_id, hour_price) VALUES (17620, 19792, 0);
INSERT INTO items (id, venue_id, name) VALUES (19793, 12670, 'Space17621');
INSERT INTO spaces (id, item_id, hour_price) VALUES (17621, 19793, 0);
INSERT INTO items (id, venue_id, name) VALUES (19794, 12670, 'Space17622');
INSERT INTO spaces (id, item_id, hour_price) VALUES (17622, 19794, 0);
INSERT INTO items (id, venue_id, name) VALUES (19795, 12670, 'Space17623');
INSERT INTO spaces (id, item_id, hour_price) VALUES (17623, 19795, 0);
INSERT INTO items (id, venue_id, name) VALUES (19796, 12670, 'Space17624');
INSERT INTO spaces (id, item_id, hour_price) VALUES (17624, 19796, 0);
INSERT INTO items (id, venue_id, name) VALUES (20009, 12670, 'Space17761');
INSERT INTO spaces (id, item_id, hour_price) VALUES (17761, 20009, 60);
INSERT INTO items (id, venue_id, name) VALUES (20010, 12670, 'Space17762');
INSERT INTO spaces (id, item_id, hour_price) VALUES (17762, 20010, 40);
INSERT INTO items (id, venue_id, name) VALUES (20011, 12670, 'Space17763');
INSERT INTO spaces (id, item_id, hour_price) VALUES (17763, 20011, 100);
INSERT INTO venues (id, name) VALUES (12674, 'Venue12674');
INSERT INTO items (id, venue_id, name) VALUES (19797, 12674, 'Space17625');
INSERT INTO spaces (id, item_id, hour_price) VALUES (17625, 19797, 0);
INSERT INTO items (id, venue_id, name) VALUES (19798, 12674, 'Space17626');
INSERT INTO spaces (id, item_id, hour_price) VALUES (17626, 19798, 0);
INSERT INTO items (id, venue_id, name) VALUES (19799, 12674, 'Space17627');
INSERT INTO spaces (id, item_id, hour_price) VALUES (17627, 19799, 0);
INSERT INTO items (id, venue_id, name) VALUES (19800, 12674, 'Space17628');
INSERT INTO spaces (id, item_id, hour_price) VALUES (17628, 19800, 0);
INSERT INTO items (id, venue_id, name) VALUES (19801, 12674, 'Space17629');
INSERT INTO spaces (id, item_id, hour_price) VALUES (17629, 19801, 0);
INSERT INTO items (id, venue_id, name) VALUES (19802, 12674, 'Space17630');
INSERT INTO spaces (id, item_id, hour_price) VALUES (17630, 19802, 0);
INSERT INTO items (id, venue_id, name) VALUES (19804, 12674, 'Space17631');
INSERT INTO spaces (id, item_id, hour_price) VALUES (17631, 19804, 200);
INSERT INTO venues (id, name) VALUES (12678, 'Venue12678');
INSERT INTO items (id, venue_id, name) VALUES (19809, 12678, 'Space17635');
INSERT INTO spaces (id, item_id, hour_price) VALUES (17635, 19809, 0);
INSERT INTO items (id, venue_id, name) VALUES (19810, 12678, 'Space17636');
INSERT INTO spaces (id, item_id, hour_price) VALUES (17636, 19810, 0);
INSERT INTO items (id, venue_id, name) VALUES (19811, 12678, 'Space17637');
INSERT INTO spaces (id, item_id, hour_price) VALUES (17637, 19811, 0);
INSERT INTO items (id, venue_id, name) VALUES (19812, 12678, 'Space17638');
INSERT INTO spaces (id, item_id, hour_price) VALUES (17638, 19812, 0);
INSERT INTO items (id, venue_id, name) VALUES (19813, 12678, 'Space17639');
INSERT INTO spaces (id, item_id, hour_price) VALUES (17639, 19813, 0);
INSERT INTO items (id, venue_id, name) VALUES (19814, 12678, 'Space17640');
INSERT INTO spaces (id, item_id, hour_price) VALUES (17640, 19814, 0);
INSERT INTO items (id, venue_id, name) VALUES (19817, 12678, 'Space17642');
INSERT INTO spaces (id, item_id, hour_price) VALUES (17642, 19817, 40);
INSERT INTO items (id, venue_id, name) VALUES (19818, 12678, 'Product12168');
INSERT INTO products (id, item_id, price) VALUES (12168, 19818, 9);
INSERT INTO venues (id, name) VALUES (12686, 'Venue12686');
INSERT INTO items (id, venue_id, name) VALUES (19830, 12686, 'Space17650');
INSERT INTO spaces (id, item_id, hour_price) VALUES (17650, 19830, 0);
INSERT INTO items (id, venue_id, name) VALUES (19831, 12686, 'Space17651');
INSERT INTO spaces (id, item_id, hour_price) VALUES (17651, 19831, 0);
INSERT INTO items (id, venue_id, name) VALUES (19832, 12686, 'Space17652');
INSERT INTO spaces (id, item_id, hour_price) VALUES (17652, 19832, 0);
INSERT INTO items (id, venue_id, name) VALUES (19833, 12686, 'Space17653');
INSERT INTO spaces (id, item_id, hour_price) VALUES (17653, 19833, 0);
INSERT INTO items (id, venue_id, name) VALUES (19834, 12686, 'Space17654');
INSERT INTO spaces (id, item_id, hour_price) VALUES (17654, 19834, 0);
INSERT INTO items (id, venue_id, name) VALUES (19835, 12686, 'Space17655');
INSERT INTO spaces (id, item_id, hour_price) VALUES (17655, 19835, 0);
INSERT INTO items (id, venue_id, name) VALUES (19836, 12686, 'Space17656');
INSERT INTO spaces (id, item_id, hour_price) VALUES (17656, 19836, 4.5);
INSERT INTO items (id, venue_id, name) VALUES (19838, 12686, 'Product12174');
INSERT INTO products (id, item_id, price) VALUES (12174, 19838, 4.72);
INSERT INTO items (id, venue_id, name) VALUES (19840, 12686, 'Product12176');
INSERT INTO products (id, item_id, price) VALUES (12176, 19840, 7.08);
INSERT INTO items (id, venue_id, name) VALUES (19842, 12686, 'Product12178');
INSERT INTO products (id, item_id, price) VALUES (12178, 19842, 9.44);
INSERT INTO items (id, venue_id, name) VALUES (19843, 12686, 'Product12179');
INSERT INTO products (id, item_id, price) VALUES (12179, 19843, 11.79);
INSERT INTO items (id, venue_id, name) VALUES (19844, 12686, 'Product12180');
INSERT INTO products (id, item_id, price) VALUES (12180, 19844, 2.59);
INSERT INTO items (id, venue_id, name) VALUES (19845, 12686, 'Product12181');
INSERT INTO products (id, item_id, price) VALUES (12181, 19845, 50);
INSERT INTO items (id, venue_id, name) VALUES (19846, 12686, 'Product12182');
INSERT INTO products (id, item_id, price) VALUES (12182, 19846, 5.42);
INSERT INTO items (id, venue_id, name) VALUES (19847, 12686, 'Product12183');
INSERT INTO products (id, item_id, price) VALUES (12183, 19847, 9.2);
INSERT INTO items (id, venue_id, name) VALUES (19848, 12686, 'Product12184');
INSERT INTO products (id, item_id, price) VALUES (12184, 19848, 2.06);
INSERT INTO items (id, venue_id, name) VALUES (19849, 12686, 'Product12185');
INSERT INTO products (id, item_id, price) VALUES (12185, 19849, 2.12);
INSERT INTO items (id, venue_id, name) VALUES (19850, 12686, 'Product12186');
INSERT INTO products (id, item_id, price) VALUES (12186, 19850, 25);
INSERT INTO items (id, venue_id, name) VALUES (19851, 12686, 'Product12187');
INSERT INTO products (id, item_id, price) VALUES (12187, 19851, 23.59);
INSERT INTO items (id, venue_id, name) VALUES (19852, 12686, 'Product12188');
INSERT INTO products (id, item_id, price) VALUES (12188, 19852, 2.83);
INSERT INTO items (id, venue_id, name) VALUES (19857, 12686, 'Product12193');
INSERT INTO products (id, item_id, price) VALUES (12193, 19857, 1.89);
INSERT INTO items (id, venue_id, name) VALUES (19853, 12686, 'Product12189');
INSERT INTO products (id, item_id, price) VALUES (12189, 19853, 1.89);
INSERT INTO items (id, venue_id, name) VALUES (19854, 12686, 'Product12190');
INSERT INTO products (id, item_id, price) VALUES (12190, 19854, 15);
INSERT INTO items (id, venue_id, name) VALUES (19856, 12686, 'Product12192');
INSERT INTO products (id, item_id, price) VALUES (12192, 19856, 1.9);
INSERT INTO items (id, venue_id, name) VALUES (19858, 12686, 'Product12194');
INSERT INTO products (id, item_id, price) VALUES (12194, 19858, 3.54);
INSERT INTO items (id, venue_id, name) VALUES (19859, 12686, 'Product12195');
INSERT INTO products (id, item_id, price) VALUES (12195, 19859, 4.01);
INSERT INTO items (id, venue_id, name) VALUES (19860, 12686, 'Product12196');
INSERT INTO products (id, item_id, price) VALUES (12196, 19860, 11.79);
INSERT INTO items (id, venue_id, name) VALUES (19861, 12686, 'Product12197');
INSERT INTO products (id, item_id, price) VALUES (12197, 19861, 2.12);
INSERT INTO items (id, venue_id, name) VALUES (19862, 12686, 'Product12198');
INSERT INTO products (id, item_id, price) VALUES (12198, 19862, 2.5);
INSERT INTO items (id, venue_id, name) VALUES (19864, 12686, 'Product12200');
INSERT INTO products (id, item_id, price) VALUES (12200, 19864, 11.09);
INSERT INTO items (id, venue_id, name) VALUES (19865, 12686, 'Product12201');
INSERT INTO products (id, item_id, price) VALUES (12201, 19865, 8.25);
INSERT INTO items (id, venue_id, name) VALUES (19866, 12686, 'Product12202');
INSERT INTO products (id, item_id, price) VALUES (12202, 19866, 13.92);
INSERT INTO items (id, venue_id, name) VALUES (19867, 12686, 'Product12203');
INSERT INTO products (id, item_id, price) VALUES (12203, 19867, 12.5);
INSERT INTO items (id, venue_id, name) VALUES (19868, 12686, 'Product12204');
INSERT INTO products (id, item_id, price) VALUES (12204, 19868, 7.08);
INSERT INTO items (id, venue_id, name) VALUES (19869, 12686, 'Product12205');
INSERT INTO products (id, item_id, price) VALUES (12205, 19869, 5);
INSERT INTO items (id, venue_id, name) VALUES (19870, 12686, 'Product12206');
INSERT INTO products (id, item_id, price) VALUES (12206, 19870, 7.5);
INSERT INTO items (id, venue_id, name) VALUES (19871, 12686, 'Product12207');
INSERT INTO products (id, item_id, price) VALUES (12207, 19871, 10);
INSERT INTO items (id, venue_id, name) VALUES (19872, 12686, 'Product12208');
INSERT INTO products (id, item_id, price) VALUES (12208, 19872, 1.89);
INSERT INTO items (id, venue_id, name) VALUES (19873, 12686, 'Product12209');
INSERT INTO products (id, item_id, price) VALUES (12209, 19873, 1.89);
INSERT INTO items (id, venue_id, name) VALUES (19874, 12686, 'Product12210');
INSERT INTO products (id, item_id, price) VALUES (12210, 19874, 2.59);
INSERT INTO items (id, venue_id, name) VALUES (19875, 12686, 'Product12211');
INSERT INTO products (id, item_id, price) VALUES (12211, 19875, 10);
INSERT INTO items (id, venue_id, name) VALUES (19876, 12686, 'Space17657');
INSERT INTO spaces (id, item_id, hour_price) VALUES (17657, 19876, 2.75);
INSERT INTO items (id, venue_id, name) VALUES (19877, 12686, 'Space17658');
INSERT INTO spaces (id, item_id, hour_price) VALUES (17658, 19877, 61.5);
INSERT INTO items (id, venue_id, name) VALUES (19878, 12686, 'Space17659');
INSERT INTO spaces (id, item_id, hour_price) VALUES (17659, 19878, 61.5);
INSERT INTO items (id, venue_id, name) VALUES (19879, 12686, 'Space17660');
INSERT INTO spaces (id, item_id, hour_price) VALUES (17660, 19879, 61.5);
INSERT INTO items (id, venue_id, name) VALUES (19880, 12686, 'Space17661');
INSERT INTO spaces (id, item_id, hour_price) VALUES (17661, 19880, 18.5);
INSERT INTO items (id, venue_id, name) VALUES (19881, 12686, 'Space17662');
INSERT INTO spaces (id, item_id, hour_price) VALUES (17662, 19881, 80);
INSERT INTO items (id, venue_id, name) VALUES (19882, 12686, 'Space17663');
INSERT INTO spaces (id, item_id, hour_price) VALUES (17663, 19882, 37);
INSERT INTO items (id, venue_id, name) VALUES (19883, 12686, 'Space17664');
INSERT INTO spaces (id, item_id, hour_price) VALUES (17664, 19883, 80);
INSERT INTO items (id, venue_id, name) VALUES (19884, 12686, 'Space17665');
INSERT INTO spaces (id, item_id, hour_price) VALUES (17665, 19884, 18.5);
INSERT INTO items (id, venue_id, name) VALUES (19885, 12686, 'Space17666');
INSERT INTO spaces (id, item_id, hour_price) VALUES (17666, 19885, 61.5);
INSERT INTO items (id, venue_id, name) VALUES (22502, 12686, 'Product13443');
INSERT INTO products (id, item_id, price) VALUES (13443, 22502, 0.1);
INSERT INTO items (id, venue_id, name) VALUES (22503, 12686, 'Product13444');
INSERT INTO products (id, item_id, price) VALUES (13444, 22503, 0.05);
INSERT INTO items (id, venue_id, name) VALUES (22864, 12686, 'Product13631');
INSERT INTO products (id, item_id, price) VALUES (13631, 22864, 0);
INSERT INTO items (id, venue_id, name) VALUES (23766, 12686, 'Product14065');
INSERT INTO products (id, item_id, price) VALUES (14065, 23766, 0.75);
INSERT INTO items (id, venue_id, name) VALUES (25087, 12686, 'Product14827');
INSERT INTO products (id, item_id, price) VALUES (14827, 25087, 1.65);
INSERT INTO items (id, venue_id, name) VALUES (25858, 12686, 'Product15241');
INSERT INTO products (id, item_id, price) VALUES (15241, 25858, 5.9);
INSERT INTO items (id, venue_id, name) VALUES (25859, 12686, 'Product15242');
INSERT INTO products (id, item_id, price) VALUES (15242, 25859, 2.12);
INSERT INTO items (id, venue_id, name) VALUES (25860, 12686, 'Product15243');
INSERT INTO products (id, item_id, price) VALUES (15243, 25860, 3.3);
INSERT INTO items (id, venue_id, name) VALUES (26296, 12686, 'Product15504');
INSERT INTO products (id, item_id, price) VALUES (15504, 26296, 0.1);
INSERT INTO items (id, venue_id, name) VALUES (26297, 12686, 'Product15505');
INSERT INTO products (id, item_id, price) VALUES (15505, 26297, 0.2);
INSERT INTO items (id, venue_id, name) VALUES (26516, 12686, 'Product15628');
INSERT INTO products (id, item_id, price) VALUES (15628, 26516, 1.65);
INSERT INTO items (id, venue_id, name) VALUES (27876, 12686, 'Product16295');
INSERT INTO products (id, item_id, price) VALUES (16295, 27876, 40);
INSERT INTO venues (id, name) VALUES (12690, 'Venue12690');
INSERT INTO items (id, venue_id, name) VALUES (19886, 12690, 'Space17667');
INSERT INTO spaces (id, item_id, hour_price) VALUES (17667, 19886, 0);
INSERT INTO items (id, venue_id, name) VALUES (19887, 12690, 'Space17668');
INSERT INTO spaces (id, item_id, hour_price) VALUES (17668, 19887, 0);
INSERT INTO items (id, venue_id, name) VALUES (19888, 12690, 'Space17669');
INSERT INTO spaces (id, item_id, hour_price) VALUES (17669, 19888, 0);
INSERT INTO items (id, venue_id, name) VALUES (19889, 12690, 'Space17670');
INSERT INTO spaces (id, item_id, hour_price) VALUES (17670, 19889, 0);
INSERT INTO items (id, venue_id, name) VALUES (19890, 12690, 'Space17671');
INSERT INTO spaces (id, item_id, hour_price) VALUES (17671, 19890, 0);
INSERT INTO items (id, venue_id, name) VALUES (19891, 12690, 'Space17672');
INSERT INTO spaces (id, item_id, hour_price) VALUES (17672, 19891, 0);
INSERT INTO items (id, venue_id, name) VALUES (19892, 12690, 'Space17673');
INSERT INTO spaces (id, item_id, hour_price) VALUES (17673, 19892, 20);
INSERT INTO venues (id, name) VALUES (12703, 'Venue12703');
INSERT INTO items (id, venue_id, name) VALUES (19909, 12703, 'Space17690');
INSERT INTO spaces (id, item_id, hour_price) VALUES (17690, 19909, 0);
INSERT INTO items (id, venue_id, name) VALUES (19910, 12703, 'Space17691');
INSERT INTO spaces (id, item_id, hour_price) VALUES (17691, 19910, 0);
INSERT INTO items (id, venue_id, name) VALUES (19911, 12703, 'Space17692');
INSERT INTO spaces (id, item_id, hour_price) VALUES (17692, 19911, 0);
INSERT INTO items (id, venue_id, name) VALUES (19912, 12703, 'Space17693');
INSERT INTO spaces (id, item_id, hour_price) VALUES (17693, 19912, 0);
INSERT INTO items (id, venue_id, name) VALUES (19913, 12703, 'Space17694');
INSERT INTO spaces (id, item_id, hour_price) VALUES (17694, 19913, 0);
INSERT INTO items (id, venue_id, name) VALUES (19914, 12703, 'Space17695');
INSERT INTO spaces (id, item_id, hour_price) VALUES (17695, 19914, 0);
INSERT INTO items (id, venue_id, name) VALUES (19921, 12703, 'Space17702');
INSERT INTO spaces (id, item_id, hour_price) VALUES (17702, 19921, 90);
INSERT INTO venues (id, name) VALUES (12706, 'Venue12706');
INSERT INTO items (id, venue_id, name) VALUES (19915, 12706, 'Space17696');
INSERT INTO spaces (id, item_id, hour_price) VALUES (17696, 19915, 0);
INSERT INTO items (id, venue_id, name) VALUES (19916, 12706, 'Space17697');
INSERT INTO spaces (id, item_id, hour_price) VALUES (17697, 19916, 0);
INSERT INTO items (id, venue_id, name) VALUES (19917, 12706, 'Space17698');
INSERT INTO spaces (id, item_id, hour_price) VALUES (17698, 19917, 0);
INSERT INTO items (id, venue_id, name) VALUES (19918, 12706, 'Space17699');
INSERT INTO spaces (id, item_id, hour_price) VALUES (17699, 19918, 0);
INSERT INTO items (id, venue_id, name) VALUES (19919, 12706, 'Space17700');
INSERT INTO spaces (id, item_id, hour_price) VALUES (17700, 19919, 0);
INSERT INTO items (id, venue_id, name) VALUES (19920, 12706, 'Space17701');
INSERT INTO spaces (id, item_id, hour_price) VALUES (17701, 19920, 0);
INSERT INTO items (id, venue_id, name) VALUES (19922, 12706, 'Space17703');
INSERT INTO spaces (id, item_id, hour_price) VALUES (17703, 19922, 90);
INSERT INTO venues (id, name) VALUES (12707, 'Venue12707');
INSERT INTO items (id, venue_id, name) VALUES (19923, 12707, 'Space17704');
INSERT INTO spaces (id, item_id, hour_price) VALUES (17704, 19923, 0);
INSERT INTO items (id, venue_id, name) VALUES (19924, 12707, 'Space17705');
INSERT INTO spaces (id, item_id, hour_price) VALUES (17705, 19924, 0);
INSERT INTO items (id, venue_id, name) VALUES (19925, 12707, 'Space17706');
INSERT INTO spaces (id, item_id, hour_price) VALUES (17706, 19925, 0);
INSERT INTO items (id, venue_id, name) VALUES (19926, 12707, 'Space17707');
INSERT INTO spaces (id, item_id, hour_price) VALUES (17707, 19926, 0);
INSERT INTO items (id, venue_id, name) VALUES (19927, 12707, 'Space17708');
INSERT INTO spaces (id, item_id, hour_price) VALUES (17708, 19927, 0);
INSERT INTO items (id, venue_id, name) VALUES (19928, 12707, 'Space17709');
INSERT INTO spaces (id, item_id, hour_price) VALUES (17709, 19928, 0);
INSERT INTO items (id, venue_id, name) VALUES (19929, 12707, 'Space17710');
INSERT INTO spaces (id, item_id, hour_price) VALUES (17710, 19929, 20);
INSERT INTO venues (id, name) VALUES (12711, 'Venue12711');
INSERT INTO items (id, venue_id, name) VALUES (19930, 12711, 'Space17711');
INSERT INTO spaces (id, item_id, hour_price) VALUES (17711, 19930, 0);
INSERT INTO items (id, venue_id, name) VALUES (19931, 12711, 'Space17712');
INSERT INTO spaces (id, item_id, hour_price) VALUES (17712, 19931, 0);
INSERT INTO items (id, venue_id, name) VALUES (19932, 12711, 'Space17713');
INSERT INTO spaces (id, item_id, hour_price) VALUES (17713, 19932, 0);
INSERT INTO items (id, venue_id, name) VALUES (19933, 12711, 'Space17714');
INSERT INTO spaces (id, item_id, hour_price) VALUES (17714, 19933, 0);
INSERT INTO items (id, venue_id, name) VALUES (19934, 12711, 'Space17715');
INSERT INTO spaces (id, item_id, hour_price) VALUES (17715, 19934, 0);
INSERT INTO items (id, venue_id, name) VALUES (19935, 12711, 'Space17716');
INSERT INTO spaces (id, item_id, hour_price) VALUES (17716, 19935, 0);
INSERT INTO items (id, venue_id, name) VALUES (19936, 12711, 'Space17717');
INSERT INTO spaces (id, item_id, hour_price) VALUES (17717, 19936, 8);
INSERT INTO items (id, venue_id, name) VALUES (19937, 12711, 'Space17718');
INSERT INTO spaces (id, item_id, hour_price) VALUES (17718, 19937, 8);
INSERT INTO items (id, venue_id, name) VALUES (19938, 12711, 'Space17719');
INSERT INTO spaces (id, item_id, hour_price) VALUES (17719, 19938, 8);
INSERT INTO items (id, venue_id, name) VALUES (19939, 12711, 'Space17720');
INSERT INTO spaces (id, item_id, hour_price) VALUES (17720, 19939, 8);
INSERT INTO items (id, venue_id, name) VALUES (19940, 12711, 'Space17721');
INSERT INTO spaces (id, item_id, hour_price) VALUES (17721, 19940, 8);
INSERT INTO items (id, venue_id, name) VALUES (19941, 12711, 'Space17722');
INSERT INTO spaces (id, item_id, hour_price) VALUES (17722, 19941, 8);
INSERT INTO venues (id, name) VALUES (12712, 'Venue12712');
INSERT INTO items (id, venue_id, name) VALUES (19942, 12712, 'Space17723');
INSERT INTO spaces (id, item_id, hour_price) VALUES (17723, 19942, 0);
INSERT INTO items (id, venue_id, name) VALUES (19943, 12712, 'Space17724');
INSERT INTO spaces (id, item_id, hour_price) VALUES (17724, 19943, 0);
INSERT INTO items (id, venue_id, name) VALUES (19944, 12712, 'Space17725');
INSERT INTO spaces (id, item_id, hour_price) VALUES (17725, 19944, 0);
INSERT INTO items (id, venue_id, name) VALUES (19945, 12712, 'Space17726');
INSERT INTO spaces (id, item_id, hour_price) VALUES (17726, 19945, 0);
INSERT INTO items (id, venue_id, name) VALUES (19946, 12712, 'Space17727');
INSERT INTO spaces (id, item_id, hour_price) VALUES (17727, 19946, 0);
INSERT INTO items (id, venue_id, name) VALUES (19947, 12712, 'Space17728');
INSERT INTO spaces (id, item_id, hour_price) VALUES (17728, 19947, 0);
INSERT INTO items (id, venue_id, name) VALUES (19948, 12712, 'Space17729');
INSERT INTO spaces (id, item_id, hour_price) VALUES (17729, 19948, 90);
INSERT INTO items (id, venue_id, name) VALUES (19949, 12712, 'Space17730');
INSERT INTO spaces (id, item_id, hour_price) VALUES (17730, 19949, 90);
INSERT INTO items (id, venue_id, name) VALUES (19950, 12712, 'Space17731');
INSERT INTO spaces (id, item_id, hour_price) VALUES (17731, 19950, 90);
INSERT INTO items (id, venue_id, name) VALUES (19951, 12712, 'Space17732');
INSERT INTO spaces (id, item_id, hour_price) VALUES (17732, 19951, 90);
INSERT INTO items (id, venue_id, name) VALUES (19952, 12712, 'Product12212');
INSERT INTO products (id, item_id, price) VALUES (12212, 19952, 15);
INSERT INTO items (id, venue_id, name) VALUES (19953, 12712, 'Product12213');
INSERT INTO products (id, item_id, price) VALUES (12213, 19953, 17.5);
INSERT INTO items (id, venue_id, name) VALUES (19954, 12712, 'Product12214');
INSERT INTO products (id, item_id, price) VALUES (12214, 19954, 25);
INSERT INTO items (id, venue_id, name) VALUES (19955, 12712, 'Product12215');
INSERT INTO products (id, item_id, price) VALUES (12215, 19955, 75);
INSERT INTO items (id, venue_id, name) VALUES (19956, 12712, 'Product12216');
INSERT INTO products (id, item_id, price) VALUES (12216, 19956, 75);
INSERT INTO venues (id, name) VALUES (12716, 'Venue12716');
INSERT INTO items (id, venue_id, name) VALUES (19960, 12716, 'Space17733');
INSERT INTO spaces (id, item_id, hour_price) VALUES (17733, 19960, 0);
INSERT INTO items (id, venue_id, name) VALUES (19961, 12716, 'Space17734');
INSERT INTO spaces (id, item_id, hour_price) VALUES (17734, 19961, 0);
INSERT INTO items (id, venue_id, name) VALUES (19962, 12716, 'Space17735');
INSERT INTO spaces (id, item_id, hour_price) VALUES (17735, 19962, 0);
INSERT INTO items (id, venue_id, name) VALUES (19963, 12716, 'Space17736');
INSERT INTO spaces (id, item_id, hour_price) VALUES (17736, 19963, 0);
INSERT INTO items (id, venue_id, name) VALUES (19964, 12716, 'Space17737');
INSERT INTO spaces (id, item_id, hour_price) VALUES (17737, 19964, 0);
INSERT INTO items (id, venue_id, name) VALUES (19965, 12716, 'Space17738');
INSERT INTO spaces (id, item_id, hour_price) VALUES (17738, 19965, 0);
INSERT INTO items (id, venue_id, name) VALUES (19966, 12716, 'Space17739');
INSERT INTO spaces (id, item_id, hour_price) VALUES (17739, 19966, 20);
INSERT INTO items (id, venue_id, name) VALUES (20073, 12716, 'Space17810');
INSERT INTO spaces (id, item_id, hour_price) VALUES (17810, 20073, 25);
INSERT INTO items (id, venue_id, name) VALUES (20074, 12716, 'Space17811');
INSERT INTO spaces (id, item_id, hour_price) VALUES (17811, 20074, 25);
INSERT INTO items (id, venue_id, name) VALUES (20100, 12716, 'Space17831');
INSERT INTO spaces (id, item_id, hour_price) VALUES (17831, 20100, 25);
INSERT INTO items (id, venue_id, name) VALUES (20101, 12716, 'Space17832');
INSERT INTO spaces (id, item_id, hour_price) VALUES (17832, 20101, 20);
INSERT INTO venues (id, name) VALUES (12722, 'Venue12722');
INSERT INTO items (id, venue_id, name) VALUES (19996, 12722, 'Space17751');
INSERT INTO spaces (id, item_id, hour_price) VALUES (17751, 19996, 0);
INSERT INTO items (id, venue_id, name) VALUES (19997, 12722, 'Space17752');
INSERT INTO spaces (id, item_id, hour_price) VALUES (17752, 19997, 0);
INSERT INTO items (id, venue_id, name) VALUES (19998, 12722, 'Space17753');
INSERT INTO spaces (id, item_id, hour_price) VALUES (17753, 19998, 0);
INSERT INTO items (id, venue_id, name) VALUES (19999, 12722, 'Space17754');
INSERT INTO spaces (id, item_id, hour_price) VALUES (17754, 19999, 0);
INSERT INTO items (id, venue_id, name) VALUES (20000, 12722, 'Space17755');
INSERT INTO spaces (id, item_id, hour_price) VALUES (17755, 20000, 0);
INSERT INTO items (id, venue_id, name) VALUES (20001, 12722, 'Space17756');
INSERT INTO spaces (id, item_id, hour_price) VALUES (17756, 20001, 0);
INSERT INTO items (id, venue_id, name) VALUES (20002, 12722, 'Space17757');
INSERT INTO spaces (id, item_id, hour_price) VALUES (17757, 20002, 15);
INSERT INTO items (id, venue_id, name) VALUES (20006, 12722, 'Space17758');
INSERT INTO spaces (id, item_id, hour_price) VALUES (17758, 20006, 15);
INSERT INTO venues (id, name) VALUES (12727, 'Venue12727');
INSERT INTO items (id, venue_id, name) VALUES (20013, 12727, 'Space17765');
INSERT INTO spaces (id, item_id, hour_price) VALUES (17765, 20013, 0);
INSERT INTO items (id, venue_id, name) VALUES (20014, 12727, 'Space17766');
INSERT INTO spaces (id, item_id, hour_price) VALUES (17766, 20014, 0);
INSERT INTO items (id, venue_id, name) VALUES (20015, 12727, 'Space17767');
INSERT INTO spaces (id, item_id, hour_price) VALUES (17767, 20015, 0);
INSERT INTO items (id, venue_id, name) VALUES (20016, 12727, 'Space17768');
INSERT INTO spaces (id, item_id, hour_price) VALUES (17768, 20016, 0);
INSERT INTO items (id, venue_id, name) VALUES (20017, 12727, 'Space17769');
INSERT INTO spaces (id, item_id, hour_price) VALUES (17769, 20017, 0);
INSERT INTO items (id, venue_id, name) VALUES (20018, 12727, 'Space17770');
INSERT INTO spaces (id, item_id, hour_price) VALUES (17770, 20018, 0);
INSERT INTO items (id, venue_id, name) VALUES (20025, 12727, 'Space17777');
INSERT INTO spaces (id, item_id, hour_price) VALUES (17777, 20025, 7.5);
INSERT INTO items (id, venue_id, name) VALUES (23362, 12727, 'Space19476');
INSERT INTO spaces (id, item_id, hour_price) VALUES (19476, 23362, 70);
INSERT INTO items (id, venue_id, name) VALUES (23363, 12727, 'Space19477');
INSERT INTO spaces (id, item_id, hour_price) VALUES (19477, 23363, 70);
INSERT INTO items (id, venue_id, name) VALUES (23364, 12727, 'Space19478');
INSERT INTO spaces (id, item_id, hour_price) VALUES (19478, 23364, 50);
INSERT INTO items (id, venue_id, name) VALUES (23365, 12727, 'Space19479');
INSERT INTO spaces (id, item_id, hour_price) VALUES (19479, 23365, 50);
INSERT INTO items (id, venue_id, name) VALUES (23366, 12727, 'Space19480');
INSERT INTO spaces (id, item_id, hour_price) VALUES (19480, 23366, 75);
INSERT INTO items (id, venue_id, name) VALUES (23419, 12727, 'Space19503');
INSERT INTO spaces (id, item_id, hour_price) VALUES (19503, 23419, 20);
INSERT INTO items (id, venue_id, name) VALUES (24501, 12727, 'Product14497');
INSERT INTO products (id, item_id, price) VALUES (14497, 24501, 25);
INSERT INTO items (id, venue_id, name) VALUES (24502, 12727, 'Product14498');
INSERT INTO products (id, item_id, price) VALUES (14498, 24502, 12.4);
INSERT INTO items (id, venue_id, name) VALUES (24503, 12727, 'Product14499');
INSERT INTO products (id, item_id, price) VALUES (14499, 24503, 13.68);
INSERT INTO items (id, venue_id, name) VALUES (24504, 12727, 'Product14500');
INSERT INTO products (id, item_id, price) VALUES (14500, 24504, 9.9);
INSERT INTO items (id, venue_id, name) VALUES (24505, 12727, 'Product14501');
INSERT INTO products (id, item_id, price) VALUES (14501, 24505, 11.09);
INSERT INTO items (id, venue_id, name) VALUES (24506, 12727, 'Product14502');
INSERT INTO products (id, item_id, price) VALUES (14502, 24506, 2.36);
INSERT INTO items (id, venue_id, name) VALUES (24507, 12727, 'Product14503');
INSERT INTO products (id, item_id, price) VALUES (14503, 24507, 2.83);
INSERT INTO items (id, venue_id, name) VALUES (24508, 12727, 'Product14504');
INSERT INTO products (id, item_id, price) VALUES (14504, 24508, 2.83);
INSERT INTO items (id, venue_id, name) VALUES (25562, 12727, 'Product15065');
INSERT INTO products (id, item_id, price) VALUES (15065, 25562, 3.3);
INSERT INTO items (id, venue_id, name) VALUES (28467, 12727, 'Product16659');
INSERT INTO products (id, item_id, price) VALUES (16659, 28467, 75);
INSERT INTO items (id, venue_id, name) VALUES (28468, 12727, 'Product16660');
INSERT INTO products (id, item_id, price) VALUES (16660, 28468, 13.68);
INSERT INTO items (id, venue_id, name) VALUES (28469, 12727, 'Product16661');
INSERT INTO products (id, item_id, price) VALUES (16661, 28469, 25.94);
INSERT INTO venues (id, name) VALUES (12735, 'Venue12735');
INSERT INTO items (id, venue_id, name) VALUES (20049, 12735, 'Space17789');
INSERT INTO spaces (id, item_id, hour_price) VALUES (17789, 20049, 0);
INSERT INTO items (id, venue_id, name) VALUES (20050, 12735, 'Space17790');
INSERT INTO spaces (id, item_id, hour_price) VALUES (17790, 20050, 0);
INSERT INTO items (id, venue_id, name) VALUES (20051, 12735, 'Space17791');
INSERT INTO spaces (id, item_id, hour_price) VALUES (17791, 20051, 0);
INSERT INTO items (id, venue_id, name) VALUES (20052, 12735, 'Space17792');
INSERT INTO spaces (id, item_id, hour_price) VALUES (17792, 20052, 0);
INSERT INTO items (id, venue_id, name) VALUES (20053, 12735, 'Space17793');
INSERT INTO spaces (id, item_id, hour_price) VALUES (17793, 20053, 0);
INSERT INTO items (id, venue_id, name) VALUES (20054, 12735, 'Space17794');
INSERT INTO spaces (id, item_id, hour_price) VALUES (17794, 20054, 0);
INSERT INTO items (id, venue_id, name) VALUES (24445, 12735, 'Space19971');
INSERT INTO spaces (id, item_id, hour_price) VALUES (19971, 24445, 15);
INSERT INTO items (id, venue_id, name) VALUES (24446, 12735, 'Space19972');
INSERT INTO spaces (id, item_id, hour_price) VALUES (19972, 24446, 15);
INSERT INTO items (id, venue_id, name) VALUES (24447, 12735, 'Product14467');
INSERT INTO products (id, item_id, price) VALUES (14467, 24447, 8);
INSERT INTO items (id, venue_id, name) VALUES (24448, 12735, 'Product14468');
INSERT INTO products (id, item_id, price) VALUES (14468, 24448, 6.5);
INSERT INTO venues (id, name) VALUES (12739, 'Venue12739');
INSERT INTO items (id, venue_id, name) VALUES (20059, 12739, 'Space17796');
INSERT INTO spaces (id, item_id, hour_price) VALUES (17796, 20059, 0);
INSERT INTO items (id, venue_id, name) VALUES (20060, 12739, 'Space17797');
INSERT INTO spaces (id, item_id, hour_price) VALUES (17797, 20060, 0);
INSERT INTO items (id, venue_id, name) VALUES (20061, 12739, 'Space17798');
INSERT INTO spaces (id, item_id, hour_price) VALUES (17798, 20061, 0);
INSERT INTO items (id, venue_id, name) VALUES (20062, 12739, 'Space17799');
INSERT INTO spaces (id, item_id, hour_price) VALUES (17799, 20062, 0);
INSERT INTO items (id, venue_id, name) VALUES (20063, 12739, 'Space17800');
INSERT INTO spaces (id, item_id, hour_price) VALUES (17800, 20063, 0);
INSERT INTO items (id, venue_id, name) VALUES (20064, 12739, 'Space17801');
INSERT INTO spaces (id, item_id, hour_price) VALUES (17801, 20064, 0);
INSERT INTO items (id, venue_id, name) VALUES (20065, 12739, 'Space17802');
INSERT INTO spaces (id, item_id, hour_price) VALUES (17802, 20065, 18);
INSERT INTO items (id, venue_id, name) VALUES (20277, 12739, 'Space17963');
INSERT INTO spaces (id, item_id, hour_price) VALUES (17963, 20277, 35);
INSERT INTO items (id, venue_id, name) VALUES (20278, 12739, 'Product12307');
INSERT INTO products (id, item_id, price) VALUES (12307, 20278, 10);
INSERT INTO items (id, venue_id, name) VALUES (20279, 12739, 'Product12308');
INSERT INTO products (id, item_id, price) VALUES (12308, 20279, 6);
INSERT INTO items (id, venue_id, name) VALUES (20280, 12739, 'Product12309');
INSERT INTO products (id, item_id, price) VALUES (12309, 20280, 9.5);
INSERT INTO items (id, venue_id, name) VALUES (20303, 12739, 'Product12318');
INSERT INTO products (id, item_id, price) VALUES (12318, 20303, 8.5);
INSERT INTO items (id, venue_id, name) VALUES (20304, 12739, 'Product12319');
INSERT INTO products (id, item_id, price) VALUES (12319, 20304, 3.5);
INSERT INTO items (id, venue_id, name) VALUES (23345, 12739, 'Product13872');
INSERT INTO products (id, item_id, price) VALUES (13872, 23345, 7.5);
INSERT INTO items (id, venue_id, name) VALUES (23346, 12739, 'Product13873');
INSERT INTO products (id, item_id, price) VALUES (13873, 23346, 1.2);
INSERT INTO items (id, venue_id, name) VALUES (23692, 12739, 'Product14025');
INSERT INTO products (id, item_id, price) VALUES (14025, 23692, 14.5);
INSERT INTO items (id, venue_id, name) VALUES (23693, 12739, 'Product14026');
INSERT INTO products (id, item_id, price) VALUES (14026, 23693, 11.5);
INSERT INTO items (id, venue_id, name) VALUES (23694, 12739, 'Product14027');
INSERT INTO products (id, item_id, price) VALUES (14027, 23694, 1.5);
INSERT INTO items (id, venue_id, name) VALUES (23695, 12739, 'Product14028');
INSERT INTO products (id, item_id, price) VALUES (14028, 23695, 2.25);
INSERT INTO items (id, venue_id, name) VALUES (23696, 12739, 'Product14029');
INSERT INTO products (id, item_id, price) VALUES (14029, 23696, 1.5);
INSERT INTO items (id, venue_id, name) VALUES (23697, 12739, 'Product14030');
INSERT INTO products (id, item_id, price) VALUES (14030, 23697, 2.75);
INSERT INTO items (id, venue_id, name) VALUES (23698, 12739, 'Product14031');
INSERT INTO products (id, item_id, price) VALUES (14031, 23698, 1.5);
INSERT INTO items (id, venue_id, name) VALUES (23713, 12739, 'Space19660');
INSERT INTO spaces (id, item_id, hour_price) VALUES (19660, 23713, 30.5);
INSERT INTO items (id, venue_id, name) VALUES (23714, 12739, 'Space19661');
INSERT INTO spaces (id, item_id, hour_price) VALUES (19661, 23714, 24);
INSERT INTO items (id, venue_id, name) VALUES (23753, 12739, 'Space19681');
INSERT INTO spaces (id, item_id, hour_price) VALUES (19681, 23753, 30.5);
INSERT INTO items (id, venue_id, name) VALUES (23754, 12739, 'Space19682');
INSERT INTO spaces (id, item_id, hour_price) VALUES (19682, 23754, 24);
INSERT INTO items (id, venue_id, name) VALUES (24001, 12739, 'Space19792');
INSERT INTO spaces (id, item_id, hour_price) VALUES (19792, 24001, 42);
INSERT INTO items (id, venue_id, name) VALUES (24002, 12739, 'Space19793');
INSERT INTO spaces (id, item_id, hour_price) VALUES (19793, 24002, 60);
INSERT INTO venues (id, name) VALUES (12743, 'Venue12743');
INSERT INTO items (id, venue_id, name) VALUES (20066, 12743, 'Space17803');
INSERT INTO spaces (id, item_id, hour_price) VALUES (17803, 20066, 0);
INSERT INTO items (id, venue_id, name) VALUES (20067, 12743, 'Space17804');
INSERT INTO spaces (id, item_id, hour_price) VALUES (17804, 20067, 0);
INSERT INTO items (id, venue_id, name) VALUES (20068, 12743, 'Space17805');
INSERT INTO spaces (id, item_id, hour_price) VALUES (17805, 20068, 0);
INSERT INTO items (id, venue_id, name) VALUES (20069, 12743, 'Space17806');
INSERT INTO spaces (id, item_id, hour_price) VALUES (17806, 20069, 0);
INSERT INTO items (id, venue_id, name) VALUES (20070, 12743, 'Space17807');
INSERT INTO spaces (id, item_id, hour_price) VALUES (17807, 20070, 0);
INSERT INTO items (id, venue_id, name) VALUES (20071, 12743, 'Space17808');
INSERT INTO spaces (id, item_id, hour_price) VALUES (17808, 20071, 0);
INSERT INTO items (id, venue_id, name) VALUES (20072, 12743, 'Space17809');
INSERT INTO spaces (id, item_id, hour_price) VALUES (17809, 20072, 10);
INSERT INTO venues (id, name) VALUES (12747, 'Venue12747');
INSERT INTO items (id, venue_id, name) VALUES (20082, 12747, 'Space17815');
INSERT INTO spaces (id, item_id, hour_price) VALUES (17815, 20082, 0);
INSERT INTO items (id, venue_id, name) VALUES (20083, 12747, 'Space17816');
INSERT INTO spaces (id, item_id, hour_price) VALUES (17816, 20083, 0);
INSERT INTO items (id, venue_id, name) VALUES (20084, 12747, 'Space17817');
INSERT INTO spaces (id, item_id, hour_price) VALUES (17817, 20084, 0);
INSERT INTO items (id, venue_id, name) VALUES (20085, 12747, 'Space17818');
INSERT INTO spaces (id, item_id, hour_price) VALUES (17818, 20085, 0);
INSERT INTO items (id, venue_id, name) VALUES (20086, 12747, 'Space17819');
INSERT INTO spaces (id, item_id, hour_price) VALUES (17819, 20086, 0);
INSERT INTO items (id, venue_id, name) VALUES (20087, 12747, 'Space17820');
INSERT INTO spaces (id, item_id, hour_price) VALUES (17820, 20087, 0);
INSERT INTO items (id, venue_id, name) VALUES (20088, 12747, 'Space17821');
INSERT INTO spaces (id, item_id, hour_price) VALUES (17821, 20088, 14);
INSERT INTO venues (id, name) VALUES (12751, 'Venue12751');
INSERT INTO items (id, venue_id, name) VALUES (20091, 12751, 'Space17822');
INSERT INTO spaces (id, item_id, hour_price) VALUES (17822, 20091, 0);
INSERT INTO items (id, venue_id, name) VALUES (20092, 12751, 'Space17823');
INSERT INTO spaces (id, item_id, hour_price) VALUES (17823, 20092, 0);
INSERT INTO items (id, venue_id, name) VALUES (20093, 12751, 'Space17824');
INSERT INTO spaces (id, item_id, hour_price) VALUES (17824, 20093, 0);
INSERT INTO items (id, venue_id, name) VALUES (20094, 12751, 'Space17825');
INSERT INTO spaces (id, item_id, hour_price) VALUES (17825, 20094, 0);
INSERT INTO items (id, venue_id, name) VALUES (20095, 12751, 'Space17826');
INSERT INTO spaces (id, item_id, hour_price) VALUES (17826, 20095, 0);
INSERT INTO items (id, venue_id, name) VALUES (20096, 12751, 'Space17827');
INSERT INTO spaces (id, item_id, hour_price) VALUES (17827, 20096, 0);
INSERT INTO items (id, venue_id, name) VALUES (20097, 12751, 'Space17828');
INSERT INTO spaces (id, item_id, hour_price) VALUES (17828, 20097, 6.8);
INSERT INTO items (id, venue_id, name) VALUES (20105, 12751, 'Space17833');
INSERT INTO spaces (id, item_id, hour_price) VALUES (17833, 20105, 6.8);
INSERT INTO items (id, venue_id, name) VALUES (20107, 12751, 'Product12266');
INSERT INTO products (id, item_id, price) VALUES (12266, 20107, 25);
INSERT INTO items (id, venue_id, name) VALUES (21388, 12751, 'Space18540');
INSERT INTO spaces (id, item_id, hour_price) VALUES (18540, 21388, 5);
INSERT INTO items (id, venue_id, name) VALUES (27523, 12751, 'Space21387');
INSERT INTO spaces (id, item_id, hour_price) VALUES (21387, 27523, 6.8);
INSERT INTO items (id, venue_id, name) VALUES (28522, 12751, 'Product16683');
INSERT INTO products (id, item_id, price) VALUES (16683, 28522, 3.5);
INSERT INTO venues (id, name) VALUES (12752, 'Venue12752');
INSERT INTO items (id, venue_id, name) VALUES (20113, 12752, 'Space17834');
INSERT INTO spaces (id, item_id, hour_price) VALUES (17834, 20113, 0);
INSERT INTO items (id, venue_id, name) VALUES (20114, 12752, 'Space17835');
INSERT INTO spaces (id, item_id, hour_price) VALUES (17835, 20114, 0);
INSERT INTO items (id, venue_id, name) VALUES (20115, 12752, 'Space17836');
INSERT INTO spaces (id, item_id, hour_price) VALUES (17836, 20115, 0);
INSERT INTO items (id, venue_id, name) VALUES (20116, 12752, 'Space17837');
INSERT INTO spaces (id, item_id, hour_price) VALUES (17837, 20116, 0);
INSERT INTO items (id, venue_id, name) VALUES (20117, 12752, 'Space17838');
INSERT INTO spaces (id, item_id, hour_price) VALUES (17838, 20117, 0);
INSERT INTO items (id, venue_id, name) VALUES (20118, 12752, 'Space17839');
INSERT INTO spaces (id, item_id, hour_price) VALUES (17839, 20118, 0);
INSERT INTO items (id, venue_id, name) VALUES (20119, 12752, 'Space17840');
INSERT INTO spaces (id, item_id, hour_price) VALUES (17840, 20119, 12);
INSERT INTO items (id, venue_id, name) VALUES (20401, 12752, 'Space18027');
INSERT INTO spaces (id, item_id, hour_price) VALUES (18027, 20401, 130);
INSERT INTO items (id, venue_id, name) VALUES (20402, 12752, 'Space18028');
INSERT INTO spaces (id, item_id, hour_price) VALUES (18028, 20402, 95);
INSERT INTO venues (id, name) VALUES (12758, 'Venue12758');
INSERT INTO items (id, venue_id, name) VALUES (20142, 12758, 'Space17853');
INSERT INTO spaces (id, item_id, hour_price) VALUES (17853, 20142, 0);
INSERT INTO items (id, venue_id, name) VALUES (20143, 12758, 'Space17854');
INSERT INTO spaces (id, item_id, hour_price) VALUES (17854, 20143, 0);
INSERT INTO items (id, venue_id, name) VALUES (20144, 12758, 'Space17855');
INSERT INTO spaces (id, item_id, hour_price) VALUES (17855, 20144, 0);
INSERT INTO items (id, venue_id, name) VALUES (20145, 12758, 'Space17856');
INSERT INTO spaces (id, item_id, hour_price) VALUES (17856, 20145, 0);
INSERT INTO items (id, venue_id, name) VALUES (20146, 12758, 'Space17857');
INSERT INTO spaces (id, item_id, hour_price) VALUES (17857, 20146, 0);
INSERT INTO items (id, venue_id, name) VALUES (20147, 12758, 'Space17858');
INSERT INTO spaces (id, item_id, hour_price) VALUES (17858, 20147, 0);
INSERT INTO items (id, venue_id, name) VALUES (20148, 12758, 'Space17859');
INSERT INTO spaces (id, item_id, hour_price) VALUES (17859, 20148, 22);
INSERT INTO venues (id, name) VALUES (12779, 'Venue12779');
INSERT INTO items (id, venue_id, name) VALUES (20187, 12779, 'Space17890');
INSERT INTO spaces (id, item_id, hour_price) VALUES (17890, 20187, 0);
INSERT INTO items (id, venue_id, name) VALUES (20188, 12779, 'Space17891');
INSERT INTO spaces (id, item_id, hour_price) VALUES (17891, 20188, 0);
INSERT INTO items (id, venue_id, name) VALUES (20189, 12779, 'Space17892');
INSERT INTO spaces (id, item_id, hour_price) VALUES (17892, 20189, 0);
INSERT INTO items (id, venue_id, name) VALUES (20190, 12779, 'Space17893');
INSERT INTO spaces (id, item_id, hour_price) VALUES (17893, 20190, 0);
INSERT INTO items (id, venue_id, name) VALUES (20191, 12779, 'Space17894');
INSERT INTO spaces (id, item_id, hour_price) VALUES (17894, 20191, 0);
INSERT INTO items (id, venue_id, name) VALUES (20192, 12779, 'Space17895');
INSERT INTO spaces (id, item_id, hour_price) VALUES (17895, 20192, 0);
INSERT INTO items (id, venue_id, name) VALUES (20194, 12779, 'Space17897');
INSERT INTO spaces (id, item_id, hour_price) VALUES (17897, 20194, 42.5);
INSERT INTO venues (id, name) VALUES (12787, 'Venue12787');
INSERT INTO items (id, venue_id, name) VALUES (20222, 12787, 'Space17920');
INSERT INTO spaces (id, item_id, hour_price) VALUES (17920, 20222, 0);
INSERT INTO items (id, venue_id, name) VALUES (20223, 12787, 'Space17921');
INSERT INTO spaces (id, item_id, hour_price) VALUES (17921, 20223, 0);
INSERT INTO items (id, venue_id, name) VALUES (20224, 12787, 'Space17922');
INSERT INTO spaces (id, item_id, hour_price) VALUES (17922, 20224, 0);
INSERT INTO items (id, venue_id, name) VALUES (20225, 12787, 'Space17923');
INSERT INTO spaces (id, item_id, hour_price) VALUES (17923, 20225, 0);
INSERT INTO items (id, venue_id, name) VALUES (20226, 12787, 'Space17924');
INSERT INTO spaces (id, item_id, hour_price) VALUES (17924, 20226, 0);
INSERT INTO items (id, venue_id, name) VALUES (20227, 12787, 'Space17925');
INSERT INTO spaces (id, item_id, hour_price) VALUES (17925, 20227, 0);
INSERT INTO items (id, venue_id, name) VALUES (20228, 12787, 'Space17926');
INSERT INTO spaces (id, item_id, hour_price) VALUES (17926, 20228, 35);
INSERT INTO venues (id, name) VALUES (12793, 'Venue12793');
INSERT INTO items (id, venue_id, name) VALUES (20243, 12793, 'Space17939');
INSERT INTO spaces (id, item_id, hour_price) VALUES (17939, 20243, 0);
INSERT INTO items (id, venue_id, name) VALUES (20244, 12793, 'Space17940');
INSERT INTO spaces (id, item_id, hour_price) VALUES (17940, 20244, 0);
INSERT INTO items (id, venue_id, name) VALUES (20245, 12793, 'Space17941');
INSERT INTO spaces (id, item_id, hour_price) VALUES (17941, 20245, 0);
INSERT INTO items (id, venue_id, name) VALUES (20246, 12793, 'Space17942');
INSERT INTO spaces (id, item_id, hour_price) VALUES (17942, 20246, 0);
INSERT INTO items (id, venue_id, name) VALUES (20247, 12793, 'Space17943');
INSERT INTO spaces (id, item_id, hour_price) VALUES (17943, 20247, 0);
INSERT INTO items (id, venue_id, name) VALUES (20248, 12793, 'Space17944');
INSERT INTO spaces (id, item_id, hour_price) VALUES (17944, 20248, 0);
INSERT INTO items (id, venue_id, name) VALUES (20249, 12793, 'Space17945');
INSERT INTO spaces (id, item_id, hour_price) VALUES (17945, 20249, 20);
INSERT INTO venues (id, name) VALUES (12797, 'Venue12797');
INSERT INTO items (id, venue_id, name) VALUES (20260, 12797, 'Space17947');
INSERT INTO spaces (id, item_id, hour_price) VALUES (17947, 20260, 0);
INSERT INTO items (id, venue_id, name) VALUES (20261, 12797, 'Space17948');
INSERT INTO spaces (id, item_id, hour_price) VALUES (17948, 20261, 0);
INSERT INTO items (id, venue_id, name) VALUES (20262, 12797, 'Space17949');
INSERT INTO spaces (id, item_id, hour_price) VALUES (17949, 20262, 0);
INSERT INTO items (id, venue_id, name) VALUES (20263, 12797, 'Space17950');
INSERT INTO spaces (id, item_id, hour_price) VALUES (17950, 20263, 0);
INSERT INTO items (id, venue_id, name) VALUES (20264, 12797, 'Space17951');
INSERT INTO spaces (id, item_id, hour_price) VALUES (17951, 20264, 0);
INSERT INTO items (id, venue_id, name) VALUES (20265, 12797, 'Space17952');
INSERT INTO spaces (id, item_id, hour_price) VALUES (17952, 20265, 0);
INSERT INTO items (id, venue_id, name) VALUES (20266, 12797, 'Space17953');
INSERT INTO spaces (id, item_id, hour_price) VALUES (17953, 20266, 12);
INSERT INTO items (id, venue_id, name) VALUES (20267, 12797, 'Space17954');
INSERT INTO spaces (id, item_id, hour_price) VALUES (17954, 20267, 12);
INSERT INTO items (id, venue_id, name) VALUES (20268, 12797, 'Space17955');
INSERT INTO spaces (id, item_id, hour_price) VALUES (17955, 20268, 12);
INSERT INTO items (id, venue_id, name) VALUES (20269, 12797, 'Space17956');
INSERT INTO spaces (id, item_id, hour_price) VALUES (17956, 20269, 12);
INSERT INTO items (id, venue_id, name) VALUES (20270, 12797, 'Product12306');
INSERT INTO products (id, item_id, price) VALUES (12306, 20270, 6);
INSERT INTO items (id, venue_id, name) VALUES (26492, 12797, 'Product15612');
INSERT INTO products (id, item_id, price) VALUES (15612, 26492, 15);
INSERT INTO items (id, venue_id, name) VALUES (26999, 12797, 'Product15861');
INSERT INTO products (id, item_id, price) VALUES (15861, 26999, 50);
INSERT INTO items (id, venue_id, name) VALUES (27000, 12797, 'Product15862');
INSERT INTO products (id, item_id, price) VALUES (15862, 27000, 17.5);
INSERT INTO venues (id, name) VALUES (12801, 'Venue12801');
INSERT INTO items (id, venue_id, name) VALUES (20271, 12801, 'Space17957');
INSERT INTO spaces (id, item_id, hour_price) VALUES (17957, 20271, 0);
INSERT INTO items (id, venue_id, name) VALUES (20272, 12801, 'Space17958');
INSERT INTO spaces (id, item_id, hour_price) VALUES (17958, 20272, 0);
INSERT INTO items (id, venue_id, name) VALUES (20273, 12801, 'Space17959');
INSERT INTO spaces (id, item_id, hour_price) VALUES (17959, 20273, 0);
INSERT INTO items (id, venue_id, name) VALUES (20274, 12801, 'Space17960');
INSERT INTO spaces (id, item_id, hour_price) VALUES (17960, 20274, 0);
INSERT INTO items (id, venue_id, name) VALUES (20275, 12801, 'Space17961');
INSERT INTO spaces (id, item_id, hour_price) VALUES (17961, 20275, 0);
INSERT INTO items (id, venue_id, name) VALUES (20276, 12801, 'Space17962');
INSERT INTO spaces (id, item_id, hour_price) VALUES (17962, 20276, 0);
INSERT INTO items (id, venue_id, name) VALUES (20407, 12801, 'Space18029');
INSERT INTO spaces (id, item_id, hour_price) VALUES (18029, 20407, 50);
INSERT INTO items (id, venue_id, name) VALUES (20408, 12801, 'Space18030');
INSERT INTO spaces (id, item_id, hour_price) VALUES (18030, 20408, 28);
INSERT INTO items (id, venue_id, name) VALUES (20409, 12801, 'Space18031');
INSERT INTO spaces (id, item_id, hour_price) VALUES (18031, 20409, 40);
INSERT INTO items (id, venue_id, name) VALUES (20411, 12801, 'Space18032');
INSERT INTO spaces (id, item_id, hour_price) VALUES (18032, 20411, 175);
INSERT INTO items (id, venue_id, name) VALUES (20412, 12801, 'Product12372');
INSERT INTO products (id, item_id, price) VALUES (12372, 20412, 18.5);
INSERT INTO items (id, venue_id, name) VALUES (20413, 12801, 'Product12373');
INSERT INTO products (id, item_id, price) VALUES (12373, 20413, 38.5);
INSERT INTO items (id, venue_id, name) VALUES (24003, 12801, 'Product14202');
INSERT INTO products (id, item_id, price) VALUES (14202, 24003, 14.5);
INSERT INTO items (id, venue_id, name) VALUES (24131, 12801, 'Product14276');
INSERT INTO products (id, item_id, price) VALUES (14276, 24131, 11.5);
INSERT INTO venues (id, name) VALUES (12805, 'Venue12805');
INSERT INTO items (id, venue_id, name) VALUES (20286, 12805, 'Space17965');
INSERT INTO spaces (id, item_id, hour_price) VALUES (17965, 20286, 0);
INSERT INTO items (id, venue_id, name) VALUES (20287, 12805, 'Space17966');
INSERT INTO spaces (id, item_id, hour_price) VALUES (17966, 20287, 0);
INSERT INTO items (id, venue_id, name) VALUES (20288, 12805, 'Space17967');
INSERT INTO spaces (id, item_id, hour_price) VALUES (17967, 20288, 0);
INSERT INTO items (id, venue_id, name) VALUES (20289, 12805, 'Space17968');
INSERT INTO spaces (id, item_id, hour_price) VALUES (17968, 20289, 0);
INSERT INTO items (id, venue_id, name) VALUES (20290, 12805, 'Space17969');
INSERT INTO spaces (id, item_id, hour_price) VALUES (17969, 20290, 0);
INSERT INTO items (id, venue_id, name) VALUES (20291, 12805, 'Space17970');
INSERT INTO spaces (id, item_id, hour_price) VALUES (17970, 20291, 0);
INSERT INTO items (id, venue_id, name) VALUES (21040, 12805, 'Space18328');
INSERT INTO spaces (id, item_id, hour_price) VALUES (18328, 21040, 18);
INSERT INTO items (id, venue_id, name) VALUES (21041, 12805, 'Space18329');
INSERT INTO spaces (id, item_id, hour_price) VALUES (18329, 21041, 23.2);
INSERT INTO items (id, venue_id, name) VALUES (21042, 12805, 'Space18330');
INSERT INTO spaces (id, item_id, hour_price) VALUES (18330, 21042, 39.2);
INSERT INTO items (id, venue_id, name) VALUES (21043, 12805, 'Space18331');
INSERT INTO spaces (id, item_id, hour_price) VALUES (18331, 21043, 35.2);
INSERT INTO venues (id, name) VALUES (12811, 'Venue12811');
INSERT INTO items (id, venue_id, name) VALUES (20306, 12811, 'Space17978');
INSERT INTO spaces (id, item_id, hour_price) VALUES (17978, 20306, 0);
INSERT INTO items (id, venue_id, name) VALUES (20307, 12811, 'Space17979');
INSERT INTO spaces (id, item_id, hour_price) VALUES (17979, 20307, 0);
INSERT INTO items (id, venue_id, name) VALUES (20308, 12811, 'Space17980');
INSERT INTO spaces (id, item_id, hour_price) VALUES (17980, 20308, 0);
INSERT INTO items (id, venue_id, name) VALUES (20309, 12811, 'Space17981');
INSERT INTO spaces (id, item_id, hour_price) VALUES (17981, 20309, 0);
INSERT INTO items (id, venue_id, name) VALUES (20310, 12811, 'Space17982');
INSERT INTO spaces (id, item_id, hour_price) VALUES (17982, 20310, 0);
INSERT INTO items (id, venue_id, name) VALUES (20311, 12811, 'Space17983');
INSERT INTO spaces (id, item_id, hour_price) VALUES (17983, 20311, 0);
INSERT INTO items (id, venue_id, name) VALUES (20312, 12811, 'Space17984');
INSERT INTO spaces (id, item_id, hour_price) VALUES (17984, 20312, 10.5);
INSERT INTO items (id, venue_id, name) VALUES (20313, 12811, 'Space17985');
INSERT INTO spaces (id, item_id, hour_price) VALUES (17985, 20313, 10.5);
INSERT INTO items (id, venue_id, name) VALUES (20314, 12811, 'Space17986');
INSERT INTO spaces (id, item_id, hour_price) VALUES (17986, 20314, 10.5);
INSERT INTO items (id, venue_id, name) VALUES (20315, 12811, 'Space17987');
INSERT INTO spaces (id, item_id, hour_price) VALUES (17987, 20315, 10.5);
INSERT INTO items (id, venue_id, name) VALUES (20316, 12811, 'Space17988');
INSERT INTO spaces (id, item_id, hour_price) VALUES (17988, 20316, 10.5);
INSERT INTO items (id, venue_id, name) VALUES (20317, 12811, 'Space17989');
INSERT INTO spaces (id, item_id, hour_price) VALUES (17989, 20317, 8.5);
INSERT INTO items (id, venue_id, name) VALUES (24449, 12811, 'Product14469');
INSERT INTO products (id, item_id, price) VALUES (14469, 24449, 0);
INSERT INTO items (id, venue_id, name) VALUES (24450, 12811, 'Product14470');
INSERT INTO products (id, item_id, price) VALUES (14470, 24450, 198);
INSERT INTO items (id, venue_id, name) VALUES (24451, 12811, 'Product14471');
INSERT INTO products (id, item_id, price) VALUES (14471, 24451, 13);
INSERT INTO items (id, venue_id, name) VALUES (24452, 12811, 'Product14472');
INSERT INTO products (id, item_id, price) VALUES (14472, 24452, 4);
INSERT INTO items (id, venue_id, name) VALUES (25094, 12811, 'Product14828');
INSERT INTO products (id, item_id, price) VALUES (14828, 25094, 57);
INSERT INTO venues (id, name) VALUES (12816, 'Venue12816');
INSERT INTO items (id, venue_id, name) VALUES (20318, 12816, 'Space17990');
INSERT INTO spaces (id, item_id, hour_price) VALUES (17990, 20318, 0);
INSERT INTO items (id, venue_id, name) VALUES (20319, 12816, 'Space17991');
INSERT INTO spaces (id, item_id, hour_price) VALUES (17991, 20319, 0);
INSERT INTO items (id, venue_id, name) VALUES (20320, 12816, 'Space17992');
INSERT INTO spaces (id, item_id, hour_price) VALUES (17992, 20320, 0);
INSERT INTO items (id, venue_id, name) VALUES (20321, 12816, 'Space17993');
INSERT INTO spaces (id, item_id, hour_price) VALUES (17993, 20321, 0);
INSERT INTO items (id, venue_id, name) VALUES (20322, 12816, 'Space17994');
INSERT INTO spaces (id, item_id, hour_price) VALUES (17994, 20322, 0);
INSERT INTO items (id, venue_id, name) VALUES (20323, 12816, 'Space17995');
INSERT INTO spaces (id, item_id, hour_price) VALUES (17995, 20323, 0);
INSERT INTO items (id, venue_id, name) VALUES (20324, 12816, 'Space17996');
INSERT INTO spaces (id, item_id, hour_price) VALUES (17996, 20324, 2);
INSERT INTO items (id, venue_id, name) VALUES (20326, 12816, 'Space17998');
INSERT INTO spaces (id, item_id, hour_price) VALUES (17998, 20326, 20);
INSERT INTO items (id, venue_id, name) VALUES (20333, 12816, 'Product12327');
INSERT INTO products (id, item_id, price) VALUES (12327, 20333, 12.5);
INSERT INTO items (id, venue_id, name) VALUES (23529, 12816, 'Space19558');
INSERT INTO spaces (id, item_id, hour_price) VALUES (19558, 23529, 15);
INSERT INTO items (id, venue_id, name) VALUES (24453, 12816, 'Space19973');
INSERT INTO spaces (id, item_id, hour_price) VALUES (19973, 24453, 15);
INSERT INTO items (id, venue_id, name) VALUES (25672, 12816, 'Product15128');
INSERT INTO products (id, item_id, price) VALUES (15128, 25672, 0.15);
INSERT INTO items (id, venue_id, name) VALUES (26829, 12816, 'Product15787');
INSERT INTO products (id, item_id, price) VALUES (15787, 26829, 0);
INSERT INTO items (id, venue_id, name) VALUES (27542, 12816, 'Product16130');
INSERT INTO products (id, item_id, price) VALUES (16130, 27542, 10);
INSERT INTO items (id, venue_id, name) VALUES (27677, 12816, 'Product16187');
INSERT INTO products (id, item_id, price) VALUES (16187, 27677, 35);
INSERT INTO venues (id, name) VALUES (12825, 'Venue12825');
INSERT INTO items (id, venue_id, name) VALUES (20357, 12825, 'Space18006');
INSERT INTO spaces (id, item_id, hour_price) VALUES (18006, 20357, 0);
INSERT INTO items (id, venue_id, name) VALUES (20358, 12825, 'Space18007');
INSERT INTO spaces (id, item_id, hour_price) VALUES (18007, 20358, 0);
INSERT INTO items (id, venue_id, name) VALUES (20359, 12825, 'Space18008');
INSERT INTO spaces (id, item_id, hour_price) VALUES (18008, 20359, 0);
INSERT INTO items (id, venue_id, name) VALUES (20360, 12825, 'Space18009');
INSERT INTO spaces (id, item_id, hour_price) VALUES (18009, 20360, 0);
INSERT INTO items (id, venue_id, name) VALUES (20361, 12825, 'Space18010');
INSERT INTO spaces (id, item_id, hour_price) VALUES (18010, 20361, 0);
INSERT INTO items (id, venue_id, name) VALUES (20362, 12825, 'Space18011');
INSERT INTO spaces (id, item_id, hour_price) VALUES (18011, 20362, 0);
INSERT INTO items (id, venue_id, name) VALUES (20363, 12825, 'Space18012');
INSERT INTO spaces (id, item_id, hour_price) VALUES (18012, 20363, 35);
INSERT INTO items (id, venue_id, name) VALUES (20364, 12825, 'Space18013');
INSERT INTO spaces (id, item_id, hour_price) VALUES (18013, 20364, 15);
INSERT INTO items (id, venue_id, name) VALUES (20365, 12825, 'Product12344');
INSERT INTO products (id, item_id, price) VALUES (12344, 20365, 1.5);
INSERT INTO items (id, venue_id, name) VALUES (20366, 12825, 'Product12345');
INSERT INTO products (id, item_id, price) VALUES (12345, 20366, 1.5);
INSERT INTO items (id, venue_id, name) VALUES (20367, 12825, 'Product12346');
INSERT INTO products (id, item_id, price) VALUES (12346, 20367, 10);
INSERT INTO items (id, venue_id, name) VALUES (20368, 12825, 'Product12347');
INSERT INTO products (id, item_id, price) VALUES (12347, 20368, 10);
INSERT INTO items (id, venue_id, name) VALUES (20369, 12825, 'Product12348');
INSERT INTO products (id, item_id, price) VALUES (12348, 20369, 2);
INSERT INTO items (id, venue_id, name) VALUES (20370, 12825, 'Product12349');
INSERT INTO products (id, item_id, price) VALUES (12349, 20370, 7);
INSERT INTO items (id, venue_id, name) VALUES (20371, 12825, 'Product12350');
INSERT INTO products (id, item_id, price) VALUES (12350, 20371, 6.5);
INSERT INTO items (id, venue_id, name) VALUES (20372, 12825, 'Product12351');
INSERT INTO products (id, item_id, price) VALUES (12351, 20372, 5);
INSERT INTO items (id, venue_id, name) VALUES (20373, 12825, 'Product12352');
INSERT INTO products (id, item_id, price) VALUES (12352, 20373, 35);
INSERT INTO items (id, venue_id, name) VALUES (20374, 12825, 'Product12353');
INSERT INTO products (id, item_id, price) VALUES (12353, 20374, 5);
INSERT INTO items (id, venue_id, name) VALUES (20375, 12825, 'Product12354');
INSERT INTO products (id, item_id, price) VALUES (12354, 20375, 35);
INSERT INTO items (id, venue_id, name) VALUES (20376, 12825, 'Product12355');
INSERT INTO products (id, item_id, price) VALUES (12355, 20376, 0);
INSERT INTO items (id, venue_id, name) VALUES (20377, 12825, 'Product12356');
INSERT INTO products (id, item_id, price) VALUES (12356, 20377, 0);
INSERT INTO items (id, venue_id, name) VALUES (20378, 12825, 'Product12357');
INSERT INTO products (id, item_id, price) VALUES (12357, 20378, 0);
INSERT INTO items (id, venue_id, name) VALUES (20379, 12825, 'Product12358');
INSERT INTO products (id, item_id, price) VALUES (12358, 20379, 0);
INSERT INTO items (id, venue_id, name) VALUES (20380, 12825, 'Product12359');
INSERT INTO products (id, item_id, price) VALUES (12359, 20380, 15);
INSERT INTO items (id, venue_id, name) VALUES (20410, 12825, 'Product12371');
INSERT INTO products (id, item_id, price) VALUES (12371, 20410, 25);
INSERT INTO venues (id, name) VALUES (12830, 'Venue12830');
INSERT INTO items (id, venue_id, name) VALUES (20381, 12830, 'Space18014');
INSERT INTO spaces (id, item_id, hour_price) VALUES (18014, 20381, 0);
INSERT INTO items (id, venue_id, name) VALUES (20382, 12830, 'Space18015');
INSERT INTO spaces (id, item_id, hour_price) VALUES (18015, 20382, 0);
INSERT INTO items (id, venue_id, name) VALUES (20383, 12830, 'Space18016');
INSERT INTO spaces (id, item_id, hour_price) VALUES (18016, 20383, 0);
INSERT INTO items (id, venue_id, name) VALUES (20384, 12830, 'Space18017');
INSERT INTO spaces (id, item_id, hour_price) VALUES (18017, 20384, 0);
INSERT INTO items (id, venue_id, name) VALUES (20385, 12830, 'Space18018');
INSERT INTO spaces (id, item_id, hour_price) VALUES (18018, 20385, 0);
INSERT INTO items (id, venue_id, name) VALUES (20386, 12830, 'Space18019');
INSERT INTO spaces (id, item_id, hour_price) VALUES (18019, 20386, 0);
INSERT INTO items (id, venue_id, name) VALUES (20387, 12830, 'Space18020');
INSERT INTO spaces (id, item_id, hour_price) VALUES (18020, 20387, 55);
INSERT INTO items (id, venue_id, name) VALUES (20388, 12830, 'Space18021');
INSERT INTO spaces (id, item_id, hour_price) VALUES (18021, 20388, 30);
INSERT INTO items (id, venue_id, name) VALUES (20389, 12830, 'Product12360');
INSERT INTO products (id, item_id, price) VALUES (12360, 20389, 0);
INSERT INTO items (id, venue_id, name) VALUES (20390, 12830, 'Product12361');
INSERT INTO products (id, item_id, price) VALUES (12361, 20390, 9.75);
INSERT INTO items (id, venue_id, name) VALUES (20391, 12830, 'Product12362');
INSERT INTO products (id, item_id, price) VALUES (12362, 20391, 40);
INSERT INTO items (id, venue_id, name) VALUES (20392, 12830, 'Product12363');
INSERT INTO products (id, item_id, price) VALUES (12363, 20392, 10);
INSERT INTO items (id, venue_id, name) VALUES (20393, 12830, 'Product12364');
INSERT INTO products (id, item_id, price) VALUES (12364, 20393, 0);
INSERT INTO items (id, venue_id, name) VALUES (20394, 12830, 'Product12365');
INSERT INTO products (id, item_id, price) VALUES (12365, 20394, 0);
INSERT INTO items (id, venue_id, name) VALUES (20395, 12830, 'Product12366');
INSERT INTO products (id, item_id, price) VALUES (12366, 20395, 10);
INSERT INTO items (id, venue_id, name) VALUES (21387, 12830, 'Product12840');
INSERT INTO products (id, item_id, price) VALUES (12840, 21387, 14.5);
INSERT INTO items (id, venue_id, name) VALUES (21389, 12830, 'Product12841');
INSERT INTO products (id, item_id, price) VALUES (12841, 21389, 3.5);
INSERT INTO items (id, venue_id, name) VALUES (21390, 12830, 'Product12842');
INSERT INTO products (id, item_id, price) VALUES (12842, 21390, 5);
INSERT INTO items (id, venue_id, name) VALUES (21391, 12830, 'Product12843');
INSERT INTO products (id, item_id, price) VALUES (12843, 21391, 4);
INSERT INTO items (id, venue_id, name) VALUES (21392, 12830, 'Product12844');
INSERT INTO products (id, item_id, price) VALUES (12844, 21392, 3);
INSERT INTO items (id, venue_id, name) VALUES (21393, 12830, 'Product12845');
INSERT INTO products (id, item_id, price) VALUES (12845, 21393, 3);
INSERT INTO items (id, venue_id, name) VALUES (21401, 12830, 'Product12846');
INSERT INTO products (id, item_id, price) VALUES (12846, 21401, 1.5);
INSERT INTO items (id, venue_id, name) VALUES (21402, 12830, 'Product12847');
INSERT INTO products (id, item_id, price) VALUES (12847, 21402, 4.5);
INSERT INTO items (id, venue_id, name) VALUES (21403, 12830, 'Product12848');
INSERT INTO products (id, item_id, price) VALUES (12848, 21403, 19.5);
INSERT INTO items (id, venue_id, name) VALUES (21404, 12830, 'Product12849');
INSERT INTO products (id, item_id, price) VALUES (12849, 21404, 180);
INSERT INTO items (id, venue_id, name) VALUES (21405, 12830, 'Product12850');
INSERT INTO products (id, item_id, price) VALUES (12850, 21405, 25);
INSERT INTO items (id, venue_id, name) VALUES (21407, 12830, 'Space18548');
INSERT INTO spaces (id, item_id, hour_price) VALUES (18548, 21407, 70);
INSERT INTO venues (id, name) VALUES (12835, 'Venue12835');
INSERT INTO items (id, venue_id, name) VALUES (20416, 12835, 'Space18033');
INSERT INTO spaces (id, item_id, hour_price) VALUES (18033, 20416, 0);
INSERT INTO items (id, venue_id, name) VALUES (20417, 12835, 'Space18034');
INSERT INTO spaces (id, item_id, hour_price) VALUES (18034, 20417, 0);
INSERT INTO items (id, venue_id, name) VALUES (20418, 12835, 'Space18035');
INSERT INTO spaces (id, item_id, hour_price) VALUES (18035, 20418, 0);
INSERT INTO items (id, venue_id, name) VALUES (20419, 12835, 'Space18036');
INSERT INTO spaces (id, item_id, hour_price) VALUES (18036, 20419, 0);
INSERT INTO items (id, venue_id, name) VALUES (20420, 12835, 'Space18037');
INSERT INTO spaces (id, item_id, hour_price) VALUES (18037, 20420, 0);
INSERT INTO items (id, venue_id, name) VALUES (20421, 12835, 'Space18038');
INSERT INTO spaces (id, item_id, hour_price) VALUES (18038, 20421, 0);
INSERT INTO items (id, venue_id, name) VALUES (20422, 12835, 'Space18039');
INSERT INTO spaces (id, item_id, hour_price) VALUES (18039, 20422, 79.8);
INSERT INTO items (id, venue_id, name) VALUES (20423, 12835, 'Product12376');
INSERT INTO products (id, item_id, price) VALUES (12376, 20423, 2.4);
INSERT INTO items (id, venue_id, name) VALUES (20424, 12835, 'Product12377');
INSERT INTO products (id, item_id, price) VALUES (12377, 20424, 2.2);
INSERT INTO items (id, venue_id, name) VALUES (20425, 12835, 'Product12378');
INSERT INTO products (id, item_id, price) VALUES (12378, 20425, 14.5);
INSERT INTO items (id, venue_id, name) VALUES (20426, 12835, 'Product12379');
INSERT INTO products (id, item_id, price) VALUES (12379, 20426, 10.95);
INSERT INTO items (id, venue_id, name) VALUES (20427, 12835, 'Product12380');
INSERT INTO products (id, item_id, price) VALUES (12380, 20427, 2.95);
INSERT INTO items (id, venue_id, name) VALUES (20428, 12835, 'Product12381');
INSERT INTO products (id, item_id, price) VALUES (12381, 20428, 10.95);
INSERT INTO items (id, venue_id, name) VALUES (20429, 12835, 'Product12382');
INSERT INTO products (id, item_id, price) VALUES (12382, 20429, 12.95);
INSERT INTO items (id, venue_id, name) VALUES (20430, 12835, 'Product12383');
INSERT INTO products (id, item_id, price) VALUES (12383, 20430, 29.95);
INSERT INTO items (id, venue_id, name) VALUES (20431, 12835, 'Product12384');
INSERT INTO products (id, item_id, price) VALUES (12384, 20431, 99.95);
INSERT INTO items (id, venue_id, name) VALUES (20432, 12835, 'Product12385');
INSERT INTO products (id, item_id, price) VALUES (12385, 20432, 0);
INSERT INTO items (id, venue_id, name) VALUES (20433, 12835, 'Product12386');
INSERT INTO products (id, item_id, price) VALUES (12386, 20433, 0);
INSERT INTO items (id, venue_id, name) VALUES (20434, 12835, 'Product12387');
INSERT INTO products (id, item_id, price) VALUES (12387, 20434, 2.95);
INSERT INTO items (id, venue_id, name) VALUES (20435, 12835, 'Product12388');
INSERT INTO products (id, item_id, price) VALUES (12388, 20435, 9.95);
INSERT INTO items (id, venue_id, name) VALUES (20436, 12835, 'Product12389');
INSERT INTO products (id, item_id, price) VALUES (12389, 20436, 2.95);
INSERT INTO items (id, venue_id, name) VALUES (20437, 12835, 'Product12390');
INSERT INTO products (id, item_id, price) VALUES (12390, 20437, 9.95);
INSERT INTO items (id, venue_id, name) VALUES (27202, 12835, 'Space21216');
INSERT INTO spaces (id, item_id, hour_price) VALUES (21216, 27202, 79);
INSERT INTO items (id, venue_id, name) VALUES (27204, 12835, 'Space21218');
INSERT INTO spaces (id, item_id, hour_price) VALUES (21218, 27204, 29.8);
INSERT INTO items (id, venue_id, name) VALUES (27205, 12835, 'Space21219');
INSERT INTO spaces (id, item_id, hour_price) VALUES (21219, 27205, 41.8);
INSERT INTO items (id, venue_id, name) VALUES (27206, 12835, 'Space21220');
INSERT INTO spaces (id, item_id, hour_price) VALUES (21220, 27206, 59.8);
INSERT INTO items (id, venue_id, name) VALUES (27207, 12835, 'Space21221');
INSERT INTO spaces (id, item_id, hour_price) VALUES (21221, 27207, 47.8);
INSERT INTO items (id, venue_id, name) VALUES (27251, 12835, 'Space21248');
INSERT INTO spaces (id, item_id, hour_price) VALUES (21248, 27251, 71.8);
INSERT INTO items (id, venue_id, name) VALUES (27295, 12835, 'Space21261');
INSERT INTO spaces (id, item_id, hour_price) VALUES (21261, 27295, 47.8);
INSERT INTO venues (id, name) VALUES (12840, 'Venue12840');
INSERT INTO items (id, venue_id, name) VALUES (20438, 12840, 'Space18040');
INSERT INTO spaces (id, item_id, hour_price) VALUES (18040, 20438, 0);
INSERT INTO items (id, venue_id, name) VALUES (20439, 12840, 'Space18041');
INSERT INTO spaces (id, item_id, hour_price) VALUES (18041, 20439, 0);
INSERT INTO items (id, venue_id, name) VALUES (20440, 12840, 'Space18042');
INSERT INTO spaces (id, item_id, hour_price) VALUES (18042, 20440, 0);
INSERT INTO items (id, venue_id, name) VALUES (20441, 12840, 'Space18043');
INSERT INTO spaces (id, item_id, hour_price) VALUES (18043, 20441, 0);
INSERT INTO items (id, venue_id, name) VALUES (20442, 12840, 'Space18044');
INSERT INTO spaces (id, item_id, hour_price) VALUES (18044, 20442, 0);
INSERT INTO items (id, venue_id, name) VALUES (20443, 12840, 'Space18045');
INSERT INTO spaces (id, item_id, hour_price) VALUES (18045, 20443, 0);
INSERT INTO items (id, venue_id, name) VALUES (20444, 12840, 'Space18046');
INSERT INTO spaces (id, item_id, hour_price) VALUES (18046, 20444, 100);
INSERT INTO items (id, venue_id, name) VALUES (20445, 12840, 'Product12391');
INSERT INTO products (id, item_id, price) VALUES (12391, 20445, 0);
INSERT INTO items (id, venue_id, name) VALUES (20446, 12840, 'Product12392');
INSERT INTO products (id, item_id, price) VALUES (12392, 20446, 0);
INSERT INTO items (id, venue_id, name) VALUES (20447, 12840, 'Product12393');
INSERT INTO products (id, item_id, price) VALUES (12393, 20447, 0);
INSERT INTO items (id, venue_id, name) VALUES (20448, 12840, 'Product12394');
INSERT INTO products (id, item_id, price) VALUES (12394, 20448, 0);
INSERT INTO items (id, venue_id, name) VALUES (20449, 12840, 'Product12395');
INSERT INTO products (id, item_id, price) VALUES (12395, 20449, 0);
INSERT INTO items (id, venue_id, name) VALUES (20450, 12840, 'Product12396');
INSERT INTO products (id, item_id, price) VALUES (12396, 20450, 0);
INSERT INTO items (id, venue_id, name) VALUES (20451, 12840, 'Product12397');
INSERT INTO products (id, item_id, price) VALUES (12397, 20451, 0);
INSERT INTO items (id, venue_id, name) VALUES (20452, 12840, 'Product12398');
INSERT INTO products (id, item_id, price) VALUES (12398, 20452, 0);
INSERT INTO items (id, venue_id, name) VALUES (20453, 12840, 'Product12399');
INSERT INTO products (id, item_id, price) VALUES (12399, 20453, 0);
INSERT INTO items (id, venue_id, name) VALUES (20454, 12840, 'Product12400');
INSERT INTO products (id, item_id, price) VALUES (12400, 20454, 0);
INSERT INTO items (id, venue_id, name) VALUES (20455, 12840, 'Product12401');
INSERT INTO products (id, item_id, price) VALUES (12401, 20455, 0);
INSERT INTO items (id, venue_id, name) VALUES (20456, 12840, 'Product12402');
INSERT INTO products (id, item_id, price) VALUES (12402, 20456, 0);
INSERT INTO items (id, venue_id, name) VALUES (20457, 12840, 'Product12403');
INSERT INTO products (id, item_id, price) VALUES (12403, 20457, 0);
INSERT INTO items (id, venue_id, name) VALUES (20458, 12840, 'Product12404');
INSERT INTO products (id, item_id, price) VALUES (12404, 20458, 0);
INSERT INTO venues (id, name) VALUES (12859, 'Venue12859');
INSERT INTO items (id, venue_id, name) VALUES (20479, 12859, 'Space18066');
INSERT INTO spaces (id, item_id, hour_price) VALUES (18066, 20479, 0);
INSERT INTO items (id, venue_id, name) VALUES (20480, 12859, 'Space18067');
INSERT INTO spaces (id, item_id, hour_price) VALUES (18067, 20480, 0);
INSERT INTO items (id, venue_id, name) VALUES (20481, 12859, 'Space18068');
INSERT INTO spaces (id, item_id, hour_price) VALUES (18068, 20481, 0);
INSERT INTO items (id, venue_id, name) VALUES (20482, 12859, 'Space18069');
INSERT INTO spaces (id, item_id, hour_price) VALUES (18069, 20482, 0);
INSERT INTO items (id, venue_id, name) VALUES (20483, 12859, 'Space18070');
INSERT INTO spaces (id, item_id, hour_price) VALUES (18070, 20483, 0);
INSERT INTO items (id, venue_id, name) VALUES (20484, 12859, 'Space18071');
INSERT INTO spaces (id, item_id, hour_price) VALUES (18071, 20484, 0);
INSERT INTO items (id, venue_id, name) VALUES (20485, 12859, 'Space18072');
INSERT INTO spaces (id, item_id, hour_price) VALUES (18072, 20485, 8.75);
INSERT INTO items (id, venue_id, name) VALUES (20486, 12859, 'Space18073');
INSERT INTO spaces (id, item_id, hour_price) VALUES (18073, 20486, 8.75);
INSERT INTO items (id, venue_id, name) VALUES (20487, 12859, 'Space18074');
INSERT INTO spaces (id, item_id, hour_price) VALUES (18074, 20487, 8.75);
INSERT INTO items (id, venue_id, name) VALUES (20488, 12859, 'Space18075');
INSERT INTO spaces (id, item_id, hour_price) VALUES (18075, 20488, 8.75);
INSERT INTO items (id, venue_id, name) VALUES (20489, 12859, 'Space18076');
INSERT INTO spaces (id, item_id, hour_price) VALUES (18076, 20489, 8.75);
INSERT INTO items (id, venue_id, name) VALUES (20490, 12859, 'Space18077');
INSERT INTO spaces (id, item_id, hour_price) VALUES (18077, 20490, 9.5);
INSERT INTO items (id, venue_id, name) VALUES (20491, 12859, 'Space18078');
INSERT INTO spaces (id, item_id, hour_price) VALUES (18078, 20491, 9.5);
INSERT INTO items (id, venue_id, name) VALUES (20492, 12859, 'Space18079');
INSERT INTO spaces (id, item_id, hour_price) VALUES (18079, 20492, 9.5);
INSERT INTO items (id, venue_id, name) VALUES (20493, 12859, 'Space18080');
INSERT INTO spaces (id, item_id, hour_price) VALUES (18080, 20493, 9.5);
INSERT INTO items (id, venue_id, name) VALUES (20494, 12859, 'Space18081');
INSERT INTO spaces (id, item_id, hour_price) VALUES (18081, 20494, 9.5);
INSERT INTO items (id, venue_id, name) VALUES (20495, 12859, 'Space18082');
INSERT INTO spaces (id, item_id, hour_price) VALUES (18082, 20495, 9.5);
INSERT INTO items (id, venue_id, name) VALUES (20496, 12859, 'Product12406');
INSERT INTO products (id, item_id, price) VALUES (12406, 20496, 0);
INSERT INTO items (id, venue_id, name) VALUES (20497, 12859, 'Product12407');
INSERT INTO products (id, item_id, price) VALUES (12407, 20497, 0);
INSERT INTO items (id, venue_id, name) VALUES (20498, 12859, 'Product12408');
INSERT INTO products (id, item_id, price) VALUES (12408, 20498, 0);
INSERT INTO items (id, venue_id, name) VALUES (20499, 12859, 'Product12409');
INSERT INTO products (id, item_id, price) VALUES (12409, 20499, 0);
INSERT INTO items (id, venue_id, name) VALUES (20500, 12859, 'Product12410');
INSERT INTO products (id, item_id, price) VALUES (12410, 20500, 0);
INSERT INTO items (id, venue_id, name) VALUES (20501, 12859, 'Product12411');
INSERT INTO products (id, item_id, price) VALUES (12411, 20501, 0);
INSERT INTO items (id, venue_id, name) VALUES (20502, 12859, 'Product12412');
INSERT INTO products (id, item_id, price) VALUES (12412, 20502, 12.5);
INSERT INTO items (id, venue_id, name) VALUES (20503, 12859, 'Product12413');
INSERT INTO products (id, item_id, price) VALUES (12413, 20503, 0);
INSERT INTO items (id, venue_id, name) VALUES (20504, 12859, 'Product12414');
INSERT INTO products (id, item_id, price) VALUES (12414, 20504, 0);
INSERT INTO items (id, venue_id, name) VALUES (20505, 12859, 'Product12415');
INSERT INTO products (id, item_id, price) VALUES (12415, 20505, 0);
INSERT INTO items (id, venue_id, name) VALUES (20506, 12859, 'Product12416');
INSERT INTO products (id, item_id, price) VALUES (12416, 20506, 0);
INSERT INTO items (id, venue_id, name) VALUES (20507, 12859, 'Product12417');
INSERT INTO products (id, item_id, price) VALUES (12417, 20507, 0);
INSERT INTO items (id, venue_id, name) VALUES (20508, 12859, 'Product12418');
INSERT INTO products (id, item_id, price) VALUES (12418, 20508, 0);
INSERT INTO items (id, venue_id, name) VALUES (20509, 12859, 'Product12419');
INSERT INTO products (id, item_id, price) VALUES (12419, 20509, 0);
INSERT INTO items (id, venue_id, name) VALUES (20510, 12859, 'Product12420');
INSERT INTO products (id, item_id, price) VALUES (12420, 20510, 0);
INSERT INTO venues (id, name) VALUES (12864, 'Venue12864');
INSERT INTO items (id, venue_id, name) VALUES (20512, 12864, 'Space18083');
INSERT INTO spaces (id, item_id, hour_price) VALUES (18083, 20512, 0);
INSERT INTO items (id, venue_id, name) VALUES (20513, 12864, 'Space18084');
INSERT INTO spaces (id, item_id, hour_price) VALUES (18084, 20513, 0);
INSERT INTO items (id, venue_id, name) VALUES (20514, 12864, 'Space18085');
INSERT INTO spaces (id, item_id, hour_price) VALUES (18085, 20514, 0);
INSERT INTO items (id, venue_id, name) VALUES (20515, 12864, 'Space18086');
INSERT INTO spaces (id, item_id, hour_price) VALUES (18086, 20515, 0);
INSERT INTO items (id, venue_id, name) VALUES (20516, 12864, 'Space18087');
INSERT INTO spaces (id, item_id, hour_price) VALUES (18087, 20516, 0);
INSERT INTO items (id, venue_id, name) VALUES (20517, 12864, 'Space18088');
INSERT INTO spaces (id, item_id, hour_price) VALUES (18088, 20517, 0);
INSERT INTO items (id, venue_id, name) VALUES (20518, 12864, 'Space18089');
INSERT INTO spaces (id, item_id, hour_price) VALUES (18089, 20518, 100);
INSERT INTO items (id, venue_id, name) VALUES (20519, 12864, 'Space18090');
INSERT INTO spaces (id, item_id, hour_price) VALUES (18090, 20519, 40);
INSERT INTO items (id, venue_id, name) VALUES (20520, 12864, 'Space18091');
INSERT INTO spaces (id, item_id, hour_price) VALUES (18091, 20520, 50);
INSERT INTO items (id, venue_id, name) VALUES (20521, 12864, 'Space18092');
INSERT INTO spaces (id, item_id, hour_price) VALUES (18092, 20521, 75);
INSERT INTO items (id, venue_id, name) VALUES (20522, 12864, 'Space18093');
INSERT INTO spaces (id, item_id, hour_price) VALUES (18093, 20522, 120);
INSERT INTO items (id, venue_id, name) VALUES (20523, 12864, 'Space18094');
INSERT INTO spaces (id, item_id, hour_price) VALUES (18094, 20523, 80);
INSERT INTO items (id, venue_id, name) VALUES (20524, 12864, 'Space18095');
INSERT INTO spaces (id, item_id, hour_price) VALUES (18095, 20524, 100);
INSERT INTO items (id, venue_id, name) VALUES (20530, 12864, 'Product12427');
INSERT INTO products (id, item_id, price) VALUES (12427, 20530, 0);
INSERT INTO items (id, venue_id, name) VALUES (20531, 12864, 'Product12428');
INSERT INTO products (id, item_id, price) VALUES (12428, 20531, 11);
INSERT INTO items (id, venue_id, name) VALUES (20532, 12864, 'Product12429');
INSERT INTO products (id, item_id, price) VALUES (12429, 20532, 0);
INSERT INTO items (id, venue_id, name) VALUES (20535, 12864, 'Product12432');
INSERT INTO products (id, item_id, price) VALUES (12432, 20535, 0);
INSERT INTO items (id, venue_id, name) VALUES (20537, 12864, 'Product12434');
INSERT INTO products (id, item_id, price) VALUES (12434, 20537, 0);
INSERT INTO items (id, venue_id, name) VALUES (20539, 12864, 'Product12436');
INSERT INTO products (id, item_id, price) VALUES (12436, 20539, 0);
INSERT INTO items (id, venue_id, name) VALUES (20541, 12864, 'Product12438');
INSERT INTO products (id, item_id, price) VALUES (12438, 20541, 0);
INSERT INTO items (id, venue_id, name) VALUES (20542, 12864, 'Product12439');
INSERT INTO products (id, item_id, price) VALUES (12439, 20542, 0);
INSERT INTO items (id, venue_id, name) VALUES (24592, 12864, 'Product14538');
INSERT INTO products (id, item_id, price) VALUES (14538, 24592, 0);
INSERT INTO items (id, venue_id, name) VALUES (24593, 12864, 'Product14539');
INSERT INTO products (id, item_id, price) VALUES (14539, 24593, 1.5);
INSERT INTO items (id, venue_id, name) VALUES (24594, 12864, 'Product14540');
INSERT INTO products (id, item_id, price) VALUES (14540, 24594, 10);
INSERT INTO items (id, venue_id, name) VALUES (24595, 12864, 'Product14541');
INSERT INTO products (id, item_id, price) VALUES (14541, 24595, 25);
INSERT INTO items (id, venue_id, name) VALUES (24596, 12864, 'Product14542');
INSERT INTO products (id, item_id, price) VALUES (14542, 24596, 1.5);
INSERT INTO items (id, venue_id, name) VALUES (24597, 12864, 'Product14543');
INSERT INTO products (id, item_id, price) VALUES (14543, 24597, 8);
INSERT INTO items (id, venue_id, name) VALUES (24598, 12864, 'Product14544');
INSERT INTO products (id, item_id, price) VALUES (14544, 24598, 3.5);
INSERT INTO items (id, venue_id, name) VALUES (24599, 12864, 'Product14545');
INSERT INTO products (id, item_id, price) VALUES (14545, 24599, 0);
INSERT INTO venues (id, name) VALUES (12869, 'Venue12869');
INSERT INTO items (id, venue_id, name) VALUES (20547, 12869, 'Space18098');
INSERT INTO spaces (id, item_id, hour_price) VALUES (18098, 20547, 0);
INSERT INTO items (id, venue_id, name) VALUES (20548, 12869, 'Space18099');
INSERT INTO spaces (id, item_id, hour_price) VALUES (18099, 20548, 0);
INSERT INTO items (id, venue_id, name) VALUES (20549, 12869, 'Space18100');
INSERT INTO spaces (id, item_id, hour_price) VALUES (18100, 20549, 0);
INSERT INTO items (id, venue_id, name) VALUES (20550, 12869, 'Space18101');
INSERT INTO spaces (id, item_id, hour_price) VALUES (18101, 20550, 0);
INSERT INTO items (id, venue_id, name) VALUES (20551, 12869, 'Space18102');
INSERT INTO spaces (id, item_id, hour_price) VALUES (18102, 20551, 0);
INSERT INTO items (id, venue_id, name) VALUES (20552, 12869, 'Space18103');
INSERT INTO spaces (id, item_id, hour_price) VALUES (18103, 20552, 0);
INSERT INTO items (id, venue_id, name) VALUES (20553, 12869, 'Space18104');
INSERT INTO spaces (id, item_id, hour_price) VALUES (18104, 20553, 35);
INSERT INTO items (id, venue_id, name) VALUES (20554, 12869, 'Product12442');
INSERT INTO products (id, item_id, price) VALUES (12442, 20554, 1.8);
INSERT INTO items (id, venue_id, name) VALUES (20555, 12869, 'Product12443');
INSERT INTO products (id, item_id, price) VALUES (12443, 20555, 1.8);
INSERT INTO items (id, venue_id, name) VALUES (20556, 12869, 'Product12444');
INSERT INTO products (id, item_id, price) VALUES (12444, 20556, 7.5);
INSERT INTO items (id, venue_id, name) VALUES (20557, 12869, 'Product12445');
INSERT INTO products (id, item_id, price) VALUES (12445, 20557, 7.5);
INSERT INTO items (id, venue_id, name) VALUES (20558, 12869, 'Product12446');
INSERT INTO products (id, item_id, price) VALUES (12446, 20558, 5.5);
INSERT INTO items (id, venue_id, name) VALUES (20559, 12869, 'Product12447');
INSERT INTO products (id, item_id, price) VALUES (12447, 20559, 12.5);
INSERT INTO items (id, venue_id, name) VALUES (20560, 12869, 'Product12448');
INSERT INTO products (id, item_id, price) VALUES (12448, 20560, 7.5);
INSERT INTO items (id, venue_id, name) VALUES (20561, 12869, 'Product12449');
INSERT INTO products (id, item_id, price) VALUES (12449, 20561, 0);
INSERT INTO items (id, venue_id, name) VALUES (20562, 12869, 'Product12450');
INSERT INTO products (id, item_id, price) VALUES (12450, 20562, 0);
INSERT INTO items (id, venue_id, name) VALUES (20563, 12869, 'Product12451');
INSERT INTO products (id, item_id, price) VALUES (12451, 20563, 0);
INSERT INTO items (id, venue_id, name) VALUES (20564, 12869, 'Product12452');
INSERT INTO products (id, item_id, price) VALUES (12452, 20564, 0);
INSERT INTO items (id, venue_id, name) VALUES (20565, 12869, 'Product12453');
INSERT INTO products (id, item_id, price) VALUES (12453, 20565, 0);
INSERT INTO items (id, venue_id, name) VALUES (20566, 12869, 'Product12454');
INSERT INTO products (id, item_id, price) VALUES (12454, 20566, 0);
INSERT INTO items (id, venue_id, name) VALUES (20567, 12869, 'Product12455');
INSERT INTO products (id, item_id, price) VALUES (12455, 20567, 0);
INSERT INTO items (id, venue_id, name) VALUES (20568, 12869, 'Product12456');
INSERT INTO products (id, item_id, price) VALUES (12456, 20568, 0);
INSERT INTO items (id, venue_id, name) VALUES (20569, 12869, 'Product12457');
INSERT INTO products (id, item_id, price) VALUES (12457, 20569, 0);
INSERT INTO items (id, venue_id, name) VALUES (20570, 12869, 'Product12458');
INSERT INTO products (id, item_id, price) VALUES (12458, 20570, 0);
INSERT INTO items (id, venue_id, name) VALUES (20571, 12869, 'Product12459');
INSERT INTO products (id, item_id, price) VALUES (12459, 20571, 0);
INSERT INTO venues (id, name) VALUES (12874, 'Venue12874');
INSERT INTO items (id, venue_id, name) VALUES (20573, 12874, 'Space18106');
INSERT INTO spaces (id, item_id, hour_price) VALUES (18106, 20573, 0);
INSERT INTO items (id, venue_id, name) VALUES (20574, 12874, 'Space18107');
INSERT INTO spaces (id, item_id, hour_price) VALUES (18107, 20574, 0);
INSERT INTO items (id, venue_id, name) VALUES (20575, 12874, 'Space18108');
INSERT INTO spaces (id, item_id, hour_price) VALUES (18108, 20575, 0);
INSERT INTO items (id, venue_id, name) VALUES (20576, 12874, 'Space18109');
INSERT INTO spaces (id, item_id, hour_price) VALUES (18109, 20576, 0);
INSERT INTO items (id, venue_id, name) VALUES (20577, 12874, 'Space18110');
INSERT INTO spaces (id, item_id, hour_price) VALUES (18110, 20577, 0);
INSERT INTO items (id, venue_id, name) VALUES (20578, 12874, 'Space18111');
INSERT INTO spaces (id, item_id, hour_price) VALUES (18111, 20578, 0);
INSERT INTO items (id, venue_id, name) VALUES (20579, 12874, 'Space18112');
INSERT INTO spaces (id, item_id, hour_price) VALUES (18112, 20579, 20);
INSERT INTO items (id, venue_id, name) VALUES (20580, 12874, 'Space18113');
INSERT INTO spaces (id, item_id, hour_price) VALUES (18113, 20580, 198);
INSERT INTO items (id, venue_id, name) VALUES (20581, 12874, 'Space18114');
INSERT INTO spaces (id, item_id, hour_price) VALUES (18114, 20581, 98);
INSERT INTO items (id, venue_id, name) VALUES (20582, 12874, 'Space18115');
INSERT INTO spaces (id, item_id, hour_price) VALUES (18115, 20582, 198);
INSERT INTO items (id, venue_id, name) VALUES (20583, 12874, 'Space18116');
INSERT INTO spaces (id, item_id, hour_price) VALUES (18116, 20583, 158);
INSERT INTO items (id, venue_id, name) VALUES (20584, 12874, 'Product12460');
INSERT INTO products (id, item_id, price) VALUES (12460, 20584, 50);
INSERT INTO items (id, venue_id, name) VALUES (20585, 12874, 'Product12461');
INSERT INTO products (id, item_id, price) VALUES (12461, 20585, 25);
INSERT INTO items (id, venue_id, name) VALUES (20586, 12874, 'Product12462');
INSERT INTO products (id, item_id, price) VALUES (12462, 20586, 250);
INSERT INTO items (id, venue_id, name) VALUES (20588, 12874, 'Product12464');
INSERT INTO products (id, item_id, price) VALUES (12464, 20588, 300);
INSERT INTO items (id, venue_id, name) VALUES (20606, 12874, 'Product12470');
INSERT INTO products (id, item_id, price) VALUES (12470, 20606, 350);
INSERT INTO items (id, venue_id, name) VALUES (20607, 12874, 'Product12471');
INSERT INTO products (id, item_id, price) VALUES (12471, 20607, 25);
INSERT INTO items (id, venue_id, name) VALUES (20608, 12874, 'Product12472');
INSERT INTO products (id, item_id, price) VALUES (12472, 20608, 9.39);
INSERT INTO items (id, venue_id, name) VALUES (20609, 12874, 'Product12473');
INSERT INTO products (id, item_id, price) VALUES (12473, 20609, 12.5);
INSERT INTO items (id, venue_id, name) VALUES (20611, 12874, 'Product12475');
INSERT INTO products (id, item_id, price) VALUES (12475, 20611, 10);
INSERT INTO items (id, venue_id, name) VALUES (20612, 12874, 'Product12476');
INSERT INTO products (id, item_id, price) VALUES (12476, 20612, 24);
INSERT INTO items (id, venue_id, name) VALUES (20613, 12874, 'Product12477');
INSERT INTO products (id, item_id, price) VALUES (12477, 20613, 15);
INSERT INTO items (id, venue_id, name) VALUES (20614, 12874, 'Product12478');
INSERT INTO products (id, item_id, price) VALUES (12478, 20614, 30);
INSERT INTO items (id, venue_id, name) VALUES (20615, 12874, 'Product12479');
INSERT INTO products (id, item_id, price) VALUES (12479, 20615, 36);
INSERT INTO items (id, venue_id, name) VALUES (20616, 12874, 'Product12480');
INSERT INTO products (id, item_id, price) VALUES (12480, 20616, 5);
INSERT INTO items (id, venue_id, name) VALUES (20617, 12874, 'Product12481');
INSERT INTO products (id, item_id, price) VALUES (12481, 20617, 7.5);
INSERT INTO items (id, venue_id, name) VALUES (20618, 12874, 'Product12482');
INSERT INTO products (id, item_id, price) VALUES (12482, 20618, 1350);
INSERT INTO venues (id, name) VALUES (12878, 'Venue12878');
INSERT INTO items (id, venue_id, name) VALUES (20589, 12878, 'Space18117');
INSERT INTO spaces (id, item_id, hour_price) VALUES (18117, 20589, 0);
INSERT INTO items (id, venue_id, name) VALUES (20590, 12878, 'Space18118');
INSERT INTO spaces (id, item_id, hour_price) VALUES (18118, 20590, 0);
INSERT INTO items (id, venue_id, name) VALUES (20591, 12878, 'Space18119');
INSERT INTO spaces (id, item_id, hour_price) VALUES (18119, 20591, 0);
INSERT INTO items (id, venue_id, name) VALUES (20592, 12878, 'Space18120');
INSERT INTO spaces (id, item_id, hour_price) VALUES (18120, 20592, 0);
INSERT INTO items (id, venue_id, name) VALUES (20593, 12878, 'Space18121');
INSERT INTO spaces (id, item_id, hour_price) VALUES (18121, 20593, 0);
INSERT INTO items (id, venue_id, name) VALUES (20594, 12878, 'Space18122');
INSERT INTO spaces (id, item_id, hour_price) VALUES (18122, 20594, 0);
INSERT INTO items (id, venue_id, name) VALUES (20595, 12878, 'Space18123');
INSERT INTO spaces (id, item_id, hour_price) VALUES (18123, 20595, 130);
INSERT INTO items (id, venue_id, name) VALUES (20596, 12878, 'Space18124');
INSERT INTO spaces (id, item_id, hour_price) VALUES (18124, 20596, 120);
INSERT INTO items (id, venue_id, name) VALUES (20597, 12878, 'Space18125');
INSERT INTO spaces (id, item_id, hour_price) VALUES (18125, 20597, 120);
INSERT INTO items (id, venue_id, name) VALUES (20598, 12878, 'Space18126');
INSERT INTO spaces (id, item_id, hour_price) VALUES (18126, 20598, 100);
INSERT INTO items (id, venue_id, name) VALUES (20599, 12878, 'Space18127');
INSERT INTO spaces (id, item_id, hour_price) VALUES (18127, 20599, 80);
INSERT INTO items (id, venue_id, name) VALUES (20600, 12878, 'Space18128');
INSERT INTO spaces (id, item_id, hour_price) VALUES (18128, 20600, 100);
INSERT INTO items (id, venue_id, name) VALUES (20601, 12878, 'Product12465');
INSERT INTO products (id, item_id, price) VALUES (12465, 20601, 2.25);
INSERT INTO items (id, venue_id, name) VALUES (20602, 12878, 'Product12466');
INSERT INTO products (id, item_id, price) VALUES (12466, 20602, 13.5);
INSERT INTO items (id, venue_id, name) VALUES (20603, 12878, 'Product12467');
INSERT INTO products (id, item_id, price) VALUES (12467, 20603, 27.5);
INSERT INTO items (id, venue_id, name) VALUES (20604, 12878, 'Product12468');
INSERT INTO products (id, item_id, price) VALUES (12468, 20604, 10);
INSERT INTO items (id, venue_id, name) VALUES (20605, 12878, 'Product12469');
INSERT INTO products (id, item_id, price) VALUES (12469, 20605, 3);
INSERT INTO items (id, venue_id, name) VALUES (22865, 12878, 'Product13632');
INSERT INTO products (id, item_id, price) VALUES (13632, 22865, 17.5);
INSERT INTO items (id, venue_id, name) VALUES (23425, 12878, 'Product13912');
INSERT INTO products (id, item_id, price) VALUES (13912, 23425, 22.5);
INSERT INTO items (id, venue_id, name) VALUES (23426, 12878, 'Product13913');
INSERT INTO products (id, item_id, price) VALUES (13913, 23426, 24);
INSERT INTO items (id, venue_id, name) VALUES (23635, 12878, 'Product13995');
INSERT INTO products (id, item_id, price) VALUES (13995, 23635, 2.25);
INSERT INTO items (id, venue_id, name) VALUES (23636, 12878, 'Product13996');
INSERT INTO products (id, item_id, price) VALUES (13996, 23636, 3);
INSERT INTO items (id, venue_id, name) VALUES (28650, 12878, 'Product16727');
INSERT INTO products (id, item_id, price) VALUES (16727, 28650, 2.25);
INSERT INTO items (id, venue_id, name) VALUES (28651, 12878, 'Product16728');
INSERT INTO products (id, item_id, price) VALUES (16728, 28651, 15.75);
INSERT INTO venues (id, name) VALUES (12884, 'Venue12884');
INSERT INTO items (id, venue_id, name) VALUES (20619, 12884, 'Space18129');
INSERT INTO spaces (id, item_id, hour_price) VALUES (18129, 20619, 0);
INSERT INTO items (id, venue_id, name) VALUES (20620, 12884, 'Space18130');
INSERT INTO spaces (id, item_id, hour_price) VALUES (18130, 20620, 0);
INSERT INTO items (id, venue_id, name) VALUES (20621, 12884, 'Space18131');
INSERT INTO spaces (id, item_id, hour_price) VALUES (18131, 20621, 0);
INSERT INTO items (id, venue_id, name) VALUES (20622, 12884, 'Space18132');
INSERT INTO spaces (id, item_id, hour_price) VALUES (18132, 20622, 0);
INSERT INTO items (id, venue_id, name) VALUES (20623, 12884, 'Space18133');
INSERT INTO spaces (id, item_id, hour_price) VALUES (18133, 20623, 0);
INSERT INTO items (id, venue_id, name) VALUES (20624, 12884, 'Space18134');
INSERT INTO spaces (id, item_id, hour_price) VALUES (18134, 20624, 0);
INSERT INTO items (id, venue_id, name) VALUES (20625, 12884, 'Space18135');
INSERT INTO spaces (id, item_id, hour_price) VALUES (18135, 20625, 55);
INSERT INTO items (id, venue_id, name) VALUES (20626, 12884, 'Product12483');
INSERT INTO products (id, item_id, price) VALUES (12483, 20626, 0);
INSERT INTO items (id, venue_id, name) VALUES (20627, 12884, 'Product12484');
INSERT INTO products (id, item_id, price) VALUES (12484, 20627, 0);
INSERT INTO items (id, venue_id, name) VALUES (20628, 12884, 'Product12485');
INSERT INTO products (id, item_id, price) VALUES (12485, 20628, 0);
INSERT INTO items (id, venue_id, name) VALUES (20629, 12884, 'Product12486');
INSERT INTO products (id, item_id, price) VALUES (12486, 20629, 0);
INSERT INTO items (id, venue_id, name) VALUES (20630, 12884, 'Product12487');
INSERT INTO products (id, item_id, price) VALUES (12487, 20630, 0);
INSERT INTO items (id, venue_id, name) VALUES (20631, 12884, 'Product12488');
INSERT INTO products (id, item_id, price) VALUES (12488, 20631, 0);
INSERT INTO items (id, venue_id, name) VALUES (20632, 12884, 'Product12489');
INSERT INTO products (id, item_id, price) VALUES (12489, 20632, 15);
INSERT INTO items (id, venue_id, name) VALUES (20633, 12884, 'Product12490');
INSERT INTO products (id, item_id, price) VALUES (12490, 20633, 0);
INSERT INTO items (id, venue_id, name) VALUES (20634, 12884, 'Product12491');
INSERT INTO products (id, item_id, price) VALUES (12491, 20634, 0);
INSERT INTO items (id, venue_id, name) VALUES (20635, 12884, 'Product12492');
INSERT INTO products (id, item_id, price) VALUES (12492, 20635, 0);
INSERT INTO items (id, venue_id, name) VALUES (20636, 12884, 'Product12493');
INSERT INTO products (id, item_id, price) VALUES (12493, 20636, 0);
INSERT INTO items (id, venue_id, name) VALUES (20637, 12884, 'Product12494');
INSERT INTO products (id, item_id, price) VALUES (12494, 20637, 0);
INSERT INTO items (id, venue_id, name) VALUES (20638, 12884, 'Product12495');
INSERT INTO products (id, item_id, price) VALUES (12495, 20638, 0);
INSERT INTO items (id, venue_id, name) VALUES (20639, 12884, 'Product12496');
INSERT INTO products (id, item_id, price) VALUES (12496, 20639, 0);
INSERT INTO items (id, venue_id, name) VALUES (20640, 12884, 'Product12497');
INSERT INTO products (id, item_id, price) VALUES (12497, 20640, 0);
INSERT INTO items (id, venue_id, name) VALUES (26032, 12884, 'Product15335');
INSERT INTO products (id, item_id, price) VALUES (15335, 26032, 1.65);
INSERT INTO items (id, venue_id, name) VALUES (26033, 12884, 'Product15336');
INSERT INTO products (id, item_id, price) VALUES (15336, 26033, 4.72);
INSERT INTO items (id, venue_id, name) VALUES (26034, 12884, 'Product15337');
INSERT INTO products (id, item_id, price) VALUES (15337, 26034, 12.4);
INSERT INTO venues (id, name) VALUES (12894, 'Venue12894');
INSERT INTO items (id, venue_id, name) VALUES (20661, 12894, 'Space18147');
INSERT INTO spaces (id, item_id, hour_price) VALUES (18147, 20661, 0);
INSERT INTO items (id, venue_id, name) VALUES (20662, 12894, 'Space18148');
INSERT INTO spaces (id, item_id, hour_price) VALUES (18148, 20662, 0);
INSERT INTO items (id, venue_id, name) VALUES (20663, 12894, 'Space18149');
INSERT INTO spaces (id, item_id, hour_price) VALUES (18149, 20663, 0);
INSERT INTO items (id, venue_id, name) VALUES (20664, 12894, 'Space18150');
INSERT INTO spaces (id, item_id, hour_price) VALUES (18150, 20664, 0);
INSERT INTO items (id, venue_id, name) VALUES (20665, 12894, 'Space18151');
INSERT INTO spaces (id, item_id, hour_price) VALUES (18151, 20665, 0);
INSERT INTO items (id, venue_id, name) VALUES (20666, 12894, 'Space18152');
INSERT INTO spaces (id, item_id, hour_price) VALUES (18152, 20666, 0);
INSERT INTO items (id, venue_id, name) VALUES (20667, 12894, 'Space18153');
INSERT INTO spaces (id, item_id, hour_price) VALUES (18153, 20667, 11.5);
INSERT INTO items (id, venue_id, name) VALUES (20668, 12894, 'Space18154');
INSERT INTO spaces (id, item_id, hour_price) VALUES (18154, 20668, 8.5);
INSERT INTO items (id, venue_id, name) VALUES (20669, 12894, 'Space18155');
INSERT INTO spaces (id, item_id, hour_price) VALUES (18155, 20669, 11.5);
INSERT INTO items (id, venue_id, name) VALUES (20670, 12894, 'Space18156');
INSERT INTO spaces (id, item_id, hour_price) VALUES (18156, 20670, 8.5);
INSERT INTO items (id, venue_id, name) VALUES (20671, 12894, 'Space18157');
INSERT INTO spaces (id, item_id, hour_price) VALUES (18157, 20671, 8.5);
INSERT INTO items (id, venue_id, name) VALUES (20672, 12894, 'Product12507');
INSERT INTO products (id, item_id, price) VALUES (12507, 20672, 1.4);
INSERT INTO items (id, venue_id, name) VALUES (20673, 12894, 'Product12508');
INSERT INTO products (id, item_id, price) VALUES (12508, 20673, 1.35);
INSERT INTO items (id, venue_id, name) VALUES (20674, 12894, 'Product12509');
INSERT INTO products (id, item_id, price) VALUES (12509, 20674, 8.45);
INSERT INTO items (id, venue_id, name) VALUES (20675, 12894, 'Product12510');
INSERT INTO products (id, item_id, price) VALUES (12510, 20675, 5.85);
INSERT INTO items (id, venue_id, name) VALUES (20676, 12894, 'Product12511');
INSERT INTO products (id, item_id, price) VALUES (12511, 20676, 7.5);
INSERT INTO items (id, venue_id, name) VALUES (20677, 12894, 'Product12512');
INSERT INTO products (id, item_id, price) VALUES (12512, 20677, 10.5);
INSERT INTO items (id, venue_id, name) VALUES (20678, 12894, 'Product12513');
INSERT INTO products (id, item_id, price) VALUES (12513, 20678, 41);
INSERT INTO items (id, venue_id, name) VALUES (20679, 12894, 'Product12514');
INSERT INTO products (id, item_id, price) VALUES (12514, 20679, 0);
INSERT INTO items (id, venue_id, name) VALUES (20680, 12894, 'Product12515');
INSERT INTO products (id, item_id, price) VALUES (12515, 20680, 0);
INSERT INTO items (id, venue_id, name) VALUES (20681, 12894, 'Product12516');
INSERT INTO products (id, item_id, price) VALUES (12516, 20681, 0);
INSERT INTO items (id, venue_id, name) VALUES (20682, 12894, 'Product12517');
INSERT INTO products (id, item_id, price) VALUES (12517, 20682, 0);
INSERT INTO items (id, venue_id, name) VALUES (20683, 12894, 'Product12518');
INSERT INTO products (id, item_id, price) VALUES (12518, 20683, 0);
INSERT INTO items (id, venue_id, name) VALUES (20684, 12894, 'Product12519');
INSERT INTO products (id, item_id, price) VALUES (12519, 20684, 0);
INSERT INTO items (id, venue_id, name) VALUES (20685, 12894, 'Product12520');
INSERT INTO products (id, item_id, price) VALUES (12520, 20685, 0);
INSERT INTO items (id, venue_id, name) VALUES (20686, 12894, 'Product12521');
INSERT INTO products (id, item_id, price) VALUES (12521, 20686, 5);
INSERT INTO items (id, venue_id, name) VALUES (20687, 12894, 'Product12522');
INSERT INTO products (id, item_id, price) VALUES (12522, 20687, 1.5);
INSERT INTO items (id, venue_id, name) VALUES (20688, 12894, 'Product12523');
INSERT INTO products (id, item_id, price) VALUES (12523, 20688, 1.6);
INSERT INTO items (id, venue_id, name) VALUES (20689, 12894, 'Product12524');
INSERT INTO products (id, item_id, price) VALUES (12524, 20689, 1.6);
INSERT INTO items (id, venue_id, name) VALUES (20690, 12894, 'Product12525');
INSERT INTO products (id, item_id, price) VALUES (12525, 20690, 2.5);
INSERT INTO items (id, venue_id, name) VALUES (20691, 12894, 'Product12526');
INSERT INTO products (id, item_id, price) VALUES (12526, 20691, 1.4);
INSERT INTO items (id, venue_id, name) VALUES (20692, 12894, 'Product12527');
INSERT INTO products (id, item_id, price) VALUES (12527, 20692, 2);
INSERT INTO venues (id, name) VALUES (12899, 'Venue12899');
INSERT INTO items (id, venue_id, name) VALUES (20693, 12899, 'Space18158');
INSERT INTO spaces (id, item_id, hour_price) VALUES (18158, 20693, 0);
INSERT INTO items (id, venue_id, name) VALUES (20694, 12899, 'Space18159');
INSERT INTO spaces (id, item_id, hour_price) VALUES (18159, 20694, 0);
INSERT INTO items (id, venue_id, name) VALUES (20695, 12899, 'Space18160');
INSERT INTO spaces (id, item_id, hour_price) VALUES (18160, 20695, 0);
INSERT INTO items (id, venue_id, name) VALUES (20696, 12899, 'Space18161');
INSERT INTO spaces (id, item_id, hour_price) VALUES (18161, 20696, 0);
INSERT INTO items (id, venue_id, name) VALUES (20697, 12899, 'Space18162');
INSERT INTO spaces (id, item_id, hour_price) VALUES (18162, 20697, 0);
INSERT INTO items (id, venue_id, name) VALUES (20698, 12899, 'Space18163');
INSERT INTO spaces (id, item_id, hour_price) VALUES (18163, 20698, 0);
INSERT INTO items (id, venue_id, name) VALUES (20699, 12899, 'Space18164');
INSERT INTO spaces (id, item_id, hour_price) VALUES (18164, 20699, 5.5);
INSERT INTO items (id, venue_id, name) VALUES (20700, 12899, 'Space18165');
INSERT INTO spaces (id, item_id, hour_price) VALUES (18165, 20700, 90);
INSERT INTO items (id, venue_id, name) VALUES (20701, 12899, 'Space18166');
INSERT INTO spaces (id, item_id, hour_price) VALUES (18166, 20701, 60);
INSERT INTO items (id, venue_id, name) VALUES (20702, 12899, 'Space18167');
INSERT INTO spaces (id, item_id, hour_price) VALUES (18167, 20702, 45);
INSERT INTO items (id, venue_id, name) VALUES (20703, 12899, 'Product12528');
INSERT INTO products (id, item_id, price) VALUES (12528, 20703, 5);
INSERT INTO items (id, venue_id, name) VALUES (20704, 12899, 'Product12529');
INSERT INTO products (id, item_id, price) VALUES (12529, 20704, 5);
INSERT INTO items (id, venue_id, name) VALUES (20705, 12899, 'Product12530');
INSERT INTO products (id, item_id, price) VALUES (12530, 20705, 8);
INSERT INTO items (id, venue_id, name) VALUES (27823, 12899, 'Space21553');
INSERT INTO spaces (id, item_id, hour_price) VALUES (21553, 27823, 25);
INSERT INTO items (id, venue_id, name) VALUES (27824, 12899, 'Space21554');
INSERT INTO spaces (id, item_id, hour_price) VALUES (21554, 27824, 25);
INSERT INTO items (id, venue_id, name) VALUES (27825, 12899, 'Space21555');
INSERT INTO spaces (id, item_id, hour_price) VALUES (21555, 27825, 20);
INSERT INTO items (id, venue_id, name) VALUES (27826, 12899, 'Space21556');
INSERT INTO spaces (id, item_id, hour_price) VALUES (21556, 27826, 25);
INSERT INTO items (id, venue_id, name) VALUES (27827, 12899, 'Space21557');
INSERT INTO spaces (id, item_id, hour_price) VALUES (21557, 27827, 25);
INSERT INTO items (id, venue_id, name) VALUES (27828, 12899, 'Space21558');
INSERT INTO spaces (id, item_id, hour_price) VALUES (21558, 27828, 25);
INSERT INTO items (id, venue_id, name) VALUES (28645, 12899, 'Space21911');
INSERT INTO spaces (id, item_id, hour_price) VALUES (21911, 28645, 50);
INSERT INTO items (id, venue_id, name) VALUES (28646, 12899, 'Space21912');
INSERT INTO spaces (id, item_id, hour_price) VALUES (21912, 28646, 50);
INSERT INTO venues (id, name) VALUES (12903, 'Venue12903');
INSERT INTO items (id, venue_id, name) VALUES (20706, 12903, 'Space18168');
INSERT INTO spaces (id, item_id, hour_price) VALUES (18168, 20706, 0);
INSERT INTO items (id, venue_id, name) VALUES (20707, 12903, 'Space18169');
INSERT INTO spaces (id, item_id, hour_price) VALUES (18169, 20707, 0);
INSERT INTO items (id, venue_id, name) VALUES (20708, 12903, 'Space18170');
INSERT INTO spaces (id, item_id, hour_price) VALUES (18170, 20708, 0);
INSERT INTO items (id, venue_id, name) VALUES (20709, 12903, 'Space18171');
INSERT INTO spaces (id, item_id, hour_price) VALUES (18171, 20709, 0);
INSERT INTO items (id, venue_id, name) VALUES (20710, 12903, 'Space18172');
INSERT INTO spaces (id, item_id, hour_price) VALUES (18172, 20710, 0);
INSERT INTO items (id, venue_id, name) VALUES (20711, 12903, 'Space18173');
INSERT INTO spaces (id, item_id, hour_price) VALUES (18173, 20711, 0);
INSERT INTO items (id, venue_id, name) VALUES (27363, 12903, 'Space21284');
INSERT INTO spaces (id, item_id, hour_price) VALUES (21284, 27363, 26);
INSERT INTO items (id, venue_id, name) VALUES (27365, 12903, 'Space21286');
INSERT INTO spaces (id, item_id, hour_price) VALUES (21286, 27365, 130);
INSERT INTO items (id, venue_id, name) VALUES (27366, 12903, 'Space21287');
INSERT INTO spaces (id, item_id, hour_price) VALUES (21287, 27366, 20);
INSERT INTO items (id, venue_id, name) VALUES (27368, 12903, 'Space21289');
INSERT INTO spaces (id, item_id, hour_price) VALUES (21289, 27368, 15);
INSERT INTO items (id, venue_id, name) VALUES (27369, 12903, 'Space21290');
INSERT INTO spaces (id, item_id, hour_price) VALUES (21290, 27369, 20);
INSERT INTO items (id, venue_id, name) VALUES (27370, 12903, 'Space21291');
INSERT INTO spaces (id, item_id, hour_price) VALUES (21291, 27370, 40);
INSERT INTO items (id, venue_id, name) VALUES (27371, 12903, 'Product16072');
INSERT INTO products (id, item_id, price) VALUES (16072, 27371, 0);
INSERT INTO items (id, venue_id, name) VALUES (27372, 12903, 'Product16073');
INSERT INTO products (id, item_id, price) VALUES (16073, 27372, 0);
INSERT INTO items (id, venue_id, name) VALUES (27373, 12903, 'Product16074');
INSERT INTO products (id, item_id, price) VALUES (16074, 27373, 8.5);
INSERT INTO venues (id, name) VALUES (12908, 'Venue12908');
INSERT INTO items (id, venue_id, name) VALUES (20713, 12908, 'Space18175');
INSERT INTO spaces (id, item_id, hour_price) VALUES (18175, 20713, 0);
INSERT INTO items (id, venue_id, name) VALUES (20714, 12908, 'Space18176');
INSERT INTO spaces (id, item_id, hour_price) VALUES (18176, 20714, 0);
INSERT INTO items (id, venue_id, name) VALUES (20715, 12908, 'Space18177');
INSERT INTO spaces (id, item_id, hour_price) VALUES (18177, 20715, 0);
INSERT INTO items (id, venue_id, name) VALUES (20716, 12908, 'Space18178');
INSERT INTO spaces (id, item_id, hour_price) VALUES (18178, 20716, 0);
INSERT INTO items (id, venue_id, name) VALUES (20717, 12908, 'Space18179');
INSERT INTO spaces (id, item_id, hour_price) VALUES (18179, 20717, 0);
INSERT INTO items (id, venue_id, name) VALUES (20718, 12908, 'Space18180');
INSERT INTO spaces (id, item_id, hour_price) VALUES (18180, 20718, 0);
INSERT INTO items (id, venue_id, name) VALUES (20719, 12908, 'Space18181');
INSERT INTO spaces (id, item_id, hour_price) VALUES (18181, 20719, 95);
INSERT INTO items (id, venue_id, name) VALUES (20720, 12908, 'Space18182');
INSERT INTO spaces (id, item_id, hour_price) VALUES (18182, 20720, 85);
INSERT INTO items (id, venue_id, name) VALUES (20721, 12908, 'Product12531');
INSERT INTO products (id, item_id, price) VALUES (12531, 20721, 10);
INSERT INTO items (id, venue_id, name) VALUES (20722, 12908, 'Product12532');
INSERT INTO products (id, item_id, price) VALUES (12532, 20722, 7.5);
INSERT INTO items (id, venue_id, name) VALUES (20723, 12908, 'Product12533');
INSERT INTO products (id, item_id, price) VALUES (12533, 20723, 25);
INSERT INTO items (id, venue_id, name) VALUES (20724, 12908, 'Product12534');
INSERT INTO products (id, item_id, price) VALUES (12534, 20724, 20);
INSERT INTO venues (id, name) VALUES (12913, 'Venue12913');
INSERT INTO items (id, venue_id, name) VALUES (20727, 12913, 'Space18183');
INSERT INTO spaces (id, item_id, hour_price) VALUES (18183, 20727, 0);
INSERT INTO items (id, venue_id, name) VALUES (20728, 12913, 'Space18184');
INSERT INTO spaces (id, item_id, hour_price) VALUES (18184, 20728, 0);
INSERT INTO items (id, venue_id, name) VALUES (20729, 12913, 'Space18185');
INSERT INTO spaces (id, item_id, hour_price) VALUES (18185, 20729, 0);
INSERT INTO items (id, venue_id, name) VALUES (20730, 12913, 'Space18186');
INSERT INTO spaces (id, item_id, hour_price) VALUES (18186, 20730, 0);
INSERT INTO items (id, venue_id, name) VALUES (20731, 12913, 'Space18187');
INSERT INTO spaces (id, item_id, hour_price) VALUES (18187, 20731, 0);
INSERT INTO items (id, venue_id, name) VALUES (20732, 12913, 'Space18188');
INSERT INTO spaces (id, item_id, hour_price) VALUES (18188, 20732, 0);
INSERT INTO items (id, venue_id, name) VALUES (20733, 12913, 'Space18189');
INSERT INTO spaces (id, item_id, hour_price) VALUES (18189, 20733, 12.5);
INSERT INTO items (id, venue_id, name) VALUES (20734, 12913, 'Space18190');
INSERT INTO spaces (id, item_id, hour_price) VALUES (18190, 20734, 12.5);
INSERT INTO items (id, venue_id, name) VALUES (20735, 12913, 'Product12537');
INSERT INTO products (id, item_id, price) VALUES (12537, 20735, 0);
INSERT INTO items (id, venue_id, name) VALUES (20736, 12913, 'Product12538');
INSERT INTO products (id, item_id, price) VALUES (12538, 20736, 0);
INSERT INTO items (id, venue_id, name) VALUES (20737, 12913, 'Product12539');
INSERT INTO products (id, item_id, price) VALUES (12539, 20737, 0);
INSERT INTO items (id, venue_id, name) VALUES (20738, 12913, 'Product12540');
INSERT INTO products (id, item_id, price) VALUES (12540, 20738, 0);
INSERT INTO items (id, venue_id, name) VALUES (20739, 12913, 'Product12541');
INSERT INTO products (id, item_id, price) VALUES (12541, 20739, 0);
INSERT INTO items (id, venue_id, name) VALUES (20740, 12913, 'Product12542');
INSERT INTO products (id, item_id, price) VALUES (12542, 20740, 0);
INSERT INTO items (id, venue_id, name) VALUES (20742, 12913, 'Product12544');
INSERT INTO products (id, item_id, price) VALUES (12544, 20742, 1);
INSERT INTO items (id, venue_id, name) VALUES (20743, 12913, 'Product12545');
INSERT INTO products (id, item_id, price) VALUES (12545, 20743, 3);
INSERT INTO items (id, venue_id, name) VALUES (20744, 12913, 'Product12546');
INSERT INTO products (id, item_id, price) VALUES (12546, 20744, 1);
INSERT INTO items (id, venue_id, name) VALUES (20745, 12913, 'Product12547');
INSERT INTO products (id, item_id, price) VALUES (12547, 20745, 3);
INSERT INTO items (id, venue_id, name) VALUES (20746, 12913, 'Product12548');
INSERT INTO products (id, item_id, price) VALUES (12548, 20746, 1);
INSERT INTO items (id, venue_id, name) VALUES (20747, 12913, 'Product12549');
INSERT INTO products (id, item_id, price) VALUES (12549, 20747, 2);
INSERT INTO items (id, venue_id, name) VALUES (20748, 12913, 'Product12550');
INSERT INTO products (id, item_id, price) VALUES (12550, 20748, 1);
INSERT INTO items (id, venue_id, name) VALUES (20749, 12913, 'Product12551');
INSERT INTO products (id, item_id, price) VALUES (12551, 20749, 2);
INSERT INTO venues (id, name) VALUES (12916, 'Venue12916');
INSERT INTO items (id, venue_id, name) VALUES (20750, 12916, 'Space18191');
INSERT INTO spaces (id, item_id, hour_price) VALUES (18191, 20750, 0);
INSERT INTO items (id, venue_id, name) VALUES (20751, 12916, 'Space18192');
INSERT INTO spaces (id, item_id, hour_price) VALUES (18192, 20751, 0);
INSERT INTO items (id, venue_id, name) VALUES (20752, 12916, 'Space18193');
INSERT INTO spaces (id, item_id, hour_price) VALUES (18193, 20752, 0);
INSERT INTO items (id, venue_id, name) VALUES (20753, 12916, 'Space18194');
INSERT INTO spaces (id, item_id, hour_price) VALUES (18194, 20753, 0);
INSERT INTO items (id, venue_id, name) VALUES (20754, 12916, 'Space18195');
INSERT INTO spaces (id, item_id, hour_price) VALUES (18195, 20754, 0);
INSERT INTO items (id, venue_id, name) VALUES (20755, 12916, 'Space18196');
INSERT INTO spaces (id, item_id, hour_price) VALUES (18196, 20755, 0);
INSERT INTO items (id, venue_id, name) VALUES (20756, 12916, 'Space18197');
INSERT INTO spaces (id, item_id, hour_price) VALUES (18197, 20756, 4.5);
INSERT INTO items (id, venue_id, name) VALUES (20758, 12916, 'Space18199');
INSERT INTO spaces (id, item_id, hour_price) VALUES (18199, 20758, 4.5);
INSERT INTO items (id, venue_id, name) VALUES (20904, 12916, 'Space18270');
INSERT INTO spaces (id, item_id, hour_price) VALUES (18270, 20904, 20);
INSERT INTO items (id, venue_id, name) VALUES (20905, 12916, 'Space18271');
INSERT INTO spaces (id, item_id, hour_price) VALUES (18271, 20905, 10);
INSERT INTO items (id, venue_id, name) VALUES (20906, 12916, 'Space18272');
INSERT INTO spaces (id, item_id, hour_price) VALUES (18272, 20906, 14);
INSERT INTO items (id, venue_id, name) VALUES (20907, 12916, 'Space18273');
INSERT INTO spaces (id, item_id, hour_price) VALUES (18273, 20907, 20);
INSERT INTO items (id, venue_id, name) VALUES (20908, 12916, 'Space18274');
INSERT INTO spaces (id, item_id, hour_price) VALUES (18274, 20908, 8);
INSERT INTO items (id, venue_id, name) VALUES (20909, 12916, 'Space18275');
INSERT INTO spaces (id, item_id, hour_price) VALUES (18275, 20909, 12);
INSERT INTO items (id, venue_id, name) VALUES (20910, 12916, 'Space18276');
INSERT INTO spaces (id, item_id, hour_price) VALUES (18276, 20910, 25);
INSERT INTO items (id, venue_id, name) VALUES (22532, 12916, 'Space19070');
INSERT INTO spaces (id, item_id, hour_price) VALUES (19070, 22532, 15);
INSERT INTO items (id, venue_id, name) VALUES (22533, 12916, 'Space19071');
INSERT INTO spaces (id, item_id, hour_price) VALUES (19071, 22533, 12);
INSERT INTO items (id, venue_id, name) VALUES (22534, 12916, 'Space19072');
INSERT INTO spaces (id, item_id, hour_price) VALUES (19072, 22534, 8);
INSERT INTO items (id, venue_id, name) VALUES (22535, 12916, 'Space19073');
INSERT INTO spaces (id, item_id, hour_price) VALUES (19073, 22535, 12);
INSERT INTO items (id, venue_id, name) VALUES (22536, 12916, 'Space19074');
INSERT INTO spaces (id, item_id, hour_price) VALUES (19074, 22536, 10);
INSERT INTO items (id, venue_id, name) VALUES (22537, 12916, 'Space19075');
INSERT INTO spaces (id, item_id, hour_price) VALUES (19075, 22537, 8);
INSERT INTO items (id, venue_id, name) VALUES (22538, 12916, 'Space19076');
INSERT INTO spaces (id, item_id, hour_price) VALUES (19076, 22538, 8);
INSERT INTO items (id, venue_id, name) VALUES (23355, 12916, 'Product13878');
INSERT INTO products (id, item_id, price) VALUES (13878, 23355, 5);
INSERT INTO items (id, venue_id, name) VALUES (24431, 12916, 'Product14460');
INSERT INTO products (id, item_id, price) VALUES (14460, 24431, 4.5);
INSERT INTO items (id, venue_id, name) VALUES (24861, 12916, 'Product14716');
INSERT INTO products (id, item_id, price) VALUES (14716, 24861, 2);
INSERT INTO items (id, venue_id, name) VALUES (24862, 12916, 'Product14717');
INSERT INTO products (id, item_id, price) VALUES (14717, 24862, 7);
INSERT INTO items (id, venue_id, name) VALUES (24863, 12916, 'Product14718');
INSERT INTO products (id, item_id, price) VALUES (14718, 24863, 3);
INSERT INTO items (id, venue_id, name) VALUES (25348, 12916, 'Product14943');
INSERT INTO products (id, item_id, price) VALUES (14943, 25348, 5);
INSERT INTO items (id, venue_id, name) VALUES (25764, 12916, 'Product15173');
INSERT INTO products (id, item_id, price) VALUES (15173, 25764, 0);
INSERT INTO items (id, venue_id, name) VALUES (25765, 12916, 'Product15174');
INSERT INTO products (id, item_id, price) VALUES (15174, 25765, 0);
INSERT INTO venues (id, name) VALUES (12921, 'Venue12921');
INSERT INTO items (id, venue_id, name) VALUES (20760, 12921, 'Space18201');
INSERT INTO spaces (id, item_id, hour_price) VALUES (18201, 20760, 0);
INSERT INTO items (id, venue_id, name) VALUES (20761, 12921, 'Space18202');
INSERT INTO spaces (id, item_id, hour_price) VALUES (18202, 20761, 0);
INSERT INTO items (id, venue_id, name) VALUES (20762, 12921, 'Space18203');
INSERT INTO spaces (id, item_id, hour_price) VALUES (18203, 20762, 0);
INSERT INTO items (id, venue_id, name) VALUES (20763, 12921, 'Space18204');
INSERT INTO spaces (id, item_id, hour_price) VALUES (18204, 20763, 0);
INSERT INTO items (id, venue_id, name) VALUES (20764, 12921, 'Space18205');
INSERT INTO spaces (id, item_id, hour_price) VALUES (18205, 20764, 0);
INSERT INTO items (id, venue_id, name) VALUES (20765, 12921, 'Space18206');
INSERT INTO spaces (id, item_id, hour_price) VALUES (18206, 20765, 0);
INSERT INTO items (id, venue_id, name) VALUES (20766, 12921, 'Space18207');
INSERT INTO spaces (id, item_id, hour_price) VALUES (18207, 20766, 10);
INSERT INTO items (id, venue_id, name) VALUES (20767, 12921, 'Space18208');
INSERT INTO spaces (id, item_id, hour_price) VALUES (18208, 20767, 20);
INSERT INTO items (id, venue_id, name) VALUES (20768, 12921, 'Space18209');
INSERT INTO spaces (id, item_id, hour_price) VALUES (18209, 20768, 210);
INSERT INTO items (id, venue_id, name) VALUES (20769, 12921, 'Space18210');
INSERT INTO spaces (id, item_id, hour_price) VALUES (18210, 20769, 260);
INSERT INTO items (id, venue_id, name) VALUES (20770, 12921, 'Space18211');
INSERT INTO spaces (id, item_id, hour_price) VALUES (18211, 20770, 260);
INSERT INTO items (id, venue_id, name) VALUES (20771, 12921, 'Space18212');
INSERT INTO spaces (id, item_id, hour_price) VALUES (18212, 20771, 320);
INSERT INTO items (id, venue_id, name) VALUES (20772, 12921, 'Product12552');
INSERT INTO products (id, item_id, price) VALUES (12552, 20772, 0.5);
INSERT INTO items (id, venue_id, name) VALUES (20773, 12921, 'Product12553');
INSERT INTO products (id, item_id, price) VALUES (12553, 20773, 0.5);
INSERT INTO items (id, venue_id, name) VALUES (20774, 12921, 'Product12554');
INSERT INTO products (id, item_id, price) VALUES (12554, 20774, 5);
INSERT INTO items (id, venue_id, name) VALUES (20775, 12921, 'Product12555');
INSERT INTO products (id, item_id, price) VALUES (12555, 20775, 5);
INSERT INTO items (id, venue_id, name) VALUES (20776, 12921, 'Product12556');
INSERT INTO products (id, item_id, price) VALUES (12556, 20776, 10);
INSERT INTO items (id, venue_id, name) VALUES (20777, 12921, 'Product12557');
INSERT INTO products (id, item_id, price) VALUES (12557, 20777, 10);
INSERT INTO items (id, venue_id, name) VALUES (20778, 12921, 'Product12558');
INSERT INTO products (id, item_id, price) VALUES (12558, 20778, 17.5);
INSERT INTO items (id, venue_id, name) VALUES (20779, 12921, 'Product12559');
INSERT INTO products (id, item_id, price) VALUES (12559, 20779, 5);
INSERT INTO items (id, venue_id, name) VALUES (20780, 12921, 'Product12560');
INSERT INTO products (id, item_id, price) VALUES (12560, 20780, 40);
INSERT INTO items (id, venue_id, name) VALUES (20781, 12921, 'Product12561');
INSERT INTO products (id, item_id, price) VALUES (12561, 20781, 0);
INSERT INTO items (id, venue_id, name) VALUES (20782, 12921, 'Product12562');
INSERT INTO products (id, item_id, price) VALUES (12562, 20782, 0);
INSERT INTO items (id, venue_id, name) VALUES (20783, 12921, 'Product12563');
INSERT INTO products (id, item_id, price) VALUES (12563, 20783, 10);
INSERT INTO items (id, venue_id, name) VALUES (20784, 12921, 'Product12564');
INSERT INTO products (id, item_id, price) VALUES (12564, 20784, 40);
INSERT INTO items (id, venue_id, name) VALUES (20785, 12921, 'Product12565');
INSERT INTO products (id, item_id, price) VALUES (12565, 20785, 0);
INSERT INTO items (id, venue_id, name) VALUES (20786, 12921, 'Product12566');
INSERT INTO products (id, item_id, price) VALUES (12566, 20786, 0);
INSERT INTO items (id, venue_id, name) VALUES (20787, 12921, 'Product12567');
INSERT INTO products (id, item_id, price) VALUES (12567, 20787, 0);
INSERT INTO items (id, venue_id, name) VALUES (20788, 12921, 'Product12568');
INSERT INTO products (id, item_id, price) VALUES (12568, 20788, 0);
INSERT INTO items (id, venue_id, name) VALUES (20789, 12921, 'Product12569');
INSERT INTO products (id, item_id, price) VALUES (12569, 20789, 1.5);
INSERT INTO items (id, venue_id, name) VALUES (20790, 12921, 'Product12570');
INSERT INTO products (id, item_id, price) VALUES (12570, 20790, 1);
INSERT INTO venues (id, name) VALUES (12925, 'Venue12925');
INSERT INTO items (id, venue_id, name) VALUES (20793, 12925, 'Space18213');
INSERT INTO spaces (id, item_id, hour_price) VALUES (18213, 20793, 0);
INSERT INTO items (id, venue_id, name) VALUES (20794, 12925, 'Space18214');
INSERT INTO spaces (id, item_id, hour_price) VALUES (18214, 20794, 0);
INSERT INTO items (id, venue_id, name) VALUES (20795, 12925, 'Space18215');
INSERT INTO spaces (id, item_id, hour_price) VALUES (18215, 20795, 0);
INSERT INTO items (id, venue_id, name) VALUES (20796, 12925, 'Space18216');
INSERT INTO spaces (id, item_id, hour_price) VALUES (18216, 20796, 0);
INSERT INTO items (id, venue_id, name) VALUES (20797, 12925, 'Space18217');
INSERT INTO spaces (id, item_id, hour_price) VALUES (18217, 20797, 0);
INSERT INTO items (id, venue_id, name) VALUES (20798, 12925, 'Space18218');
INSERT INTO spaces (id, item_id, hour_price) VALUES (18218, 20798, 0);
INSERT INTO items (id, venue_id, name) VALUES (20799, 12925, 'Space18219');
INSERT INTO spaces (id, item_id, hour_price) VALUES (18219, 20799, 10);
INSERT INTO items (id, venue_id, name) VALUES (20800, 12925, 'Space18220');
INSERT INTO spaces (id, item_id, hour_price) VALUES (18220, 20800, 7.5);
INSERT INTO items (id, venue_id, name) VALUES (20801, 12925, 'Space18221');
INSERT INTO spaces (id, item_id, hour_price) VALUES (18221, 20801, 5);
INSERT INTO items (id, venue_id, name) VALUES (20802, 12925, 'Product12573');
INSERT INTO products (id, item_id, price) VALUES (12573, 20802, 0);
INSERT INTO items (id, venue_id, name) VALUES (20803, 12925, 'Product12574');
INSERT INTO products (id, item_id, price) VALUES (12574, 20803, 0);
INSERT INTO items (id, venue_id, name) VALUES (20804, 12925, 'Product12575');
INSERT INTO products (id, item_id, price) VALUES (12575, 20804, 0);
INSERT INTO items (id, venue_id, name) VALUES (20805, 12925, 'Product12576');
INSERT INTO products (id, item_id, price) VALUES (12576, 20805, 0);
INSERT INTO items (id, venue_id, name) VALUES (20806, 12925, 'Product12577');
INSERT INTO products (id, item_id, price) VALUES (12577, 20806, 12.5);
INSERT INTO items (id, venue_id, name) VALUES (20807, 12925, 'Product12578');
INSERT INTO products (id, item_id, price) VALUES (12578, 20807, 5);
INSERT INTO items (id, venue_id, name) VALUES (20808, 12925, 'Product12579');
INSERT INTO products (id, item_id, price) VALUES (12579, 20808, 15);
INSERT INTO venues (id, name) VALUES (12926, 'Venue12926');
INSERT INTO items (id, venue_id, name) VALUES (20813, 12926, 'Space18222');
INSERT INTO spaces (id, item_id, hour_price) VALUES (18222, 20813, 0);
INSERT INTO items (id, venue_id, name) VALUES (20814, 12926, 'Space18223');
INSERT INTO spaces (id, item_id, hour_price) VALUES (18223, 20814, 0);
INSERT INTO items (id, venue_id, name) VALUES (20815, 12926, 'Space18224');
INSERT INTO spaces (id, item_id, hour_price) VALUES (18224, 20815, 0);
INSERT INTO items (id, venue_id, name) VALUES (20816, 12926, 'Space18225');
INSERT INTO spaces (id, item_id, hour_price) VALUES (18225, 20816, 0);
INSERT INTO items (id, venue_id, name) VALUES (20817, 12926, 'Space18226');
INSERT INTO spaces (id, item_id, hour_price) VALUES (18226, 20817, 0);
INSERT INTO items (id, venue_id, name) VALUES (20818, 12926, 'Space18227');
INSERT INTO spaces (id, item_id, hour_price) VALUES (18227, 20818, 0);
INSERT INTO venues (id, name) VALUES (12935, 'Venue12935');
INSERT INTO items (id, venue_id, name) VALUES (20827, 12935, 'Space18235');
INSERT INTO spaces (id, item_id, hour_price) VALUES (18235, 20827, 0);
INSERT INTO items (id, venue_id, name) VALUES (20828, 12935, 'Space18236');
INSERT INTO spaces (id, item_id, hour_price) VALUES (18236, 20828, 0);
INSERT INTO items (id, venue_id, name) VALUES (20829, 12935, 'Space18237');
INSERT INTO spaces (id, item_id, hour_price) VALUES (18237, 20829, 0);
INSERT INTO items (id, venue_id, name) VALUES (20830, 12935, 'Space18238');
INSERT INTO spaces (id, item_id, hour_price) VALUES (18238, 20830, 0);
INSERT INTO items (id, venue_id, name) VALUES (20831, 12935, 'Space18239');
INSERT INTO spaces (id, item_id, hour_price) VALUES (18239, 20831, 0);
INSERT INTO items (id, venue_id, name) VALUES (20832, 12935, 'Space18240');
INSERT INTO spaces (id, item_id, hour_price) VALUES (18240, 20832, 0);
INSERT INTO items (id, venue_id, name) VALUES (20833, 12935, 'Space18241');
INSERT INTO spaces (id, item_id, hour_price) VALUES (18241, 20833, 25);
INSERT INTO items (id, venue_id, name) VALUES (20839, 12935, 'Product12590');
INSERT INTO products (id, item_id, price) VALUES (12590, 20839, 0);
INSERT INTO items (id, venue_id, name) VALUES (20841, 12935, 'Product12592');
INSERT INTO products (id, item_id, price) VALUES (12592, 20841, 0);
INSERT INTO items (id, venue_id, name) VALUES (20842, 12935, 'Product12593');
INSERT INTO products (id, item_id, price) VALUES (12593, 20842, 0);
INSERT INTO items (id, venue_id, name) VALUES (20845, 12935, 'Product12596');
INSERT INTO products (id, item_id, price) VALUES (12596, 20845, 0);
INSERT INTO items (id, venue_id, name) VALUES (20846, 12935, 'Product12597');
INSERT INTO products (id, item_id, price) VALUES (12597, 20846, 0);
INSERT INTO items (id, venue_id, name) VALUES (20847, 12935, 'Product12598');
INSERT INTO products (id, item_id, price) VALUES (12598, 20847, 0);
INSERT INTO items (id, venue_id, name) VALUES (20848, 12935, 'Product12599');
INSERT INTO products (id, item_id, price) VALUES (12599, 20848, 0);
INSERT INTO venues (id, name) VALUES (12943, 'Venue12943');
INSERT INTO items (id, venue_id, name) VALUES (20864, 12943, 'Space18248');
INSERT INTO spaces (id, item_id, hour_price) VALUES (18248, 20864, 0);
INSERT INTO items (id, venue_id, name) VALUES (20865, 12943, 'Space18249');
INSERT INTO spaces (id, item_id, hour_price) VALUES (18249, 20865, 0);
INSERT INTO items (id, venue_id, name) VALUES (20866, 12943, 'Space18250');
INSERT INTO spaces (id, item_id, hour_price) VALUES (18250, 20866, 0);
INSERT INTO items (id, venue_id, name) VALUES (20867, 12943, 'Space18251');
INSERT INTO spaces (id, item_id, hour_price) VALUES (18251, 20867, 0);
INSERT INTO items (id, venue_id, name) VALUES (20868, 12943, 'Space18252');
INSERT INTO spaces (id, item_id, hour_price) VALUES (18252, 20868, 0);
INSERT INTO items (id, venue_id, name) VALUES (20869, 12943, 'Space18253');
INSERT INTO spaces (id, item_id, hour_price) VALUES (18253, 20869, 0);
INSERT INTO items (id, venue_id, name) VALUES (20870, 12943, 'Space18254');
INSERT INTO spaces (id, item_id, hour_price) VALUES (18254, 20870, 10);
INSERT INTO items (id, venue_id, name) VALUES (20871, 12943, 'Product12609');
INSERT INTO products (id, item_id, price) VALUES (12609, 20871, 0);
INSERT INTO items (id, venue_id, name) VALUES (20872, 12943, 'Product12610');
INSERT INTO products (id, item_id, price) VALUES (12610, 20872, 0);
INSERT INTO items (id, venue_id, name) VALUES (20873, 12943, 'Product12611');
INSERT INTO products (id, item_id, price) VALUES (12611, 20873, 0);
INSERT INTO items (id, venue_id, name) VALUES (20874, 12943, 'Product12612');
INSERT INTO products (id, item_id, price) VALUES (12612, 20874, 0);
INSERT INTO items (id, venue_id, name) VALUES (20875, 12943, 'Product12613');
INSERT INTO products (id, item_id, price) VALUES (12613, 20875, 0);
INSERT INTO items (id, venue_id, name) VALUES (20876, 12943, 'Product12614');
INSERT INTO products (id, item_id, price) VALUES (12614, 20876, 0);
INSERT INTO items (id, venue_id, name) VALUES (20877, 12943, 'Product12615');
INSERT INTO products (id, item_id, price) VALUES (12615, 20877, 0);
INSERT INTO items (id, venue_id, name) VALUES (20878, 12943, 'Product12616');
INSERT INTO products (id, item_id, price) VALUES (12616, 20878, 0);
INSERT INTO items (id, venue_id, name) VALUES (20879, 12943, 'Product12617');
INSERT INTO products (id, item_id, price) VALUES (12617, 20879, 0);
INSERT INTO items (id, venue_id, name) VALUES (20880, 12943, 'Product12618');
INSERT INTO products (id, item_id, price) VALUES (12618, 20880, 0);
INSERT INTO items (id, venue_id, name) VALUES (20881, 12943, 'Product12619');
INSERT INTO products (id, item_id, price) VALUES (12619, 20881, 0);
INSERT INTO venues (id, name) VALUES (12948, 'Venue12948');
INSERT INTO items (id, venue_id, name) VALUES (20882, 12948, 'Space18255');
INSERT INTO spaces (id, item_id, hour_price) VALUES (18255, 20882, 0);
INSERT INTO items (id, venue_id, name) VALUES (20883, 12948, 'Space18256');
INSERT INTO spaces (id, item_id, hour_price) VALUES (18256, 20883, 0);
INSERT INTO items (id, venue_id, name) VALUES (20884, 12948, 'Space18257');
INSERT INTO spaces (id, item_id, hour_price) VALUES (18257, 20884, 0);
INSERT INTO items (id, venue_id, name) VALUES (20885, 12948, 'Space18258');
INSERT INTO spaces (id, item_id, hour_price) VALUES (18258, 20885, 0);
INSERT INTO items (id, venue_id, name) VALUES (20886, 12948, 'Space18259');
INSERT INTO spaces (id, item_id, hour_price) VALUES (18259, 20886, 0);
INSERT INTO items (id, venue_id, name) VALUES (20887, 12948, 'Space18260');
INSERT INTO spaces (id, item_id, hour_price) VALUES (18260, 20887, 0);
INSERT INTO items (id, venue_id, name) VALUES (20889, 12948, 'Product12620');
INSERT INTO products (id, item_id, price) VALUES (12620, 20889, 5);
INSERT INTO items (id, venue_id, name) VALUES (20890, 12948, 'Product12621');
INSERT INTO products (id, item_id, price) VALUES (12621, 20890, 15);
INSERT INTO items (id, venue_id, name) VALUES (20891, 12948, 'Product12622');
INSERT INTO products (id, item_id, price) VALUES (12622, 20891, 20);
INSERT INTO items (id, venue_id, name) VALUES (20892, 12948, 'Product12623');
INSERT INTO products (id, item_id, price) VALUES (12623, 20892, 0);
INSERT INTO items (id, venue_id, name) VALUES (20893, 12948, 'Product12624');
INSERT INTO products (id, item_id, price) VALUES (12624, 20893, 0);
INSERT INTO items (id, venue_id, name) VALUES (20894, 12948, 'Product12625');
INSERT INTO products (id, item_id, price) VALUES (12625, 20894, 0);
INSERT INTO items (id, venue_id, name) VALUES (20895, 12948, 'Product12626');
INSERT INTO products (id, item_id, price) VALUES (12626, 20895, 0);
INSERT INTO items (id, venue_id, name) VALUES (22956, 12948, 'Space19279');
INSERT INTO spaces (id, item_id, hour_price) VALUES (19279, 22956, 150);
INSERT INTO items (id, venue_id, name) VALUES (27129, 12948, 'Product15928');
INSERT INTO products (id, item_id, price) VALUES (15928, 27129, 15);
INSERT INTO venues (id, name) VALUES (12956, 'Venue12956');
INSERT INTO items (id, venue_id, name) VALUES (20911, 12956, 'Space18277');
INSERT INTO spaces (id, item_id, hour_price) VALUES (18277, 20911, 0);
INSERT INTO items (id, venue_id, name) VALUES (20912, 12956, 'Space18278');
INSERT INTO spaces (id, item_id, hour_price) VALUES (18278, 20912, 0);
INSERT INTO items (id, venue_id, name) VALUES (20913, 12956, 'Space18279');
INSERT INTO spaces (id, item_id, hour_price) VALUES (18279, 20913, 0);
INSERT INTO items (id, venue_id, name) VALUES (20914, 12956, 'Space18280');
INSERT INTO spaces (id, item_id, hour_price) VALUES (18280, 20914, 0);
INSERT INTO items (id, venue_id, name) VALUES (20915, 12956, 'Space18281');
INSERT INTO spaces (id, item_id, hour_price) VALUES (18281, 20915, 0);
INSERT INTO items (id, venue_id, name) VALUES (20916, 12956, 'Space18282');
INSERT INTO spaces (id, item_id, hour_price) VALUES (18282, 20916, 0);
INSERT INTO items (id, venue_id, name) VALUES (20917, 12956, 'Space18283');
INSERT INTO spaces (id, item_id, hour_price) VALUES (18283, 20917, 57);
INSERT INTO items (id, venue_id, name) VALUES (20918, 12956, 'Space18284');
INSERT INTO spaces (id, item_id, hour_price) VALUES (18284, 20918, 114);
INSERT INTO items (id, venue_id, name) VALUES (20919, 12956, 'Space18285');
INSERT INTO spaces (id, item_id, hour_price) VALUES (18285, 20919, 114);
INSERT INTO items (id, venue_id, name) VALUES (20920, 12956, 'Space18286');
INSERT INTO spaces (id, item_id, hour_price) VALUES (18286, 20920, 60);
INSERT INTO items (id, venue_id, name) VALUES (20921, 12956, 'Product12627');
INSERT INTO products (id, item_id, price) VALUES (12627, 20921, 2);
INSERT INTO items (id, venue_id, name) VALUES (20922, 12956, 'Product12628');
INSERT INTO products (id, item_id, price) VALUES (12628, 20922, 2);
INSERT INTO items (id, venue_id, name) VALUES (20923, 12956, 'Product12629');
INSERT INTO products (id, item_id, price) VALUES (12629, 20923, 17.5);
INSERT INTO items (id, venue_id, name) VALUES (20924, 12956, 'Product12630');
INSERT INTO products (id, item_id, price) VALUES (12630, 20924, 17.5);
INSERT INTO items (id, venue_id, name) VALUES (20925, 12956, 'Product12631');
INSERT INTO products (id, item_id, price) VALUES (12631, 20925, 3.75);
INSERT INTO items (id, venue_id, name) VALUES (20926, 12956, 'Product12632');
INSERT INTO products (id, item_id, price) VALUES (12632, 20926, 7.5);
INSERT INTO items (id, venue_id, name) VALUES (20927, 12956, 'Product12633');
INSERT INTO products (id, item_id, price) VALUES (12633, 20927, 10);
INSERT INTO items (id, venue_id, name) VALUES (20928, 12956, 'Product12634');
INSERT INTO products (id, item_id, price) VALUES (12634, 20928, 15);
INSERT INTO items (id, venue_id, name) VALUES (20929, 12956, 'Product12635');
INSERT INTO products (id, item_id, price) VALUES (12635, 20929, 25);
INSERT INTO items (id, venue_id, name) VALUES (20930, 12956, 'Product12636');
INSERT INTO products (id, item_id, price) VALUES (12636, 20930, 0);
INSERT INTO items (id, venue_id, name) VALUES (20931, 12956, 'Product12637');
INSERT INTO products (id, item_id, price) VALUES (12637, 20931, 0);
INSERT INTO items (id, venue_id, name) VALUES (20932, 12956, 'Product12638');
INSERT INTO products (id, item_id, price) VALUES (12638, 20932, 5);
INSERT INTO items (id, venue_id, name) VALUES (20933, 12956, 'Product12639');
INSERT INTO products (id, item_id, price) VALUES (12639, 20933, 5);
INSERT INTO items (id, venue_id, name) VALUES (20934, 12956, 'Product12640');
INSERT INTO products (id, item_id, price) VALUES (12640, 20934, 0);
INSERT INTO items (id, venue_id, name) VALUES (20935, 12956, 'Product12641');
INSERT INTO products (id, item_id, price) VALUES (12641, 20935, 0);
INSERT INTO items (id, venue_id, name) VALUES (20936, 12956, 'Product12642');
INSERT INTO products (id, item_id, price) VALUES (12642, 20936, 2);
INSERT INTO items (id, venue_id, name) VALUES (20937, 12956, 'Product12643');
INSERT INTO products (id, item_id, price) VALUES (12643, 20937, 12);
INSERT INTO items (id, venue_id, name) VALUES (21344, 12956, 'Product12821');
INSERT INTO products (id, item_id, price) VALUES (12821, 21344, 25);
INSERT INTO venues (id, name) VALUES (12966, 'Venue12966');
INSERT INTO items (id, venue_id, name) VALUES (20955, 12966, 'Space18294');
INSERT INTO spaces (id, item_id, hour_price) VALUES (18294, 20955, 0);
INSERT INTO items (id, venue_id, name) VALUES (20956, 12966, 'Space18295');
INSERT INTO spaces (id, item_id, hour_price) VALUES (18295, 20956, 0);
INSERT INTO items (id, venue_id, name) VALUES (20957, 12966, 'Space18296');
INSERT INTO spaces (id, item_id, hour_price) VALUES (18296, 20957, 0);
INSERT INTO items (id, venue_id, name) VALUES (20958, 12966, 'Space18297');
INSERT INTO spaces (id, item_id, hour_price) VALUES (18297, 20958, 0);
INSERT INTO items (id, venue_id, name) VALUES (20959, 12966, 'Space18298');
INSERT INTO spaces (id, item_id, hour_price) VALUES (18298, 20959, 0);
INSERT INTO items (id, venue_id, name) VALUES (20960, 12966, 'Space18299');
INSERT INTO spaces (id, item_id, hour_price) VALUES (18299, 20960, 0);
INSERT INTO items (id, venue_id, name) VALUES (20961, 12966, 'Space18300');
INSERT INTO spaces (id, item_id, hour_price) VALUES (18300, 20961, 70);
INSERT INTO items (id, venue_id, name) VALUES (20962, 12966, 'Product12654');
INSERT INTO products (id, item_id, price) VALUES (12654, 20962, 0);
INSERT INTO items (id, venue_id, name) VALUES (20963, 12966, 'Product12655');
INSERT INTO products (id, item_id, price) VALUES (12655, 20963, 0);
INSERT INTO items (id, venue_id, name) VALUES (20964, 12966, 'Product12656');
INSERT INTO products (id, item_id, price) VALUES (12656, 20964, 0);
INSERT INTO items (id, venue_id, name) VALUES (20965, 12966, 'Product12657');
INSERT INTO products (id, item_id, price) VALUES (12657, 20965, 0);
INSERT INTO items (id, venue_id, name) VALUES (20966, 12966, 'Product12658');
INSERT INTO products (id, item_id, price) VALUES (12658, 20966, 0);
INSERT INTO items (id, venue_id, name) VALUES (20967, 12966, 'Product12659');
INSERT INTO products (id, item_id, price) VALUES (12659, 20967, 5);
INSERT INTO items (id, venue_id, name) VALUES (20968, 12966, 'Product12660');
INSERT INTO products (id, item_id, price) VALUES (12660, 20968, 12);
INSERT INTO items (id, venue_id, name) VALUES (20969, 12966, 'Product12661');
INSERT INTO products (id, item_id, price) VALUES (12661, 20969, 0);
INSERT INTO items (id, venue_id, name) VALUES (20971, 12966, 'Product12663');
INSERT INTO products (id, item_id, price) VALUES (12663, 20971, 0);
INSERT INTO items (id, venue_id, name) VALUES (20972, 12966, 'Product12664');
INSERT INTO products (id, item_id, price) VALUES (12664, 20972, 0);
INSERT INTO items (id, venue_id, name) VALUES (20973, 12966, 'Product12665');
INSERT INTO products (id, item_id, price) VALUES (12665, 20973, 0);
INSERT INTO items (id, venue_id, name) VALUES (20974, 12966, 'Product12666');
INSERT INTO products (id, item_id, price) VALUES (12666, 20974, 0);
INSERT INTO items (id, venue_id, name) VALUES (20975, 12966, 'Product12667');
INSERT INTO products (id, item_id, price) VALUES (12667, 20975, 0);
INSERT INTO items (id, venue_id, name) VALUES (20976, 12966, 'Product12668');
INSERT INTO products (id, item_id, price) VALUES (12668, 20976, 0);
INSERT INTO items (id, venue_id, name) VALUES (20977, 12966, 'Product12669');
INSERT INTO products (id, item_id, price) VALUES (12669, 20977, 0);
INSERT INTO items (id, venue_id, name) VALUES (20978, 12966, 'Product12670');
INSERT INTO products (id, item_id, price) VALUES (12670, 20978, 0);
INSERT INTO items (id, venue_id, name) VALUES (21119, 12966, 'Product12744');
INSERT INTO products (id, item_id, price) VALUES (12744, 21119, 65);
INSERT INTO items (id, venue_id, name) VALUES (21120, 12966, 'Product12745');
INSERT INTO products (id, item_id, price) VALUES (12745, 21120, 20);
INSERT INTO venues (id, name) VALUES (12971, 'Venue12971');
INSERT INTO items (id, venue_id, name) VALUES (20979, 12971, 'Space18301');
INSERT INTO spaces (id, item_id, hour_price) VALUES (18301, 20979, 0);
INSERT INTO items (id, venue_id, name) VALUES (20980, 12971, 'Space18302');
INSERT INTO spaces (id, item_id, hour_price) VALUES (18302, 20980, 0);
INSERT INTO items (id, venue_id, name) VALUES (20981, 12971, 'Space18303');
INSERT INTO spaces (id, item_id, hour_price) VALUES (18303, 20981, 0);
INSERT INTO items (id, venue_id, name) VALUES (20982, 12971, 'Space18304');
INSERT INTO spaces (id, item_id, hour_price) VALUES (18304, 20982, 0);
INSERT INTO items (id, venue_id, name) VALUES (20983, 12971, 'Space18305');
INSERT INTO spaces (id, item_id, hour_price) VALUES (18305, 20983, 0);
INSERT INTO items (id, venue_id, name) VALUES (20984, 12971, 'Space18306');
INSERT INTO spaces (id, item_id, hour_price) VALUES (18306, 20984, 0);
INSERT INTO items (id, venue_id, name) VALUES (20985, 12971, 'Space18307');
INSERT INTO spaces (id, item_id, hour_price) VALUES (18307, 20985, 2.5);
INSERT INTO items (id, venue_id, name) VALUES (20986, 12971, 'Space18308');
INSERT INTO spaces (id, item_id, hour_price) VALUES (18308, 20986, 6);
INSERT INTO items (id, venue_id, name) VALUES (20987, 12971, 'Space18309');
INSERT INTO spaces (id, item_id, hour_price) VALUES (18309, 20987, 6);
INSERT INTO items (id, venue_id, name) VALUES (20988, 12971, 'Space18310');
INSERT INTO spaces (id, item_id, hour_price) VALUES (18310, 20988, 6);
INSERT INTO items (id, venue_id, name) VALUES (20989, 12971, 'Space18311');
INSERT INTO spaces (id, item_id, hour_price) VALUES (18311, 20989, 6);
INSERT INTO items (id, venue_id, name) VALUES (20990, 12971, 'Product12671');
INSERT INTO products (id, item_id, price) VALUES (12671, 20990, 0);
INSERT INTO items (id, venue_id, name) VALUES (20991, 12971, 'Product12672');
INSERT INTO products (id, item_id, price) VALUES (12672, 20991, 0);
INSERT INTO items (id, venue_id, name) VALUES (20992, 12971, 'Product12673');
INSERT INTO products (id, item_id, price) VALUES (12673, 20992, 8);
INSERT INTO items (id, venue_id, name) VALUES (20993, 12971, 'Product12674');
INSERT INTO products (id, item_id, price) VALUES (12674, 20993, 8);
INSERT INTO items (id, venue_id, name) VALUES (20994, 12971, 'Product12675');
INSERT INTO products (id, item_id, price) VALUES (12675, 20994, 0);
INSERT INTO items (id, venue_id, name) VALUES (20995, 12971, 'Product12676');
INSERT INTO products (id, item_id, price) VALUES (12676, 20995, 0);
INSERT INTO items (id, venue_id, name) VALUES (20996, 12971, 'Product12677');
INSERT INTO products (id, item_id, price) VALUES (12677, 20996, 0);
INSERT INTO items (id, venue_id, name) VALUES (20997, 12971, 'Product12678');
INSERT INTO products (id, item_id, price) VALUES (12678, 20997, 0);
INSERT INTO items (id, venue_id, name) VALUES (20998, 12971, 'Product12679');
INSERT INTO products (id, item_id, price) VALUES (12679, 20998, 0);
INSERT INTO items (id, venue_id, name) VALUES (20999, 12971, 'Product12680');
INSERT INTO products (id, item_id, price) VALUES (12680, 20999, 0);
INSERT INTO items (id, venue_id, name) VALUES (21000, 12971, 'Product12681');
INSERT INTO products (id, item_id, price) VALUES (12681, 21000, 0);
INSERT INTO items (id, venue_id, name) VALUES (21001, 12971, 'Product12682');
INSERT INTO products (id, item_id, price) VALUES (12682, 21001, 0);
INSERT INTO items (id, venue_id, name) VALUES (21002, 12971, 'Product12683');
INSERT INTO products (id, item_id, price) VALUES (12683, 21002, 12.5);
INSERT INTO venues (id, name) VALUES (12976, 'Venue12976');
INSERT INTO items (id, venue_id, name) VALUES (21003, 12976, 'Space18312');
INSERT INTO spaces (id, item_id, hour_price) VALUES (18312, 21003, 0);
INSERT INTO items (id, venue_id, name) VALUES (21004, 12976, 'Space18313');
INSERT INTO spaces (id, item_id, hour_price) VALUES (18313, 21004, 0);
INSERT INTO items (id, venue_id, name) VALUES (21005, 12976, 'Space18314');
INSERT INTO spaces (id, item_id, hour_price) VALUES (18314, 21005, 0);
INSERT INTO items (id, venue_id, name) VALUES (21006, 12976, 'Space18315');
INSERT INTO spaces (id, item_id, hour_price) VALUES (18315, 21006, 0);
INSERT INTO items (id, venue_id, name) VALUES (21007, 12976, 'Space18316');
INSERT INTO spaces (id, item_id, hour_price) VALUES (18316, 21007, 0);
INSERT INTO items (id, venue_id, name) VALUES (21008, 12976, 'Space18317');
INSERT INTO spaces (id, item_id, hour_price) VALUES (18317, 21008, 0);
INSERT INTO items (id, venue_id, name) VALUES (21009, 12976, 'Space18318');
INSERT INTO spaces (id, item_id, hour_price) VALUES (18318, 21009, 60);
INSERT INTO items (id, venue_id, name) VALUES (21010, 12976, 'Space18319');
INSERT INTO spaces (id, item_id, hour_price) VALUES (18319, 21010, 40);
INSERT INTO items (id, venue_id, name) VALUES (21011, 12976, 'Space18320');
INSERT INTO spaces (id, item_id, hour_price) VALUES (18320, 21011, 25);
INSERT INTO items (id, venue_id, name) VALUES (21012, 12976, 'Product12684');
INSERT INTO products (id, item_id, price) VALUES (12684, 21012, 0.5);
INSERT INTO items (id, venue_id, name) VALUES (21013, 12976, 'Product12685');
INSERT INTO products (id, item_id, price) VALUES (12685, 21013, 0.5);
INSERT INTO items (id, venue_id, name) VALUES (21014, 12976, 'Product12686');
INSERT INTO products (id, item_id, price) VALUES (12686, 21014, 2);
INSERT INTO items (id, venue_id, name) VALUES (21015, 12976, 'Product12687');
INSERT INTO products (id, item_id, price) VALUES (12687, 21015, 2);
INSERT INTO items (id, venue_id, name) VALUES (21016, 12976, 'Product12688');
INSERT INTO products (id, item_id, price) VALUES (12688, 21016, 1);
INSERT INTO items (id, venue_id, name) VALUES (21017, 12976, 'Product12689');
INSERT INTO products (id, item_id, price) VALUES (12689, 21017, 8);
INSERT INTO items (id, venue_id, name) VALUES (21018, 12976, 'Product12690');
INSERT INTO products (id, item_id, price) VALUES (12690, 21018, 15);
INSERT INTO items (id, venue_id, name) VALUES (21019, 12976, 'Product12691');
INSERT INTO products (id, item_id, price) VALUES (12691, 21019, 10);
INSERT INTO items (id, venue_id, name) VALUES (21020, 12976, 'Product12692');
INSERT INTO products (id, item_id, price) VALUES (12692, 21020, 80);
INSERT INTO items (id, venue_id, name) VALUES (21021, 12976, 'Product12693');
INSERT INTO products (id, item_id, price) VALUES (12693, 21021, 3);
INSERT INTO items (id, venue_id, name) VALUES (21022, 12976, 'Product12694');
INSERT INTO products (id, item_id, price) VALUES (12694, 21022, 12);
INSERT INTO items (id, venue_id, name) VALUES (21023, 12976, 'Product12695');
INSERT INTO products (id, item_id, price) VALUES (12695, 21023, 3);
INSERT INTO items (id, venue_id, name) VALUES (21024, 12976, 'Product12696');
INSERT INTO products (id, item_id, price) VALUES (12696, 21024, 12);
INSERT INTO venues (id, name) VALUES (12981, 'Venue12981');
INSERT INTO items (id, venue_id, name) VALUES (21025, 12981, 'Space18321');
INSERT INTO spaces (id, item_id, hour_price) VALUES (18321, 21025, 0);
INSERT INTO items (id, venue_id, name) VALUES (21026, 12981, 'Space18322');
INSERT INTO spaces (id, item_id, hour_price) VALUES (18322, 21026, 0);
INSERT INTO items (id, venue_id, name) VALUES (21027, 12981, 'Space18323');
INSERT INTO spaces (id, item_id, hour_price) VALUES (18323, 21027, 0);
INSERT INTO items (id, venue_id, name) VALUES (21028, 12981, 'Space18324');
INSERT INTO spaces (id, item_id, hour_price) VALUES (18324, 21028, 0);
INSERT INTO items (id, venue_id, name) VALUES (21029, 12981, 'Space18325');
INSERT INTO spaces (id, item_id, hour_price) VALUES (18325, 21029, 0);
INSERT INTO items (id, venue_id, name) VALUES (21030, 12981, 'Space18326');
INSERT INTO spaces (id, item_id, hour_price) VALUES (18326, 21030, 0);
INSERT INTO items (id, venue_id, name) VALUES (21031, 12981, 'Space18327');
INSERT INTO spaces (id, item_id, hour_price) VALUES (18327, 21031, 20);
INSERT INTO items (id, venue_id, name) VALUES (21032, 12981, 'Product12697');
INSERT INTO products (id, item_id, price) VALUES (12697, 21032, 3.4);
INSERT INTO items (id, venue_id, name) VALUES (21033, 12981, 'Product12698');
INSERT INTO products (id, item_id, price) VALUES (12698, 21033, 3);
INSERT INTO items (id, venue_id, name) VALUES (21034, 12981, 'Product12699');
INSERT INTO products (id, item_id, price) VALUES (12699, 21034, 9.5);
INSERT INTO items (id, venue_id, name) VALUES (21035, 12981, 'Product12700');
INSERT INTO products (id, item_id, price) VALUES (12700, 21035, 0);
INSERT INTO items (id, venue_id, name) VALUES (21036, 12981, 'Product12701');
INSERT INTO products (id, item_id, price) VALUES (12701, 21036, 0);
INSERT INTO venues (id, name) VALUES (12985, 'Venue12985');
INSERT INTO items (id, venue_id, name) VALUES (21044, 12985, 'Space18332');
INSERT INTO spaces (id, item_id, hour_price) VALUES (18332, 21044, 0);
INSERT INTO items (id, venue_id, name) VALUES (21045, 12985, 'Space18333');
INSERT INTO spaces (id, item_id, hour_price) VALUES (18333, 21045, 0);
INSERT INTO items (id, venue_id, name) VALUES (21046, 12985, 'Space18334');
INSERT INTO spaces (id, item_id, hour_price) VALUES (18334, 21046, 0);
INSERT INTO items (id, venue_id, name) VALUES (21047, 12985, 'Space18335');
INSERT INTO spaces (id, item_id, hour_price) VALUES (18335, 21047, 0);
INSERT INTO items (id, venue_id, name) VALUES (21048, 12985, 'Space18336');
INSERT INTO spaces (id, item_id, hour_price) VALUES (18336, 21048, 0);
INSERT INTO items (id, venue_id, name) VALUES (21049, 12985, 'Space18337');
INSERT INTO spaces (id, item_id, hour_price) VALUES (18337, 21049, 0);
INSERT INTO items (id, venue_id, name) VALUES (21050, 12985, 'Space18338');
INSERT INTO spaces (id, item_id, hour_price) VALUES (18338, 21050, 17.5);
INSERT INTO items (id, venue_id, name) VALUES (21051, 12985, 'Space18339');
INSERT INTO spaces (id, item_id, hour_price) VALUES (18339, 21051, 17.5);
INSERT INTO items (id, venue_id, name) VALUES (21052, 12985, 'Space18340');
INSERT INTO spaces (id, item_id, hour_price) VALUES (18340, 21052, 17.5);
INSERT INTO items (id, venue_id, name) VALUES (21053, 12985, 'Product12705');
INSERT INTO products (id, item_id, price) VALUES (12705, 21053, 2.2);
INSERT INTO items (id, venue_id, name) VALUES (21054, 12985, 'Product12706');
INSERT INTO products (id, item_id, price) VALUES (12706, 21054, 2.2);
INSERT INTO items (id, venue_id, name) VALUES (21055, 12985, 'Product12707');
INSERT INTO products (id, item_id, price) VALUES (12707, 21055, 10);
INSERT INTO items (id, venue_id, name) VALUES (21056, 12985, 'Product12708');
INSERT INTO products (id, item_id, price) VALUES (12708, 21056, 10);
INSERT INTO items (id, venue_id, name) VALUES (21057, 12985, 'Product12709');
INSERT INTO products (id, item_id, price) VALUES (12709, 21057, 10);
INSERT INTO items (id, venue_id, name) VALUES (21058, 12985, 'Product12710');
INSERT INTO products (id, item_id, price) VALUES (12710, 21058, 25);
INSERT INTO items (id, venue_id, name) VALUES (21059, 12985, 'Product12711');
INSERT INTO products (id, item_id, price) VALUES (12711, 21059, 12.5);
INSERT INTO items (id, venue_id, name) VALUES (21060, 12985, 'Product12712');
INSERT INTO products (id, item_id, price) VALUES (12712, 21060, 10);
INSERT INTO items (id, venue_id, name) VALUES (21061, 12985, 'Product12713');
INSERT INTO products (id, item_id, price) VALUES (12713, 21061, 40);
INSERT INTO items (id, venue_id, name) VALUES (21062, 12985, 'Product12714');
INSERT INTO products (id, item_id, price) VALUES (12714, 21062, 10);
INSERT INTO items (id, venue_id, name) VALUES (21063, 12985, 'Product12715');
INSERT INTO products (id, item_id, price) VALUES (12715, 21063, 40);
INSERT INTO items (id, venue_id, name) VALUES (21064, 12985, 'Product12716');
INSERT INTO products (id, item_id, price) VALUES (12716, 21064, 2.5);
INSERT INTO items (id, venue_id, name) VALUES (21065, 12985, 'Product12717');
INSERT INTO products (id, item_id, price) VALUES (12717, 21065, 17.5);
INSERT INTO items (id, venue_id, name) VALUES (21066, 12985, 'Product12718');
INSERT INTO products (id, item_id, price) VALUES (12718, 21066, 2.5);
INSERT INTO items (id, venue_id, name) VALUES (21067, 12985, 'Product12719');
INSERT INTO products (id, item_id, price) VALUES (12719, 21067, 40);
INSERT INTO items (id, venue_id, name) VALUES (21068, 12985, 'Product12720');
INSERT INTO products (id, item_id, price) VALUES (12720, 21068, 17.5);
INSERT INTO venues (id, name) VALUES (12990, 'Venue12990');
INSERT INTO items (id, venue_id, name) VALUES (21069, 12990, 'Space18341');
INSERT INTO spaces (id, item_id, hour_price) VALUES (18341, 21069, 0);
INSERT INTO items (id, venue_id, name) VALUES (21070, 12990, 'Space18342');
INSERT INTO spaces (id, item_id, hour_price) VALUES (18342, 21070, 0);
INSERT INTO items (id, venue_id, name) VALUES (21071, 12990, 'Space18343');
INSERT INTO spaces (id, item_id, hour_price) VALUES (18343, 21071, 0);
INSERT INTO items (id, venue_id, name) VALUES (21072, 12990, 'Space18344');
INSERT INTO spaces (id, item_id, hour_price) VALUES (18344, 21072, 0);
INSERT INTO items (id, venue_id, name) VALUES (21073, 12990, 'Space18345');
INSERT INTO spaces (id, item_id, hour_price) VALUES (18345, 21073, 0);
INSERT INTO items (id, venue_id, name) VALUES (21074, 12990, 'Space18346');
INSERT INTO spaces (id, item_id, hour_price) VALUES (18346, 21074, 0);
INSERT INTO items (id, venue_id, name) VALUES (21075, 12990, 'Space18347');
INSERT INTO spaces (id, item_id, hour_price) VALUES (18347, 21075, 25);
INSERT INTO items (id, venue_id, name) VALUES (21076, 12990, 'Product12721');
INSERT INTO products (id, item_id, price) VALUES (12721, 21076, 2.3);
INSERT INTO items (id, venue_id, name) VALUES (21077, 12990, 'Product12722');
INSERT INTO products (id, item_id, price) VALUES (12722, 21077, 2.2);
INSERT INTO items (id, venue_id, name) VALUES (21078, 12990, 'Product12723');
INSERT INTO products (id, item_id, price) VALUES (12723, 21078, 8.5);
INSERT INTO items (id, venue_id, name) VALUES (21079, 12990, 'Product12724');
INSERT INTO products (id, item_id, price) VALUES (12724, 21079, 18);
INSERT INTO items (id, venue_id, name) VALUES (21080, 12990, 'Product12725');
INSERT INTO products (id, item_id, price) VALUES (12725, 21080, 22);
INSERT INTO items (id, venue_id, name) VALUES (21081, 12990, 'Product12726');
INSERT INTO products (id, item_id, price) VALUES (12726, 21081, 10);
INSERT INTO venues (id, name) VALUES (12999, 'Venue12999');
INSERT INTO items (id, venue_id, name) VALUES (21095, 12999, 'Space18361');
INSERT INTO spaces (id, item_id, hour_price) VALUES (18361, 21095, 0);
INSERT INTO items (id, venue_id, name) VALUES (21096, 12999, 'Space18362');
INSERT INTO spaces (id, item_id, hour_price) VALUES (18362, 21096, 0);
INSERT INTO items (id, venue_id, name) VALUES (21097, 12999, 'Space18363');
INSERT INTO spaces (id, item_id, hour_price) VALUES (18363, 21097, 0);
INSERT INTO items (id, venue_id, name) VALUES (21098, 12999, 'Space18364');
INSERT INTO spaces (id, item_id, hour_price) VALUES (18364, 21098, 0);
INSERT INTO items (id, venue_id, name) VALUES (21099, 12999, 'Space18365');
INSERT INTO spaces (id, item_id, hour_price) VALUES (18365, 21099, 0);
INSERT INTO items (id, venue_id, name) VALUES (21100, 12999, 'Space18366');
INSERT INTO spaces (id, item_id, hour_price) VALUES (18366, 21100, 0);
INSERT INTO items (id, venue_id, name) VALUES (21101, 12999, 'Space18367');
INSERT INTO spaces (id, item_id, hour_price) VALUES (18367, 21101, 100);
INSERT INTO items (id, venue_id, name) VALUES (21102, 12999, 'Product12727');
INSERT INTO products (id, item_id, price) VALUES (12727, 21102, 2);
INSERT INTO items (id, venue_id, name) VALUES (21103, 12999, 'Product12728');
INSERT INTO products (id, item_id, price) VALUES (12728, 21103, 2);
INSERT INTO items (id, venue_id, name) VALUES (21104, 12999, 'Product12729');
INSERT INTO products (id, item_id, price) VALUES (12729, 21104, 8);
INSERT INTO items (id, venue_id, name) VALUES (21105, 12999, 'Product12730');
INSERT INTO products (id, item_id, price) VALUES (12730, 21105, 5);
INSERT INTO items (id, venue_id, name) VALUES (21107, 12999, 'Product12732');
INSERT INTO products (id, item_id, price) VALUES (12732, 21107, 7);
INSERT INTO items (id, venue_id, name) VALUES (21108, 12999, 'Product12733');
INSERT INTO products (id, item_id, price) VALUES (12733, 21108, 13.5);
INSERT INTO items (id, venue_id, name) VALUES (21109, 12999, 'Product12734');
INSERT INTO products (id, item_id, price) VALUES (12734, 21109, 0);
INSERT INTO items (id, venue_id, name) VALUES (21110, 12999, 'Product12735');
INSERT INTO products (id, item_id, price) VALUES (12735, 21110, 0);
INSERT INTO items (id, venue_id, name) VALUES (21111, 12999, 'Product12736');
INSERT INTO products (id, item_id, price) VALUES (12736, 21111, 0);
INSERT INTO items (id, venue_id, name) VALUES (21112, 12999, 'Product12737');
INSERT INTO products (id, item_id, price) VALUES (12737, 21112, 0);
INSERT INTO items (id, venue_id, name) VALUES (21113, 12999, 'Product12738');
INSERT INTO products (id, item_id, price) VALUES (12738, 21113, 0);
INSERT INTO items (id, venue_id, name) VALUES (21114, 12999, 'Product12739');
INSERT INTO products (id, item_id, price) VALUES (12739, 21114, 0);
INSERT INTO items (id, venue_id, name) VALUES (21115, 12999, 'Product12740');
INSERT INTO products (id, item_id, price) VALUES (12740, 21115, 0);
INSERT INTO items (id, venue_id, name) VALUES (21116, 12999, 'Product12741');
INSERT INTO products (id, item_id, price) VALUES (12741, 21116, 0);
INSERT INTO items (id, venue_id, name) VALUES (21117, 12999, 'Product12742');
INSERT INTO products (id, item_id, price) VALUES (12742, 21117, 0);
INSERT INTO items (id, venue_id, name) VALUES (21118, 12999, 'Product12743');
INSERT INTO products (id, item_id, price) VALUES (12743, 21118, 0);
INSERT INTO venues (id, name) VALUES (13004, 'Venue13004');
INSERT INTO items (id, venue_id, name) VALUES (21124, 13004, 'Space18368');
INSERT INTO spaces (id, item_id, hour_price) VALUES (18368, 21124, 0);
INSERT INTO items (id, venue_id, name) VALUES (21125, 13004, 'Space18369');
INSERT INTO spaces (id, item_id, hour_price) VALUES (18369, 21125, 0);
INSERT INTO items (id, venue_id, name) VALUES (21126, 13004, 'Space18370');
INSERT INTO spaces (id, item_id, hour_price) VALUES (18370, 21126, 0);
INSERT INTO items (id, venue_id, name) VALUES (21127, 13004, 'Space18371');
INSERT INTO spaces (id, item_id, hour_price) VALUES (18371, 21127, 0);
INSERT INTO items (id, venue_id, name) VALUES (21128, 13004, 'Space18372');
INSERT INTO spaces (id, item_id, hour_price) VALUES (18372, 21128, 0);
INSERT INTO items (id, venue_id, name) VALUES (21129, 13004, 'Space18373');
INSERT INTO spaces (id, item_id, hour_price) VALUES (18373, 21129, 0);
INSERT INTO items (id, venue_id, name) VALUES (21130, 13004, 'Space18374');
INSERT INTO spaces (id, item_id, hour_price) VALUES (18374, 21130, 30);
INSERT INTO items (id, venue_id, name) VALUES (21131, 13004, 'Space18375');
INSERT INTO spaces (id, item_id, hour_price) VALUES (18375, 21131, 30);
INSERT INTO items (id, venue_id, name) VALUES (21132, 13004, 'Space18376');
INSERT INTO spaces (id, item_id, hour_price) VALUES (18376, 21132, 30);
INSERT INTO items (id, venue_id, name) VALUES (21133, 13004, 'Space18377');
INSERT INTO spaces (id, item_id, hour_price) VALUES (18377, 21133, 90);
INSERT INTO items (id, venue_id, name) VALUES (21134, 13004, 'Product12749');
INSERT INTO products (id, item_id, price) VALUES (12749, 21134, 2);
INSERT INTO items (id, venue_id, name) VALUES (21135, 13004, 'Product12750');
INSERT INTO products (id, item_id, price) VALUES (12750, 21135, 1.75);
INSERT INTO items (id, venue_id, name) VALUES (21136, 13004, 'Product12751');
INSERT INTO products (id, item_id, price) VALUES (12751, 21136, 15);
INSERT INTO items (id, venue_id, name) VALUES (21137, 13004, 'Product12752');
INSERT INTO products (id, item_id, price) VALUES (12752, 21137, 12.5);
INSERT INTO items (id, venue_id, name) VALUES (21138, 13004, 'Product12753');
INSERT INTO products (id, item_id, price) VALUES (12753, 21138, 0);
INSERT INTO items (id, venue_id, name) VALUES (21139, 13004, 'Product12754');
INSERT INTO products (id, item_id, price) VALUES (12754, 21139, 0);
INSERT INTO items (id, venue_id, name) VALUES (21140, 13004, 'Product12755');
INSERT INTO products (id, item_id, price) VALUES (12755, 21140, 0);
INSERT INTO items (id, venue_id, name) VALUES (21141, 13004, 'Product12756');
INSERT INTO products (id, item_id, price) VALUES (12756, 21141, 0);
INSERT INTO items (id, venue_id, name) VALUES (21142, 13004, 'Product12757');
INSERT INTO products (id, item_id, price) VALUES (12757, 21142, 0);
INSERT INTO items (id, venue_id, name) VALUES (21143, 13004, 'Product12758');
INSERT INTO products (id, item_id, price) VALUES (12758, 21143, 0);
INSERT INTO items (id, venue_id, name) VALUES (21144, 13004, 'Product12759');
INSERT INTO products (id, item_id, price) VALUES (12759, 21144, 0);
INSERT INTO items (id, venue_id, name) VALUES (21145, 13004, 'Product12760');
INSERT INTO products (id, item_id, price) VALUES (12760, 21145, 0);
INSERT INTO items (id, venue_id, name) VALUES (21146, 13004, 'Product12761');
INSERT INTO products (id, item_id, price) VALUES (12761, 21146, 0);
INSERT INTO items (id, venue_id, name) VALUES (21147, 13004, 'Product12762');
INSERT INTO products (id, item_id, price) VALUES (12762, 21147, 0);
INSERT INTO items (id, venue_id, name) VALUES (21148, 13004, 'Product12763');
INSERT INTO products (id, item_id, price) VALUES (12763, 21148, 0);
INSERT INTO items (id, venue_id, name) VALUES (21149, 13004, 'Product12764');
INSERT INTO products (id, item_id, price) VALUES (12764, 21149, 0);
INSERT INTO items (id, venue_id, name) VALUES (22076, 13004, 'Product13214');
INSERT INTO products (id, item_id, price) VALUES (13214, 22076, 7.5);
INSERT INTO items (id, venue_id, name) VALUES (25768, 13004, 'Space20586');
INSERT INTO spaces (id, item_id, hour_price) VALUES (20586, 25768, 30);
INSERT INTO items (id, venue_id, name) VALUES (25769, 13004, 'Space20587');
INSERT INTO spaces (id, item_id, hour_price) VALUES (20587, 25769, 30);
INSERT INTO items (id, venue_id, name) VALUES (25770, 13004, 'Space20588');
INSERT INTO spaces (id, item_id, hour_price) VALUES (20588, 25770, 20);
INSERT INTO items (id, venue_id, name) VALUES (25771, 13004, 'Space20589');
INSERT INTO spaces (id, item_id, hour_price) VALUES (20589, 25771, 65);
INSERT INTO venues (id, name) VALUES (13009, 'Venue13009');
INSERT INTO items (id, venue_id, name) VALUES (21150, 13009, 'Space18378');
INSERT INTO spaces (id, item_id, hour_price) VALUES (18378, 21150, 0);
INSERT INTO items (id, venue_id, name) VALUES (21151, 13009, 'Space18379');
INSERT INTO spaces (id, item_id, hour_price) VALUES (18379, 21151, 0);
INSERT INTO items (id, venue_id, name) VALUES (21152, 13009, 'Space18380');
INSERT INTO spaces (id, item_id, hour_price) VALUES (18380, 21152, 0);
INSERT INTO items (id, venue_id, name) VALUES (21153, 13009, 'Space18381');
INSERT INTO spaces (id, item_id, hour_price) VALUES (18381, 21153, 0);
INSERT INTO items (id, venue_id, name) VALUES (21154, 13009, 'Space18382');
INSERT INTO spaces (id, item_id, hour_price) VALUES (18382, 21154, 0);
INSERT INTO items (id, venue_id, name) VALUES (21155, 13009, 'Space18383');
INSERT INTO spaces (id, item_id, hour_price) VALUES (18383, 21155, 0);
INSERT INTO items (id, venue_id, name) VALUES (21156, 13009, 'Space18384');
INSERT INTO spaces (id, item_id, hour_price) VALUES (18384, 21156, 79);
INSERT INTO items (id, venue_id, name) VALUES (21157, 13009, 'Product12765');
INSERT INTO products (id, item_id, price) VALUES (12765, 21157, 0);
INSERT INTO items (id, venue_id, name) VALUES (21158, 13009, 'Product12766');
INSERT INTO products (id, item_id, price) VALUES (12766, 21158, 0);
INSERT INTO items (id, venue_id, name) VALUES (21159, 13009, 'Product12767');
INSERT INTO products (id, item_id, price) VALUES (12767, 21159, 11);
INSERT INTO items (id, venue_id, name) VALUES (21160, 13009, 'Product12768');
INSERT INTO products (id, item_id, price) VALUES (12768, 21160, 40);
INSERT INTO items (id, venue_id, name) VALUES (21161, 13009, 'Product12769');
INSERT INTO products (id, item_id, price) VALUES (12769, 21161, 0);
INSERT INTO items (id, venue_id, name) VALUES (21162, 13009, 'Product12770');
INSERT INTO products (id, item_id, price) VALUES (12770, 21162, 0);
INSERT INTO items (id, venue_id, name) VALUES (21163, 13009, 'Product12771');
INSERT INTO products (id, item_id, price) VALUES (12771, 21163, 0);
INSERT INTO items (id, venue_id, name) VALUES (21164, 13009, 'Product12772');
INSERT INTO products (id, item_id, price) VALUES (12772, 21164, 0);
INSERT INTO items (id, venue_id, name) VALUES (21165, 13009, 'Product12773');
INSERT INTO products (id, item_id, price) VALUES (12773, 21165, 0);
INSERT INTO items (id, venue_id, name) VALUES (21166, 13009, 'Product12774');
INSERT INTO products (id, item_id, price) VALUES (12774, 21166, 0);
INSERT INTO venues (id, name) VALUES (13039, 'Venue13039');
INSERT INTO items (id, venue_id, name) VALUES (21274, 13039, 'Space18488');
INSERT INTO spaces (id, item_id, hour_price) VALUES (18488, 21274, 0);
INSERT INTO items (id, venue_id, name) VALUES (21275, 13039, 'Space18489');
INSERT INTO spaces (id, item_id, hour_price) VALUES (18489, 21275, 0);
INSERT INTO items (id, venue_id, name) VALUES (21276, 13039, 'Space18490');
INSERT INTO spaces (id, item_id, hour_price) VALUES (18490, 21276, 0);
INSERT INTO items (id, venue_id, name) VALUES (21277, 13039, 'Space18491');
INSERT INTO spaces (id, item_id, hour_price) VALUES (18491, 21277, 0);
INSERT INTO items (id, venue_id, name) VALUES (21278, 13039, 'Space18492');
INSERT INTO spaces (id, item_id, hour_price) VALUES (18492, 21278, 0);
INSERT INTO items (id, venue_id, name) VALUES (21279, 13039, 'Space18493');
INSERT INTO spaces (id, item_id, hour_price) VALUES (18493, 21279, 0);
INSERT INTO items (id, venue_id, name) VALUES (21280, 13039, 'Space18494');
INSERT INTO spaces (id, item_id, hour_price) VALUES (18494, 21280, 95);
INSERT INTO items (id, venue_id, name) VALUES (21281, 13039, 'Space18495');
INSERT INTO spaces (id, item_id, hour_price) VALUES (18495, 21281, 95);
INSERT INTO items (id, venue_id, name) VALUES (21282, 13039, 'Product12779');
INSERT INTO products (id, item_id, price) VALUES (12779, 21282, 2);
INSERT INTO items (id, venue_id, name) VALUES (21283, 13039, 'Product12780');
INSERT INTO products (id, item_id, price) VALUES (12780, 21283, 2);
INSERT INTO items (id, venue_id, name) VALUES (21284, 13039, 'Product12781');
INSERT INTO products (id, item_id, price) VALUES (12781, 21284, 7.5);
INSERT INTO items (id, venue_id, name) VALUES (21285, 13039, 'Product12782');
INSERT INTO products (id, item_id, price) VALUES (12782, 21285, 12.5);
INSERT INTO items (id, venue_id, name) VALUES (21286, 13039, 'Product12783');
INSERT INTO products (id, item_id, price) VALUES (12783, 21286, 0);
INSERT INTO items (id, venue_id, name) VALUES (21287, 13039, 'Product12784');
INSERT INTO products (id, item_id, price) VALUES (12784, 21287, 0);
INSERT INTO items (id, venue_id, name) VALUES (21288, 13039, 'Product12785');
INSERT INTO products (id, item_id, price) VALUES (12785, 21288, 25);
INSERT INTO items (id, venue_id, name) VALUES (21289, 13039, 'Product12786');
INSERT INTO products (id, item_id, price) VALUES (12786, 21289, 25);
INSERT INTO venues (id, name) VALUES (13044, 'Venue13044');
INSERT INTO items (id, venue_id, name) VALUES (21292, 13044, 'Space18497');
INSERT INTO spaces (id, item_id, hour_price) VALUES (18497, 21292, 0);
INSERT INTO items (id, venue_id, name) VALUES (21293, 13044, 'Space18498');
INSERT INTO spaces (id, item_id, hour_price) VALUES (18498, 21293, 0);
INSERT INTO items (id, venue_id, name) VALUES (21294, 13044, 'Space18499');
INSERT INTO spaces (id, item_id, hour_price) VALUES (18499, 21294, 0);
INSERT INTO items (id, venue_id, name) VALUES (21295, 13044, 'Space18500');
INSERT INTO spaces (id, item_id, hour_price) VALUES (18500, 21295, 0);
INSERT INTO items (id, venue_id, name) VALUES (21296, 13044, 'Space18501');
INSERT INTO spaces (id, item_id, hour_price) VALUES (18501, 21296, 0);
INSERT INTO items (id, venue_id, name) VALUES (21297, 13044, 'Space18502');
INSERT INTO spaces (id, item_id, hour_price) VALUES (18502, 21297, 0);
INSERT INTO items (id, venue_id, name) VALUES (21298, 13044, 'Space18503');
INSERT INTO spaces (id, item_id, hour_price) VALUES (18503, 21298, 7.5);
INSERT INTO items (id, venue_id, name) VALUES (21299, 13044, 'Product12788');
INSERT INTO products (id, item_id, price) VALUES (12788, 21299, 0);
INSERT INTO items (id, venue_id, name) VALUES (21300, 13044, 'Product12789');
INSERT INTO products (id, item_id, price) VALUES (12789, 21300, 0);
INSERT INTO items (id, venue_id, name) VALUES (21301, 13044, 'Product12790');
INSERT INTO products (id, item_id, price) VALUES (12790, 21301, 0);
INSERT INTO items (id, venue_id, name) VALUES (21302, 13044, 'Product12791');
INSERT INTO products (id, item_id, price) VALUES (12791, 21302, 0);
INSERT INTO items (id, venue_id, name) VALUES (21303, 13044, 'Product12792');
INSERT INTO products (id, item_id, price) VALUES (12792, 21303, 0);
INSERT INTO items (id, venue_id, name) VALUES (21304, 13044, 'Product12793');
INSERT INTO products (id, item_id, price) VALUES (12793, 21304, 0);
INSERT INTO items (id, venue_id, name) VALUES (21305, 13044, 'Product12794');
INSERT INTO products (id, item_id, price) VALUES (12794, 21305, 5);
INSERT INTO items (id, venue_id, name) VALUES (21306, 13044, 'Product12795');
INSERT INTO products (id, item_id, price) VALUES (12795, 21306, 0);
INSERT INTO items (id, venue_id, name) VALUES (21307, 13044, 'Product12796');
INSERT INTO products (id, item_id, price) VALUES (12796, 21307, 0);
INSERT INTO items (id, venue_id, name) VALUES (21308, 13044, 'Product12797');
INSERT INTO products (id, item_id, price) VALUES (12797, 21308, 0);
INSERT INTO items (id, venue_id, name) VALUES (21309, 13044, 'Product12798');
INSERT INTO products (id, item_id, price) VALUES (12798, 21309, 0);
INSERT INTO items (id, venue_id, name) VALUES (21310, 13044, 'Product12799');
INSERT INTO products (id, item_id, price) VALUES (12799, 21310, 0);
INSERT INTO items (id, venue_id, name) VALUES (21311, 13044, 'Product12800');
INSERT INTO products (id, item_id, price) VALUES (12800, 21311, 0);
INSERT INTO items (id, venue_id, name) VALUES (21341, 13044, 'Space18515');
INSERT INTO spaces (id, item_id, hour_price) VALUES (18515, 21341, 2);
INSERT INTO venues (id, name) VALUES (13049, 'Venue13049');
INSERT INTO items (id, venue_id, name) VALUES (21313, 13049, 'Space18505');
INSERT INTO spaces (id, item_id, hour_price) VALUES (18505, 21313, 0);
INSERT INTO items (id, venue_id, name) VALUES (21314, 13049, 'Space18506');
INSERT INTO spaces (id, item_id, hour_price) VALUES (18506, 21314, 0);
INSERT INTO items (id, venue_id, name) VALUES (21315, 13049, 'Space18507');
INSERT INTO spaces (id, item_id, hour_price) VALUES (18507, 21315, 0);
INSERT INTO items (id, venue_id, name) VALUES (21316, 13049, 'Space18508');
INSERT INTO spaces (id, item_id, hour_price) VALUES (18508, 21316, 0);
INSERT INTO items (id, venue_id, name) VALUES (21317, 13049, 'Space18509');
INSERT INTO spaces (id, item_id, hour_price) VALUES (18509, 21317, 0);
INSERT INTO items (id, venue_id, name) VALUES (21318, 13049, 'Space18510');
INSERT INTO spaces (id, item_id, hour_price) VALUES (18510, 21318, 0);
INSERT INTO items (id, venue_id, name) VALUES (21319, 13049, 'Space18511');
INSERT INTO spaces (id, item_id, hour_price) VALUES (18511, 21319, 175);
INSERT INTO items (id, venue_id, name) VALUES (21320, 13049, 'Space18512');
INSERT INTO spaces (id, item_id, hour_price) VALUES (18512, 21320, 75);
INSERT INTO items (id, venue_id, name) VALUES (21321, 13049, 'Space18513');
INSERT INTO spaces (id, item_id, hour_price) VALUES (18513, 21321, 6);
INSERT INTO items (id, venue_id, name) VALUES (21322, 13049, 'Space18514');
INSERT INTO spaces (id, item_id, hour_price) VALUES (18514, 21322, 6);
INSERT INTO items (id, venue_id, name) VALUES (21323, 13049, 'Product12801');
INSERT INTO products (id, item_id, price) VALUES (12801, 21323, 2);
INSERT INTO items (id, venue_id, name) VALUES (21324, 13049, 'Product12802');
INSERT INTO products (id, item_id, price) VALUES (12802, 21324, 2);
INSERT INTO items (id, venue_id, name) VALUES (21325, 13049, 'Product12803');
INSERT INTO products (id, item_id, price) VALUES (12803, 21325, 7.5);
INSERT INTO items (id, venue_id, name) VALUES (21326, 13049, 'Product12804');
INSERT INTO products (id, item_id, price) VALUES (12804, 21326, 5);
INSERT INTO items (id, venue_id, name) VALUES (21327, 13049, 'Product12805');
INSERT INTO products (id, item_id, price) VALUES (12805, 21327, 4);
INSERT INTO items (id, venue_id, name) VALUES (21328, 13049, 'Product12806');
INSERT INTO products (id, item_id, price) VALUES (12806, 21328, 4);
INSERT INTO items (id, venue_id, name) VALUES (21329, 13049, 'Product12807');
INSERT INTO products (id, item_id, price) VALUES (12807, 21329, 17.5);
INSERT INTO items (id, venue_id, name) VALUES (21330, 13049, 'Product12808');
INSERT INTO products (id, item_id, price) VALUES (12808, 21330, 0);
INSERT INTO items (id, venue_id, name) VALUES (21331, 13049, 'Product12809');
INSERT INTO products (id, item_id, price) VALUES (12809, 21331, 0);
INSERT INTO items (id, venue_id, name) VALUES (21332, 13049, 'Product12810');
INSERT INTO products (id, item_id, price) VALUES (12810, 21332, 0);
INSERT INTO items (id, venue_id, name) VALUES (21333, 13049, 'Product12811');
INSERT INTO products (id, item_id, price) VALUES (12811, 21333, 0);
INSERT INTO items (id, venue_id, name) VALUES (21334, 13049, 'Product12812');
INSERT INTO products (id, item_id, price) VALUES (12812, 21334, 0);
INSERT INTO items (id, venue_id, name) VALUES (21335, 13049, 'Product12813');
INSERT INTO products (id, item_id, price) VALUES (12813, 21335, 0);
INSERT INTO items (id, venue_id, name) VALUES (21336, 13049, 'Product12814');
INSERT INTO products (id, item_id, price) VALUES (12814, 21336, 0);
INSERT INTO items (id, venue_id, name) VALUES (21337, 13049, 'Product12815');
INSERT INTO products (id, item_id, price) VALUES (12815, 21337, 0);
INSERT INTO items (id, venue_id, name) VALUES (21338, 13049, 'Product12816');
INSERT INTO products (id, item_id, price) VALUES (12816, 21338, 0);
INSERT INTO items (id, venue_id, name) VALUES (21339, 13049, 'Product12817');
INSERT INTO products (id, item_id, price) VALUES (12817, 21339, 0);
INSERT INTO venues (id, name) VALUES (13051, 'Venue13051');
INSERT INTO items (id, venue_id, name) VALUES (21346, 13051, 'Space18516');
INSERT INTO spaces (id, item_id, hour_price) VALUES (18516, 21346, 0);
INSERT INTO items (id, venue_id, name) VALUES (21347, 13051, 'Space18517');
INSERT INTO spaces (id, item_id, hour_price) VALUES (18517, 21347, 0);
INSERT INTO items (id, venue_id, name) VALUES (21348, 13051, 'Space18518');
INSERT INTO spaces (id, item_id, hour_price) VALUES (18518, 21348, 0);
INSERT INTO items (id, venue_id, name) VALUES (21349, 13051, 'Space18519');
INSERT INTO spaces (id, item_id, hour_price) VALUES (18519, 21349, 0);
INSERT INTO items (id, venue_id, name) VALUES (21350, 13051, 'Space18520');
INSERT INTO spaces (id, item_id, hour_price) VALUES (18520, 21350, 0);
INSERT INTO items (id, venue_id, name) VALUES (21351, 13051, 'Space18521');
INSERT INTO spaces (id, item_id, hour_price) VALUES (18521, 21351, 0);
INSERT INTO items (id, venue_id, name) VALUES (21352, 13051, 'Space18522');
INSERT INTO spaces (id, item_id, hour_price) VALUES (18522, 21352, 20);
INSERT INTO items (id, venue_id, name) VALUES (21386, 13051, 'Space18539');
INSERT INTO spaces (id, item_id, hour_price) VALUES (18539, 21386, 20);
INSERT INTO venues (id, name) VALUES (13056, 'Venue13056');
INSERT INTO items (id, venue_id, name) VALUES (21353, 13056, 'Space18523');
INSERT INTO spaces (id, item_id, hour_price) VALUES (18523, 21353, 0);
INSERT INTO items (id, venue_id, name) VALUES (21354, 13056, 'Space18524');
INSERT INTO spaces (id, item_id, hour_price) VALUES (18524, 21354, 0);
INSERT INTO items (id, venue_id, name) VALUES (21355, 13056, 'Space18525');
INSERT INTO spaces (id, item_id, hour_price) VALUES (18525, 21355, 0);
INSERT INTO items (id, venue_id, name) VALUES (21356, 13056, 'Space18526');
INSERT INTO spaces (id, item_id, hour_price) VALUES (18526, 21356, 0);
INSERT INTO items (id, venue_id, name) VALUES (21357, 13056, 'Space18527');
INSERT INTO spaces (id, item_id, hour_price) VALUES (18527, 21357, 0);
INSERT INTO items (id, venue_id, name) VALUES (21358, 13056, 'Space18528');
INSERT INTO spaces (id, item_id, hour_price) VALUES (18528, 21358, 0);
INSERT INTO items (id, venue_id, name) VALUES (21359, 13056, 'Space18529');
INSERT INTO spaces (id, item_id, hour_price) VALUES (18529, 21359, 330);
INSERT INTO items (id, venue_id, name) VALUES (21360, 13056, 'Space18530');
INSERT INTO spaces (id, item_id, hour_price) VALUES (18530, 21360, 485);
INSERT INTO items (id, venue_id, name) VALUES (21361, 13056, 'Space18531');
INSERT INTO spaces (id, item_id, hour_price) VALUES (18531, 21361, 127.5);
INSERT INTO items (id, venue_id, name) VALUES (21362, 13056, 'Product12823');
INSERT INTO products (id, item_id, price) VALUES (12823, 21362, 1);
INSERT INTO items (id, venue_id, name) VALUES (21363, 13056, 'Product12824');
INSERT INTO products (id, item_id, price) VALUES (12824, 21363, 1);
INSERT INTO items (id, venue_id, name) VALUES (21364, 13056, 'Product12825');
INSERT INTO products (id, item_id, price) VALUES (12825, 21364, 7);
INSERT INTO items (id, venue_id, name) VALUES (21365, 13056, 'Product12826');
INSERT INTO products (id, item_id, price) VALUES (12826, 21365, 9.5);
INSERT INTO items (id, venue_id, name) VALUES (21366, 13056, 'Product12827');
INSERT INTO products (id, item_id, price) VALUES (12827, 21366, 50);
INSERT INTO items (id, venue_id, name) VALUES (21367, 13056, 'Product12828');
INSERT INTO products (id, item_id, price) VALUES (12828, 21367, 0);
INSERT INTO items (id, venue_id, name) VALUES (21368, 13056, 'Product12829');
INSERT INTO products (id, item_id, price) VALUES (12829, 21368, 50);
INSERT INTO venues (id, name) VALUES (13061, 'Venue13061');
INSERT INTO items (id, venue_id, name) VALUES (21369, 13061, 'Space18532');
INSERT INTO spaces (id, item_id, hour_price) VALUES (18532, 21369, 0);
INSERT INTO items (id, venue_id, name) VALUES (21370, 13061, 'Space18533');
INSERT INTO spaces (id, item_id, hour_price) VALUES (18533, 21370, 0);
INSERT INTO items (id, venue_id, name) VALUES (21371, 13061, 'Space18534');
INSERT INTO spaces (id, item_id, hour_price) VALUES (18534, 21371, 0);
INSERT INTO items (id, venue_id, name) VALUES (21372, 13061, 'Space18535');
INSERT INTO spaces (id, item_id, hour_price) VALUES (18535, 21372, 0);
INSERT INTO items (id, venue_id, name) VALUES (21373, 13061, 'Space18536');
INSERT INTO spaces (id, item_id, hour_price) VALUES (18536, 21373, 0);
INSERT INTO items (id, venue_id, name) VALUES (21374, 13061, 'Space18537');
INSERT INTO spaces (id, item_id, hour_price) VALUES (18537, 21374, 0);
INSERT INTO items (id, venue_id, name) VALUES (21375, 13061, 'Space18538');
INSERT INTO spaces (id, item_id, hour_price) VALUES (18538, 21375, 30);
INSERT INTO items (id, venue_id, name) VALUES (21376, 13061, 'Product12830');
INSERT INTO products (id, item_id, price) VALUES (12830, 21376, 1);
INSERT INTO items (id, venue_id, name) VALUES (21377, 13061, 'Product12831');
INSERT INTO products (id, item_id, price) VALUES (12831, 21377, 1);
INSERT INTO items (id, venue_id, name) VALUES (21378, 13061, 'Product12832');
INSERT INTO products (id, item_id, price) VALUES (12832, 21378, 5);
INSERT INTO items (id, venue_id, name) VALUES (21379, 13061, 'Product12833');
INSERT INTO products (id, item_id, price) VALUES (12833, 21379, 5);
INSERT INTO items (id, venue_id, name) VALUES (21380, 13061, 'Product12834');
INSERT INTO products (id, item_id, price) VALUES (12834, 21380, 25);
INSERT INTO items (id, venue_id, name) VALUES (21381, 13061, 'Product12835');
INSERT INTO products (id, item_id, price) VALUES (12835, 21381, 25);
INSERT INTO items (id, venue_id, name) VALUES (21382, 13061, 'Product12836');
INSERT INTO products (id, item_id, price) VALUES (12836, 21382, 0);
INSERT INTO items (id, venue_id, name) VALUES (21383, 13061, 'Product12837');
INSERT INTO products (id, item_id, price) VALUES (12837, 21383, 0);
INSERT INTO items (id, venue_id, name) VALUES (21384, 13061, 'Product12838');
INSERT INTO products (id, item_id, price) VALUES (12838, 21384, 5);
INSERT INTO items (id, venue_id, name) VALUES (21385, 13061, 'Product12839');
INSERT INTO products (id, item_id, price) VALUES (12839, 21385, 5);
INSERT INTO venues (id, name) VALUES (13066, 'Venue13066');
INSERT INTO items (id, venue_id, name) VALUES (21394, 13066, 'Space18541');
INSERT INTO spaces (id, item_id, hour_price) VALUES (18541, 21394, 0);
INSERT INTO items (id, venue_id, name) VALUES (21395, 13066, 'Space18542');
INSERT INTO spaces (id, item_id, hour_price) VALUES (18542, 21395, 0);
INSERT INTO items (id, venue_id, name) VALUES (21396, 13066, 'Space18543');
INSERT INTO spaces (id, item_id, hour_price) VALUES (18543, 21396, 0);
INSERT INTO items (id, venue_id, name) VALUES (21397, 13066, 'Space18544');
INSERT INTO spaces (id, item_id, hour_price) VALUES (18544, 21397, 0);
INSERT INTO items (id, venue_id, name) VALUES (21398, 13066, 'Space18545');
INSERT INTO spaces (id, item_id, hour_price) VALUES (18545, 21398, 0);
INSERT INTO items (id, venue_id, name) VALUES (21399, 13066, 'Space18546');
INSERT INTO spaces (id, item_id, hour_price) VALUES (18546, 21399, 0);
INSERT INTO venues (id, name) VALUES (13070, 'Venue13070');
INSERT INTO items (id, venue_id, name) VALUES (21408, 13070, 'Space18549');
INSERT INTO spaces (id, item_id, hour_price) VALUES (18549, 21408, 0);
INSERT INTO items (id, venue_id, name) VALUES (21409, 13070, 'Space18550');
INSERT INTO spaces (id, item_id, hour_price) VALUES (18550, 21409, 0);
INSERT INTO items (id, venue_id, name) VALUES (21410, 13070, 'Space18551');
INSERT INTO spaces (id, item_id, hour_price) VALUES (18551, 21410, 0);
INSERT INTO items (id, venue_id, name) VALUES (21411, 13070, 'Space18552');
INSERT INTO spaces (id, item_id, hour_price) VALUES (18552, 21411, 0);
INSERT INTO items (id, venue_id, name) VALUES (21412, 13070, 'Space18553');
INSERT INTO spaces (id, item_id, hour_price) VALUES (18553, 21412, 0);
INSERT INTO items (id, venue_id, name) VALUES (21413, 13070, 'Space18554');
INSERT INTO spaces (id, item_id, hour_price) VALUES (18554, 21413, 0);
INSERT INTO items (id, venue_id, name) VALUES (21414, 13070, 'Space18555');
INSERT INTO spaces (id, item_id, hour_price) VALUES (18555, 21414, 15);
INSERT INTO items (id, venue_id, name) VALUES (21415, 13070, 'Space18556');
INSERT INTO spaces (id, item_id, hour_price) VALUES (18556, 21415, 20);
INSERT INTO items (id, venue_id, name) VALUES (21416, 13070, 'Space18557');
INSERT INTO spaces (id, item_id, hour_price) VALUES (18557, 21416, 20);
INSERT INTO items (id, venue_id, name) VALUES (21417, 13070, 'Product12852');
INSERT INTO products (id, item_id, price) VALUES (12852, 21417, 1.75);
INSERT INTO items (id, venue_id, name) VALUES (21418, 13070, 'Product12853');
INSERT INTO products (id, item_id, price) VALUES (12853, 21418, 1.75);
INSERT INTO items (id, venue_id, name) VALUES (21419, 13070, 'Product12854');
INSERT INTO products (id, item_id, price) VALUES (12854, 21419, 7.5);
INSERT INTO items (id, venue_id, name) VALUES (21420, 13070, 'Product12855');
INSERT INTO products (id, item_id, price) VALUES (12855, 21420, 7.5);
INSERT INTO items (id, venue_id, name) VALUES (21421, 13070, 'Product12856');
INSERT INTO products (id, item_id, price) VALUES (12856, 21421, 7.5);
INSERT INTO items (id, venue_id, name) VALUES (21422, 13070, 'Product12857');
INSERT INTO products (id, item_id, price) VALUES (12857, 21422, 15);
INSERT INTO items (id, venue_id, name) VALUES (21423, 13070, 'Product12858');
INSERT INTO products (id, item_id, price) VALUES (12858, 21423, 17.5);
INSERT INTO items (id, venue_id, name) VALUES (21424, 13070, 'Product12859');
INSERT INTO products (id, item_id, price) VALUES (12859, 21424, 45);
INSERT INTO items (id, venue_id, name) VALUES (21425, 13070, 'Product12860');
INSERT INTO products (id, item_id, price) VALUES (12860, 21425, 15);
INSERT INTO items (id, venue_id, name) VALUES (21426, 13070, 'Product12861');
INSERT INTO products (id, item_id, price) VALUES (12861, 21426, 15);
INSERT INTO items (id, venue_id, name) VALUES (21427, 13070, 'Product12862');
INSERT INTO products (id, item_id, price) VALUES (12862, 21427, 45);
INSERT INTO venues (id, name) VALUES (13074, 'Venue13074');
INSERT INTO items (id, venue_id, name) VALUES (21428, 13074, 'Space18558');
INSERT INTO spaces (id, item_id, hour_price) VALUES (18558, 21428, 0);
INSERT INTO items (id, venue_id, name) VALUES (21429, 13074, 'Space18559');
INSERT INTO spaces (id, item_id, hour_price) VALUES (18559, 21429, 0);
INSERT INTO items (id, venue_id, name) VALUES (21430, 13074, 'Space18560');
INSERT INTO spaces (id, item_id, hour_price) VALUES (18560, 21430, 0);
INSERT INTO items (id, venue_id, name) VALUES (21431, 13074, 'Space18561');
INSERT INTO spaces (id, item_id, hour_price) VALUES (18561, 21431, 0);
INSERT INTO items (id, venue_id, name) VALUES (21432, 13074, 'Space18562');
INSERT INTO spaces (id, item_id, hour_price) VALUES (18562, 21432, 0);
INSERT INTO items (id, venue_id, name) VALUES (21433, 13074, 'Space18563');
INSERT INTO spaces (id, item_id, hour_price) VALUES (18563, 21433, 0);
INSERT INTO items (id, venue_id, name) VALUES (21434, 13074, 'Space18564');
INSERT INTO spaces (id, item_id, hour_price) VALUES (18564, 21434, 25);
INSERT INTO items (id, venue_id, name) VALUES (21435, 13074, 'Product12863');
INSERT INTO products (id, item_id, price) VALUES (12863, 21435, 0.5);
INSERT INTO items (id, venue_id, name) VALUES (21436, 13074, 'Product12864');
INSERT INTO products (id, item_id, price) VALUES (12864, 21436, 0.5);
INSERT INTO venues (id, name) VALUES (13079, 'Venue13079');
INSERT INTO items (id, venue_id, name) VALUES (21437, 13079, 'Space18565');
INSERT INTO spaces (id, item_id, hour_price) VALUES (18565, 21437, 0);
INSERT INTO items (id, venue_id, name) VALUES (21438, 13079, 'Space18566');
INSERT INTO spaces (id, item_id, hour_price) VALUES (18566, 21438, 0);
INSERT INTO items (id, venue_id, name) VALUES (21439, 13079, 'Space18567');
INSERT INTO spaces (id, item_id, hour_price) VALUES (18567, 21439, 0);
INSERT INTO items (id, venue_id, name) VALUES (21440, 13079, 'Space18568');
INSERT INTO spaces (id, item_id, hour_price) VALUES (18568, 21440, 0);
INSERT INTO items (id, venue_id, name) VALUES (21441, 13079, 'Space18569');
INSERT INTO spaces (id, item_id, hour_price) VALUES (18569, 21441, 0);
INSERT INTO items (id, venue_id, name) VALUES (21442, 13079, 'Space18570');
INSERT INTO spaces (id, item_id, hour_price) VALUES (18570, 21442, 0);
INSERT INTO items (id, venue_id, name) VALUES (21443, 13079, 'Space18571');
INSERT INTO spaces (id, item_id, hour_price) VALUES (18571, 21443, 45);
INSERT INTO items (id, venue_id, name) VALUES (21444, 13079, 'Product12865');
INSERT INTO products (id, item_id, price) VALUES (12865, 21444, 2);
INSERT INTO items (id, venue_id, name) VALUES (21445, 13079, 'Product12866');
INSERT INTO products (id, item_id, price) VALUES (12866, 21445, 2);
INSERT INTO items (id, venue_id, name) VALUES (21446, 13079, 'Product12867');
INSERT INTO products (id, item_id, price) VALUES (12867, 21446, 7.5);
INSERT INTO items (id, venue_id, name) VALUES (21447, 13079, 'Product12868');
INSERT INTO products (id, item_id, price) VALUES (12868, 21447, 12.5);
INSERT INTO items (id, venue_id, name) VALUES (21448, 13079, 'Product12869');
INSERT INTO products (id, item_id, price) VALUES (12869, 21448, 10);
INSERT INTO items (id, venue_id, name) VALUES (21449, 13079, 'Product12870');
INSERT INTO products (id, item_id, price) VALUES (12870, 21449, 35);
INSERT INTO items (id, venue_id, name) VALUES (21450, 13079, 'Product12871');
INSERT INTO products (id, item_id, price) VALUES (12871, 21450, 0);
INSERT INTO items (id, venue_id, name) VALUES (21451, 13079, 'Product12872');
INSERT INTO products (id, item_id, price) VALUES (12872, 21451, 0);
INSERT INTO items (id, venue_id, name) VALUES (21452, 13079, 'Product12873');
INSERT INTO products (id, item_id, price) VALUES (12873, 21452, 7.5);
INSERT INTO items (id, venue_id, name) VALUES (21453, 13079, 'Product12874');
INSERT INTO products (id, item_id, price) VALUES (12874, 21453, 7.5);
INSERT INTO venues (id, name) VALUES (13083, 'Venue13083');
INSERT INTO items (id, venue_id, name) VALUES (21454, 13083, 'Space18572');
INSERT INTO spaces (id, item_id, hour_price) VALUES (18572, 21454, 0);
INSERT INTO items (id, venue_id, name) VALUES (21455, 13083, 'Space18573');
INSERT INTO spaces (id, item_id, hour_price) VALUES (18573, 21455, 0);
INSERT INTO items (id, venue_id, name) VALUES (21456, 13083, 'Space18574');
INSERT INTO spaces (id, item_id, hour_price) VALUES (18574, 21456, 0);
INSERT INTO items (id, venue_id, name) VALUES (21457, 13083, 'Space18575');
INSERT INTO spaces (id, item_id, hour_price) VALUES (18575, 21457, 0);
INSERT INTO items (id, venue_id, name) VALUES (21458, 13083, 'Space18576');
INSERT INTO spaces (id, item_id, hour_price) VALUES (18576, 21458, 0);
INSERT INTO items (id, venue_id, name) VALUES (21459, 13083, 'Space18577');
INSERT INTO spaces (id, item_id, hour_price) VALUES (18577, 21459, 0);
INSERT INTO items (id, venue_id, name) VALUES (21460, 13083, 'Space18578');
INSERT INTO spaces (id, item_id, hour_price) VALUES (18578, 21460, 25);
INSERT INTO items (id, venue_id, name) VALUES (21461, 13083, 'Space18579');
INSERT INTO spaces (id, item_id, hour_price) VALUES (18579, 21461, 15);
INSERT INTO items (id, venue_id, name) VALUES (21462, 13083, 'Space18580');
INSERT INTO spaces (id, item_id, hour_price) VALUES (18580, 21462, 20);
INSERT INTO items (id, venue_id, name) VALUES (21463, 13083, 'Product12875');
INSERT INTO products (id, item_id, price) VALUES (12875, 21463, 0);
INSERT INTO items (id, venue_id, name) VALUES (21464, 13083, 'Product12876');
INSERT INTO products (id, item_id, price) VALUES (12876, 21464, 0);
INSERT INTO items (id, venue_id, name) VALUES (21465, 13083, 'Product12877');
INSERT INTO products (id, item_id, price) VALUES (12877, 21465, 0);
INSERT INTO items (id, venue_id, name) VALUES (21466, 13083, 'Product12878');
INSERT INTO products (id, item_id, price) VALUES (12878, 21466, 0);
INSERT INTO items (id, venue_id, name) VALUES (21467, 13083, 'Product12879');
INSERT INTO products (id, item_id, price) VALUES (12879, 21467, 0);
INSERT INTO items (id, venue_id, name) VALUES (21468, 13083, 'Product12880');
INSERT INTO products (id, item_id, price) VALUES (12880, 21468, 0);
INSERT INTO items (id, venue_id, name) VALUES (21469, 13083, 'Product12881');
INSERT INTO products (id, item_id, price) VALUES (12881, 21469, 0);
INSERT INTO items (id, venue_id, name) VALUES (21470, 13083, 'Product12882');
INSERT INTO products (id, item_id, price) VALUES (12882, 21470, 0);
INSERT INTO items (id, venue_id, name) VALUES (21471, 13083, 'Product12883');
INSERT INTO products (id, item_id, price) VALUES (12883, 21471, 0);
INSERT INTO items (id, venue_id, name) VALUES (21472, 13083, 'Product12884');
INSERT INTO products (id, item_id, price) VALUES (12884, 21472, 0);
INSERT INTO items (id, venue_id, name) VALUES (21475, 13083, 'Product12887');
INSERT INTO products (id, item_id, price) VALUES (12887, 21475, 0);
INSERT INTO items (id, venue_id, name) VALUES (21476, 13083, 'Product12888');
INSERT INTO products (id, item_id, price) VALUES (12888, 21476, 0);
INSERT INTO items (id, venue_id, name) VALUES (22962, 13083, 'Space19285');
INSERT INTO spaces (id, item_id, hour_price) VALUES (19285, 22962, 40);
INSERT INTO items (id, venue_id, name) VALUES (22963, 13083, 'Space19286');
INSERT INTO spaces (id, item_id, hour_price) VALUES (19286, 22963, 5);
INSERT INTO venues (id, name) VALUES (13087, 'Venue13087');
INSERT INTO items (id, venue_id, name) VALUES (21478, 13087, 'Space18581');
INSERT INTO spaces (id, item_id, hour_price) VALUES (18581, 21478, 0);
INSERT INTO items (id, venue_id, name) VALUES (21479, 13087, 'Space18582');
INSERT INTO spaces (id, item_id, hour_price) VALUES (18582, 21479, 0);
INSERT INTO items (id, venue_id, name) VALUES (21480, 13087, 'Space18583');
INSERT INTO spaces (id, item_id, hour_price) VALUES (18583, 21480, 0);
INSERT INTO items (id, venue_id, name) VALUES (21481, 13087, 'Space18584');
INSERT INTO spaces (id, item_id, hour_price) VALUES (18584, 21481, 0);
INSERT INTO items (id, venue_id, name) VALUES (21482, 13087, 'Space18585');
INSERT INTO spaces (id, item_id, hour_price) VALUES (18585, 21482, 0);
INSERT INTO items (id, venue_id, name) VALUES (21483, 13087, 'Space18586');
INSERT INTO spaces (id, item_id, hour_price) VALUES (18586, 21483, 0);
INSERT INTO items (id, venue_id, name) VALUES (21484, 13087, 'Space18587');
INSERT INTO spaces (id, item_id, hour_price) VALUES (18587, 21484, 20);
INSERT INTO items (id, venue_id, name) VALUES (21485, 13087, 'Space18588');
INSERT INTO spaces (id, item_id, hour_price) VALUES (18588, 21485, 0);
INSERT INTO items (id, venue_id, name) VALUES (21486, 13087, 'Product12890');
INSERT INTO products (id, item_id, price) VALUES (12890, 21486, 2);
INSERT INTO items (id, venue_id, name) VALUES (21487, 13087, 'Product12891');
INSERT INTO products (id, item_id, price) VALUES (12891, 21487, 1.9);
INSERT INTO items (id, venue_id, name) VALUES (21488, 13087, 'Product12892');
INSERT INTO products (id, item_id, price) VALUES (12892, 21488, 13.5);
INSERT INTO items (id, venue_id, name) VALUES (21489, 13087, 'Product12893');
INSERT INTO products (id, item_id, price) VALUES (12893, 21489, 13.5);
INSERT INTO items (id, venue_id, name) VALUES (21490, 13087, 'Product12894');
INSERT INTO products (id, item_id, price) VALUES (12894, 21490, 9.5);
INSERT INTO items (id, venue_id, name) VALUES (21491, 13087, 'Product12895');
INSERT INTO products (id, item_id, price) VALUES (12895, 21491, 8.5);
INSERT INTO items (id, venue_id, name) VALUES (21492, 13087, 'Product12896');
INSERT INTO products (id, item_id, price) VALUES (12896, 21492, 75);
INSERT INTO items (id, venue_id, name) VALUES (21493, 13087, 'Product12897');
INSERT INTO products (id, item_id, price) VALUES (12897, 21493, 13.5);
INSERT INTO items (id, venue_id, name) VALUES (22031, 13087, 'Product13190');
INSERT INTO products (id, item_id, price) VALUES (13190, 22031, 25);
INSERT INTO venues (id, name) VALUES (13092, 'Venue13092');
INSERT INTO items (id, venue_id, name) VALUES (21495, 13092, 'Space18590');
INSERT INTO spaces (id, item_id, hour_price) VALUES (18590, 21495, 0);
INSERT INTO items (id, venue_id, name) VALUES (21496, 13092, 'Space18591');
INSERT INTO spaces (id, item_id, hour_price) VALUES (18591, 21496, 0);
INSERT INTO items (id, venue_id, name) VALUES (21497, 13092, 'Space18592');
INSERT INTO spaces (id, item_id, hour_price) VALUES (18592, 21497, 0);
INSERT INTO items (id, venue_id, name) VALUES (21498, 13092, 'Space18593');
INSERT INTO spaces (id, item_id, hour_price) VALUES (18593, 21498, 0);
INSERT INTO items (id, venue_id, name) VALUES (21499, 13092, 'Space18594');
INSERT INTO spaces (id, item_id, hour_price) VALUES (18594, 21499, 0);
INSERT INTO items (id, venue_id, name) VALUES (21500, 13092, 'Space18595');
INSERT INTO spaces (id, item_id, hour_price) VALUES (18595, 21500, 0);
INSERT INTO items (id, venue_id, name) VALUES (21501, 13092, 'Space18596');
INSERT INTO spaces (id, item_id, hour_price) VALUES (18596, 21501, 2750);
INSERT INTO items (id, venue_id, name) VALUES (21502, 13092, 'Product12898');
INSERT INTO products (id, item_id, price) VALUES (12898, 21502, 0);
INSERT INTO items (id, venue_id, name) VALUES (21503, 13092, 'Product12899');
INSERT INTO products (id, item_id, price) VALUES (12899, 21503, 0);
INSERT INTO items (id, venue_id, name) VALUES (21504, 13092, 'Product12900');
INSERT INTO products (id, item_id, price) VALUES (12900, 21504, 0);
INSERT INTO items (id, venue_id, name) VALUES (21505, 13092, 'Product12901');
INSERT INTO products (id, item_id, price) VALUES (12901, 21505, 0);
INSERT INTO items (id, venue_id, name) VALUES (21506, 13092, 'Product12902');
INSERT INTO products (id, item_id, price) VALUES (12902, 21506, 0);
INSERT INTO items (id, venue_id, name) VALUES (21507, 13092, 'Product12903');
INSERT INTO products (id, item_id, price) VALUES (12903, 21507, 0);
INSERT INTO items (id, venue_id, name) VALUES (21508, 13092, 'Product12904');
INSERT INTO products (id, item_id, price) VALUES (12904, 21508, 0);
INSERT INTO items (id, venue_id, name) VALUES (21509, 13092, 'Product12905');
INSERT INTO products (id, item_id, price) VALUES (12905, 21509, 0);
INSERT INTO items (id, venue_id, name) VALUES (21510, 13092, 'Product12906');
INSERT INTO products (id, item_id, price) VALUES (12906, 21510, 0);
INSERT INTO items (id, venue_id, name) VALUES (21511, 13092, 'Product12907');
INSERT INTO products (id, item_id, price) VALUES (12907, 21511, 0);
INSERT INTO items (id, venue_id, name) VALUES (21512, 13092, 'Product12908');
INSERT INTO products (id, item_id, price) VALUES (12908, 21512, 0);
INSERT INTO items (id, venue_id, name) VALUES (21513, 13092, 'Product12909');
INSERT INTO products (id, item_id, price) VALUES (12909, 21513, 0);
INSERT INTO items (id, venue_id, name) VALUES (21514, 13092, 'Product12910');
INSERT INTO products (id, item_id, price) VALUES (12910, 21514, 0);
INSERT INTO items (id, venue_id, name) VALUES (21515, 13092, 'Product12911');
INSERT INTO products (id, item_id, price) VALUES (12911, 21515, 0);
INSERT INTO items (id, venue_id, name) VALUES (21516, 13092, 'Product12912');
INSERT INTO products (id, item_id, price) VALUES (12912, 21516, 0);
INSERT INTO items (id, venue_id, name) VALUES (21517, 13092, 'Product12913');
INSERT INTO products (id, item_id, price) VALUES (12913, 21517, 0);
INSERT INTO items (id, venue_id, name) VALUES (21518, 13092, 'Product12914');
INSERT INTO products (id, item_id, price) VALUES (12914, 21518, 0);
INSERT INTO venues (id, name) VALUES (13097, 'Venue13097');
INSERT INTO items (id, venue_id, name) VALUES (21519, 13097, 'Space18597');
INSERT INTO spaces (id, item_id, hour_price) VALUES (18597, 21519, 0);
INSERT INTO items (id, venue_id, name) VALUES (21520, 13097, 'Space18598');
INSERT INTO spaces (id, item_id, hour_price) VALUES (18598, 21520, 0);
INSERT INTO items (id, venue_id, name) VALUES (21521, 13097, 'Space18599');
INSERT INTO spaces (id, item_id, hour_price) VALUES (18599, 21521, 0);
INSERT INTO items (id, venue_id, name) VALUES (21522, 13097, 'Space18600');
INSERT INTO spaces (id, item_id, hour_price) VALUES (18600, 21522, 0);
INSERT INTO items (id, venue_id, name) VALUES (21523, 13097, 'Space18601');
INSERT INTO spaces (id, item_id, hour_price) VALUES (18601, 21523, 0);
INSERT INTO items (id, venue_id, name) VALUES (21524, 13097, 'Space18602');
INSERT INTO spaces (id, item_id, hour_price) VALUES (18602, 21524, 0);
INSERT INTO items (id, venue_id, name) VALUES (21525, 13097, 'Space18603');
INSERT INTO spaces (id, item_id, hour_price) VALUES (18603, 21525, 50);
INSERT INTO items (id, venue_id, name) VALUES (21526, 13097, 'Product12915');
INSERT INTO products (id, item_id, price) VALUES (12915, 21526, 0.3);
INSERT INTO items (id, venue_id, name) VALUES (21527, 13097, 'Product12916');
INSERT INTO products (id, item_id, price) VALUES (12916, 21527, 0.3);
INSERT INTO items (id, venue_id, name) VALUES (21528, 13097, 'Product12917');
INSERT INTO products (id, item_id, price) VALUES (12917, 21528, 3);
INSERT INTO items (id, venue_id, name) VALUES (21529, 13097, 'Product12918');
INSERT INTO products (id, item_id, price) VALUES (12918, 21529, 3);
INSERT INTO items (id, venue_id, name) VALUES (21530, 13097, 'Product12919');
INSERT INTO products (id, item_id, price) VALUES (12919, 21530, 8);
INSERT INTO items (id, venue_id, name) VALUES (21531, 13097, 'Product12920');
INSERT INTO products (id, item_id, price) VALUES (12920, 21531, 0);
INSERT INTO items (id, venue_id, name) VALUES (21532, 13097, 'Product12921');
INSERT INTO products (id, item_id, price) VALUES (12921, 21532, 0);
INSERT INTO items (id, venue_id, name) VALUES (21533, 13097, 'Product12922');
INSERT INTO products (id, item_id, price) VALUES (12922, 21533, 0);
INSERT INTO items (id, venue_id, name) VALUES (21534, 13097, 'Product12923');
INSERT INTO products (id, item_id, price) VALUES (12923, 21534, 0);
INSERT INTO items (id, venue_id, name) VALUES (21535, 13097, 'Product12924');
INSERT INTO products (id, item_id, price) VALUES (12924, 21535, 0);
INSERT INTO items (id, venue_id, name) VALUES (21536, 13097, 'Product12925');
INSERT INTO products (id, item_id, price) VALUES (12925, 21536, 0);
INSERT INTO venues (id, name) VALUES (13102, 'Venue13102');
INSERT INTO items (id, venue_id, name) VALUES (21537, 13102, 'Space18604');
INSERT INTO spaces (id, item_id, hour_price) VALUES (18604, 21537, 0);
INSERT INTO items (id, venue_id, name) VALUES (21538, 13102, 'Space18605');
INSERT INTO spaces (id, item_id, hour_price) VALUES (18605, 21538, 0);
INSERT INTO items (id, venue_id, name) VALUES (21539, 13102, 'Space18606');
INSERT INTO spaces (id, item_id, hour_price) VALUES (18606, 21539, 0);
INSERT INTO items (id, venue_id, name) VALUES (21540, 13102, 'Space18607');
INSERT INTO spaces (id, item_id, hour_price) VALUES (18607, 21540, 0);
INSERT INTO items (id, venue_id, name) VALUES (21541, 13102, 'Space18608');
INSERT INTO spaces (id, item_id, hour_price) VALUES (18608, 21541, 0);
INSERT INTO items (id, venue_id, name) VALUES (21542, 13102, 'Space18609');
INSERT INTO spaces (id, item_id, hour_price) VALUES (18609, 21542, 0);
INSERT INTO items (id, venue_id, name) VALUES (21543, 13102, 'Space18610');
INSERT INTO spaces (id, item_id, hour_price) VALUES (18610, 21543, 50);
INSERT INTO items (id, venue_id, name) VALUES (21544, 13102, 'Product12926');
INSERT INTO products (id, item_id, price) VALUES (12926, 21544, 3);
INSERT INTO items (id, venue_id, name) VALUES (21545, 13102, 'Product12927');
INSERT INTO products (id, item_id, price) VALUES (12927, 21545, 16.5);
INSERT INTO items (id, venue_id, name) VALUES (21546, 13102, 'Product12928');
INSERT INTO products (id, item_id, price) VALUES (12928, 21546, 0);
INSERT INTO items (id, venue_id, name) VALUES (21547, 13102, 'Product12929');
INSERT INTO products (id, item_id, price) VALUES (12929, 21547, 47.5);
INSERT INTO items (id, venue_id, name) VALUES (21548, 13102, 'Product12930');
INSERT INTO products (id, item_id, price) VALUES (12930, 21548, 0);
INSERT INTO items (id, venue_id, name) VALUES (21549, 13102, 'Product12931');
INSERT INTO products (id, item_id, price) VALUES (12931, 21549, 0);
INSERT INTO items (id, venue_id, name) VALUES (21550, 13102, 'Product12932');
INSERT INTO products (id, item_id, price) VALUES (12932, 21550, 0);
INSERT INTO items (id, venue_id, name) VALUES (21551, 13102, 'Product12933');
INSERT INTO products (id, item_id, price) VALUES (12933, 21551, 0);
INSERT INTO items (id, venue_id, name) VALUES (21552, 13102, 'Product12934');
INSERT INTO products (id, item_id, price) VALUES (12934, 21552, 0);
INSERT INTO items (id, venue_id, name) VALUES (21553, 13102, 'Product12935');
INSERT INTO products (id, item_id, price) VALUES (12935, 21553, 0);
INSERT INTO items (id, venue_id, name) VALUES (23421, 13102, 'Space19505');
INSERT INTO spaces (id, item_id, hour_price) VALUES (19505, 23421, 50);
INSERT INTO venues (id, name) VALUES (13104, 'Venue13104');
INSERT INTO items (id, venue_id, name) VALUES (21554, 13104, 'Space18611');
INSERT INTO spaces (id, item_id, hour_price) VALUES (18611, 21554, 0);
INSERT INTO items (id, venue_id, name) VALUES (21555, 13104, 'Space18612');
INSERT INTO spaces (id, item_id, hour_price) VALUES (18612, 21555, 0);
INSERT INTO items (id, venue_id, name) VALUES (21556, 13104, 'Space18613');
INSERT INTO spaces (id, item_id, hour_price) VALUES (18613, 21556, 0);
INSERT INTO items (id, venue_id, name) VALUES (21557, 13104, 'Space18614');
INSERT INTO spaces (id, item_id, hour_price) VALUES (18614, 21557, 0);
INSERT INTO items (id, venue_id, name) VALUES (21558, 13104, 'Space18615');
INSERT INTO spaces (id, item_id, hour_price) VALUES (18615, 21558, 0);
INSERT INTO items (id, venue_id, name) VALUES (21559, 13104, 'Space18616');
INSERT INTO spaces (id, item_id, hour_price) VALUES (18616, 21559, 0);
INSERT INTO items (id, venue_id, name) VALUES (22175, 13104, 'Space18901');
INSERT INTO spaces (id, item_id, hour_price) VALUES (18901, 22175, 2);
INSERT INTO items (id, venue_id, name) VALUES (22176, 13104, 'Space18902');
INSERT INTO spaces (id, item_id, hour_price) VALUES (18902, 22176, 20);
INSERT INTO items (id, venue_id, name) VALUES (22177, 13104, 'Space18903');
INSERT INTO spaces (id, item_id, hour_price) VALUES (18903, 22177, 15);
INSERT INTO items (id, venue_id, name) VALUES (22178, 13104, 'Space18904');
INSERT INTO spaces (id, item_id, hour_price) VALUES (18904, 22178, 50);
INSERT INTO items (id, venue_id, name) VALUES (23530, 13104, 'Space19559');
INSERT INTO spaces (id, item_id, hour_price) VALUES (19559, 23530, 75);
INSERT INTO items (id, venue_id, name) VALUES (24454, 13104, 'Space19974');
INSERT INTO spaces (id, item_id, hour_price) VALUES (19974, 24454, 15);
INSERT INTO items (id, venue_id, name) VALUES (25669, 13104, 'Product15125');
INSERT INTO products (id, item_id, price) VALUES (15125, 25669, 0.15);
INSERT INTO items (id, venue_id, name) VALUES (25671, 13104, 'Product15127');
INSERT INTO products (id, item_id, price) VALUES (15127, 25671, 12.5);
INSERT INTO items (id, venue_id, name) VALUES (25861, 13104, 'Product15244');
INSERT INTO products (id, item_id, price) VALUES (15244, 25861, 0);
INSERT INTO items (id, venue_id, name) VALUES (25863, 13104, 'Product15246');
INSERT INTO products (id, item_id, price) VALUES (15246, 25863, 10);
INSERT INTO items (id, venue_id, name) VALUES (27678, 13104, 'Product16188');
INSERT INTO products (id, item_id, price) VALUES (16188, 27678, 35);
INSERT INTO venues (id, name) VALUES (13109, 'Venue13109');
INSERT INTO items (id, venue_id, name) VALUES (21560, 13109, 'Space18617');
INSERT INTO spaces (id, item_id, hour_price) VALUES (18617, 21560, 0);
INSERT INTO items (id, venue_id, name) VALUES (21561, 13109, 'Space18618');
INSERT INTO spaces (id, item_id, hour_price) VALUES (18618, 21561, 0);
INSERT INTO items (id, venue_id, name) VALUES (21562, 13109, 'Space18619');
INSERT INTO spaces (id, item_id, hour_price) VALUES (18619, 21562, 0);
INSERT INTO items (id, venue_id, name) VALUES (21563, 13109, 'Space18620');
INSERT INTO spaces (id, item_id, hour_price) VALUES (18620, 21563, 0);
INSERT INTO items (id, venue_id, name) VALUES (21564, 13109, 'Space18621');
INSERT INTO spaces (id, item_id, hour_price) VALUES (18621, 21564, 0);
INSERT INTO items (id, venue_id, name) VALUES (21565, 13109, 'Space18622');
INSERT INTO spaces (id, item_id, hour_price) VALUES (18622, 21565, 0);
INSERT INTO items (id, venue_id, name) VALUES (21566, 13109, 'Space18623');
INSERT INTO spaces (id, item_id, hour_price) VALUES (18623, 21566, 137.5);
INSERT INTO items (id, venue_id, name) VALUES (21567, 13109, 'Space18624');
INSERT INTO spaces (id, item_id, hour_price) VALUES (18624, 21567, 20);
INSERT INTO items (id, venue_id, name) VALUES (21568, 13109, 'Space18625');
INSERT INTO spaces (id, item_id, hour_price) VALUES (18625, 21568, 137.5);
INSERT INTO items (id, venue_id, name) VALUES (21569, 13109, 'Product12936');
INSERT INTO products (id, item_id, price) VALUES (12936, 21569, 1.5);
INSERT INTO items (id, venue_id, name) VALUES (21570, 13109, 'Product12937');
INSERT INTO products (id, item_id, price) VALUES (12937, 21570, 1.5);
INSERT INTO items (id, venue_id, name) VALUES (21571, 13109, 'Product12938');
INSERT INTO products (id, item_id, price) VALUES (12938, 21571, 13.5);
INSERT INTO items (id, venue_id, name) VALUES (21572, 13109, 'Product12939');
INSERT INTO products (id, item_id, price) VALUES (12939, 21572, 7);
INSERT INTO items (id, venue_id, name) VALUES (21573, 13109, 'Product12940');
INSERT INTO products (id, item_id, price) VALUES (12940, 21573, 9.75);
INSERT INTO items (id, venue_id, name) VALUES (21574, 13109, 'Product12941');
INSERT INTO products (id, item_id, price) VALUES (12941, 21574, 27.5);
INSERT INTO items (id, venue_id, name) VALUES (21575, 13109, 'Product12942');
INSERT INTO products (id, item_id, price) VALUES (12942, 21575, 55);
INSERT INTO items (id, venue_id, name) VALUES (21579, 13109, 'Product12946');
INSERT INTO products (id, item_id, price) VALUES (12946, 21579, 12);
INSERT INTO items (id, venue_id, name) VALUES (21581, 13109, 'Product12948');
INSERT INTO products (id, item_id, price) VALUES (12948, 21581, 0);
INSERT INTO items (id, venue_id, name) VALUES (21582, 13109, 'Product12949');
INSERT INTO products (id, item_id, price) VALUES (12949, 21582, 12.5);
INSERT INTO items (id, venue_id, name) VALUES (21583, 13109, 'Product12950');
INSERT INTO products (id, item_id, price) VALUES (12950, 21583, 27.5);
INSERT INTO items (id, venue_id, name) VALUES (21584, 13109, 'Product12951');
INSERT INTO products (id, item_id, price) VALUES (12951, 21584, 55);
INSERT INTO items (id, venue_id, name) VALUES (27267, 13109, 'Product16010');
INSERT INTO products (id, item_id, price) VALUES (16010, 27267, 27.5);
INSERT INTO items (id, venue_id, name) VALUES (27268, 13109, 'Product16011');
INSERT INTO products (id, item_id, price) VALUES (16011, 27268, 15.5);
INSERT INTO items (id, venue_id, name) VALUES (27269, 13109, 'Product16012');
INSERT INTO products (id, item_id, price) VALUES (16012, 27269, 21);
INSERT INTO items (id, venue_id, name) VALUES (27270, 13109, 'Product16013');
INSERT INTO products (id, item_id, price) VALUES (16013, 27270, 5);
INSERT INTO venues (id, name) VALUES (13111, 'Venue13111');
INSERT INTO items (id, venue_id, name) VALUES (21585, 13111, 'Space18626');
INSERT INTO spaces (id, item_id, hour_price) VALUES (18626, 21585, 0);
INSERT INTO items (id, venue_id, name) VALUES (21586, 13111, 'Space18627');
INSERT INTO spaces (id, item_id, hour_price) VALUES (18627, 21586, 0);
INSERT INTO items (id, venue_id, name) VALUES (21587, 13111, 'Space18628');
INSERT INTO spaces (id, item_id, hour_price) VALUES (18628, 21587, 0);
INSERT INTO items (id, venue_id, name) VALUES (21588, 13111, 'Space18629');
INSERT INTO spaces (id, item_id, hour_price) VALUES (18629, 21588, 0);
INSERT INTO items (id, venue_id, name) VALUES (21589, 13111, 'Space18630');
INSERT INTO spaces (id, item_id, hour_price) VALUES (18630, 21589, 0);
INSERT INTO items (id, venue_id, name) VALUES (21590, 13111, 'Space18631');
INSERT INTO spaces (id, item_id, hour_price) VALUES (18631, 21590, 0);
INSERT INTO items (id, venue_id, name) VALUES (21593, 13111, 'Space18634');
INSERT INTO spaces (id, item_id, hour_price) VALUES (18634, 21593, 15);
INSERT INTO items (id, venue_id, name) VALUES (22179, 13111, 'Space18905');
INSERT INTO spaces (id, item_id, hour_price) VALUES (18905, 22179, 20);
INSERT INTO items (id, venue_id, name) VALUES (22181, 13111, 'Space18906');
INSERT INTO spaces (id, item_id, hour_price) VALUES (18906, 22181, 50);
INSERT INTO items (id, venue_id, name) VALUES (25019, 13111, 'Space20216');
INSERT INTO spaces (id, item_id, hour_price) VALUES (20216, 25019, 15);
INSERT INTO items (id, venue_id, name) VALUES (25667, 13111, 'Product15123');
INSERT INTO products (id, item_id, price) VALUES (15123, 25667, 0.15);
INSERT INTO items (id, venue_id, name) VALUES (25674, 13111, 'Product15130');
INSERT INTO products (id, item_id, price) VALUES (15130, 25674, 12.5);
INSERT INTO items (id, venue_id, name) VALUES (27544, 13111, 'Product16132');
INSERT INTO products (id, item_id, price) VALUES (16132, 27544, 10);
INSERT INTO items (id, venue_id, name) VALUES (27675, 13111, 'Product16185');
INSERT INTO products (id, item_id, price) VALUES (16185, 27675, 35);
INSERT INTO items (id, venue_id, name) VALUES (27680, 13111, 'Product16190');
INSERT INTO products (id, item_id, price) VALUES (16190, 27680, 0);
INSERT INTO venues (id, name) VALUES (13116, 'Venue13116');
INSERT INTO items (id, venue_id, name) VALUES (21591, 13116, 'Space18632');
INSERT INTO spaces (id, item_id, hour_price) VALUES (18632, 21591, 0);
INSERT INTO items (id, venue_id, name) VALUES (21592, 13116, 'Space18633');
INSERT INTO spaces (id, item_id, hour_price) VALUES (18633, 21592, 0);
INSERT INTO items (id, venue_id, name) VALUES (21594, 13116, 'Space18635');
INSERT INTO spaces (id, item_id, hour_price) VALUES (18635, 21594, 0);
INSERT INTO items (id, venue_id, name) VALUES (21595, 13116, 'Space18636');
INSERT INTO spaces (id, item_id, hour_price) VALUES (18636, 21595, 0);
INSERT INTO items (id, venue_id, name) VALUES (21596, 13116, 'Space18637');
INSERT INTO spaces (id, item_id, hour_price) VALUES (18637, 21596, 0);
INSERT INTO items (id, venue_id, name) VALUES (21597, 13116, 'Space18638');
INSERT INTO spaces (id, item_id, hour_price) VALUES (18638, 21597, 0);
INSERT INTO items (id, venue_id, name) VALUES (21598, 13116, 'Space18639');
INSERT INTO spaces (id, item_id, hour_price) VALUES (18639, 21598, 190);
INSERT INTO items (id, venue_id, name) VALUES (21601, 13116, 'Product12954');
INSERT INTO products (id, item_id, price) VALUES (12954, 21601, 15);
INSERT INTO items (id, venue_id, name) VALUES (21602, 13116, 'Product12955');
INSERT INTO products (id, item_id, price) VALUES (12955, 21602, 15);
INSERT INTO items (id, venue_id, name) VALUES (21603, 13116, 'Product12956');
INSERT INTO products (id, item_id, price) VALUES (12956, 21603, 0);
INSERT INTO items (id, venue_id, name) VALUES (21604, 13116, 'Product12957');
INSERT INTO products (id, item_id, price) VALUES (12957, 21604, 0);
INSERT INTO items (id, venue_id, name) VALUES (21605, 13116, 'Product12958');
INSERT INTO products (id, item_id, price) VALUES (12958, 21605, 0);
INSERT INTO items (id, venue_id, name) VALUES (21606, 13116, 'Product12959');
INSERT INTO products (id, item_id, price) VALUES (12959, 21606, 0);
INSERT INTO items (id, venue_id, name) VALUES (21607, 13116, 'Product12960');
INSERT INTO products (id, item_id, price) VALUES (12960, 21607, 0);
INSERT INTO items (id, venue_id, name) VALUES (21608, 13116, 'Product12961');
INSERT INTO products (id, item_id, price) VALUES (12961, 21608, 0);
INSERT INTO items (id, venue_id, name) VALUES (21609, 13116, 'Product12962');
INSERT INTO products (id, item_id, price) VALUES (12962, 21609, 0);
INSERT INTO items (id, venue_id, name) VALUES (21610, 13116, 'Product12963');
INSERT INTO products (id, item_id, price) VALUES (12963, 21610, 0);
INSERT INTO items (id, venue_id, name) VALUES (21611, 13116, 'Product12964');
INSERT INTO products (id, item_id, price) VALUES (12964, 21611, 0);
INSERT INTO items (id, venue_id, name) VALUES (21612, 13116, 'Product12965');
INSERT INTO products (id, item_id, price) VALUES (12965, 21612, 0);
INSERT INTO venues (id, name) VALUES (13118, 'Venue13118');
INSERT INTO items (id, venue_id, name) VALUES (21613, 13118, 'Space18640');
INSERT INTO spaces (id, item_id, hour_price) VALUES (18640, 21613, 0);
INSERT INTO items (id, venue_id, name) VALUES (21614, 13118, 'Space18641');
INSERT INTO spaces (id, item_id, hour_price) VALUES (18641, 21614, 0);
INSERT INTO items (id, venue_id, name) VALUES (21615, 13118, 'Space18642');
INSERT INTO spaces (id, item_id, hour_price) VALUES (18642, 21615, 0);
INSERT INTO items (id, venue_id, name) VALUES (21616, 13118, 'Space18643');
INSERT INTO spaces (id, item_id, hour_price) VALUES (18643, 21616, 0);
INSERT INTO items (id, venue_id, name) VALUES (21617, 13118, 'Space18644');
INSERT INTO spaces (id, item_id, hour_price) VALUES (18644, 21617, 0);
INSERT INTO items (id, venue_id, name) VALUES (21618, 13118, 'Space18645');
INSERT INTO spaces (id, item_id, hour_price) VALUES (18645, 21618, 0);
INSERT INTO items (id, venue_id, name) VALUES (22183, 13118, 'Space18908');
INSERT INTO spaces (id, item_id, hour_price) VALUES (18908, 22183, 20);
INSERT INTO items (id, venue_id, name) VALUES (22264, 13118, 'Space18955');
INSERT INTO spaces (id, item_id, hour_price) VALUES (18955, 22264, 50);
INSERT INTO items (id, venue_id, name) VALUES (24455, 13118, 'Space19975');
INSERT INTO spaces (id, item_id, hour_price) VALUES (19975, 24455, 2);
INSERT INTO items (id, venue_id, name) VALUES (24529, 13118, 'Space20003');
INSERT INTO spaces (id, item_id, hour_price) VALUES (20003, 24529, 15);
INSERT INTO items (id, venue_id, name) VALUES (25504, 13118, 'Product15032');
INSERT INTO products (id, item_id, price) VALUES (15032, 25504, 12.5);
INSERT INTO items (id, venue_id, name) VALUES (25665, 13118, 'Product15121');
INSERT INTO products (id, item_id, price) VALUES (15121, 25665, 0.15);
INSERT INTO items (id, venue_id, name) VALUES (27543, 13118, 'Product16131');
INSERT INTO products (id, item_id, price) VALUES (16131, 27543, 10);
INSERT INTO items (id, venue_id, name) VALUES (27676, 13118, 'Product16186');
INSERT INTO products (id, item_id, price) VALUES (16186, 27676, 35);
INSERT INTO items (id, venue_id, name) VALUES (27679, 13118, 'Product16189');
INSERT INTO products (id, item_id, price) VALUES (16189, 27679, 0);
INSERT INTO venues (id, name) VALUES (13123, 'Venue13123');
INSERT INTO items (id, venue_id, name) VALUES (21619, 13123, 'Space18646');
INSERT INTO spaces (id, item_id, hour_price) VALUES (18646, 21619, 0);
INSERT INTO items (id, venue_id, name) VALUES (21620, 13123, 'Space18647');
INSERT INTO spaces (id, item_id, hour_price) VALUES (18647, 21620, 0);
INSERT INTO items (id, venue_id, name) VALUES (21621, 13123, 'Space18648');
INSERT INTO spaces (id, item_id, hour_price) VALUES (18648, 21621, 0);
INSERT INTO items (id, venue_id, name) VALUES (21622, 13123, 'Space18649');
INSERT INTO spaces (id, item_id, hour_price) VALUES (18649, 21622, 0);
INSERT INTO items (id, venue_id, name) VALUES (21623, 13123, 'Space18650');
INSERT INTO spaces (id, item_id, hour_price) VALUES (18650, 21623, 0);
INSERT INTO items (id, venue_id, name) VALUES (21624, 13123, 'Space18651');
INSERT INTO spaces (id, item_id, hour_price) VALUES (18651, 21624, 0);
INSERT INTO items (id, venue_id, name) VALUES (21625, 13123, 'Space18652');
INSERT INTO spaces (id, item_id, hour_price) VALUES (18652, 21625, 45);
INSERT INTO items (id, venue_id, name) VALUES (21626, 13123, 'Space18653');
INSERT INTO spaces (id, item_id, hour_price) VALUES (18653, 21626, 45);
INSERT INTO items (id, venue_id, name) VALUES (21627, 13123, 'Space18654');
INSERT INTO spaces (id, item_id, hour_price) VALUES (18654, 21627, 45);
INSERT INTO items (id, venue_id, name) VALUES (21628, 13123, 'Product12966');
INSERT INTO products (id, item_id, price) VALUES (12966, 21628, 12);
INSERT INTO items (id, venue_id, name) VALUES (21629, 13123, 'Product12967');
INSERT INTO products (id, item_id, price) VALUES (12967, 21629, 17.5);
INSERT INTO items (id, venue_id, name) VALUES (21630, 13123, 'Product12968');
INSERT INTO products (id, item_id, price) VALUES (12968, 21630, 100);
INSERT INTO items (id, venue_id, name) VALUES (21631, 13123, 'Product12969');
INSERT INTO products (id, item_id, price) VALUES (12969, 21631, 0);
INSERT INTO items (id, venue_id, name) VALUES (21632, 13123, 'Product12970');
INSERT INTO products (id, item_id, price) VALUES (12970, 21632, 0);
INSERT INTO items (id, venue_id, name) VALUES (21633, 13123, 'Product12971');
INSERT INTO products (id, item_id, price) VALUES (12971, 21633, 0);
INSERT INTO items (id, venue_id, name) VALUES (21634, 13123, 'Product12972');
INSERT INTO products (id, item_id, price) VALUES (12972, 21634, 0);
INSERT INTO items (id, venue_id, name) VALUES (21635, 13123, 'Product12973');
INSERT INTO products (id, item_id, price) VALUES (12973, 21635, 50);
INSERT INTO items (id, venue_id, name) VALUES (21636, 13123, 'Product12974');
INSERT INTO products (id, item_id, price) VALUES (12974, 21636, 20);
INSERT INTO items (id, venue_id, name) VALUES (21637, 13123, 'Product12975');
INSERT INTO products (id, item_id, price) VALUES (12975, 21637, 150);
INSERT INTO venues (id, name) VALUES (13128, 'Venue13128');
INSERT INTO items (id, venue_id, name) VALUES (21638, 13128, 'Space18655');
INSERT INTO spaces (id, item_id, hour_price) VALUES (18655, 21638, 0);
INSERT INTO items (id, venue_id, name) VALUES (21639, 13128, 'Space18656');
INSERT INTO spaces (id, item_id, hour_price) VALUES (18656, 21639, 0);
INSERT INTO items (id, venue_id, name) VALUES (21640, 13128, 'Space18657');
INSERT INTO spaces (id, item_id, hour_price) VALUES (18657, 21640, 0);
INSERT INTO items (id, venue_id, name) VALUES (21641, 13128, 'Space18658');
INSERT INTO spaces (id, item_id, hour_price) VALUES (18658, 21641, 0);
INSERT INTO items (id, venue_id, name) VALUES (21642, 13128, 'Space18659');
INSERT INTO spaces (id, item_id, hour_price) VALUES (18659, 21642, 0);
INSERT INTO items (id, venue_id, name) VALUES (21643, 13128, 'Space18660');
INSERT INTO spaces (id, item_id, hour_price) VALUES (18660, 21643, 0);
INSERT INTO items (id, venue_id, name) VALUES (21644, 13128, 'Space18661');
INSERT INTO spaces (id, item_id, hour_price) VALUES (18661, 21644, 12);
INSERT INTO items (id, venue_id, name) VALUES (21645, 13128, 'Space18662');
INSERT INTO spaces (id, item_id, hour_price) VALUES (18662, 21645, 15);
INSERT INTO items (id, venue_id, name) VALUES (21646, 13128, 'Space18663');
INSERT INTO spaces (id, item_id, hour_price) VALUES (18663, 21646, 12);
INSERT INTO items (id, venue_id, name) VALUES (21647, 13128, 'Space18664');
INSERT INTO spaces (id, item_id, hour_price) VALUES (18664, 21647, 15);
INSERT INTO items (id, venue_id, name) VALUES (21648, 13128, 'Product12976');
INSERT INTO products (id, item_id, price) VALUES (12976, 21648, 0);
INSERT INTO items (id, venue_id, name) VALUES (21649, 13128, 'Product12977');
INSERT INTO products (id, item_id, price) VALUES (12977, 21649, 0);
INSERT INTO items (id, venue_id, name) VALUES (21650, 13128, 'Product12978');
INSERT INTO products (id, item_id, price) VALUES (12978, 21650, 0);
INSERT INTO items (id, venue_id, name) VALUES (21651, 13128, 'Product12979');
INSERT INTO products (id, item_id, price) VALUES (12979, 21651, 0);
INSERT INTO items (id, venue_id, name) VALUES (21652, 13128, 'Product12980');
INSERT INTO products (id, item_id, price) VALUES (12980, 21652, 0);
INSERT INTO items (id, venue_id, name) VALUES (21653, 13128, 'Product12981');
INSERT INTO products (id, item_id, price) VALUES (12981, 21653, 0);
INSERT INTO items (id, venue_id, name) VALUES (21654, 13128, 'Product12982');
INSERT INTO products (id, item_id, price) VALUES (12982, 21654, 10);
INSERT INTO items (id, venue_id, name) VALUES (21655, 13128, 'Product12983');
INSERT INTO products (id, item_id, price) VALUES (12983, 21655, 25);
INSERT INTO items (id, venue_id, name) VALUES (21656, 13128, 'Product12984');
INSERT INTO products (id, item_id, price) VALUES (12984, 21656, 0);
INSERT INTO items (id, venue_id, name) VALUES (21657, 13128, 'Product12985');
INSERT INTO products (id, item_id, price) VALUES (12985, 21657, 0);
INSERT INTO items (id, venue_id, name) VALUES (21658, 13128, 'Product12986');
INSERT INTO products (id, item_id, price) VALUES (12986, 21658, 0);
INSERT INTO items (id, venue_id, name) VALUES (21659, 13128, 'Product12987');
INSERT INTO products (id, item_id, price) VALUES (12987, 21659, 0);
INSERT INTO venues (id, name) VALUES (13133, 'Venue13133');
INSERT INTO items (id, venue_id, name) VALUES (21660, 13133, 'Space18665');
INSERT INTO spaces (id, item_id, hour_price) VALUES (18665, 21660, 0);
INSERT INTO items (id, venue_id, name) VALUES (21661, 13133, 'Space18666');
INSERT INTO spaces (id, item_id, hour_price) VALUES (18666, 21661, 0);
INSERT INTO items (id, venue_id, name) VALUES (21662, 13133, 'Space18667');
INSERT INTO spaces (id, item_id, hour_price) VALUES (18667, 21662, 0);
INSERT INTO items (id, venue_id, name) VALUES (21663, 13133, 'Space18668');
INSERT INTO spaces (id, item_id, hour_price) VALUES (18668, 21663, 0);
INSERT INTO items (id, venue_id, name) VALUES (21664, 13133, 'Space18669');
INSERT INTO spaces (id, item_id, hour_price) VALUES (18669, 21664, 0);
INSERT INTO items (id, venue_id, name) VALUES (21665, 13133, 'Space18670');
INSERT INTO spaces (id, item_id, hour_price) VALUES (18670, 21665, 0);
INSERT INTO items (id, venue_id, name) VALUES (21666, 13133, 'Space18671');
INSERT INTO spaces (id, item_id, hour_price) VALUES (18671, 21666, 70);
INSERT INTO items (id, venue_id, name) VALUES (21668, 13133, 'Product12988');
INSERT INTO products (id, item_id, price) VALUES (12988, 21668, 0);
INSERT INTO items (id, venue_id, name) VALUES (21669, 13133, 'Product12989');
INSERT INTO products (id, item_id, price) VALUES (12989, 21669, 0);
INSERT INTO items (id, venue_id, name) VALUES (21670, 13133, 'Product12990');
INSERT INTO products (id, item_id, price) VALUES (12990, 21670, 0);
INSERT INTO items (id, venue_id, name) VALUES (21671, 13133, 'Product12991');
INSERT INTO products (id, item_id, price) VALUES (12991, 21671, 0);
INSERT INTO items (id, venue_id, name) VALUES (21672, 13133, 'Product12992');
INSERT INTO products (id, item_id, price) VALUES (12992, 21672, 0);
INSERT INTO items (id, venue_id, name) VALUES (21673, 13133, 'Product12993');
INSERT INTO products (id, item_id, price) VALUES (12993, 21673, 0);
INSERT INTO items (id, venue_id, name) VALUES (21674, 13133, 'Product12994');
INSERT INTO products (id, item_id, price) VALUES (12994, 21674, 12.5);
INSERT INTO items (id, venue_id, name) VALUES (21675, 13133, 'Product12995');
INSERT INTO products (id, item_id, price) VALUES (12995, 21675, 0);
INSERT INTO items (id, venue_id, name) VALUES (21676, 13133, 'Product12996');
INSERT INTO products (id, item_id, price) VALUES (12996, 21676, 0);
INSERT INTO items (id, venue_id, name) VALUES (21677, 13133, 'Product12997');
INSERT INTO products (id, item_id, price) VALUES (12997, 21677, 0);
INSERT INTO items (id, venue_id, name) VALUES (21678, 13133, 'Product12998');
INSERT INTO products (id, item_id, price) VALUES (12998, 21678, 0);
INSERT INTO items (id, venue_id, name) VALUES (21679, 13133, 'Product12999');
INSERT INTO products (id, item_id, price) VALUES (12999, 21679, 0);
INSERT INTO items (id, venue_id, name) VALUES (21680, 13133, 'Product13000');
INSERT INTO products (id, item_id, price) VALUES (13000, 21680, 0);
INSERT INTO items (id, venue_id, name) VALUES (21681, 13133, 'Product13001');
INSERT INTO products (id, item_id, price) VALUES (13001, 21681, 0);
INSERT INTO items (id, venue_id, name) VALUES (21682, 13133, 'Product13002');
INSERT INTO products (id, item_id, price) VALUES (13002, 21682, 0);
INSERT INTO items (id, venue_id, name) VALUES (21683, 13133, 'Product13003');
INSERT INTO products (id, item_id, price) VALUES (13003, 21683, 0);
INSERT INTO items (id, venue_id, name) VALUES (21684, 13133, 'Product13004');
INSERT INTO products (id, item_id, price) VALUES (13004, 21684, 0);
INSERT INTO venues (id, name) VALUES (13138, 'Venue13138');
INSERT INTO items (id, venue_id, name) VALUES (21685, 13138, 'Space18673');
INSERT INTO spaces (id, item_id, hour_price) VALUES (18673, 21685, 0);
INSERT INTO items (id, venue_id, name) VALUES (21686, 13138, 'Space18674');
INSERT INTO spaces (id, item_id, hour_price) VALUES (18674, 21686, 0);
INSERT INTO items (id, venue_id, name) VALUES (21687, 13138, 'Space18675');
INSERT INTO spaces (id, item_id, hour_price) VALUES (18675, 21687, 0);
INSERT INTO items (id, venue_id, name) VALUES (21688, 13138, 'Space18676');
INSERT INTO spaces (id, item_id, hour_price) VALUES (18676, 21688, 0);
INSERT INTO items (id, venue_id, name) VALUES (21689, 13138, 'Space18677');
INSERT INTO spaces (id, item_id, hour_price) VALUES (18677, 21689, 0);
INSERT INTO items (id, venue_id, name) VALUES (21690, 13138, 'Space18678');
INSERT INTO spaces (id, item_id, hour_price) VALUES (18678, 21690, 0);
INSERT INTO items (id, venue_id, name) VALUES (21691, 13138, 'Space18679');
INSERT INTO spaces (id, item_id, hour_price) VALUES (18679, 21691, 50);
INSERT INTO items (id, venue_id, name) VALUES (21692, 13138, 'Product13005');
INSERT INTO products (id, item_id, price) VALUES (13005, 21692, 0);
INSERT INTO items (id, venue_id, name) VALUES (21693, 13138, 'Product13006');
INSERT INTO products (id, item_id, price) VALUES (13006, 21693, 0);
INSERT INTO items (id, venue_id, name) VALUES (21694, 13138, 'Product13007');
INSERT INTO products (id, item_id, price) VALUES (13007, 21694, 0);
INSERT INTO items (id, venue_id, name) VALUES (21695, 13138, 'Product13008');
INSERT INTO products (id, item_id, price) VALUES (13008, 21695, 0);
INSERT INTO items (id, venue_id, name) VALUES (21696, 13138, 'Product13009');
INSERT INTO products (id, item_id, price) VALUES (13009, 21696, 0);
INSERT INTO items (id, venue_id, name) VALUES (21697, 13138, 'Product13010');
INSERT INTO products (id, item_id, price) VALUES (13010, 21697, 0);
INSERT INTO items (id, venue_id, name) VALUES (21698, 13138, 'Product13011');
INSERT INTO products (id, item_id, price) VALUES (13011, 21698, 15);
INSERT INTO items (id, venue_id, name) VALUES (21699, 13138, 'Product13012');
INSERT INTO products (id, item_id, price) VALUES (13012, 21699, 0);
INSERT INTO items (id, venue_id, name) VALUES (21700, 13138, 'Product13013');
INSERT INTO products (id, item_id, price) VALUES (13013, 21700, 0);
INSERT INTO items (id, venue_id, name) VALUES (21701, 13138, 'Product13014');
INSERT INTO products (id, item_id, price) VALUES (13014, 21701, 0);
INSERT INTO items (id, venue_id, name) VALUES (21702, 13138, 'Product13015');
INSERT INTO products (id, item_id, price) VALUES (13015, 21702, 0);
INSERT INTO items (id, venue_id, name) VALUES (21703, 13138, 'Product13016');
INSERT INTO products (id, item_id, price) VALUES (13016, 21703, 0);
INSERT INTO items (id, venue_id, name) VALUES (21704, 13138, 'Product13017');
INSERT INTO products (id, item_id, price) VALUES (13017, 21704, 0);
INSERT INTO items (id, venue_id, name) VALUES (21705, 13138, 'Product13018');
INSERT INTO products (id, item_id, price) VALUES (13018, 21705, 0);
INSERT INTO items (id, venue_id, name) VALUES (21706, 13138, 'Product13019');
INSERT INTO products (id, item_id, price) VALUES (13019, 21706, 0);
INSERT INTO items (id, venue_id, name) VALUES (21707, 13138, 'Product13020');
INSERT INTO products (id, item_id, price) VALUES (13020, 21707, 0);
INSERT INTO items (id, venue_id, name) VALUES (21708, 13138, 'Product13021');
INSERT INTO products (id, item_id, price) VALUES (13021, 21708, 0);
INSERT INTO venues (id, name) VALUES (13143, 'Venue13143');
INSERT INTO items (id, venue_id, name) VALUES (21710, 13143, 'Space18681');
INSERT INTO spaces (id, item_id, hour_price) VALUES (18681, 21710, 0);
INSERT INTO items (id, venue_id, name) VALUES (21711, 13143, 'Space18682');
INSERT INTO spaces (id, item_id, hour_price) VALUES (18682, 21711, 0);
INSERT INTO items (id, venue_id, name) VALUES (21712, 13143, 'Space18683');
INSERT INTO spaces (id, item_id, hour_price) VALUES (18683, 21712, 0);
INSERT INTO items (id, venue_id, name) VALUES (21713, 13143, 'Space18684');
INSERT INTO spaces (id, item_id, hour_price) VALUES (18684, 21713, 0);
INSERT INTO items (id, venue_id, name) VALUES (21714, 13143, 'Space18685');
INSERT INTO spaces (id, item_id, hour_price) VALUES (18685, 21714, 0);
INSERT INTO items (id, venue_id, name) VALUES (21715, 13143, 'Space18686');
INSERT INTO spaces (id, item_id, hour_price) VALUES (18686, 21715, 0);
INSERT INTO items (id, venue_id, name) VALUES (21716, 13143, 'Space18687');
INSERT INTO spaces (id, item_id, hour_price) VALUES (18687, 21716, 26.25);
INSERT INTO items (id, venue_id, name) VALUES (21717, 13143, 'Space18688');
INSERT INTO spaces (id, item_id, hour_price) VALUES (18688, 21717, 31.25);
INSERT INTO items (id, venue_id, name) VALUES (21718, 13143, 'Space18689');
INSERT INTO spaces (id, item_id, hour_price) VALUES (18689, 21718, 23.75);
INSERT INTO items (id, venue_id, name) VALUES (21719, 13143, 'Space18690');
INSERT INTO spaces (id, item_id, hour_price) VALUES (18690, 21719, 23.75);
INSERT INTO items (id, venue_id, name) VALUES (21720, 13143, 'Product13022');
INSERT INTO products (id, item_id, price) VALUES (13022, 21720, 2);
INSERT INTO items (id, venue_id, name) VALUES (21721, 13143, 'Product13023');
INSERT INTO products (id, item_id, price) VALUES (13023, 21721, 16);
INSERT INTO items (id, venue_id, name) VALUES (21722, 13143, 'Product13024');
INSERT INTO products (id, item_id, price) VALUES (13024, 21722, 17);
INSERT INTO items (id, venue_id, name) VALUES (21723, 13143, 'Product13025');
INSERT INTO products (id, item_id, price) VALUES (13025, 21723, 0);
INSERT INTO items (id, venue_id, name) VALUES (21724, 13143, 'Product13026');
INSERT INTO products (id, item_id, price) VALUES (13026, 21724, 0);
INSERT INTO items (id, venue_id, name) VALUES (21725, 13143, 'Product13027');
INSERT INTO products (id, item_id, price) VALUES (13027, 21725, 0);
INSERT INTO items (id, venue_id, name) VALUES (21726, 13143, 'Product13028');
INSERT INTO products (id, item_id, price) VALUES (13028, 21726, 0);
INSERT INTO items (id, venue_id, name) VALUES (21727, 13143, 'Product13029');
INSERT INTO products (id, item_id, price) VALUES (13029, 21727, 0);
INSERT INTO items (id, venue_id, name) VALUES (21728, 13143, 'Product13030');
INSERT INTO products (id, item_id, price) VALUES (13030, 21728, 0);
INSERT INTO items (id, venue_id, name) VALUES (21729, 13143, 'Product13031');
INSERT INTO products (id, item_id, price) VALUES (13031, 21729, 40);
INSERT INTO venues (id, name) VALUES (13148, 'Venue13148');
INSERT INTO items (id, venue_id, name) VALUES (21730, 13148, 'Space18691');
INSERT INTO spaces (id, item_id, hour_price) VALUES (18691, 21730, 0);
INSERT INTO items (id, venue_id, name) VALUES (21731, 13148, 'Space18692');
INSERT INTO spaces (id, item_id, hour_price) VALUES (18692, 21731, 0);
INSERT INTO items (id, venue_id, name) VALUES (21732, 13148, 'Space18693');
INSERT INTO spaces (id, item_id, hour_price) VALUES (18693, 21732, 0);
INSERT INTO items (id, venue_id, name) VALUES (21733, 13148, 'Space18694');
INSERT INTO spaces (id, item_id, hour_price) VALUES (18694, 21733, 0);
INSERT INTO items (id, venue_id, name) VALUES (21734, 13148, 'Space18695');
INSERT INTO spaces (id, item_id, hour_price) VALUES (18695, 21734, 0);
INSERT INTO items (id, venue_id, name) VALUES (21735, 13148, 'Space18696');
INSERT INTO spaces (id, item_id, hour_price) VALUES (18696, 21735, 0);
INSERT INTO items (id, venue_id, name) VALUES (21736, 13148, 'Space18697');
INSERT INTO spaces (id, item_id, hour_price) VALUES (18697, 21736, 100);
INSERT INTO items (id, venue_id, name) VALUES (21737, 13148, 'Space18698');
INSERT INTO spaces (id, item_id, hour_price) VALUES (18698, 21737, 180);
INSERT INTO items (id, venue_id, name) VALUES (21738, 13148, 'Space18699');
INSERT INTO spaces (id, item_id, hour_price) VALUES (18699, 21738, 180);
INSERT INTO items (id, venue_id, name) VALUES (21739, 13148, 'Space18700');
INSERT INTO spaces (id, item_id, hour_price) VALUES (18700, 21739, 180);
INSERT INTO items (id, venue_id, name) VALUES (21740, 13148, 'Space18701');
INSERT INTO spaces (id, item_id, hour_price) VALUES (18701, 21740, 360);
INSERT INTO items (id, venue_id, name) VALUES (21741, 13148, 'Space18702');
INSERT INTO spaces (id, item_id, hour_price) VALUES (18702, 21741, 540);
INSERT INTO items (id, venue_id, name) VALUES (21742, 13148, 'Product13032');
INSERT INTO products (id, item_id, price) VALUES (13032, 21742, 1.9);
INSERT INTO items (id, venue_id, name) VALUES (21743, 13148, 'Product13033');
INSERT INTO products (id, item_id, price) VALUES (13033, 21743, 1.9);
INSERT INTO items (id, venue_id, name) VALUES (21744, 13148, 'Product13034');
INSERT INTO products (id, item_id, price) VALUES (13034, 21744, 10);
INSERT INTO items (id, venue_id, name) VALUES (21745, 13148, 'Product13035');
INSERT INTO products (id, item_id, price) VALUES (13035, 21745, 10);
INSERT INTO items (id, venue_id, name) VALUES (21746, 13148, 'Product13036');
INSERT INTO products (id, item_id, price) VALUES (13036, 21746, 0);
INSERT INTO items (id, venue_id, name) VALUES (21747, 13148, 'Product13037');
INSERT INTO products (id, item_id, price) VALUES (13037, 21747, 0);
INSERT INTO items (id, venue_id, name) VALUES (21748, 13148, 'Product13038');
INSERT INTO products (id, item_id, price) VALUES (13038, 21748, 0);
INSERT INTO items (id, venue_id, name) VALUES (21749, 13148, 'Product13039');
INSERT INTO products (id, item_id, price) VALUES (13039, 21749, 0);
INSERT INTO items (id, venue_id, name) VALUES (21750, 13148, 'Product13040');
INSERT INTO products (id, item_id, price) VALUES (13040, 21750, 0);
INSERT INTO items (id, venue_id, name) VALUES (21751, 13148, 'Product13041');
INSERT INTO products (id, item_id, price) VALUES (13041, 21751, 0);
INSERT INTO items (id, venue_id, name) VALUES (21752, 13148, 'Product13042');
INSERT INTO products (id, item_id, price) VALUES (13042, 21752, 0);
INSERT INTO items (id, venue_id, name) VALUES (21753, 13148, 'Product13043');
INSERT INTO products (id, item_id, price) VALUES (13043, 21753, 0);
INSERT INTO items (id, venue_id, name) VALUES (21754, 13148, 'Product13044');
INSERT INTO products (id, item_id, price) VALUES (13044, 21754, 0);
INSERT INTO items (id, venue_id, name) VALUES (21755, 13148, 'Product13045');
INSERT INTO products (id, item_id, price) VALUES (13045, 21755, 0);
INSERT INTO items (id, venue_id, name) VALUES (21756, 13148, 'Product13046');
INSERT INTO products (id, item_id, price) VALUES (13046, 21756, 10.5);
INSERT INTO items (id, venue_id, name) VALUES (21757, 13148, 'Product13047');
INSERT INTO products (id, item_id, price) VALUES (13047, 21757, 16.5);
INSERT INTO items (id, venue_id, name) VALUES (21758, 13148, 'Product13048');
INSERT INTO products (id, item_id, price) VALUES (13048, 21758, 10.5);
INSERT INTO items (id, venue_id, name) VALUES (21759, 13148, 'Product13049');
INSERT INTO products (id, item_id, price) VALUES (13049, 21759, 6);
INSERT INTO items (id, venue_id, name) VALUES (21760, 13148, 'Product13050');
INSERT INTO products (id, item_id, price) VALUES (13050, 21760, 7.5);
INSERT INTO venues (id, name) VALUES (13153, 'Venue13153');
INSERT INTO items (id, venue_id, name) VALUES (21761, 13153, 'Space18703');
INSERT INTO spaces (id, item_id, hour_price) VALUES (18703, 21761, 0);
INSERT INTO items (id, venue_id, name) VALUES (21762, 13153, 'Space18704');
INSERT INTO spaces (id, item_id, hour_price) VALUES (18704, 21762, 0);
INSERT INTO items (id, venue_id, name) VALUES (21763, 13153, 'Space18705');
INSERT INTO spaces (id, item_id, hour_price) VALUES (18705, 21763, 0);
INSERT INTO items (id, venue_id, name) VALUES (21764, 13153, 'Space18706');
INSERT INTO spaces (id, item_id, hour_price) VALUES (18706, 21764, 0);
INSERT INTO items (id, venue_id, name) VALUES (21765, 13153, 'Space18707');
INSERT INTO spaces (id, item_id, hour_price) VALUES (18707, 21765, 0);
INSERT INTO items (id, venue_id, name) VALUES (21766, 13153, 'Space18708');
INSERT INTO spaces (id, item_id, hour_price) VALUES (18708, 21766, 0);
INSERT INTO items (id, venue_id, name) VALUES (21767, 13153, 'Space18709');
INSERT INTO spaces (id, item_id, hour_price) VALUES (18709, 21767, 550);
INSERT INTO items (id, venue_id, name) VALUES (21768, 13153, 'Product13051');
INSERT INTO products (id, item_id, price) VALUES (13051, 21768, 2.15);
INSERT INTO items (id, venue_id, name) VALUES (21769, 13153, 'Product13052');
INSERT INTO products (id, item_id, price) VALUES (13052, 21769, 2.15);
INSERT INTO items (id, venue_id, name) VALUES (21770, 13153, 'Product13053');
INSERT INTO products (id, item_id, price) VALUES (13053, 21770, 14.25);
INSERT INTO items (id, venue_id, name) VALUES (21771, 13153, 'Product13054');
INSERT INTO products (id, item_id, price) VALUES (13054, 21771, 9.5);
INSERT INTO items (id, venue_id, name) VALUES (21772, 13153, 'Product13055');
INSERT INTO products (id, item_id, price) VALUES (13055, 21772, 25);
INSERT INTO items (id, venue_id, name) VALUES (21773, 13153, 'Product13056');
INSERT INTO products (id, item_id, price) VALUES (13056, 21773, 17.5);
INSERT INTO items (id, venue_id, name) VALUES (21774, 13153, 'Product13057');
INSERT INTO products (id, item_id, price) VALUES (13057, 21774, 130);
INSERT INTO items (id, venue_id, name) VALUES (21775, 13153, 'Product13058');
INSERT INTO products (id, item_id, price) VALUES (13058, 21775, 37.5);
INSERT INTO items (id, venue_id, name) VALUES (21776, 13153, 'Product13059');
INSERT INTO products (id, item_id, price) VALUES (13059, 21776, 27.5);
INSERT INTO items (id, venue_id, name) VALUES (21777, 13153, 'Product13060');
INSERT INTO products (id, item_id, price) VALUES (13060, 21777, 27.5);
INSERT INTO items (id, venue_id, name) VALUES (21778, 13153, 'Product13061');
INSERT INTO products (id, item_id, price) VALUES (13061, 21778, 550);
INSERT INTO items (id, venue_id, name) VALUES (21779, 13153, 'Product13062');
INSERT INTO products (id, item_id, price) VALUES (13062, 21779, 850);
INSERT INTO items (id, venue_id, name) VALUES (21780, 13153, 'Product13063');
INSERT INTO products (id, item_id, price) VALUES (13063, 21780, 15);
INSERT INTO items (id, venue_id, name) VALUES (21781, 13153, 'Product13064');
INSERT INTO products (id, item_id, price) VALUES (13064, 21781, 25);
INSERT INTO venues (id, name) VALUES (13157, 'Venue13157');
INSERT INTO items (id, venue_id, name) VALUES (21782, 13157, 'Space18710');
INSERT INTO spaces (id, item_id, hour_price) VALUES (18710, 21782, 0);
INSERT INTO items (id, venue_id, name) VALUES (21783, 13157, 'Space18711');
INSERT INTO spaces (id, item_id, hour_price) VALUES (18711, 21783, 0);
INSERT INTO items (id, venue_id, name) VALUES (21784, 13157, 'Space18712');
INSERT INTO spaces (id, item_id, hour_price) VALUES (18712, 21784, 0);
INSERT INTO items (id, venue_id, name) VALUES (21785, 13157, 'Space18713');
INSERT INTO spaces (id, item_id, hour_price) VALUES (18713, 21785, 0);
INSERT INTO items (id, venue_id, name) VALUES (21786, 13157, 'Space18714');
INSERT INTO spaces (id, item_id, hour_price) VALUES (18714, 21786, 0);
INSERT INTO items (id, venue_id, name) VALUES (21787, 13157, 'Space18715');
INSERT INTO spaces (id, item_id, hour_price) VALUES (18715, 21787, 0);
INSERT INTO items (id, venue_id, name) VALUES (21788, 13157, 'Space18716');
INSERT INTO spaces (id, item_id, hour_price) VALUES (18716, 21788, 25);
INSERT INTO items (id, venue_id, name) VALUES (21789, 13157, 'Space18717');
INSERT INTO spaces (id, item_id, hour_price) VALUES (18717, 21789, 30);
INSERT INTO items (id, venue_id, name) VALUES (21790, 13157, 'Space18718');
INSERT INTO spaces (id, item_id, hour_price) VALUES (18718, 21790, 35);
INSERT INTO items (id, venue_id, name) VALUES (21791, 13157, 'Space18719');
INSERT INTO spaces (id, item_id, hour_price) VALUES (18719, 21791, 35);
INSERT INTO items (id, venue_id, name) VALUES (21792, 13157, 'Space18720');
INSERT INTO spaces (id, item_id, hour_price) VALUES (18720, 21792, 50);
INSERT INTO items (id, venue_id, name) VALUES (21793, 13157, 'Space18721');
INSERT INTO spaces (id, item_id, hour_price) VALUES (18721, 21793, 70);
INSERT INTO items (id, venue_id, name) VALUES (21794, 13157, 'Space18722');
INSERT INTO spaces (id, item_id, hour_price) VALUES (18722, 21794, 70);
INSERT INTO items (id, venue_id, name) VALUES (21795, 13157, 'Space18723');
INSERT INTO spaces (id, item_id, hour_price) VALUES (18723, 21795, 100);
INSERT INTO items (id, venue_id, name) VALUES (21796, 13157, 'Product13065');
INSERT INTO products (id, item_id, price) VALUES (13065, 21796, 1.6);
INSERT INTO items (id, venue_id, name) VALUES (21797, 13157, 'Product13066');
INSERT INTO products (id, item_id, price) VALUES (13066, 21797, 1.6);
INSERT INTO items (id, venue_id, name) VALUES (21798, 13157, 'Product13067');
INSERT INTO products (id, item_id, price) VALUES (13067, 21798, 11);
INSERT INTO items (id, venue_id, name) VALUES (21799, 13157, 'Product13068');
INSERT INTO products (id, item_id, price) VALUES (13068, 21799, 10);
INSERT INTO items (id, venue_id, name) VALUES (21800, 13157, 'Product13069');
INSERT INTO products (id, item_id, price) VALUES (13069, 21800, 4);
INSERT INTO items (id, venue_id, name) VALUES (21801, 13157, 'Product13070');
INSERT INTO products (id, item_id, price) VALUES (13070, 21801, 7);
INSERT INTO items (id, venue_id, name) VALUES (21802, 13157, 'Product13071');
INSERT INTO products (id, item_id, price) VALUES (13071, 21802, 8);
INSERT INTO items (id, venue_id, name) VALUES (21803, 13157, 'Product13072');
INSERT INTO products (id, item_id, price) VALUES (13072, 21803, 10);
INSERT INTO items (id, venue_id, name) VALUES (21804, 13157, 'Product13073');
INSERT INTO products (id, item_id, price) VALUES (13073, 21804, 25);
INSERT INTO items (id, venue_id, name) VALUES (21805, 13157, 'Product13074');
INSERT INTO products (id, item_id, price) VALUES (13074, 21805, 2.5);
INSERT INTO items (id, venue_id, name) VALUES (21806, 13157, 'Product13075');
INSERT INTO products (id, item_id, price) VALUES (13075, 21806, 10);
INSERT INTO items (id, venue_id, name) VALUES (21807, 13157, 'Product13076');
INSERT INTO products (id, item_id, price) VALUES (13076, 21807, 2);
INSERT INTO items (id, venue_id, name) VALUES (21808, 13157, 'Product13077');
INSERT INTO products (id, item_id, price) VALUES (13077, 21808, 5.5);
INSERT INTO items (id, venue_id, name) VALUES (21809, 13157, 'Product13078');
INSERT INTO products (id, item_id, price) VALUES (13078, 21809, 2);
INSERT INTO items (id, venue_id, name) VALUES (21810, 13157, 'Product13079');
INSERT INTO products (id, item_id, price) VALUES (13079, 21810, 5.5);
INSERT INTO items (id, venue_id, name) VALUES (21811, 13157, 'Product13080');
INSERT INTO products (id, item_id, price) VALUES (13080, 21811, 27.5);
INSERT INTO items (id, venue_id, name) VALUES (21812, 13157, 'Product13081');
INSERT INTO products (id, item_id, price) VALUES (13081, 21812, 5);
INSERT INTO items (id, venue_id, name) VALUES (21813, 13157, 'Product13082');
INSERT INTO products (id, item_id, price) VALUES (13082, 21813, 13.95);
INSERT INTO items (id, venue_id, name) VALUES (27059, 13157, 'Product15893');
INSERT INTO products (id, item_id, price) VALUES (15893, 27059, 40);
INSERT INTO venues (id, name) VALUES (13162, 'Venue13162');
INSERT INTO items (id, venue_id, name) VALUES (21814, 13162, 'Space18724');
INSERT INTO spaces (id, item_id, hour_price) VALUES (18724, 21814, 0);
INSERT INTO items (id, venue_id, name) VALUES (21815, 13162, 'Space18725');
INSERT INTO spaces (id, item_id, hour_price) VALUES (18725, 21815, 0);
INSERT INTO items (id, venue_id, name) VALUES (21816, 13162, 'Space18726');
INSERT INTO spaces (id, item_id, hour_price) VALUES (18726, 21816, 0);
INSERT INTO items (id, venue_id, name) VALUES (21817, 13162, 'Space18727');
INSERT INTO spaces (id, item_id, hour_price) VALUES (18727, 21817, 0);
INSERT INTO items (id, venue_id, name) VALUES (21818, 13162, 'Space18728');
INSERT INTO spaces (id, item_id, hour_price) VALUES (18728, 21818, 0);
INSERT INTO items (id, venue_id, name) VALUES (21819, 13162, 'Space18729');
INSERT INTO spaces (id, item_id, hour_price) VALUES (18729, 21819, 0);
INSERT INTO items (id, venue_id, name) VALUES (21820, 13162, 'Space18730');
INSERT INTO spaces (id, item_id, hour_price) VALUES (18730, 21820, 35);
INSERT INTO items (id, venue_id, name) VALUES (21821, 13162, 'Product13083');
INSERT INTO products (id, item_id, price) VALUES (13083, 21821, 0);
INSERT INTO items (id, venue_id, name) VALUES (21822, 13162, 'Product13084');
INSERT INTO products (id, item_id, price) VALUES (13084, 21822, 0);
INSERT INTO items (id, venue_id, name) VALUES (21823, 13162, 'Product13085');
INSERT INTO products (id, item_id, price) VALUES (13085, 21823, 0);
INSERT INTO items (id, venue_id, name) VALUES (21824, 13162, 'Product13086');
INSERT INTO products (id, item_id, price) VALUES (13086, 21824, 0);
INSERT INTO items (id, venue_id, name) VALUES (21825, 13162, 'Product13087');
INSERT INTO products (id, item_id, price) VALUES (13087, 21825, 0);
INSERT INTO items (id, venue_id, name) VALUES (21826, 13162, 'Product13088');
INSERT INTO products (id, item_id, price) VALUES (13088, 21826, 0);
INSERT INTO items (id, venue_id, name) VALUES (21827, 13162, 'Product13089');
INSERT INTO products (id, item_id, price) VALUES (13089, 21827, 17.5);
INSERT INTO items (id, venue_id, name) VALUES (21828, 13162, 'Product13090');
INSERT INTO products (id, item_id, price) VALUES (13090, 21828, 0);
INSERT INTO items (id, venue_id, name) VALUES (21829, 13162, 'Product13091');
INSERT INTO products (id, item_id, price) VALUES (13091, 21829, 20);
INSERT INTO items (id, venue_id, name) VALUES (21830, 13162, 'Product13092');
INSERT INTO products (id, item_id, price) VALUES (13092, 21830, 0);
INSERT INTO items (id, venue_id, name) VALUES (21831, 13162, 'Product13093');
INSERT INTO products (id, item_id, price) VALUES (13093, 21831, 0);
INSERT INTO items (id, venue_id, name) VALUES (24399, 13162, 'Space19953');
INSERT INTO spaces (id, item_id, hour_price) VALUES (19953, 24399, 17.5);
INSERT INTO venues (id, name) VALUES (13166, 'Venue13166');
INSERT INTO items (id, venue_id, name) VALUES (21832, 13166, 'Space18731');
INSERT INTO spaces (id, item_id, hour_price) VALUES (18731, 21832, 0);
INSERT INTO items (id, venue_id, name) VALUES (21833, 13166, 'Space18732');
INSERT INTO spaces (id, item_id, hour_price) VALUES (18732, 21833, 0);
INSERT INTO items (id, venue_id, name) VALUES (21834, 13166, 'Space18733');
INSERT INTO spaces (id, item_id, hour_price) VALUES (18733, 21834, 0);
INSERT INTO items (id, venue_id, name) VALUES (21835, 13166, 'Space18734');
INSERT INTO spaces (id, item_id, hour_price) VALUES (18734, 21835, 0);
INSERT INTO items (id, venue_id, name) VALUES (21836, 13166, 'Space18735');
INSERT INTO spaces (id, item_id, hour_price) VALUES (18735, 21836, 0);
INSERT INTO items (id, venue_id, name) VALUES (21837, 13166, 'Space18736');
INSERT INTO spaces (id, item_id, hour_price) VALUES (18736, 21837, 0);
INSERT INTO items (id, venue_id, name) VALUES (21838, 13166, 'Space18737');
INSERT INTO spaces (id, item_id, hour_price) VALUES (18737, 21838, 25);
INSERT INTO venues (id, name) VALUES (13171, 'Venue13171');
INSERT INTO items (id, venue_id, name) VALUES (21839, 13171, 'Space18738');
INSERT INTO spaces (id, item_id, hour_price) VALUES (18738, 21839, 0);
INSERT INTO items (id, venue_id, name) VALUES (21840, 13171, 'Space18739');
INSERT INTO spaces (id, item_id, hour_price) VALUES (18739, 21840, 0);
INSERT INTO items (id, venue_id, name) VALUES (21841, 13171, 'Space18740');
INSERT INTO spaces (id, item_id, hour_price) VALUES (18740, 21841, 0);
INSERT INTO items (id, venue_id, name) VALUES (21842, 13171, 'Space18741');
INSERT INTO spaces (id, item_id, hour_price) VALUES (18741, 21842, 0);
INSERT INTO items (id, venue_id, name) VALUES (21843, 13171, 'Space18742');
INSERT INTO spaces (id, item_id, hour_price) VALUES (18742, 21843, 0);
INSERT INTO items (id, venue_id, name) VALUES (21844, 13171, 'Space18743');
INSERT INTO spaces (id, item_id, hour_price) VALUES (18743, 21844, 0);
INSERT INTO items (id, venue_id, name) VALUES (21845, 13171, 'Space18744');
INSERT INTO spaces (id, item_id, hour_price) VALUES (18744, 21845, 22.5);
INSERT INTO items (id, venue_id, name) VALUES (21846, 13171, 'Product13094');
INSERT INTO products (id, item_id, price) VALUES (13094, 21846, 3.25);
INSERT INTO items (id, venue_id, name) VALUES (21847, 13171, 'Product13095');
INSERT INTO products (id, item_id, price) VALUES (13095, 21847, 5.25);
INSERT INTO items (id, venue_id, name) VALUES (21848, 13171, 'Product13096');
INSERT INTO products (id, item_id, price) VALUES (13096, 21848, 7.5);
INSERT INTO items (id, venue_id, name) VALUES (21849, 13171, 'Product13097');
INSERT INTO products (id, item_id, price) VALUES (13097, 21849, 7.5);
INSERT INTO items (id, venue_id, name) VALUES (21850, 13171, 'Product13098');
INSERT INTO products (id, item_id, price) VALUES (13098, 21850, 8);
INSERT INTO items (id, venue_id, name) VALUES (21851, 13171, 'Product13099');
INSERT INTO products (id, item_id, price) VALUES (13099, 21851, 15);
INSERT INTO items (id, venue_id, name) VALUES (21852, 13171, 'Product13100');
INSERT INTO products (id, item_id, price) VALUES (13100, 21852, 75);
INSERT INTO items (id, venue_id, name) VALUES (21853, 13171, 'Product13101');
INSERT INTO products (id, item_id, price) VALUES (13101, 21853, 5);
INSERT INTO items (id, venue_id, name) VALUES (21854, 13171, 'Product13102');
INSERT INTO products (id, item_id, price) VALUES (13102, 21854, 25);
INSERT INTO items (id, venue_id, name) VALUES (21855, 13171, 'Product13103');
INSERT INTO products (id, item_id, price) VALUES (13103, 21855, 10);
INSERT INTO items (id, venue_id, name) VALUES (22478, 13171, 'Space19041');
INSERT INTO spaces (id, item_id, hour_price) VALUES (19041, 22478, 82.5);
INSERT INTO items (id, venue_id, name) VALUES (22479, 13171, 'Space19042');
INSERT INTO spaces (id, item_id, hour_price) VALUES (19042, 22479, 82.5);
INSERT INTO items (id, venue_id, name) VALUES (22480, 13171, 'Space19043');
INSERT INTO spaces (id, item_id, hour_price) VALUES (19043, 22480, 25);
INSERT INTO items (id, venue_id, name) VALUES (22481, 13171, 'Space19044');
INSERT INTO spaces (id, item_id, hour_price) VALUES (19044, 22481, 25);
INSERT INTO venues (id, name) VALUES (13176, 'Venue13176');
INSERT INTO items (id, venue_id, name) VALUES (21862, 13176, 'Space18751');
INSERT INTO spaces (id, item_id, hour_price) VALUES (18751, 21862, 0);
INSERT INTO items (id, venue_id, name) VALUES (21863, 13176, 'Space18752');
INSERT INTO spaces (id, item_id, hour_price) VALUES (18752, 21863, 0);
INSERT INTO items (id, venue_id, name) VALUES (21864, 13176, 'Space18753');
INSERT INTO spaces (id, item_id, hour_price) VALUES (18753, 21864, 0);
INSERT INTO items (id, venue_id, name) VALUES (21865, 13176, 'Space18754');
INSERT INTO spaces (id, item_id, hour_price) VALUES (18754, 21865, 0);
INSERT INTO items (id, venue_id, name) VALUES (21866, 13176, 'Space18755');
INSERT INTO spaces (id, item_id, hour_price) VALUES (18755, 21866, 0);
INSERT INTO items (id, venue_id, name) VALUES (21867, 13176, 'Space18756');
INSERT INTO spaces (id, item_id, hour_price) VALUES (18756, 21867, 0);
INSERT INTO items (id, venue_id, name) VALUES (21868, 13176, 'Space18757');
INSERT INTO spaces (id, item_id, hour_price) VALUES (18757, 21868, 16.94);
INSERT INTO items (id, venue_id, name) VALUES (21869, 13176, 'Space18758');
INSERT INTO spaces (id, item_id, hour_price) VALUES (18758, 21869, 16.94);
INSERT INTO items (id, venue_id, name) VALUES (21870, 13176, 'Space18759');
INSERT INTO spaces (id, item_id, hour_price) VALUES (18759, 21870, 32.67);
INSERT INTO items (id, venue_id, name) VALUES (21871, 13176, 'Space18760');
INSERT INTO spaces (id, item_id, hour_price) VALUES (18760, 21871, 13.92);
INSERT INTO items (id, venue_id, name) VALUES (21872, 13176, 'Space18761');
INSERT INTO spaces (id, item_id, hour_price) VALUES (18761, 21872, 44.17);
INSERT INTO items (id, venue_id, name) VALUES (21873, 13176, 'Space18762');
INSERT INTO spaces (id, item_id, hour_price) VALUES (18762, 21873, 30.25);
INSERT INTO items (id, venue_id, name) VALUES (21874, 13176, 'Space18763');
INSERT INTO spaces (id, item_id, hour_price) VALUES (18763, 21874, 21.78);
INSERT INTO items (id, venue_id, name) VALUES (21875, 13176, 'Space18764');
INSERT INTO spaces (id, item_id, hour_price) VALUES (18764, 21875, 21.78);
INSERT INTO items (id, venue_id, name) VALUES (21876, 13176, 'Space18765');
INSERT INTO spaces (id, item_id, hour_price) VALUES (18765, 21876, 11.5);
INSERT INTO items (id, venue_id, name) VALUES (21877, 13176, 'Space18766');
INSERT INTO spaces (id, item_id, hour_price) VALUES (18766, 21877, 107.5);
INSERT INTO items (id, venue_id, name) VALUES (21878, 13176, 'Space18767');
INSERT INTO spaces (id, item_id, hour_price) VALUES (18767, 21878, 10.89);
INSERT INTO items (id, venue_id, name) VALUES (21879, 13176, 'Space18768');
INSERT INTO spaces (id, item_id, hour_price) VALUES (18768, 21879, 0.31);
INSERT INTO items (id, venue_id, name) VALUES (21880, 13176, 'Space18769');
INSERT INTO spaces (id, item_id, hour_price) VALUES (18769, 21880, 60.5);
INSERT INTO items (id, venue_id, name) VALUES (21881, 13176, 'Product13104');
INSERT INTO products (id, item_id, price) VALUES (13104, 21881, 2);
INSERT INTO items (id, venue_id, name) VALUES (21882, 13176, 'Product13105');
INSERT INTO products (id, item_id, price) VALUES (13105, 21882, 2);
INSERT INTO items (id, venue_id, name) VALUES (21883, 13176, 'Product13106');
INSERT INTO products (id, item_id, price) VALUES (13106, 21883, 25);
INSERT INTO items (id, venue_id, name) VALUES (21884, 13176, 'Product13107');
INSERT INTO products (id, item_id, price) VALUES (13107, 21884, 25);
INSERT INTO items (id, venue_id, name) VALUES (21885, 13176, 'Product13108');
INSERT INTO products (id, item_id, price) VALUES (13108, 21885, 5);
INSERT INTO items (id, venue_id, name) VALUES (21886, 13176, 'Product13109');
INSERT INTO products (id, item_id, price) VALUES (13109, 21886, 0);
INSERT INTO items (id, venue_id, name) VALUES (21887, 13176, 'Product13110');
INSERT INTO products (id, item_id, price) VALUES (13110, 21887, 0);
INSERT INTO items (id, venue_id, name) VALUES (21888, 13176, 'Product13111');
INSERT INTO products (id, item_id, price) VALUES (13111, 21888, 0);
INSERT INTO items (id, venue_id, name) VALUES (21889, 13176, 'Product13112');
INSERT INTO products (id, item_id, price) VALUES (13112, 21889, 0);
INSERT INTO venues (id, name) VALUES (13184, 'Venue13184');
INSERT INTO items (id, venue_id, name) VALUES (21916, 13184, 'Space18779');
INSERT INTO spaces (id, item_id, hour_price) VALUES (18779, 21916, 0);
INSERT INTO items (id, venue_id, name) VALUES (21917, 13184, 'Space18780');
INSERT INTO spaces (id, item_id, hour_price) VALUES (18780, 21917, 0);
INSERT INTO items (id, venue_id, name) VALUES (21918, 13184, 'Space18781');
INSERT INTO spaces (id, item_id, hour_price) VALUES (18781, 21918, 0);
INSERT INTO items (id, venue_id, name) VALUES (21919, 13184, 'Space18782');
INSERT INTO spaces (id, item_id, hour_price) VALUES (18782, 21919, 0);
INSERT INTO items (id, venue_id, name) VALUES (21920, 13184, 'Space18783');
INSERT INTO spaces (id, item_id, hour_price) VALUES (18783, 21920, 0);
INSERT INTO items (id, venue_id, name) VALUES (21921, 13184, 'Space18784');
INSERT INTO spaces (id, item_id, hour_price) VALUES (18784, 21921, 0);
INSERT INTO items (id, venue_id, name) VALUES (21922, 13184, 'Space18785');
INSERT INTO spaces (id, item_id, hour_price) VALUES (18785, 21922, 15);
INSERT INTO items (id, venue_id, name) VALUES (21923, 13184, 'Product13130');
INSERT INTO products (id, item_id, price) VALUES (13130, 21923, 0);
INSERT INTO items (id, venue_id, name) VALUES (21924, 13184, 'Product13131');
INSERT INTO products (id, item_id, price) VALUES (13131, 21924, 0);
INSERT INTO items (id, venue_id, name) VALUES (21925, 13184, 'Product13132');
INSERT INTO products (id, item_id, price) VALUES (13132, 21925, 10);
INSERT INTO items (id, venue_id, name) VALUES (21926, 13184, 'Product13133');
INSERT INTO products (id, item_id, price) VALUES (13133, 21926, 10);
INSERT INTO items (id, venue_id, name) VALUES (21927, 13184, 'Product13134');
INSERT INTO products (id, item_id, price) VALUES (13134, 21927, 5);
INSERT INTO items (id, venue_id, name) VALUES (21928, 13184, 'Product13135');
INSERT INTO products (id, item_id, price) VALUES (13135, 21928, 10);
INSERT INTO items (id, venue_id, name) VALUES (21929, 13184, 'Product13136');
INSERT INTO products (id, item_id, price) VALUES (13136, 21929, 15);
INSERT INTO items (id, venue_id, name) VALUES (25973, 13184, 'Space20661');
INSERT INTO spaces (id, item_id, hour_price) VALUES (20661, 25973, 3.7);
INSERT INTO venues (id, name) VALUES (13193, 'Venue13193');
INSERT INTO items (id, venue_id, name) VALUES (21943, 13193, 'Space18793');
INSERT INTO spaces (id, item_id, hour_price) VALUES (18793, 21943, 0);
INSERT INTO items (id, venue_id, name) VALUES (21944, 13193, 'Space18794');
INSERT INTO spaces (id, item_id, hour_price) VALUES (18794, 21944, 0);
INSERT INTO items (id, venue_id, name) VALUES (21945, 13193, 'Space18795');
INSERT INTO spaces (id, item_id, hour_price) VALUES (18795, 21945, 0);
INSERT INTO items (id, venue_id, name) VALUES (21946, 13193, 'Space18796');
INSERT INTO spaces (id, item_id, hour_price) VALUES (18796, 21946, 0);
INSERT INTO items (id, venue_id, name) VALUES (21947, 13193, 'Space18797');
INSERT INTO spaces (id, item_id, hour_price) VALUES (18797, 21947, 0);
INSERT INTO items (id, venue_id, name) VALUES (21948, 13193, 'Space18798');
INSERT INTO spaces (id, item_id, hour_price) VALUES (18798, 21948, 0);
INSERT INTO items (id, venue_id, name) VALUES (21949, 13193, 'Space18799');
INSERT INTO spaces (id, item_id, hour_price) VALUES (18799, 21949, 50);
INSERT INTO items (id, venue_id, name) VALUES (21950, 13193, 'Product13143');
INSERT INTO products (id, item_id, price) VALUES (13143, 21950, 0);
INSERT INTO items (id, venue_id, name) VALUES (21951, 13193, 'Product13144');
INSERT INTO products (id, item_id, price) VALUES (13144, 21951, 0);
INSERT INTO items (id, venue_id, name) VALUES (21952, 13193, 'Product13145');
INSERT INTO products (id, item_id, price) VALUES (13145, 21952, 0);
INSERT INTO items (id, venue_id, name) VALUES (21953, 13193, 'Product13146');
INSERT INTO products (id, item_id, price) VALUES (13146, 21953, 0);
INSERT INTO items (id, venue_id, name) VALUES (21954, 13193, 'Product13147');
INSERT INTO products (id, item_id, price) VALUES (13147, 21954, 0);
INSERT INTO items (id, venue_id, name) VALUES (21955, 13193, 'Product13148');
INSERT INTO products (id, item_id, price) VALUES (13148, 21955, 0);
INSERT INTO items (id, venue_id, name) VALUES (21956, 13193, 'Product13149');
INSERT INTO products (id, item_id, price) VALUES (13149, 21956, 12);
INSERT INTO items (id, venue_id, name) VALUES (21957, 13193, 'Product13150');
INSERT INTO products (id, item_id, price) VALUES (13150, 21957, 0);
INSERT INTO items (id, venue_id, name) VALUES (21958, 13193, 'Product13151');
INSERT INTO products (id, item_id, price) VALUES (13151, 21958, 0);
INSERT INTO items (id, venue_id, name) VALUES (21959, 13193, 'Product13152');
INSERT INTO products (id, item_id, price) VALUES (13152, 21959, 0);
INSERT INTO items (id, venue_id, name) VALUES (21960, 13193, 'Product13153');
INSERT INTO products (id, item_id, price) VALUES (13153, 21960, 0);
INSERT INTO items (id, venue_id, name) VALUES (21961, 13193, 'Product13154');
INSERT INTO products (id, item_id, price) VALUES (13154, 21961, 0);
INSERT INTO items (id, venue_id, name) VALUES (21962, 13193, 'Product13155');
INSERT INTO products (id, item_id, price) VALUES (13155, 21962, 0);
INSERT INTO items (id, venue_id, name) VALUES (21963, 13193, 'Product13156');
INSERT INTO products (id, item_id, price) VALUES (13156, 21963, 0);
INSERT INTO items (id, venue_id, name) VALUES (21964, 13193, 'Product13157');
INSERT INTO products (id, item_id, price) VALUES (13157, 21964, 0);
INSERT INTO items (id, venue_id, name) VALUES (21965, 13193, 'Product13158');
INSERT INTO products (id, item_id, price) VALUES (13158, 21965, 0);
INSERT INTO items (id, venue_id, name) VALUES (21966, 13193, 'Product13159');
INSERT INTO products (id, item_id, price) VALUES (13159, 21966, 0);
INSERT INTO items (id, venue_id, name) VALUES (22127, 13193, 'Product13243');
INSERT INTO products (id, item_id, price) VALUES (13243, 22127, 0);
INSERT INTO venues (id, name) VALUES (13198, 'Venue13198');
INSERT INTO items (id, venue_id, name) VALUES (21967, 13198, 'Space18800');
INSERT INTO spaces (id, item_id, hour_price) VALUES (18800, 21967, 0);
INSERT INTO items (id, venue_id, name) VALUES (21968, 13198, 'Space18801');
INSERT INTO spaces (id, item_id, hour_price) VALUES (18801, 21968, 0);
INSERT INTO items (id, venue_id, name) VALUES (21969, 13198, 'Space18802');
INSERT INTO spaces (id, item_id, hour_price) VALUES (18802, 21969, 0);
INSERT INTO items (id, venue_id, name) VALUES (21970, 13198, 'Space18803');
INSERT INTO spaces (id, item_id, hour_price) VALUES (18803, 21970, 0);
INSERT INTO items (id, venue_id, name) VALUES (21971, 13198, 'Space18804');
INSERT INTO spaces (id, item_id, hour_price) VALUES (18804, 21971, 0);
INSERT INTO items (id, venue_id, name) VALUES (21972, 13198, 'Space18805');
INSERT INTO spaces (id, item_id, hour_price) VALUES (18805, 21972, 0);
INSERT INTO items (id, venue_id, name) VALUES (21973, 13198, 'Space18806');
INSERT INTO spaces (id, item_id, hour_price) VALUES (18806, 21973, 55);
INSERT INTO items (id, venue_id, name) VALUES (21974, 13198, 'Space18807');
INSERT INTO spaces (id, item_id, hour_price) VALUES (18807, 21974, 55);
INSERT INTO items (id, venue_id, name) VALUES (21975, 13198, 'Space18808');
INSERT INTO spaces (id, item_id, hour_price) VALUES (18808, 21975, 70);
INSERT INTO items (id, venue_id, name) VALUES (21976, 13198, 'Product13160');
INSERT INTO products (id, item_id, price) VALUES (13160, 21976, 5);
INSERT INTO items (id, venue_id, name) VALUES (21977, 13198, 'Product13161');
INSERT INTO products (id, item_id, price) VALUES (13161, 21977, 5);
INSERT INTO items (id, venue_id, name) VALUES (21978, 13198, 'Product13162');
INSERT INTO products (id, item_id, price) VALUES (13162, 21978, 9.95);
INSERT INTO items (id, venue_id, name) VALUES (21979, 13198, 'Product13163');
INSERT INTO products (id, item_id, price) VALUES (13163, 21979, 95);
INSERT INTO venues (id, name) VALUES (13200, 'Venue13200');
INSERT INTO items (id, venue_id, name) VALUES (21980, 13200, 'Space18809');
INSERT INTO spaces (id, item_id, hour_price) VALUES (18809, 21980, 0);
INSERT INTO items (id, venue_id, name) VALUES (21981, 13200, 'Space18810');
INSERT INTO spaces (id, item_id, hour_price) VALUES (18810, 21981, 0);
INSERT INTO items (id, venue_id, name) VALUES (21982, 13200, 'Space18811');
INSERT INTO spaces (id, item_id, hour_price) VALUES (18811, 21982, 0);
INSERT INTO items (id, venue_id, name) VALUES (21983, 13200, 'Space18812');
INSERT INTO spaces (id, item_id, hour_price) VALUES (18812, 21983, 0);
INSERT INTO items (id, venue_id, name) VALUES (21984, 13200, 'Space18813');
INSERT INTO spaces (id, item_id, hour_price) VALUES (18813, 21984, 0);
INSERT INTO items (id, venue_id, name) VALUES (21985, 13200, 'Space18814');
INSERT INTO spaces (id, item_id, hour_price) VALUES (18814, 21985, 0);
INSERT INTO items (id, venue_id, name) VALUES (21986, 13200, 'Space18815');
INSERT INTO spaces (id, item_id, hour_price) VALUES (18815, 21986, 3);
INSERT INTO items (id, venue_id, name) VALUES (21988, 13200, 'Space18817');
INSERT INTO spaces (id, item_id, hour_price) VALUES (18817, 21988, 3);
INSERT INTO items (id, venue_id, name) VALUES (21989, 13200, 'Space18818');
INSERT INTO spaces (id, item_id, hour_price) VALUES (18818, 21989, 3);
INSERT INTO items (id, venue_id, name) VALUES (21990, 13200, 'Space18819');
INSERT INTO spaces (id, item_id, hour_price) VALUES (18819, 21990, 3);
INSERT INTO items (id, venue_id, name) VALUES (21991, 13200, 'Product13164');
INSERT INTO products (id, item_id, price) VALUES (13164, 21991, 15);
INSERT INTO items (id, venue_id, name) VALUES (21992, 13200, 'Product13165');
INSERT INTO products (id, item_id, price) VALUES (13165, 21992, 5);
INSERT INTO items (id, venue_id, name) VALUES (23424, 13200, 'Product13911');
INSERT INTO products (id, item_id, price) VALUES (13911, 23424, 1.5);
INSERT INTO venues (id, name) VALUES (13205, 'Venue13205');
INSERT INTO items (id, venue_id, name) VALUES (21994, 13205, 'Space18820');
INSERT INTO spaces (id, item_id, hour_price) VALUES (18820, 21994, 0);
INSERT INTO items (id, venue_id, name) VALUES (21995, 13205, 'Space18821');
INSERT INTO spaces (id, item_id, hour_price) VALUES (18821, 21995, 0);
INSERT INTO items (id, venue_id, name) VALUES (21996, 13205, 'Space18822');
INSERT INTO spaces (id, item_id, hour_price) VALUES (18822, 21996, 0);
INSERT INTO items (id, venue_id, name) VALUES (21997, 13205, 'Space18823');
INSERT INTO spaces (id, item_id, hour_price) VALUES (18823, 21997, 0);
INSERT INTO items (id, venue_id, name) VALUES (21998, 13205, 'Space18824');
INSERT INTO spaces (id, item_id, hour_price) VALUES (18824, 21998, 0);
INSERT INTO items (id, venue_id, name) VALUES (21999, 13205, 'Space18825');
INSERT INTO spaces (id, item_id, hour_price) VALUES (18825, 21999, 0);
INSERT INTO items (id, venue_id, name) VALUES (22001, 13205, 'Product13167');
INSERT INTO products (id, item_id, price) VALUES (13167, 22001, 0);
INSERT INTO items (id, venue_id, name) VALUES (22002, 13205, 'Product13168');
INSERT INTO products (id, item_id, price) VALUES (13168, 22002, 0);
INSERT INTO items (id, venue_id, name) VALUES (22003, 13205, 'Product13169');
INSERT INTO products (id, item_id, price) VALUES (13169, 22003, 0);
INSERT INTO items (id, venue_id, name) VALUES (22004, 13205, 'Product13170');
INSERT INTO products (id, item_id, price) VALUES (13170, 22004, 0);
INSERT INTO items (id, venue_id, name) VALUES (22005, 13205, 'Product13171');
INSERT INTO products (id, item_id, price) VALUES (13171, 22005, 0);
INSERT INTO items (id, venue_id, name) VALUES (22006, 13205, 'Product13172');
INSERT INTO products (id, item_id, price) VALUES (13172, 22006, 0);
INSERT INTO items (id, venue_id, name) VALUES (22007, 13205, 'Product13173');
INSERT INTO products (id, item_id, price) VALUES (13173, 22007, 0);
INSERT INTO items (id, venue_id, name) VALUES (22008, 13205, 'Product13174');
INSERT INTO products (id, item_id, price) VALUES (13174, 22008, 0);
INSERT INTO items (id, venue_id, name) VALUES (22009, 13205, 'Product13175');
INSERT INTO products (id, item_id, price) VALUES (13175, 22009, 0);
INSERT INTO items (id, venue_id, name) VALUES (22010, 13205, 'Product13176');
INSERT INTO products (id, item_id, price) VALUES (13176, 22010, 0);
INSERT INTO items (id, venue_id, name) VALUES (22011, 13205, 'Product13177');
INSERT INTO products (id, item_id, price) VALUES (13177, 22011, 0);
INSERT INTO items (id, venue_id, name) VALUES (22012, 13205, 'Product13178');
INSERT INTO products (id, item_id, price) VALUES (13178, 22012, 0);
INSERT INTO items (id, venue_id, name) VALUES (22013, 13205, 'Product13179');
INSERT INTO products (id, item_id, price) VALUES (13179, 22013, 0);
INSERT INTO items (id, venue_id, name) VALUES (22014, 13205, 'Product13180');
INSERT INTO products (id, item_id, price) VALUES (13180, 22014, 0);
INSERT INTO items (id, venue_id, name) VALUES (22015, 13205, 'Product13181');
INSERT INTO products (id, item_id, price) VALUES (13181, 22015, 0);
INSERT INTO items (id, venue_id, name) VALUES (22016, 13205, 'Product13182');
INSERT INTO products (id, item_id, price) VALUES (13182, 22016, 0);
INSERT INTO items (id, venue_id, name) VALUES (22017, 13205, 'Product13183');
INSERT INTO products (id, item_id, price) VALUES (13183, 22017, 0);
INSERT INTO items (id, venue_id, name) VALUES (22174, 13205, 'Space18900');
INSERT INTO spaces (id, item_id, hour_price) VALUES (18900, 22174, 1.21);
INSERT INTO venues (id, name) VALUES (13210, 'Venue13210');
INSERT INTO items (id, venue_id, name) VALUES (22018, 13210, 'Space18827');
INSERT INTO spaces (id, item_id, hour_price) VALUES (18827, 22018, 0);
INSERT INTO items (id, venue_id, name) VALUES (22019, 13210, 'Space18828');
INSERT INTO spaces (id, item_id, hour_price) VALUES (18828, 22019, 0);
INSERT INTO items (id, venue_id, name) VALUES (22020, 13210, 'Space18829');
INSERT INTO spaces (id, item_id, hour_price) VALUES (18829, 22020, 0);
INSERT INTO items (id, venue_id, name) VALUES (22021, 13210, 'Space18830');
INSERT INTO spaces (id, item_id, hour_price) VALUES (18830, 22021, 0);
INSERT INTO items (id, venue_id, name) VALUES (22022, 13210, 'Space18831');
INSERT INTO spaces (id, item_id, hour_price) VALUES (18831, 22022, 0);
INSERT INTO items (id, venue_id, name) VALUES (22023, 13210, 'Space18832');
INSERT INTO spaces (id, item_id, hour_price) VALUES (18832, 22023, 0);
INSERT INTO items (id, venue_id, name) VALUES (22024, 13210, 'Space18833');
INSERT INTO spaces (id, item_id, hour_price) VALUES (18833, 22024, 15.5);
INSERT INTO items (id, venue_id, name) VALUES (22025, 13210, 'Product13184');
INSERT INTO products (id, item_id, price) VALUES (13184, 22025, 0.5);
INSERT INTO items (id, venue_id, name) VALUES (22026, 13210, 'Product13185');
INSERT INTO products (id, item_id, price) VALUES (13185, 22026, 0.5);
INSERT INTO items (id, venue_id, name) VALUES (22027, 13210, 'Product13186');
INSERT INTO products (id, item_id, price) VALUES (13186, 22027, 1);
INSERT INTO items (id, venue_id, name) VALUES (22028, 13210, 'Product13187');
INSERT INTO products (id, item_id, price) VALUES (13187, 22028, 3);
INSERT INTO items (id, venue_id, name) VALUES (22029, 13210, 'Product13188');
INSERT INTO products (id, item_id, price) VALUES (13188, 22029, 0);
INSERT INTO items (id, venue_id, name) VALUES (22030, 13210, 'Product13189');
INSERT INTO products (id, item_id, price) VALUES (13189, 22030, 0);
INSERT INTO venues (id, name) VALUES (13215, 'Venue13215');
INSERT INTO items (id, venue_id, name) VALUES (22037, 13215, 'Space18839');
INSERT INTO spaces (id, item_id, hour_price) VALUES (18839, 22037, 0);
INSERT INTO items (id, venue_id, name) VALUES (22038, 13215, 'Space18840');
INSERT INTO spaces (id, item_id, hour_price) VALUES (18840, 22038, 0);
INSERT INTO items (id, venue_id, name) VALUES (22039, 13215, 'Space18841');
INSERT INTO spaces (id, item_id, hour_price) VALUES (18841, 22039, 0);
INSERT INTO items (id, venue_id, name) VALUES (22040, 13215, 'Space18842');
INSERT INTO spaces (id, item_id, hour_price) VALUES (18842, 22040, 0);
INSERT INTO items (id, venue_id, name) VALUES (22041, 13215, 'Space18843');
INSERT INTO spaces (id, item_id, hour_price) VALUES (18843, 22041, 0);
INSERT INTO items (id, venue_id, name) VALUES (22042, 13215, 'Space18844');
INSERT INTO spaces (id, item_id, hour_price) VALUES (18844, 22042, 0);
INSERT INTO items (id, venue_id, name) VALUES (22043, 13215, 'Space18845');
INSERT INTO spaces (id, item_id, hour_price) VALUES (18845, 22043, 50);
INSERT INTO items (id, venue_id, name) VALUES (22044, 13215, 'Space18846');
INSERT INTO spaces (id, item_id, hour_price) VALUES (18846, 22044, 50);
INSERT INTO items (id, venue_id, name) VALUES (22045, 13215, 'Product13191');
INSERT INTO products (id, item_id, price) VALUES (13191, 22045, 17.5);
INSERT INTO items (id, venue_id, name) VALUES (22046, 13215, 'Product13192');
INSERT INTO products (id, item_id, price) VALUES (13192, 22046, 14.5);
INSERT INTO items (id, venue_id, name) VALUES (22047, 13215, 'Product13193');
INSERT INTO products (id, item_id, price) VALUES (13193, 22047, 65);
INSERT INTO items (id, venue_id, name) VALUES (22048, 13215, 'Product13194');
INSERT INTO products (id, item_id, price) VALUES (13194, 22048, 0);
INSERT INTO items (id, venue_id, name) VALUES (22049, 13215, 'Product13195');
INSERT INTO products (id, item_id, price) VALUES (13195, 22049, 0);
INSERT INTO items (id, venue_id, name) VALUES (22050, 13215, 'Product13196');
INSERT INTO products (id, item_id, price) VALUES (13196, 22050, 0);
INSERT INTO items (id, venue_id, name) VALUES (22051, 13215, 'Product13197');
INSERT INTO products (id, item_id, price) VALUES (13197, 22051, 0);
INSERT INTO items (id, venue_id, name) VALUES (22052, 13215, 'Product13198');
INSERT INTO products (id, item_id, price) VALUES (13198, 22052, 65);
INSERT INTO items (id, venue_id, name) VALUES (22053, 13215, 'Product13199');
INSERT INTO products (id, item_id, price) VALUES (13199, 22053, 17.5);
INSERT INTO venues (id, name) VALUES (13220, 'Venue13220');
INSERT INTO items (id, venue_id, name) VALUES (22056, 13220, 'Space18848');
INSERT INTO spaces (id, item_id, hour_price) VALUES (18848, 22056, 0);
INSERT INTO items (id, venue_id, name) VALUES (22057, 13220, 'Space18849');
INSERT INTO spaces (id, item_id, hour_price) VALUES (18849, 22057, 0);
INSERT INTO items (id, venue_id, name) VALUES (22058, 13220, 'Space18850');
INSERT INTO spaces (id, item_id, hour_price) VALUES (18850, 22058, 0);
INSERT INTO items (id, venue_id, name) VALUES (22059, 13220, 'Space18851');
INSERT INTO spaces (id, item_id, hour_price) VALUES (18851, 22059, 0);
INSERT INTO items (id, venue_id, name) VALUES (22060, 13220, 'Space18852');
INSERT INTO spaces (id, item_id, hour_price) VALUES (18852, 22060, 0);
INSERT INTO items (id, venue_id, name) VALUES (22061, 13220, 'Space18853');
INSERT INTO spaces (id, item_id, hour_price) VALUES (18853, 22061, 0);
INSERT INTO items (id, venue_id, name) VALUES (22062, 13220, 'Space18854');
INSERT INTO spaces (id, item_id, hour_price) VALUES (18854, 22062, 3);
INSERT INTO items (id, venue_id, name) VALUES (22063, 13220, 'Product13201');
INSERT INTO products (id, item_id, price) VALUES (13201, 22063, 2);
INSERT INTO items (id, venue_id, name) VALUES (22064, 13220, 'Product13202');
INSERT INTO products (id, item_id, price) VALUES (13202, 22064, 1.9);
INSERT INTO items (id, venue_id, name) VALUES (22065, 13220, 'Product13203');
INSERT INTO products (id, item_id, price) VALUES (13203, 22065, 6);
INSERT INTO items (id, venue_id, name) VALUES (22066, 13220, 'Product13204');
INSERT INTO products (id, item_id, price) VALUES (13204, 22066, 12.5);
INSERT INTO items (id, venue_id, name) VALUES (22067, 13220, 'Product13205');
INSERT INTO products (id, item_id, price) VALUES (13205, 22067, 0);
INSERT INTO items (id, venue_id, name) VALUES (22068, 13220, 'Product13206');
INSERT INTO products (id, item_id, price) VALUES (13206, 22068, 0);
INSERT INTO items (id, venue_id, name) VALUES (22069, 13220, 'Product13207');
INSERT INTO products (id, item_id, price) VALUES (13207, 22069, 0);
INSERT INTO items (id, venue_id, name) VALUES (22070, 13220, 'Product13208');
INSERT INTO products (id, item_id, price) VALUES (13208, 22070, 0);
INSERT INTO items (id, venue_id, name) VALUES (22071, 13220, 'Product13209');
INSERT INTO products (id, item_id, price) VALUES (13209, 22071, 0);
INSERT INTO items (id, venue_id, name) VALUES (22072, 13220, 'Product13210');
INSERT INTO products (id, item_id, price) VALUES (13210, 22072, 0);
INSERT INTO items (id, venue_id, name) VALUES (22073, 13220, 'Product13211');
INSERT INTO products (id, item_id, price) VALUES (13211, 22073, 0);
INSERT INTO items (id, venue_id, name) VALUES (22074, 13220, 'Product13212');
INSERT INTO products (id, item_id, price) VALUES (13212, 22074, 0);
INSERT INTO items (id, venue_id, name) VALUES (22075, 13220, 'Product13213');
INSERT INTO products (id, item_id, price) VALUES (13213, 22075, 0);
INSERT INTO items (id, venue_id, name) VALUES (27309, 13220, 'Product16035');
INSERT INTO products (id, item_id, price) VALUES (16035, 27309, 212.26);
INSERT INTO items (id, venue_id, name) VALUES (27310, 13220, 'Product16036');
INSERT INTO products (id, item_id, price) VALUES (16036, 27310, 170);
INSERT INTO items (id, venue_id, name) VALUES (27311, 13220, 'Product16037');
INSERT INTO products (id, item_id, price) VALUES (16037, 27311, 188.68);
INSERT INTO items (id, venue_id, name) VALUES (27312, 13220, 'Product16038');
INSERT INTO products (id, item_id, price) VALUES (16038, 27312, 175.47);
INSERT INTO items (id, venue_id, name) VALUES (27313, 13220, 'Product16039');
INSERT INTO products (id, item_id, price) VALUES (16039, 27313, 89.26);
INSERT INTO venues (id, name) VALUES (13230, 'Venue13230');
INSERT INTO items (id, venue_id, name) VALUES (22098, 13230, 'Space18865');
INSERT INTO spaces (id, item_id, hour_price) VALUES (18865, 22098, 0);
INSERT INTO items (id, venue_id, name) VALUES (22099, 13230, 'Space18866');
INSERT INTO spaces (id, item_id, hour_price) VALUES (18866, 22099, 0);
INSERT INTO items (id, venue_id, name) VALUES (22100, 13230, 'Space18867');
INSERT INTO spaces (id, item_id, hour_price) VALUES (18867, 22100, 0);
INSERT INTO items (id, venue_id, name) VALUES (22101, 13230, 'Space18868');
INSERT INTO spaces (id, item_id, hour_price) VALUES (18868, 22101, 0);
INSERT INTO items (id, venue_id, name) VALUES (22102, 13230, 'Space18869');
INSERT INTO spaces (id, item_id, hour_price) VALUES (18869, 22102, 0);
INSERT INTO items (id, venue_id, name) VALUES (22103, 13230, 'Space18870');
INSERT INTO spaces (id, item_id, hour_price) VALUES (18870, 22103, 0);
INSERT INTO items (id, venue_id, name) VALUES (22104, 13230, 'Space18871');
INSERT INTO spaces (id, item_id, hour_price) VALUES (18871, 22104, 5);
INSERT INTO items (id, venue_id, name) VALUES (22105, 13230, 'Space18872');
INSERT INTO spaces (id, item_id, hour_price) VALUES (18872, 22105, 5);
INSERT INTO items (id, venue_id, name) VALUES (22106, 13230, 'Space18873');
INSERT INTO spaces (id, item_id, hour_price) VALUES (18873, 22106, 5);
INSERT INTO items (id, venue_id, name) VALUES (22107, 13230, 'Space18874');
INSERT INTO spaces (id, item_id, hour_price) VALUES (18874, 22107, 5);
INSERT INTO items (id, venue_id, name) VALUES (22108, 13230, 'Space18875');
INSERT INTO spaces (id, item_id, hour_price) VALUES (18875, 22108, 75);
INSERT INTO items (id, venue_id, name) VALUES (22109, 13230, 'Space18876');
INSERT INTO spaces (id, item_id, hour_price) VALUES (18876, 22109, 75);
INSERT INTO items (id, venue_id, name) VALUES (22110, 13230, 'Product13226');
INSERT INTO products (id, item_id, price) VALUES (13226, 22110, 2.5);
INSERT INTO items (id, venue_id, name) VALUES (22111, 13230, 'Product13227');
INSERT INTO products (id, item_id, price) VALUES (13227, 22111, 2.5);
INSERT INTO items (id, venue_id, name) VALUES (22112, 13230, 'Product13228');
INSERT INTO products (id, item_id, price) VALUES (13228, 22112, 6);
INSERT INTO items (id, venue_id, name) VALUES (22113, 13230, 'Product13229');
INSERT INTO products (id, item_id, price) VALUES (13229, 22113, 6);
INSERT INTO items (id, venue_id, name) VALUES (22114, 13230, 'Product13230');
INSERT INTO products (id, item_id, price) VALUES (13230, 22114, 4);
INSERT INTO items (id, venue_id, name) VALUES (22115, 13230, 'Product13231');
INSERT INTO products (id, item_id, price) VALUES (13231, 22115, 10);
INSERT INTO items (id, venue_id, name) VALUES (22116, 13230, 'Product13232');
INSERT INTO products (id, item_id, price) VALUES (13232, 22116, 12.5);
INSERT INTO items (id, venue_id, name) VALUES (22117, 13230, 'Product13233');
INSERT INTO products (id, item_id, price) VALUES (13233, 22117, 10);
INSERT INTO items (id, venue_id, name) VALUES (22118, 13230, 'Product13234');
INSERT INTO products (id, item_id, price) VALUES (13234, 22118, 25);
INSERT INTO items (id, venue_id, name) VALUES (22119, 13230, 'Product13235');
INSERT INTO products (id, item_id, price) VALUES (13235, 22119, 10);
INSERT INTO items (id, venue_id, name) VALUES (22120, 13230, 'Product13236');
INSERT INTO products (id, item_id, price) VALUES (13236, 22120, 25);
INSERT INTO items (id, venue_id, name) VALUES (22121, 13230, 'Product13237');
INSERT INTO products (id, item_id, price) VALUES (13237, 22121, 10);
INSERT INTO items (id, venue_id, name) VALUES (22122, 13230, 'Product13238');
INSERT INTO products (id, item_id, price) VALUES (13238, 22122, 25);
INSERT INTO items (id, venue_id, name) VALUES (22123, 13230, 'Product13239');
INSERT INTO products (id, item_id, price) VALUES (13239, 22123, 15);
INSERT INTO items (id, venue_id, name) VALUES (22124, 13230, 'Product13240');
INSERT INTO products (id, item_id, price) VALUES (13240, 22124, 10);
INSERT INTO items (id, venue_id, name) VALUES (22125, 13230, 'Product13241');
INSERT INTO products (id, item_id, price) VALUES (13241, 22125, 0);
INSERT INTO items (id, venue_id, name) VALUES (22126, 13230, 'Product13242');
INSERT INTO products (id, item_id, price) VALUES (13242, 22126, 0);
INSERT INTO items (id, venue_id, name) VALUES (25507, 13230, 'Space20465');
INSERT INTO spaces (id, item_id, hour_price) VALUES (20465, 25507, 20);
INSERT INTO venues (id, name) VALUES (13235, 'Venue13235');
INSERT INTO items (id, venue_id, name) VALUES (22128, 13235, 'Space18877');
INSERT INTO spaces (id, item_id, hour_price) VALUES (18877, 22128, 0);
INSERT INTO items (id, venue_id, name) VALUES (22129, 13235, 'Space18878');
INSERT INTO spaces (id, item_id, hour_price) VALUES (18878, 22129, 0);
INSERT INTO items (id, venue_id, name) VALUES (22130, 13235, 'Space18879');
INSERT INTO spaces (id, item_id, hour_price) VALUES (18879, 22130, 0);
INSERT INTO items (id, venue_id, name) VALUES (22131, 13235, 'Space18880');
INSERT INTO spaces (id, item_id, hour_price) VALUES (18880, 22131, 0);
INSERT INTO items (id, venue_id, name) VALUES (22132, 13235, 'Space18881');
INSERT INTO spaces (id, item_id, hour_price) VALUES (18881, 22132, 0);
INSERT INTO items (id, venue_id, name) VALUES (22133, 13235, 'Space18882');
INSERT INTO spaces (id, item_id, hour_price) VALUES (18882, 22133, 0);
INSERT INTO items (id, venue_id, name) VALUES (22134, 13235, 'Space18883');
INSERT INTO spaces (id, item_id, hour_price) VALUES (18883, 22134, 75);
INSERT INTO items (id, venue_id, name) VALUES (22135, 13235, 'Product13244');
INSERT INTO products (id, item_id, price) VALUES (13244, 22135, 1);
INSERT INTO venues (id, name) VALUES (13241, 'Venue13241');
INSERT INTO items (id, venue_id, name) VALUES (22151, 13241, 'Space18891');
INSERT INTO spaces (id, item_id, hour_price) VALUES (18891, 22151, 0);
INSERT INTO items (id, venue_id, name) VALUES (22152, 13241, 'Space18892');
INSERT INTO spaces (id, item_id, hour_price) VALUES (18892, 22152, 0);
INSERT INTO items (id, venue_id, name) VALUES (22153, 13241, 'Space18893');
INSERT INTO spaces (id, item_id, hour_price) VALUES (18893, 22153, 0);
INSERT INTO items (id, venue_id, name) VALUES (22154, 13241, 'Space18894');
INSERT INTO spaces (id, item_id, hour_price) VALUES (18894, 22154, 0);
INSERT INTO items (id, venue_id, name) VALUES (22155, 13241, 'Space18895');
INSERT INTO spaces (id, item_id, hour_price) VALUES (18895, 22155, 0);
INSERT INTO items (id, venue_id, name) VALUES (22156, 13241, 'Space18896');
INSERT INTO spaces (id, item_id, hour_price) VALUES (18896, 22156, 0);
INSERT INTO items (id, venue_id, name) VALUES (22157, 13241, 'Space18897');
INSERT INTO spaces (id, item_id, hour_price) VALUES (18897, 22157, 75);
INSERT INTO items (id, venue_id, name) VALUES (22158, 13241, 'Space18898');
INSERT INTO spaces (id, item_id, hour_price) VALUES (18898, 22158, 50);
INSERT INTO items (id, venue_id, name) VALUES (22160, 13241, 'Product13253');
INSERT INTO products (id, item_id, price) VALUES (13253, 22160, 12.5);
INSERT INTO items (id, venue_id, name) VALUES (22161, 13241, 'Product13254');
INSERT INTO products (id, item_id, price) VALUES (13254, 22161, 16.5);
INSERT INTO items (id, venue_id, name) VALUES (22162, 13241, 'Product13255');
INSERT INTO products (id, item_id, price) VALUES (13255, 22162, 50);
INSERT INTO items (id, venue_id, name) VALUES (22163, 13241, 'Product13256');
INSERT INTO products (id, item_id, price) VALUES (13256, 22163, 50);
INSERT INTO items (id, venue_id, name) VALUES (22164, 13241, 'Product13257');
INSERT INTO products (id, item_id, price) VALUES (13257, 22164, 0);
INSERT INTO items (id, venue_id, name) VALUES (22165, 13241, 'Product13258');
INSERT INTO products (id, item_id, price) VALUES (13258, 22165, 0);
INSERT INTO items (id, venue_id, name) VALUES (22166, 13241, 'Product13259');
INSERT INTO products (id, item_id, price) VALUES (13259, 22166, 0);
INSERT INTO items (id, venue_id, name) VALUES (22167, 13241, 'Product13260');
INSERT INTO products (id, item_id, price) VALUES (13260, 22167, 0);
INSERT INTO items (id, venue_id, name) VALUES (22168, 13241, 'Product13261');
INSERT INTO products (id, item_id, price) VALUES (13261, 22168, 32.5);
INSERT INTO items (id, venue_id, name) VALUES (22169, 13241, 'Product13262');
INSERT INTO products (id, item_id, price) VALUES (13262, 22169, 3.5);
INSERT INTO items (id, venue_id, name) VALUES (22170, 13241, 'Product13263');
INSERT INTO products (id, item_id, price) VALUES (13263, 22170, 2.75);
INSERT INTO items (id, venue_id, name) VALUES (22171, 13241, 'Product13264');
INSERT INTO products (id, item_id, price) VALUES (13264, 22171, 7.5);
INSERT INTO items (id, venue_id, name) VALUES (22172, 13241, 'Product13265');
INSERT INTO products (id, item_id, price) VALUES (13265, 22172, 25.5);
INSERT INTO items (id, venue_id, name) VALUES (22173, 13241, 'Product13266');
INSERT INTO products (id, item_id, price) VALUES (13266, 22173, 15);
INSERT INTO venues (id, name) VALUES (13245, 'Venue13245');
INSERT INTO items (id, venue_id, name) VALUES (22190, 13245, 'Space18909');
INSERT INTO spaces (id, item_id, hour_price) VALUES (18909, 22190, 0);
INSERT INTO items (id, venue_id, name) VALUES (22191, 13245, 'Space18910');
INSERT INTO spaces (id, item_id, hour_price) VALUES (18910, 22191, 0);
INSERT INTO items (id, venue_id, name) VALUES (22192, 13245, 'Space18911');
INSERT INTO spaces (id, item_id, hour_price) VALUES (18911, 22192, 0);
INSERT INTO items (id, venue_id, name) VALUES (22193, 13245, 'Space18912');
INSERT INTO spaces (id, item_id, hour_price) VALUES (18912, 22193, 0);
INSERT INTO items (id, venue_id, name) VALUES (22194, 13245, 'Space18913');
INSERT INTO spaces (id, item_id, hour_price) VALUES (18913, 22194, 0);
INSERT INTO items (id, venue_id, name) VALUES (22195, 13245, 'Space18914');
INSERT INTO spaces (id, item_id, hour_price) VALUES (18914, 22195, 0);
INSERT INTO items (id, venue_id, name) VALUES (22196, 13245, 'Space18915');
INSERT INTO spaces (id, item_id, hour_price) VALUES (18915, 22196, 28);
INSERT INTO items (id, venue_id, name) VALUES (22197, 13245, 'Space18916');
INSERT INTO spaces (id, item_id, hour_price) VALUES (18916, 22197, 28);
INSERT INTO items (id, venue_id, name) VALUES (22198, 13245, 'Product13274');
INSERT INTO products (id, item_id, price) VALUES (13274, 22198, 7.5);
INSERT INTO items (id, venue_id, name) VALUES (22199, 13245, 'Product13275');
INSERT INTO products (id, item_id, price) VALUES (13275, 22199, 20);
INSERT INTO items (id, venue_id, name) VALUES (22374, 13245, 'Product13367');
INSERT INTO products (id, item_id, price) VALUES (13367, 22374, 10);
INSERT INTO items (id, venue_id, name) VALUES (22376, 13245, 'Product13369');
INSERT INTO products (id, item_id, price) VALUES (13369, 22376, 25);
INSERT INTO items (id, venue_id, name) VALUES (22377, 13245, 'Product13370');
INSERT INTO products (id, item_id, price) VALUES (13370, 22377, 25);
INSERT INTO venues (id, name) VALUES (13249, 'Venue13249');
INSERT INTO items (id, venue_id, name) VALUES (22200, 13249, 'Space18917');
INSERT INTO spaces (id, item_id, hour_price) VALUES (18917, 22200, 0);
INSERT INTO items (id, venue_id, name) VALUES (22201, 13249, 'Space18918');
INSERT INTO spaces (id, item_id, hour_price) VALUES (18918, 22201, 0);
INSERT INTO items (id, venue_id, name) VALUES (22202, 13249, 'Space18919');
INSERT INTO spaces (id, item_id, hour_price) VALUES (18919, 22202, 0);
INSERT INTO items (id, venue_id, name) VALUES (22203, 13249, 'Space18920');
INSERT INTO spaces (id, item_id, hour_price) VALUES (18920, 22203, 0);
INSERT INTO items (id, venue_id, name) VALUES (22204, 13249, 'Space18921');
INSERT INTO spaces (id, item_id, hour_price) VALUES (18921, 22204, 0);
INSERT INTO items (id, venue_id, name) VALUES (22205, 13249, 'Space18922');
INSERT INTO spaces (id, item_id, hour_price) VALUES (18922, 22205, 0);
INSERT INTO items (id, venue_id, name) VALUES (22206, 13249, 'Space18923');
INSERT INTO spaces (id, item_id, hour_price) VALUES (18923, 22206, 28);
INSERT INTO items (id, venue_id, name) VALUES (22213, 13249, 'Product13282');
INSERT INTO products (id, item_id, price) VALUES (13282, 22213, 10);
INSERT INTO items (id, venue_id, name) VALUES (22215, 13249, 'Product13284');
INSERT INTO products (id, item_id, price) VALUES (13284, 22215, 25);
INSERT INTO items (id, venue_id, name) VALUES (22221, 13249, 'Product13290');
INSERT INTO products (id, item_id, price) VALUES (13290, 22221, 25);
INSERT INTO items (id, venue_id, name) VALUES (22378, 13249, 'Product13371');
INSERT INTO products (id, item_id, price) VALUES (13371, 22378, 20);
INSERT INTO items (id, venue_id, name) VALUES (22379, 13249, 'Product13372');
INSERT INTO products (id, item_id, price) VALUES (13372, 22379, 7.5);
INSERT INTO items (id, venue_id, name) VALUES (22380, 13249, 'Space19000');
INSERT INTO spaces (id, item_id, hour_price) VALUES (19000, 22380, 28);
INSERT INTO items (id, venue_id, name) VALUES (22381, 13249, 'Space19001');
INSERT INTO spaces (id, item_id, hour_price) VALUES (19001, 22381, 28);
INSERT INTO items (id, venue_id, name) VALUES (22382, 13249, 'Space19002');
INSERT INTO spaces (id, item_id, hour_price) VALUES (19002, 22382, 28);
INSERT INTO venues (id, name) VALUES (13254, 'Venue13254');
INSERT INTO items (id, venue_id, name) VALUES (22222, 13254, 'Space18924');
INSERT INTO spaces (id, item_id, hour_price) VALUES (18924, 22222, 0);
INSERT INTO items (id, venue_id, name) VALUES (22223, 13254, 'Space18925');
INSERT INTO spaces (id, item_id, hour_price) VALUES (18925, 22223, 0);
INSERT INTO items (id, venue_id, name) VALUES (22224, 13254, 'Space18926');
INSERT INTO spaces (id, item_id, hour_price) VALUES (18926, 22224, 0);
INSERT INTO items (id, venue_id, name) VALUES (22225, 13254, 'Space18927');
INSERT INTO spaces (id, item_id, hour_price) VALUES (18927, 22225, 0);
INSERT INTO items (id, venue_id, name) VALUES (22226, 13254, 'Space18928');
INSERT INTO spaces (id, item_id, hour_price) VALUES (18928, 22226, 0);
INSERT INTO items (id, venue_id, name) VALUES (22227, 13254, 'Space18929');
INSERT INTO spaces (id, item_id, hour_price) VALUES (18929, 22227, 0);
INSERT INTO items (id, venue_id, name) VALUES (22228, 13254, 'Space18930');
INSERT INTO spaces (id, item_id, hour_price) VALUES (18930, 22228, 40);
INSERT INTO items (id, venue_id, name) VALUES (22229, 13254, 'Space18931');
INSERT INTO spaces (id, item_id, hour_price) VALUES (18931, 22229, 28);
INSERT INTO items (id, venue_id, name) VALUES (22230, 13254, 'Space18932');
INSERT INTO spaces (id, item_id, hour_price) VALUES (18932, 22230, 28);
INSERT INTO items (id, venue_id, name) VALUES (22231, 13254, 'Space18933');
INSERT INTO spaces (id, item_id, hour_price) VALUES (18933, 22231, 28);
INSERT INTO items (id, venue_id, name) VALUES (22232, 13254, 'Space18934');
INSERT INTO spaces (id, item_id, hour_price) VALUES (18934, 22232, 28);
INSERT INTO items (id, venue_id, name) VALUES (22233, 13254, 'Space18935');
INSERT INTO spaces (id, item_id, hour_price) VALUES (18935, 22233, 28);
INSERT INTO items (id, venue_id, name) VALUES (22234, 13254, 'Space18936');
INSERT INTO spaces (id, item_id, hour_price) VALUES (18936, 22234, 28);
INSERT INTO items (id, venue_id, name) VALUES (22235, 13254, 'Product13291');
INSERT INTO products (id, item_id, price) VALUES (13291, 22235, 10);
INSERT INTO items (id, venue_id, name) VALUES (22236, 13254, 'Product13292');
INSERT INTO products (id, item_id, price) VALUES (13292, 22236, 25);
INSERT INTO items (id, venue_id, name) VALUES (22237, 13254, 'Product13293');
INSERT INTO products (id, item_id, price) VALUES (13293, 22237, 25);
INSERT INTO items (id, venue_id, name) VALUES (22373, 13254, 'Product13366');
INSERT INTO products (id, item_id, price) VALUES (13366, 22373, 20);
INSERT INTO items (id, venue_id, name) VALUES (22375, 13254, 'Product13368');
INSERT INTO products (id, item_id, price) VALUES (13368, 22375, 7.5);
INSERT INTO venues (id, name) VALUES (13259, 'Venue13259');
INSERT INTO items (id, venue_id, name) VALUES (22238, 13259, 'Space18937');
INSERT INTO spaces (id, item_id, hour_price) VALUES (18937, 22238, 0);
INSERT INTO items (id, venue_id, name) VALUES (22239, 13259, 'Space18938');
INSERT INTO spaces (id, item_id, hour_price) VALUES (18938, 22239, 0);
INSERT INTO items (id, venue_id, name) VALUES (22240, 13259, 'Space18939');
INSERT INTO spaces (id, item_id, hour_price) VALUES (18939, 22240, 0);
INSERT INTO items (id, venue_id, name) VALUES (22241, 13259, 'Space18940');
INSERT INTO spaces (id, item_id, hour_price) VALUES (18940, 22241, 0);
INSERT INTO items (id, venue_id, name) VALUES (22242, 13259, 'Space18941');
INSERT INTO spaces (id, item_id, hour_price) VALUES (18941, 22242, 0);
INSERT INTO items (id, venue_id, name) VALUES (22243, 13259, 'Space18942');
INSERT INTO spaces (id, item_id, hour_price) VALUES (18942, 22243, 0);
INSERT INTO items (id, venue_id, name) VALUES (22244, 13259, 'Space18943');
INSERT INTO spaces (id, item_id, hour_price) VALUES (18943, 22244, 28);
INSERT INTO items (id, venue_id, name) VALUES (22245, 13259, 'Space18944');
INSERT INTO spaces (id, item_id, hour_price) VALUES (18944, 22245, 28);
INSERT INTO items (id, venue_id, name) VALUES (22246, 13259, 'Space18945');
INSERT INTO spaces (id, item_id, hour_price) VALUES (18945, 22246, 28);
INSERT INTO items (id, venue_id, name) VALUES (22247, 13259, 'Product13294');
INSERT INTO products (id, item_id, price) VALUES (13294, 22247, 10);
INSERT INTO items (id, venue_id, name) VALUES (22248, 13259, 'Product13295');
INSERT INTO products (id, item_id, price) VALUES (13295, 22248, 25);
INSERT INTO items (id, venue_id, name) VALUES (22249, 13259, 'Product13296');
INSERT INTO products (id, item_id, price) VALUES (13296, 22249, 25);
INSERT INTO items (id, venue_id, name) VALUES (22383, 13259, 'Product13373');
INSERT INTO products (id, item_id, price) VALUES (13373, 22383, 7.5);
INSERT INTO items (id, venue_id, name) VALUES (22384, 13259, 'Product13374');
INSERT INTO products (id, item_id, price) VALUES (13374, 22384, 20);
INSERT INTO items (id, venue_id, name) VALUES (22472, 13259, 'Space19038');
INSERT INTO spaces (id, item_id, hour_price) VALUES (19038, 22472, 28);
INSERT INTO items (id, venue_id, name) VALUES (22473, 13259, 'Space19039');
INSERT INTO spaces (id, item_id, hour_price) VALUES (19039, 22473, 28);
INSERT INTO venues (id, name) VALUES (13264, 'Venue13264');
INSERT INTO items (id, venue_id, name) VALUES (22250, 13264, 'Space18946');
INSERT INTO spaces (id, item_id, hour_price) VALUES (18946, 22250, 0);
INSERT INTO items (id, venue_id, name) VALUES (22251, 13264, 'Space18947');
INSERT INTO spaces (id, item_id, hour_price) VALUES (18947, 22251, 0);
INSERT INTO items (id, venue_id, name) VALUES (22252, 13264, 'Space18948');
INSERT INTO spaces (id, item_id, hour_price) VALUES (18948, 22252, 0);
INSERT INTO items (id, venue_id, name) VALUES (22253, 13264, 'Space18949');
INSERT INTO spaces (id, item_id, hour_price) VALUES (18949, 22253, 0);
INSERT INTO items (id, venue_id, name) VALUES (22254, 13264, 'Space18950');
INSERT INTO spaces (id, item_id, hour_price) VALUES (18950, 22254, 0);
INSERT INTO items (id, venue_id, name) VALUES (22255, 13264, 'Space18951');
INSERT INTO spaces (id, item_id, hour_price) VALUES (18951, 22255, 0);
INSERT INTO items (id, venue_id, name) VALUES (22256, 13264, 'Space18952');
INSERT INTO spaces (id, item_id, hour_price) VALUES (18952, 22256, 28);
INSERT INTO items (id, venue_id, name) VALUES (22257, 13264, 'Space18953');
INSERT INTO spaces (id, item_id, hour_price) VALUES (18953, 22257, 28);
INSERT INTO items (id, venue_id, name) VALUES (22258, 13264, 'Space18954');
INSERT INTO spaces (id, item_id, hour_price) VALUES (18954, 22258, 40);
INSERT INTO items (id, venue_id, name) VALUES (22259, 13264, 'Product13297');
INSERT INTO products (id, item_id, price) VALUES (13297, 22259, 10);
INSERT INTO items (id, venue_id, name) VALUES (22260, 13264, 'Product13298');
INSERT INTO products (id, item_id, price) VALUES (13298, 22260, 25);
INSERT INTO items (id, venue_id, name) VALUES (22261, 13264, 'Product13299');
INSERT INTO products (id, item_id, price) VALUES (13299, 22261, 25);
INSERT INTO items (id, venue_id, name) VALUES (22262, 13264, 'Product13300');
INSERT INTO products (id, item_id, price) VALUES (13300, 22262, 20);
INSERT INTO items (id, venue_id, name) VALUES (22263, 13264, 'Product13301');
INSERT INTO products (id, item_id, price) VALUES (13301, 22263, 7.5);
INSERT INTO venues (id, name) VALUES (13269, 'Venue13269');
INSERT INTO items (id, venue_id, name) VALUES (22268, 13269, 'Space18957');
INSERT INTO spaces (id, item_id, hour_price) VALUES (18957, 22268, 0);
INSERT INTO items (id, venue_id, name) VALUES (22269, 13269, 'Space18958');
INSERT INTO spaces (id, item_id, hour_price) VALUES (18958, 22269, 0);
INSERT INTO items (id, venue_id, name) VALUES (22270, 13269, 'Space18959');
INSERT INTO spaces (id, item_id, hour_price) VALUES (18959, 22270, 0);
INSERT INTO items (id, venue_id, name) VALUES (22271, 13269, 'Space18960');
INSERT INTO spaces (id, item_id, hour_price) VALUES (18960, 22271, 0);
INSERT INTO items (id, venue_id, name) VALUES (22272, 13269, 'Space18961');
INSERT INTO spaces (id, item_id, hour_price) VALUES (18961, 22272, 0);
INSERT INTO items (id, venue_id, name) VALUES (22273, 13269, 'Space18962');
INSERT INTO spaces (id, item_id, hour_price) VALUES (18962, 22273, 0);
INSERT INTO items (id, venue_id, name) VALUES (22274, 13269, 'Space18963');
INSERT INTO spaces (id, item_id, hour_price) VALUES (18963, 22274, 50);
INSERT INTO items (id, venue_id, name) VALUES (22275, 13269, 'Product13304');
INSERT INTO products (id, item_id, price) VALUES (13304, 22275, 0);
INSERT INTO items (id, venue_id, name) VALUES (22276, 13269, 'Product13305');
INSERT INTO products (id, item_id, price) VALUES (13305, 22276, 0);
INSERT INTO items (id, venue_id, name) VALUES (22277, 13269, 'Product13306');
INSERT INTO products (id, item_id, price) VALUES (13306, 22277, 0);
INSERT INTO items (id, venue_id, name) VALUES (22278, 13269, 'Product13307');
INSERT INTO products (id, item_id, price) VALUES (13307, 22278, 0);
INSERT INTO items (id, venue_id, name) VALUES (22279, 13269, 'Product13308');
INSERT INTO products (id, item_id, price) VALUES (13308, 22279, 0);
INSERT INTO items (id, venue_id, name) VALUES (22280, 13269, 'Product13309');
INSERT INTO products (id, item_id, price) VALUES (13309, 22280, 0);
INSERT INTO items (id, venue_id, name) VALUES (22281, 13269, 'Product13310');
INSERT INTO products (id, item_id, price) VALUES (13310, 22281, 0);
INSERT INTO items (id, venue_id, name) VALUES (22282, 13269, 'Product13311');
INSERT INTO products (id, item_id, price) VALUES (13311, 22282, 0);
INSERT INTO items (id, venue_id, name) VALUES (22283, 13269, 'Product13312');
INSERT INTO products (id, item_id, price) VALUES (13312, 22283, 0);
INSERT INTO items (id, venue_id, name) VALUES (22284, 13269, 'Product13313');
INSERT INTO products (id, item_id, price) VALUES (13313, 22284, 0);
INSERT INTO items (id, venue_id, name) VALUES (22285, 13269, 'Product13314');
INSERT INTO products (id, item_id, price) VALUES (13314, 22285, 0);
INSERT INTO items (id, venue_id, name) VALUES (22286, 13269, 'Product13315');
INSERT INTO products (id, item_id, price) VALUES (13315, 22286, 0);
INSERT INTO venues (id, name) VALUES (13274, 'Venue13274');
INSERT INTO items (id, venue_id, name) VALUES (22288, 13274, 'Space18964');
INSERT INTO spaces (id, item_id, hour_price) VALUES (18964, 22288, 0);
INSERT INTO items (id, venue_id, name) VALUES (22289, 13274, 'Space18965');
INSERT INTO spaces (id, item_id, hour_price) VALUES (18965, 22289, 0);
INSERT INTO items (id, venue_id, name) VALUES (22290, 13274, 'Space18966');
INSERT INTO spaces (id, item_id, hour_price) VALUES (18966, 22290, 0);
INSERT INTO items (id, venue_id, name) VALUES (22291, 13274, 'Space18967');
INSERT INTO spaces (id, item_id, hour_price) VALUES (18967, 22291, 0);
INSERT INTO items (id, venue_id, name) VALUES (22292, 13274, 'Space18968');
INSERT INTO spaces (id, item_id, hour_price) VALUES (18968, 22292, 0);
INSERT INTO items (id, venue_id, name) VALUES (22293, 13274, 'Space18969');
INSERT INTO spaces (id, item_id, hour_price) VALUES (18969, 22293, 0);
INSERT INTO items (id, venue_id, name) VALUES (22294, 13274, 'Space18970');
INSERT INTO spaces (id, item_id, hour_price) VALUES (18970, 22294, 5);
INSERT INTO items (id, venue_id, name) VALUES (22295, 13274, 'Space18971');
INSERT INTO spaces (id, item_id, hour_price) VALUES (18971, 22295, 40);
INSERT INTO items (id, venue_id, name) VALUES (22296, 13274, 'Space18972');
INSERT INTO spaces (id, item_id, hour_price) VALUES (18972, 22296, 4);
INSERT INTO items (id, venue_id, name) VALUES (22297, 13274, 'Product13317');
INSERT INTO products (id, item_id, price) VALUES (13317, 22297, 0);
INSERT INTO items (id, venue_id, name) VALUES (22298, 13274, 'Product13318');
INSERT INTO products (id, item_id, price) VALUES (13318, 22298, 0);
INSERT INTO items (id, venue_id, name) VALUES (22299, 13274, 'Product13319');
INSERT INTO products (id, item_id, price) VALUES (13319, 22299, 0);
INSERT INTO items (id, venue_id, name) VALUES (22300, 13274, 'Product13320');
INSERT INTO products (id, item_id, price) VALUES (13320, 22300, 0);
INSERT INTO items (id, venue_id, name) VALUES (22301, 13274, 'Product13321');
INSERT INTO products (id, item_id, price) VALUES (13321, 22301, 0);
INSERT INTO items (id, venue_id, name) VALUES (22302, 13274, 'Product13322');
INSERT INTO products (id, item_id, price) VALUES (13322, 22302, 0);
INSERT INTO items (id, venue_id, name) VALUES (22303, 13274, 'Product13323');
INSERT INTO products (id, item_id, price) VALUES (13323, 22303, 4);
INSERT INTO items (id, venue_id, name) VALUES (22304, 13274, 'Product13324');
INSERT INTO products (id, item_id, price) VALUES (13324, 22304, 5);
INSERT INTO items (id, venue_id, name) VALUES (22305, 13274, 'Product13325');
INSERT INTO products (id, item_id, price) VALUES (13325, 22305, 25);
INSERT INTO items (id, venue_id, name) VALUES (22306, 13274, 'Product13326');
INSERT INTO products (id, item_id, price) VALUES (13326, 22306, 0);
INSERT INTO items (id, venue_id, name) VALUES (22307, 13274, 'Product13327');
INSERT INTO products (id, item_id, price) VALUES (13327, 22307, 0);
INSERT INTO items (id, venue_id, name) VALUES (22308, 13274, 'Product13328');
INSERT INTO products (id, item_id, price) VALUES (13328, 22308, 0);
INSERT INTO items (id, venue_id, name) VALUES (22309, 13274, 'Product13329');
INSERT INTO products (id, item_id, price) VALUES (13329, 22309, 0);
INSERT INTO venues (id, name) VALUES (13279, 'Venue13279');
INSERT INTO items (id, venue_id, name) VALUES (22312, 13279, 'Space18973');
INSERT INTO spaces (id, item_id, hour_price) VALUES (18973, 22312, 0);
INSERT INTO items (id, venue_id, name) VALUES (22313, 13279, 'Space18974');
INSERT INTO spaces (id, item_id, hour_price) VALUES (18974, 22313, 0);
INSERT INTO items (id, venue_id, name) VALUES (22314, 13279, 'Space18975');
INSERT INTO spaces (id, item_id, hour_price) VALUES (18975, 22314, 0);
INSERT INTO items (id, venue_id, name) VALUES (22315, 13279, 'Space18976');
INSERT INTO spaces (id, item_id, hour_price) VALUES (18976, 22315, 0);
INSERT INTO items (id, venue_id, name) VALUES (22316, 13279, 'Space18977');
INSERT INTO spaces (id, item_id, hour_price) VALUES (18977, 22316, 0);
INSERT INTO items (id, venue_id, name) VALUES (22317, 13279, 'Space18978');
INSERT INTO spaces (id, item_id, hour_price) VALUES (18978, 22317, 0);
INSERT INTO items (id, venue_id, name) VALUES (22318, 13279, 'Space18979');
INSERT INTO spaces (id, item_id, hour_price) VALUES (18979, 22318, 200);
INSERT INTO items (id, venue_id, name) VALUES (22319, 13279, 'Space18980');
INSERT INTO spaces (id, item_id, hour_price) VALUES (18980, 22319, 200);
INSERT INTO items (id, venue_id, name) VALUES (22320, 13279, 'Product13332');
INSERT INTO products (id, item_id, price) VALUES (13332, 22320, 2.5);
INSERT INTO items (id, venue_id, name) VALUES (22321, 13279, 'Product13333');
INSERT INTO products (id, item_id, price) VALUES (13333, 22321, 2.5);
INSERT INTO items (id, venue_id, name) VALUES (22322, 13279, 'Product13334');
INSERT INTO products (id, item_id, price) VALUES (13334, 22322, 25);
INSERT INTO items (id, venue_id, name) VALUES (22323, 13279, 'Product13335');
INSERT INTO products (id, item_id, price) VALUES (13335, 22323, 25);
INSERT INTO items (id, venue_id, name) VALUES (22324, 13279, 'Product13336');
INSERT INTO products (id, item_id, price) VALUES (13336, 22324, 15);
INSERT INTO items (id, venue_id, name) VALUES (22325, 13279, 'Product13337');
INSERT INTO products (id, item_id, price) VALUES (13337, 22325, 10);
INSERT INTO items (id, venue_id, name) VALUES (22326, 13279, 'Product13338');
INSERT INTO products (id, item_id, price) VALUES (13338, 22326, 5);
INSERT INTO items (id, venue_id, name) VALUES (22327, 13279, 'Product13339');
INSERT INTO products (id, item_id, price) VALUES (13339, 22327, 40);
INSERT INTO items (id, venue_id, name) VALUES (22328, 13279, 'Product13340');
INSERT INTO products (id, item_id, price) VALUES (13340, 22328, 40);
INSERT INTO items (id, venue_id, name) VALUES (22329, 13279, 'Product13341');
INSERT INTO products (id, item_id, price) VALUES (13341, 22329, 40);
INSERT INTO items (id, venue_id, name) VALUES (22330, 13279, 'Product13342');
INSERT INTO products (id, item_id, price) VALUES (13342, 22330, 40);
INSERT INTO items (id, venue_id, name) VALUES (22331, 13279, 'Product13343');
INSERT INTO products (id, item_id, price) VALUES (13343, 22331, 15);
INSERT INTO items (id, venue_id, name) VALUES (22332, 13279, 'Product13344');
INSERT INTO products (id, item_id, price) VALUES (13344, 22332, 15);
INSERT INTO venues (id, name) VALUES (13284, 'Venue13284');
INSERT INTO items (id, venue_id, name) VALUES (22334, 13284, 'Space18982');
INSERT INTO spaces (id, item_id, hour_price) VALUES (18982, 22334, 0);
INSERT INTO items (id, venue_id, name) VALUES (22335, 13284, 'Space18983');
INSERT INTO spaces (id, item_id, hour_price) VALUES (18983, 22335, 0);
INSERT INTO items (id, venue_id, name) VALUES (22336, 13284, 'Space18984');
INSERT INTO spaces (id, item_id, hour_price) VALUES (18984, 22336, 0);
INSERT INTO items (id, venue_id, name) VALUES (22337, 13284, 'Space18985');
INSERT INTO spaces (id, item_id, hour_price) VALUES (18985, 22337, 0);
INSERT INTO items (id, venue_id, name) VALUES (22338, 13284, 'Space18986');
INSERT INTO spaces (id, item_id, hour_price) VALUES (18986, 22338, 0);
INSERT INTO items (id, venue_id, name) VALUES (22339, 13284, 'Space18987');
INSERT INTO spaces (id, item_id, hour_price) VALUES (18987, 22339, 0);
INSERT INTO items (id, venue_id, name) VALUES (22340, 13284, 'Space18988');
INSERT INTO spaces (id, item_id, hour_price) VALUES (18988, 22340, 100);
INSERT INTO items (id, venue_id, name) VALUES (22341, 13284, 'Space18989');
INSERT INTO spaces (id, item_id, hour_price) VALUES (18989, 22341, 100);
INSERT INTO items (id, venue_id, name) VALUES (22342, 13284, 'Space18990');
INSERT INTO spaces (id, item_id, hour_price) VALUES (18990, 22342, 170);
INSERT INTO items (id, venue_id, name) VALUES (22343, 13284, 'Product13345');
INSERT INTO products (id, item_id, price) VALUES (13345, 22343, 2.2);
INSERT INTO items (id, venue_id, name) VALUES (22344, 13284, 'Product13346');
INSERT INTO products (id, item_id, price) VALUES (13346, 22344, 2.1);
INSERT INTO items (id, venue_id, name) VALUES (22345, 13284, 'Product13347');
INSERT INTO products (id, item_id, price) VALUES (13347, 22345, 10.5);
INSERT INTO items (id, venue_id, name) VALUES (22346, 13284, 'Product13348');
INSERT INTO products (id, item_id, price) VALUES (13348, 22346, 10.5);
INSERT INTO items (id, venue_id, name) VALUES (22347, 13284, 'Product13349');
INSERT INTO products (id, item_id, price) VALUES (13349, 22347, 13.5);
INSERT INTO items (id, venue_id, name) VALUES (22348, 13284, 'Product13350');
INSERT INTO products (id, item_id, price) VALUES (13350, 22348, 75);
INSERT INTO items (id, venue_id, name) VALUES (22349, 13284, 'Product13351');
INSERT INTO products (id, item_id, price) VALUES (13351, 22349, 0);
INSERT INTO items (id, venue_id, name) VALUES (22350, 13284, 'Product13352');
INSERT INTO products (id, item_id, price) VALUES (13352, 22350, 15);
INSERT INTO venues (id, name) VALUES (13294, 'Venue13294');
INSERT INTO items (id, venue_id, name) VALUES (22395, 13294, 'Space19003');
INSERT INTO spaces (id, item_id, hour_price) VALUES (19003, 22395, 0);
INSERT INTO items (id, venue_id, name) VALUES (22396, 13294, 'Space19004');
INSERT INTO spaces (id, item_id, hour_price) VALUES (19004, 22396, 0);
INSERT INTO items (id, venue_id, name) VALUES (22397, 13294, 'Space19005');
INSERT INTO spaces (id, item_id, hour_price) VALUES (19005, 22397, 0);
INSERT INTO items (id, venue_id, name) VALUES (22398, 13294, 'Space19006');
INSERT INTO spaces (id, item_id, hour_price) VALUES (19006, 22398, 0);
INSERT INTO items (id, venue_id, name) VALUES (22399, 13294, 'Space19007');
INSERT INTO spaces (id, item_id, hour_price) VALUES (19007, 22399, 0);
INSERT INTO items (id, venue_id, name) VALUES (22400, 13294, 'Space19008');
INSERT INTO spaces (id, item_id, hour_price) VALUES (19008, 22400, 0);
INSERT INTO items (id, venue_id, name) VALUES (22401, 13294, 'Space19009');
INSERT INTO spaces (id, item_id, hour_price) VALUES (19009, 22401, 6.5);
INSERT INTO items (id, venue_id, name) VALUES (22402, 13294, 'Product13385');
INSERT INTO products (id, item_id, price) VALUES (13385, 22402, 0);
INSERT INTO items (id, venue_id, name) VALUES (22403, 13294, 'Product13386');
INSERT INTO products (id, item_id, price) VALUES (13386, 22403, 0);
INSERT INTO items (id, venue_id, name) VALUES (22404, 13294, 'Product13387');
INSERT INTO products (id, item_id, price) VALUES (13387, 22404, 0);
INSERT INTO items (id, venue_id, name) VALUES (22405, 13294, 'Product13388');
INSERT INTO products (id, item_id, price) VALUES (13388, 22405, 0);
INSERT INTO items (id, venue_id, name) VALUES (22406, 13294, 'Product13389');
INSERT INTO products (id, item_id, price) VALUES (13389, 22406, 0);
INSERT INTO items (id, venue_id, name) VALUES (22407, 13294, 'Product13390');
INSERT INTO products (id, item_id, price) VALUES (13390, 22407, 0);
INSERT INTO items (id, venue_id, name) VALUES (22408, 13294, 'Product13391');
INSERT INTO products (id, item_id, price) VALUES (13391, 22408, 6);
INSERT INTO items (id, venue_id, name) VALUES (22409, 13294, 'Product13392');
INSERT INTO products (id, item_id, price) VALUES (13392, 22409, 20);
INSERT INTO venues (id, name) VALUES (13298, 'Venue13298');
INSERT INTO items (id, venue_id, name) VALUES (22415, 13298, 'Space19011');
INSERT INTO spaces (id, item_id, hour_price) VALUES (19011, 22415, 0);
INSERT INTO items (id, venue_id, name) VALUES (22416, 13298, 'Space19012');
INSERT INTO spaces (id, item_id, hour_price) VALUES (19012, 22416, 0);
INSERT INTO items (id, venue_id, name) VALUES (22417, 13298, 'Space19013');
INSERT INTO spaces (id, item_id, hour_price) VALUES (19013, 22417, 0);
INSERT INTO items (id, venue_id, name) VALUES (22418, 13298, 'Space19014');
INSERT INTO spaces (id, item_id, hour_price) VALUES (19014, 22418, 0);
INSERT INTO items (id, venue_id, name) VALUES (22419, 13298, 'Space19015');
INSERT INTO spaces (id, item_id, hour_price) VALUES (19015, 22419, 0);
INSERT INTO items (id, venue_id, name) VALUES (22420, 13298, 'Space19016');
INSERT INTO spaces (id, item_id, hour_price) VALUES (19016, 22420, 0);
INSERT INTO items (id, venue_id, name) VALUES (22421, 13298, 'Space19017');
INSERT INTO spaces (id, item_id, hour_price) VALUES (19017, 22421, 22.5);
INSERT INTO items (id, venue_id, name) VALUES (22422, 13298, 'Space19018');
INSERT INTO spaces (id, item_id, hour_price) VALUES (19018, 22422, 22.5);
INSERT INTO items (id, venue_id, name) VALUES (22423, 13298, 'Space19019');
INSERT INTO spaces (id, item_id, hour_price) VALUES (19019, 22423, 17.5);
INSERT INTO items (id, venue_id, name) VALUES (22424, 13298, 'Product13397');
INSERT INTO products (id, item_id, price) VALUES (13397, 22424, 2);
INSERT INTO items (id, venue_id, name) VALUES (22425, 13298, 'Product13398');
INSERT INTO products (id, item_id, price) VALUES (13398, 22425, 2);
INSERT INTO items (id, venue_id, name) VALUES (22426, 13298, 'Product13399');
INSERT INTO products (id, item_id, price) VALUES (13399, 22426, 15);
INSERT INTO items (id, venue_id, name) VALUES (22427, 13298, 'Product13400');
INSERT INTO products (id, item_id, price) VALUES (13400, 22427, 15);
INSERT INTO items (id, venue_id, name) VALUES (22428, 13298, 'Product13401');
INSERT INTO products (id, item_id, price) VALUES (13401, 22428, 5);
INSERT INTO items (id, venue_id, name) VALUES (22429, 13298, 'Product13402');
INSERT INTO products (id, item_id, price) VALUES (13402, 22429, 7.5);
INSERT INTO items (id, venue_id, name) VALUES (22430, 13298, 'Product13403');
INSERT INTO products (id, item_id, price) VALUES (13403, 22430, 7.5);
INSERT INTO items (id, venue_id, name) VALUES (22431, 13298, 'Product13404');
INSERT INTO products (id, item_id, price) VALUES (13404, 22431, 5);
INSERT INTO items (id, venue_id, name) VALUES (22432, 13298, 'Product13405');
INSERT INTO products (id, item_id, price) VALUES (13405, 22432, 35);
INSERT INTO items (id, venue_id, name) VALUES (22433, 13298, 'Product13406');
INSERT INTO products (id, item_id, price) VALUES (13406, 22433, 0);
INSERT INTO items (id, venue_id, name) VALUES (22434, 13298, 'Product13407');
INSERT INTO products (id, item_id, price) VALUES (13407, 22434, 0);
INSERT INTO items (id, venue_id, name) VALUES (22435, 13298, 'Product13408');
INSERT INTO products (id, item_id, price) VALUES (13408, 22435, 2);
INSERT INTO items (id, venue_id, name) VALUES (22436, 13298, 'Product13409');
INSERT INTO products (id, item_id, price) VALUES (13409, 22436, 15);
INSERT INTO items (id, venue_id, name) VALUES (22437, 13298, 'Product13410');
INSERT INTO products (id, item_id, price) VALUES (13410, 22437, 2);
INSERT INTO items (id, venue_id, name) VALUES (22438, 13298, 'Product13411');
INSERT INTO products (id, item_id, price) VALUES (13411, 22438, 15);
INSERT INTO items (id, venue_id, name) VALUES (22439, 13298, 'Product13412');
INSERT INTO products (id, item_id, price) VALUES (13412, 22439, 4);
INSERT INTO items (id, venue_id, name) VALUES (22440, 13298, 'Product13413');
INSERT INTO products (id, item_id, price) VALUES (13413, 22440, 25);
INSERT INTO items (id, venue_id, name) VALUES (22441, 13298, 'Space19020');
INSERT INTO spaces (id, item_id, hour_price) VALUES (19020, 22441, 0);
INSERT INTO venues (id, name) VALUES (13308, 'Venue13308');
INSERT INTO items (id, venue_id, name) VALUES (22486, 13308, 'Space19045');
INSERT INTO spaces (id, item_id, hour_price) VALUES (19045, 22486, 0);
INSERT INTO items (id, venue_id, name) VALUES (22487, 13308, 'Space19046');
INSERT INTO spaces (id, item_id, hour_price) VALUES (19046, 22487, 0);
INSERT INTO items (id, venue_id, name) VALUES (22488, 13308, 'Space19047');
INSERT INTO spaces (id, item_id, hour_price) VALUES (19047, 22488, 0);
INSERT INTO items (id, venue_id, name) VALUES (22489, 13308, 'Space19048');
INSERT INTO spaces (id, item_id, hour_price) VALUES (19048, 22489, 0);
INSERT INTO items (id, venue_id, name) VALUES (22490, 13308, 'Space19049');
INSERT INTO spaces (id, item_id, hour_price) VALUES (19049, 22490, 0);
INSERT INTO items (id, venue_id, name) VALUES (22491, 13308, 'Space19050');
INSERT INTO spaces (id, item_id, hour_price) VALUES (19050, 22491, 0);
INSERT INTO items (id, venue_id, name) VALUES (22492, 13308, 'Space19051');
INSERT INTO spaces (id, item_id, hour_price) VALUES (19051, 22492, 575);
INSERT INTO items (id, venue_id, name) VALUES (22493, 13308, 'Product13434');
INSERT INTO products (id, item_id, price) VALUES (13434, 22493, 3);
INSERT INTO items (id, venue_id, name) VALUES (22494, 13308, 'Product13435');
INSERT INTO products (id, item_id, price) VALUES (13435, 22494, 20);
INSERT INTO items (id, venue_id, name) VALUES (22495, 13308, 'Product13436');
INSERT INTO products (id, item_id, price) VALUES (13436, 22495, 14.5);
INSERT INTO items (id, venue_id, name) VALUES (22496, 13308, 'Product13437');
INSERT INTO products (id, item_id, price) VALUES (13437, 22496, 25);
INSERT INTO items (id, venue_id, name) VALUES (22497, 13308, 'Product13438');
INSERT INTO products (id, item_id, price) VALUES (13438, 22497, 25);
INSERT INTO items (id, venue_id, name) VALUES (22498, 13308, 'Product13439');
INSERT INTO products (id, item_id, price) VALUES (13439, 22498, 10);
INSERT INTO items (id, venue_id, name) VALUES (22499, 13308, 'Product13440');
INSERT INTO products (id, item_id, price) VALUES (13440, 22499, 50);
INSERT INTO items (id, venue_id, name) VALUES (22500, 13308, 'Product13441');
INSERT INTO products (id, item_id, price) VALUES (13441, 22500, 19);
INSERT INTO items (id, venue_id, name) VALUES (22501, 13308, 'Product13442');
INSERT INTO products (id, item_id, price) VALUES (13442, 22501, 8.75);
INSERT INTO venues (id, name) VALUES (13313, 'Venue13313');
INSERT INTO items (id, venue_id, name) VALUES (22505, 13313, 'Space19052');
INSERT INTO spaces (id, item_id, hour_price) VALUES (19052, 22505, 0);
INSERT INTO items (id, venue_id, name) VALUES (22506, 13313, 'Space19053');
INSERT INTO spaces (id, item_id, hour_price) VALUES (19053, 22506, 0);
INSERT INTO items (id, venue_id, name) VALUES (22507, 13313, 'Space19054');
INSERT INTO spaces (id, item_id, hour_price) VALUES (19054, 22507, 0);
INSERT INTO items (id, venue_id, name) VALUES (22508, 13313, 'Space19055');
INSERT INTO spaces (id, item_id, hour_price) VALUES (19055, 22508, 0);
INSERT INTO items (id, venue_id, name) VALUES (22509, 13313, 'Space19056');
INSERT INTO spaces (id, item_id, hour_price) VALUES (19056, 22509, 0);
INSERT INTO items (id, venue_id, name) VALUES (22510, 13313, 'Space19057');
INSERT INTO spaces (id, item_id, hour_price) VALUES (19057, 22510, 0);
INSERT INTO items (id, venue_id, name) VALUES (22511, 13313, 'Space19058');
INSERT INTO spaces (id, item_id, hour_price) VALUES (19058, 22511, 12.5);
INSERT INTO items (id, venue_id, name) VALUES (22512, 13313, 'Product13446');
INSERT INTO products (id, item_id, price) VALUES (13446, 22512, 0);
INSERT INTO items (id, venue_id, name) VALUES (22513, 13313, 'Product13447');
INSERT INTO products (id, item_id, price) VALUES (13447, 22513, 0);
INSERT INTO items (id, venue_id, name) VALUES (22514, 13313, 'Product13448');
INSERT INTO products (id, item_id, price) VALUES (13448, 22514, 10);
INSERT INTO items (id, venue_id, name) VALUES (22515, 13313, 'Product13449');
INSERT INTO products (id, item_id, price) VALUES (13449, 22515, 15);
INSERT INTO items (id, venue_id, name) VALUES (22516, 13313, 'Product13450');
INSERT INTO products (id, item_id, price) VALUES (13450, 22516, 0);
INSERT INTO items (id, venue_id, name) VALUES (22517, 13313, 'Product13451');
INSERT INTO products (id, item_id, price) VALUES (13451, 22517, 0);
INSERT INTO items (id, venue_id, name) VALUES (22518, 13313, 'Product13452');
INSERT INTO products (id, item_id, price) VALUES (13452, 22518, 3);
INSERT INTO items (id, venue_id, name) VALUES (22519, 13313, 'Product13453');
INSERT INTO products (id, item_id, price) VALUES (13453, 22519, 3);
INSERT INTO venues (id, name) VALUES (13316, 'Venue13316');
INSERT INTO items (id, venue_id, name) VALUES (22522, 13316, 'Space19060');
INSERT INTO spaces (id, item_id, hour_price) VALUES (19060, 22522, 0);
INSERT INTO items (id, venue_id, name) VALUES (22523, 13316, 'Space19061');
INSERT INTO spaces (id, item_id, hour_price) VALUES (19061, 22523, 0);
INSERT INTO items (id, venue_id, name) VALUES (22524, 13316, 'Space19062');
INSERT INTO spaces (id, item_id, hour_price) VALUES (19062, 22524, 0);
INSERT INTO items (id, venue_id, name) VALUES (22525, 13316, 'Space19063');
INSERT INTO spaces (id, item_id, hour_price) VALUES (19063, 22525, 0);
INSERT INTO items (id, venue_id, name) VALUES (22526, 13316, 'Space19064');
INSERT INTO spaces (id, item_id, hour_price) VALUES (19064, 22526, 0);
INSERT INTO items (id, venue_id, name) VALUES (22527, 13316, 'Space19065');
INSERT INTO spaces (id, item_id, hour_price) VALUES (19065, 22527, 0);
INSERT INTO items (id, venue_id, name) VALUES (22528, 13316, 'Space19066');
INSERT INTO spaces (id, item_id, hour_price) VALUES (19066, 22528, 27.5);
INSERT INTO items (id, venue_id, name) VALUES (22529, 13316, 'Space19067');
INSERT INTO spaces (id, item_id, hour_price) VALUES (19067, 22529, 19.5);
INSERT INTO items (id, venue_id, name) VALUES (22530, 13316, 'Space19068');
INSERT INTO spaces (id, item_id, hour_price) VALUES (19068, 22530, 25);
INSERT INTO items (id, venue_id, name) VALUES (22531, 13316, 'Space19069');
INSERT INTO spaces (id, item_id, hour_price) VALUES (19069, 22531, 2.75);
INSERT INTO items (id, venue_id, name) VALUES (23594, 13316, 'Space19592');
INSERT INTO spaces (id, item_id, hour_price) VALUES (19592, 23594, 25);
INSERT INTO items (id, venue_id, name) VALUES (23773, 13316, 'Product14068');
INSERT INTO products (id, item_id, price) VALUES (14068, 23773, 15);
INSERT INTO items (id, venue_id, name) VALUES (23774, 13316, 'Product14069');
INSERT INTO products (id, item_id, price) VALUES (14069, 23774, 25);
INSERT INTO items (id, venue_id, name) VALUES (23775, 13316, 'Product14070');
INSERT INTO products (id, item_id, price) VALUES (14070, 23775, 0.5);
INSERT INTO items (id, venue_id, name) VALUES (23776, 13316, 'Product14071');
INSERT INTO products (id, item_id, price) VALUES (14071, 23776, 75);
INSERT INTO items (id, venue_id, name) VALUES (23777, 13316, 'Product14072');
INSERT INTO products (id, item_id, price) VALUES (14072, 23777, 15);
INSERT INTO items (id, venue_id, name) VALUES (23778, 13316, 'Product14073');
INSERT INTO products (id, item_id, price) VALUES (14073, 23778, 5);
INSERT INTO items (id, venue_id, name) VALUES (23780, 13316, 'Product14075');
INSERT INTO products (id, item_id, price) VALUES (14075, 23780, 40);
INSERT INTO items (id, venue_id, name) VALUES (23783, 13316, 'Product14078');
INSERT INTO products (id, item_id, price) VALUES (14078, 23783, 5);
INSERT INTO items (id, venue_id, name) VALUES (23784, 13316, 'Product14079');
INSERT INTO products (id, item_id, price) VALUES (14079, 23784, 6.5);
INSERT INTO items (id, venue_id, name) VALUES (23785, 13316, 'Product14080');
INSERT INTO products (id, item_id, price) VALUES (14080, 23785, 2);
INSERT INTO items (id, venue_id, name) VALUES (23786, 13316, 'Product14081');
INSERT INTO products (id, item_id, price) VALUES (14081, 23786, 10);
INSERT INTO items (id, venue_id, name) VALUES (23790, 13316, 'Product14085');
INSERT INTO products (id, item_id, price) VALUES (14085, 23790, 12.5);
INSERT INTO items (id, venue_id, name) VALUES (23874, 13316, 'Space19735');
INSERT INTO spaces (id, item_id, hour_price) VALUES (19735, 23874, 6);
INSERT INTO items (id, venue_id, name) VALUES (24029, 13316, 'Product14220');
INSERT INTO products (id, item_id, price) VALUES (14220, 24029, 2.95);
INSERT INTO items (id, venue_id, name) VALUES (24246, 13316, 'Product14342');
INSERT INTO products (id, item_id, price) VALUES (14342, 24246, 70);
INSERT INTO items (id, venue_id, name) VALUES (25175, 13316, 'Product14867');
INSERT INTO products (id, item_id, price) VALUES (14867, 25175, 0.05);
INSERT INTO items (id, venue_id, name) VALUES (25176, 13316, 'Product14868');
INSERT INTO products (id, item_id, price) VALUES (14868, 25176, 0.1);
INSERT INTO items (id, venue_id, name) VALUES (25177, 13316, 'Product14869');
INSERT INTO products (id, item_id, price) VALUES (14869, 25177, 0.1);
INSERT INTO items (id, venue_id, name) VALUES (25178, 13316, 'Product14870');
INSERT INTO products (id, item_id, price) VALUES (14870, 25178, 0.2);
INSERT INTO items (id, venue_id, name) VALUES (26075, 13316, 'Product15367');
INSERT INTO products (id, item_id, price) VALUES (15367, 26075, 5);
INSERT INTO venues (id, name) VALUES (13320, 'Venue13320');
INSERT INTO items (id, venue_id, name) VALUES (22541, 13320, 'Space19079');
INSERT INTO spaces (id, item_id, hour_price) VALUES (19079, 22541, 0);
INSERT INTO items (id, venue_id, name) VALUES (22542, 13320, 'Space19080');
INSERT INTO spaces (id, item_id, hour_price) VALUES (19080, 22542, 0);
INSERT INTO items (id, venue_id, name) VALUES (22543, 13320, 'Space19081');
INSERT INTO spaces (id, item_id, hour_price) VALUES (19081, 22543, 0);
INSERT INTO items (id, venue_id, name) VALUES (22544, 13320, 'Space19082');
INSERT INTO spaces (id, item_id, hour_price) VALUES (19082, 22544, 0);
INSERT INTO items (id, venue_id, name) VALUES (22545, 13320, 'Space19083');
INSERT INTO spaces (id, item_id, hour_price) VALUES (19083, 22545, 0);
INSERT INTO items (id, venue_id, name) VALUES (22546, 13320, 'Space19084');
INSERT INTO spaces (id, item_id, hour_price) VALUES (19084, 22546, 0);
INSERT INTO items (id, venue_id, name) VALUES (22547, 13320, 'Space19085');
INSERT INTO spaces (id, item_id, hour_price) VALUES (19085, 22547, 14);
INSERT INTO items (id, venue_id, name) VALUES (22548, 13320, 'Space19086');
INSERT INTO spaces (id, item_id, hour_price) VALUES (19086, 22548, 12);
INSERT INTO items (id, venue_id, name) VALUES (22549, 13320, 'Space19087');
INSERT INTO spaces (id, item_id, hour_price) VALUES (19087, 22549, 10);
INSERT INTO items (id, venue_id, name) VALUES (22550, 13320, 'Product13455');
INSERT INTO products (id, item_id, price) VALUES (13455, 22550, 0);
INSERT INTO items (id, venue_id, name) VALUES (22552, 13320, 'Product13457');
INSERT INTO products (id, item_id, price) VALUES (13457, 22552, 15);
INSERT INTO items (id, venue_id, name) VALUES (22553, 13320, 'Product13458');
INSERT INTO products (id, item_id, price) VALUES (13458, 22553, 5);
INSERT INTO items (id, venue_id, name) VALUES (22554, 13320, 'Product13459');
INSERT INTO products (id, item_id, price) VALUES (13459, 22554, 0);
INSERT INTO items (id, venue_id, name) VALUES (23083, 13320, 'Product13735');
INSERT INTO products (id, item_id, price) VALUES (13735, 23083, 5);
INSERT INTO items (id, venue_id, name) VALUES (23084, 13320, 'Product13736');
INSERT INTO products (id, item_id, price) VALUES (13736, 23084, 0);
INSERT INTO items (id, venue_id, name) VALUES (23085, 13320, 'Product13737');
INSERT INTO products (id, item_id, price) VALUES (13737, 23085, 25);
INSERT INTO items (id, venue_id, name) VALUES (23264, 13320, 'Product13829');
INSERT INTO products (id, item_id, price) VALUES (13829, 23264, 1);
INSERT INTO venues (id, name) VALUES (13324, 'Venue13324');
INSERT INTO items (id, venue_id, name) VALUES (22556, 13324, 'Space19088');
INSERT INTO spaces (id, item_id, hour_price) VALUES (19088, 22556, 0);
INSERT INTO items (id, venue_id, name) VALUES (22557, 13324, 'Space19089');
INSERT INTO spaces (id, item_id, hour_price) VALUES (19089, 22557, 0);
INSERT INTO items (id, venue_id, name) VALUES (22558, 13324, 'Space19090');
INSERT INTO spaces (id, item_id, hour_price) VALUES (19090, 22558, 0);
INSERT INTO items (id, venue_id, name) VALUES (22559, 13324, 'Space19091');
INSERT INTO spaces (id, item_id, hour_price) VALUES (19091, 22559, 0);
INSERT INTO items (id, venue_id, name) VALUES (22560, 13324, 'Space19092');
INSERT INTO spaces (id, item_id, hour_price) VALUES (19092, 22560, 0);
INSERT INTO items (id, venue_id, name) VALUES (22561, 13324, 'Space19093');
INSERT INTO spaces (id, item_id, hour_price) VALUES (19093, 22561, 0);
INSERT INTO items (id, venue_id, name) VALUES (22563, 13324, 'Product13461');
INSERT INTO products (id, item_id, price) VALUES (13461, 22563, 0.1);
INSERT INTO items (id, venue_id, name) VALUES (22564, 13324, 'Product13462');
INSERT INTO products (id, item_id, price) VALUES (13462, 22564, 0.1);
INSERT INTO items (id, venue_id, name) VALUES (22565, 13324, 'Product13463');
INSERT INTO products (id, item_id, price) VALUES (13463, 22565, 0.5);
INSERT INTO items (id, venue_id, name) VALUES (22566, 13324, 'Product13464');
INSERT INTO products (id, item_id, price) VALUES (13464, 22566, 0.5);
INSERT INTO items (id, venue_id, name) VALUES (22567, 13324, 'Product13465');
INSERT INTO products (id, item_id, price) VALUES (13465, 22567, 0.5);
INSERT INTO items (id, venue_id, name) VALUES (22568, 13324, 'Product13466');
INSERT INTO products (id, item_id, price) VALUES (13466, 22568, 1);
INSERT INTO items (id, venue_id, name) VALUES (25967, 13324, 'Space20658');
INSERT INTO spaces (id, item_id, hour_price) VALUES (20658, 25967, 2);
INSERT INTO venues (id, name) VALUES (13331, 'Venue13331');
INSERT INTO items (id, venue_id, name) VALUES (22570, 13331, 'Space19095');
INSERT INTO spaces (id, item_id, hour_price) VALUES (19095, 22570, 0);
INSERT INTO items (id, venue_id, name) VALUES (22571, 13331, 'Space19096');
INSERT INTO spaces (id, item_id, hour_price) VALUES (19096, 22571, 0);
INSERT INTO items (id, venue_id, name) VALUES (22572, 13331, 'Space19097');
INSERT INTO spaces (id, item_id, hour_price) VALUES (19097, 22572, 0);
INSERT INTO items (id, venue_id, name) VALUES (22573, 13331, 'Space19098');
INSERT INTO spaces (id, item_id, hour_price) VALUES (19098, 22573, 0);
INSERT INTO items (id, venue_id, name) VALUES (22574, 13331, 'Space19099');
INSERT INTO spaces (id, item_id, hour_price) VALUES (19099, 22574, 0);
INSERT INTO items (id, venue_id, name) VALUES (22575, 13331, 'Space19100');
INSERT INTO spaces (id, item_id, hour_price) VALUES (19100, 22575, 0);
INSERT INTO items (id, venue_id, name) VALUES (22576, 13331, 'Space19101');
INSERT INTO spaces (id, item_id, hour_price) VALUES (19101, 22576, 100);
INSERT INTO items (id, venue_id, name) VALUES (22577, 13331, 'Space19102');
INSERT INTO spaces (id, item_id, hour_price) VALUES (19102, 22577, 100);
INSERT INTO items (id, venue_id, name) VALUES (22578, 13331, 'Space19103');
INSERT INTO spaces (id, item_id, hour_price) VALUES (19103, 22578, 100);
INSERT INTO items (id, venue_id, name) VALUES (22579, 13331, 'Space19104');
INSERT INTO spaces (id, item_id, hour_price) VALUES (19104, 22579, 100);
INSERT INTO items (id, venue_id, name) VALUES (22580, 13331, 'Space19105');
INSERT INTO spaces (id, item_id, hour_price) VALUES (19105, 22580, 100);
INSERT INTO items (id, venue_id, name) VALUES (22581, 13331, 'Product13468');
INSERT INTO products (id, item_id, price) VALUES (13468, 22581, 0);
INSERT INTO items (id, venue_id, name) VALUES (22582, 13331, 'Product13469');
INSERT INTO products (id, item_id, price) VALUES (13469, 22582, 0);
INSERT INTO items (id, venue_id, name) VALUES (22583, 13331, 'Product13470');
INSERT INTO products (id, item_id, price) VALUES (13470, 22583, 0);
INSERT INTO items (id, venue_id, name) VALUES (22584, 13331, 'Product13471');
INSERT INTO products (id, item_id, price) VALUES (13471, 22584, 0);
INSERT INTO items (id, venue_id, name) VALUES (22585, 13331, 'Product13472');
INSERT INTO products (id, item_id, price) VALUES (13472, 22585, 0);
INSERT INTO items (id, venue_id, name) VALUES (22586, 13331, 'Product13473');
INSERT INTO products (id, item_id, price) VALUES (13473, 22586, 0);
INSERT INTO items (id, venue_id, name) VALUES (22587, 13331, 'Product13474');
INSERT INTO products (id, item_id, price) VALUES (13474, 22587, 12.5);
INSERT INTO items (id, venue_id, name) VALUES (22588, 13331, 'Product13475');
INSERT INTO products (id, item_id, price) VALUES (13475, 22588, 0);
INSERT INTO items (id, venue_id, name) VALUES (22589, 13331, 'Product13476');
INSERT INTO products (id, item_id, price) VALUES (13476, 22589, 0);
INSERT INTO items (id, venue_id, name) VALUES (22590, 13331, 'Product13477');
INSERT INTO products (id, item_id, price) VALUES (13477, 22590, 0);
INSERT INTO items (id, venue_id, name) VALUES (22591, 13331, 'Product13478');
INSERT INTO products (id, item_id, price) VALUES (13478, 22591, 0);
INSERT INTO items (id, venue_id, name) VALUES (22592, 13331, 'Product13479');
INSERT INTO products (id, item_id, price) VALUES (13479, 22592, 0);
INSERT INTO items (id, venue_id, name) VALUES (22593, 13331, 'Product13480');
INSERT INTO products (id, item_id, price) VALUES (13480, 22593, 0);
INSERT INTO items (id, venue_id, name) VALUES (22594, 13331, 'Product13481');
INSERT INTO products (id, item_id, price) VALUES (13481, 22594, 0);
INSERT INTO items (id, venue_id, name) VALUES (22595, 13331, 'Product13482');
INSERT INTO products (id, item_id, price) VALUES (13482, 22595, 0);
INSERT INTO items (id, venue_id, name) VALUES (22596, 13331, 'Product13483');
INSERT INTO products (id, item_id, price) VALUES (13483, 22596, 0);
INSERT INTO items (id, venue_id, name) VALUES (22597, 13331, 'Product13484');
INSERT INTO products (id, item_id, price) VALUES (13484, 22597, 0);
INSERT INTO venues (id, name) VALUES (13338, 'Venue13338');
INSERT INTO items (id, venue_id, name) VALUES (22598, 13338, 'Space19106');
INSERT INTO spaces (id, item_id, hour_price) VALUES (19106, 22598, 0);
INSERT INTO items (id, venue_id, name) VALUES (22599, 13338, 'Space19107');
INSERT INTO spaces (id, item_id, hour_price) VALUES (19107, 22599, 0);
INSERT INTO items (id, venue_id, name) VALUES (22600, 13338, 'Space19108');
INSERT INTO spaces (id, item_id, hour_price) VALUES (19108, 22600, 0);
INSERT INTO items (id, venue_id, name) VALUES (22601, 13338, 'Space19109');
INSERT INTO spaces (id, item_id, hour_price) VALUES (19109, 22601, 0);
INSERT INTO items (id, venue_id, name) VALUES (22602, 13338, 'Space19110');
INSERT INTO spaces (id, item_id, hour_price) VALUES (19110, 22602, 0);
INSERT INTO items (id, venue_id, name) VALUES (22603, 13338, 'Space19111');
INSERT INTO spaces (id, item_id, hour_price) VALUES (19111, 22603, 0);
INSERT INTO items (id, venue_id, name) VALUES (22604, 13338, 'Space19112');
INSERT INTO spaces (id, item_id, hour_price) VALUES (19112, 22604, 4);
INSERT INTO items (id, venue_id, name) VALUES (22605, 13338, 'Space19113');
INSERT INTO spaces (id, item_id, hour_price) VALUES (19113, 22605, 4);
INSERT INTO items (id, venue_id, name) VALUES (22606, 13338, 'Space19114');
INSERT INTO spaces (id, item_id, hour_price) VALUES (19114, 22606, 4);
INSERT INTO items (id, venue_id, name) VALUES (22607, 13338, 'Space19115');
INSERT INTO spaces (id, item_id, hour_price) VALUES (19115, 22607, 4);
INSERT INTO items (id, venue_id, name) VALUES (22608, 13338, 'Space19116');
INSERT INTO spaces (id, item_id, hour_price) VALUES (19116, 22608, 4);
INSERT INTO items (id, venue_id, name) VALUES (22609, 13338, 'Space19117');
INSERT INTO spaces (id, item_id, hour_price) VALUES (19117, 22609, 4);
INSERT INTO items (id, venue_id, name) VALUES (22610, 13338, 'Space19118');
INSERT INTO spaces (id, item_id, hour_price) VALUES (19118, 22610, 4);
INSERT INTO items (id, venue_id, name) VALUES (22611, 13338, 'Product13485');
INSERT INTO products (id, item_id, price) VALUES (13485, 22611, 1.5);
INSERT INTO items (id, venue_id, name) VALUES (22612, 13338, 'Product13486');
INSERT INTO products (id, item_id, price) VALUES (13486, 22612, 7.5);
INSERT INTO items (id, venue_id, name) VALUES (22613, 13338, 'Product13487');
INSERT INTO products (id, item_id, price) VALUES (13487, 22613, 14.5);
INSERT INTO items (id, venue_id, name) VALUES (22614, 13338, 'Product13488');
INSERT INTO products (id, item_id, price) VALUES (13488, 22614, 55);
INSERT INTO items (id, venue_id, name) VALUES (22615, 13338, 'Product13489');
INSERT INTO products (id, item_id, price) VALUES (13489, 22615, 0);
INSERT INTO items (id, venue_id, name) VALUES (22616, 13338, 'Product13490');
INSERT INTO products (id, item_id, price) VALUES (13490, 22616, 0);
INSERT INTO items (id, venue_id, name) VALUES (22617, 13338, 'Product13491');
INSERT INTO products (id, item_id, price) VALUES (13491, 22617, 17.5);
INSERT INTO items (id, venue_id, name) VALUES (22618, 13338, 'Product13492');
INSERT INTO products (id, item_id, price) VALUES (13492, 22618, 17.5);
INSERT INTO items (id, venue_id, name) VALUES (22619, 13338, 'Product13493');
INSERT INTO products (id, item_id, price) VALUES (13493, 22619, 17.5);
INSERT INTO items (id, venue_id, name) VALUES (22620, 13338, 'Product13494');
INSERT INTO products (id, item_id, price) VALUES (13494, 22620, 55);
INSERT INTO items (id, venue_id, name) VALUES (22621, 13338, 'Product13495');
INSERT INTO products (id, item_id, price) VALUES (13495, 22621, 7.5);
INSERT INTO items (id, venue_id, name) VALUES (22622, 13338, 'Product13496');
INSERT INTO products (id, item_id, price) VALUES (13496, 22622, 1.5);
INSERT INTO items (id, venue_id, name) VALUES (22623, 13338, 'Product13497');
INSERT INTO products (id, item_id, price) VALUES (13497, 22623, 4.5);
INSERT INTO items (id, venue_id, name) VALUES (22742, 13338, 'Space19166');
INSERT INTO spaces (id, item_id, hour_price) VALUES (19166, 22742, 4);
INSERT INTO items (id, venue_id, name) VALUES (22743, 13338, 'Space19167');
INSERT INTO spaces (id, item_id, hour_price) VALUES (19167, 22743, 4);
INSERT INTO items (id, venue_id, name) VALUES (22744, 13338, 'Space19168');
INSERT INTO spaces (id, item_id, hour_price) VALUES (19168, 22744, 4);
INSERT INTO venues (id, name) VALUES (13342, 'Venue13342');
INSERT INTO items (id, venue_id, name) VALUES (22624, 13342, 'Space19119');
INSERT INTO spaces (id, item_id, hour_price) VALUES (19119, 22624, 0);
INSERT INTO items (id, venue_id, name) VALUES (22625, 13342, 'Space19120');
INSERT INTO spaces (id, item_id, hour_price) VALUES (19120, 22625, 0);
INSERT INTO items (id, venue_id, name) VALUES (22626, 13342, 'Space19121');
INSERT INTO spaces (id, item_id, hour_price) VALUES (19121, 22626, 0);
INSERT INTO items (id, venue_id, name) VALUES (22627, 13342, 'Space19122');
INSERT INTO spaces (id, item_id, hour_price) VALUES (19122, 22627, 0);
INSERT INTO items (id, venue_id, name) VALUES (22628, 13342, 'Space19123');
INSERT INTO spaces (id, item_id, hour_price) VALUES (19123, 22628, 0);
INSERT INTO items (id, venue_id, name) VALUES (22629, 13342, 'Space19124');
INSERT INTO spaces (id, item_id, hour_price) VALUES (19124, 22629, 0);
INSERT INTO items (id, venue_id, name) VALUES (22630, 13342, 'Space19125');
INSERT INTO spaces (id, item_id, hour_price) VALUES (19125, 22630, 25);
INSERT INTO items (id, venue_id, name) VALUES (22631, 13342, 'Space19126');
INSERT INTO spaces (id, item_id, hour_price) VALUES (19126, 22631, 25);
INSERT INTO items (id, venue_id, name) VALUES (22635, 13342, 'Product13501');
INSERT INTO products (id, item_id, price) VALUES (13501, 22635, 1.5);
INSERT INTO items (id, venue_id, name) VALUES (22637, 13342, 'Product13503');
INSERT INTO products (id, item_id, price) VALUES (13503, 22637, 0);
INSERT INTO items (id, venue_id, name) VALUES (22639, 13342, 'Product13505');
INSERT INTO products (id, item_id, price) VALUES (13505, 22639, 0);
INSERT INTO venues (id, name) VALUES (13347, 'Venue13347');
INSERT INTO items (id, venue_id, name) VALUES (22647, 13347, 'Space19128');
INSERT INTO spaces (id, item_id, hour_price) VALUES (19128, 22647, 0);
INSERT INTO items (id, venue_id, name) VALUES (22648, 13347, 'Space19129');
INSERT INTO spaces (id, item_id, hour_price) VALUES (19129, 22648, 0);
INSERT INTO items (id, venue_id, name) VALUES (22649, 13347, 'Space19130');
INSERT INTO spaces (id, item_id, hour_price) VALUES (19130, 22649, 0);
INSERT INTO items (id, venue_id, name) VALUES (22650, 13347, 'Space19131');
INSERT INTO spaces (id, item_id, hour_price) VALUES (19131, 22650, 0);
INSERT INTO items (id, venue_id, name) VALUES (22651, 13347, 'Space19132');
INSERT INTO spaces (id, item_id, hour_price) VALUES (19132, 22651, 0);
INSERT INTO items (id, venue_id, name) VALUES (22652, 13347, 'Space19133');
INSERT INTO spaces (id, item_id, hour_price) VALUES (19133, 22652, 0);
INSERT INTO items (id, venue_id, name) VALUES (22653, 13347, 'Space19134');
INSERT INTO spaces (id, item_id, hour_price) VALUES (19134, 22653, 15);
INSERT INTO items (id, venue_id, name) VALUES (22654, 13347, 'Product13512');
INSERT INTO products (id, item_id, price) VALUES (13512, 22654, 1.5);
INSERT INTO items (id, venue_id, name) VALUES (22655, 13347, 'Product13513');
INSERT INTO products (id, item_id, price) VALUES (13513, 22655, 1.5);
INSERT INTO items (id, venue_id, name) VALUES (22656, 13347, 'Product13514');
INSERT INTO products (id, item_id, price) VALUES (13514, 22656, 5);
INSERT INTO items (id, venue_id, name) VALUES (22657, 13347, 'Product13515');
INSERT INTO products (id, item_id, price) VALUES (13515, 22657, 5);
INSERT INTO items (id, venue_id, name) VALUES (22658, 13347, 'Product13516');
INSERT INTO products (id, item_id, price) VALUES (13516, 22658, 5);
INSERT INTO items (id, venue_id, name) VALUES (22659, 13347, 'Product13517');
INSERT INTO products (id, item_id, price) VALUES (13517, 22659, 10);
INSERT INTO items (id, venue_id, name) VALUES (22660, 13347, 'Product13518');
INSERT INTO products (id, item_id, price) VALUES (13518, 22660, 15);
INSERT INTO items (id, venue_id, name) VALUES (22661, 13347, 'Product13519');
INSERT INTO products (id, item_id, price) VALUES (13519, 22661, 7.5);
INSERT INTO items (id, venue_id, name) VALUES (22662, 13347, 'Product13520');
INSERT INTO products (id, item_id, price) VALUES (13520, 22662, 300);
INSERT INTO items (id, venue_id, name) VALUES (22663, 13347, 'Product13521');
INSERT INTO products (id, item_id, price) VALUES (13521, 22663, 0);
INSERT INTO items (id, venue_id, name) VALUES (22664, 13347, 'Product13522');
INSERT INTO products (id, item_id, price) VALUES (13522, 22664, 0);
INSERT INTO items (id, venue_id, name) VALUES (22665, 13347, 'Product13523');
INSERT INTO products (id, item_id, price) VALUES (13523, 22665, 0);
INSERT INTO items (id, venue_id, name) VALUES (22666, 13347, 'Product13524');
INSERT INTO products (id, item_id, price) VALUES (13524, 22666, 0);
INSERT INTO items (id, venue_id, name) VALUES (22667, 13347, 'Product13525');
INSERT INTO products (id, item_id, price) VALUES (13525, 22667, 0);
INSERT INTO items (id, venue_id, name) VALUES (22668, 13347, 'Product13526');
INSERT INTO products (id, item_id, price) VALUES (13526, 22668, 0);
INSERT INTO items (id, venue_id, name) VALUES (22669, 13347, 'Product13527');
INSERT INTO products (id, item_id, price) VALUES (13527, 22669, 7.5);
INSERT INTO items (id, venue_id, name) VALUES (22670, 13347, 'Product13528');
INSERT INTO products (id, item_id, price) VALUES (13528, 22670, 30);
INSERT INTO items (id, venue_id, name) VALUES (22960, 13347, 'Space19283');
INSERT INTO spaces (id, item_id, hour_price) VALUES (19283, 22960, 30);
INSERT INTO items (id, venue_id, name) VALUES (22961, 13347, 'Space19284');
INSERT INTO spaces (id, item_id, hour_price) VALUES (19284, 22961, 30);
INSERT INTO items (id, venue_id, name) VALUES (23053, 13347, 'Space19324');
INSERT INTO spaces (id, item_id, hour_price) VALUES (19324, 23053, 35);
INSERT INTO venues (id, name) VALUES (13351, 'Venue13351');
INSERT INTO items (id, venue_id, name) VALUES (22674, 13351, 'Space19136');
INSERT INTO spaces (id, item_id, hour_price) VALUES (19136, 22674, 0);
INSERT INTO items (id, venue_id, name) VALUES (22675, 13351, 'Space19137');
INSERT INTO spaces (id, item_id, hour_price) VALUES (19137, 22675, 0);
INSERT INTO items (id, venue_id, name) VALUES (22676, 13351, 'Space19138');
INSERT INTO spaces (id, item_id, hour_price) VALUES (19138, 22676, 0);
INSERT INTO items (id, venue_id, name) VALUES (22677, 13351, 'Space19139');
INSERT INTO spaces (id, item_id, hour_price) VALUES (19139, 22677, 0);
INSERT INTO items (id, venue_id, name) VALUES (22678, 13351, 'Space19140');
INSERT INTO spaces (id, item_id, hour_price) VALUES (19140, 22678, 0);
INSERT INTO items (id, venue_id, name) VALUES (22679, 13351, 'Space19141');
INSERT INTO spaces (id, item_id, hour_price) VALUES (19141, 22679, 0);
INSERT INTO items (id, venue_id, name) VALUES (22680, 13351, 'Space19142');
INSERT INTO spaces (id, item_id, hour_price) VALUES (19142, 22680, 35);
INSERT INTO items (id, venue_id, name) VALUES (22681, 13351, 'Space19143');
INSERT INTO spaces (id, item_id, hour_price) VALUES (19143, 22681, 35);
INSERT INTO items (id, venue_id, name) VALUES (22682, 13351, 'Product13531');
INSERT INTO products (id, item_id, price) VALUES (13531, 22682, 7);
INSERT INTO items (id, venue_id, name) VALUES (22683, 13351, 'Product13532');
INSERT INTO products (id, item_id, price) VALUES (13532, 22683, 7);
INSERT INTO items (id, venue_id, name) VALUES (22684, 13351, 'Product13533');
INSERT INTO products (id, item_id, price) VALUES (13533, 22684, 7.5);
INSERT INTO items (id, venue_id, name) VALUES (22685, 13351, 'Product13534');
INSERT INTO products (id, item_id, price) VALUES (13534, 22685, 40);
INSERT INTO items (id, venue_id, name) VALUES (22686, 13351, 'Product13535');
INSERT INTO products (id, item_id, price) VALUES (13535, 22686, 80);
INSERT INTO items (id, venue_id, name) VALUES (22687, 13351, 'Product13536');
INSERT INTO products (id, item_id, price) VALUES (13536, 22687, 40);
INSERT INTO items (id, venue_id, name) VALUES (22688, 13351, 'Product13537');
INSERT INTO products (id, item_id, price) VALUES (13537, 22688, 80);
INSERT INTO items (id, venue_id, name) VALUES (22689, 13351, 'Product13538');
INSERT INTO products (id, item_id, price) VALUES (13538, 22689, 0);
INSERT INTO items (id, venue_id, name) VALUES (22690, 13351, 'Product13539');
INSERT INTO products (id, item_id, price) VALUES (13539, 22690, 0);
INSERT INTO items (id, venue_id, name) VALUES (22691, 13351, 'Product13540');
INSERT INTO products (id, item_id, price) VALUES (13540, 22691, 40);
INSERT INTO items (id, venue_id, name) VALUES (22692, 13351, 'Product13541');
INSERT INTO products (id, item_id, price) VALUES (13541, 22692, 80);
INSERT INTO venues (id, name) VALUES (13352, 'Venue13352');
INSERT INTO items (id, venue_id, name) VALUES (22693, 13352, 'Space19144');
INSERT INTO spaces (id, item_id, hour_price) VALUES (19144, 22693, 0);
INSERT INTO items (id, venue_id, name) VALUES (22694, 13352, 'Space19145');
INSERT INTO spaces (id, item_id, hour_price) VALUES (19145, 22694, 0);
INSERT INTO items (id, venue_id, name) VALUES (22695, 13352, 'Space19146');
INSERT INTO spaces (id, item_id, hour_price) VALUES (19146, 22695, 0);
INSERT INTO items (id, venue_id, name) VALUES (22696, 13352, 'Space19147');
INSERT INTO spaces (id, item_id, hour_price) VALUES (19147, 22696, 0);
INSERT INTO items (id, venue_id, name) VALUES (22697, 13352, 'Space19148');
INSERT INTO spaces (id, item_id, hour_price) VALUES (19148, 22697, 0);
INSERT INTO items (id, venue_id, name) VALUES (22698, 13352, 'Space19149');
INSERT INTO spaces (id, item_id, hour_price) VALUES (19149, 22698, 0);
INSERT INTO items (id, venue_id, name) VALUES (22699, 13352, 'Space19150');
INSERT INTO spaces (id, item_id, hour_price) VALUES (19150, 22699, 17.5);
INSERT INTO items (id, venue_id, name) VALUES (22700, 13352, 'Product13542');
INSERT INTO products (id, item_id, price) VALUES (13542, 22700, 5.5);
INSERT INTO items (id, venue_id, name) VALUES (22702, 13352, 'Product13544');
INSERT INTO products (id, item_id, price) VALUES (13544, 22702, 2.36);
INSERT INTO items (id, venue_id, name) VALUES (22703, 13352, 'Product13545');
INSERT INTO products (id, item_id, price) VALUES (13545, 22703, 2.36);
INSERT INTO items (id, venue_id, name) VALUES (22704, 13352, 'Product13546');
INSERT INTO products (id, item_id, price) VALUES (13546, 22704, 14.5);
INSERT INTO items (id, venue_id, name) VALUES (22705, 13352, 'Product13547');
INSERT INTO products (id, item_id, price) VALUES (13547, 22705, 0);
INSERT INTO items (id, venue_id, name) VALUES (22706, 13352, 'Product13548');
INSERT INTO products (id, item_id, price) VALUES (13548, 22706, 0);
INSERT INTO items (id, venue_id, name) VALUES (22707, 13352, 'Product13549');
INSERT INTO products (id, item_id, price) VALUES (13549, 22707, 4);
INSERT INTO items (id, venue_id, name) VALUES (22708, 13352, 'Product13550');
INSERT INTO products (id, item_id, price) VALUES (13550, 22708, 17.5);
INSERT INTO items (id, venue_id, name) VALUES (22709, 13352, 'Product13551');
INSERT INTO products (id, item_id, price) VALUES (13551, 22709, 39);
INSERT INTO items (id, venue_id, name) VALUES (22710, 13352, 'Product13552');
INSERT INTO products (id, item_id, price) VALUES (13552, 22710, 0);
INSERT INTO venues (id, name) VALUES (13353, 'Venue13353');
INSERT INTO items (id, venue_id, name) VALUES (22715, 13353, 'Space19151');
INSERT INTO spaces (id, item_id, hour_price) VALUES (19151, 22715, 0);
INSERT INTO items (id, venue_id, name) VALUES (22716, 13353, 'Space19152');
INSERT INTO spaces (id, item_id, hour_price) VALUES (19152, 22716, 0);
INSERT INTO items (id, venue_id, name) VALUES (22717, 13353, 'Space19153');
INSERT INTO spaces (id, item_id, hour_price) VALUES (19153, 22717, 0);
INSERT INTO items (id, venue_id, name) VALUES (22718, 13353, 'Space19154');
INSERT INTO spaces (id, item_id, hour_price) VALUES (19154, 22718, 0);
INSERT INTO items (id, venue_id, name) VALUES (22719, 13353, 'Space19155');
INSERT INTO spaces (id, item_id, hour_price) VALUES (19155, 22719, 0);
INSERT INTO items (id, venue_id, name) VALUES (22720, 13353, 'Space19156');
INSERT INTO spaces (id, item_id, hour_price) VALUES (19156, 22720, 0);
INSERT INTO items (id, venue_id, name) VALUES (22740, 13353, 'Product13567');
INSERT INTO products (id, item_id, price) VALUES (13567, 22740, 8);
INSERT INTO items (id, venue_id, name) VALUES (22741, 13353, 'Product13568');
INSERT INTO products (id, item_id, price) VALUES (13568, 22741, 6.5);
INSERT INTO venues (id, name) VALUES (13358, 'Venue13358');
INSERT INTO items (id, venue_id, name) VALUES (22723, 13358, 'Space19159');
INSERT INTO spaces (id, item_id, hour_price) VALUES (19159, 22723, 0);
INSERT INTO items (id, venue_id, name) VALUES (22724, 13358, 'Space19160');
INSERT INTO spaces (id, item_id, hour_price) VALUES (19160, 22724, 0);
INSERT INTO items (id, venue_id, name) VALUES (22725, 13358, 'Space19161');
INSERT INTO spaces (id, item_id, hour_price) VALUES (19161, 22725, 0);
INSERT INTO items (id, venue_id, name) VALUES (22726, 13358, 'Space19162');
INSERT INTO spaces (id, item_id, hour_price) VALUES (19162, 22726, 0);
INSERT INTO items (id, venue_id, name) VALUES (22727, 13358, 'Space19163');
INSERT INTO spaces (id, item_id, hour_price) VALUES (19163, 22727, 0);
INSERT INTO items (id, venue_id, name) VALUES (22728, 13358, 'Space19164');
INSERT INTO spaces (id, item_id, hour_price) VALUES (19164, 22728, 0);
INSERT INTO items (id, venue_id, name) VALUES (22729, 13358, 'Space19165');
INSERT INTO spaces (id, item_id, hour_price) VALUES (19165, 22729, 68.75);
INSERT INTO items (id, venue_id, name) VALUES (22730, 13358, 'Product13557');
INSERT INTO products (id, item_id, price) VALUES (13557, 22730, 1.49);
INSERT INTO items (id, venue_id, name) VALUES (22731, 13358, 'Product13558');
INSERT INTO products (id, item_id, price) VALUES (13558, 22731, 11.9);
INSERT INTO items (id, venue_id, name) VALUES (22732, 13358, 'Product13559');
INSERT INTO products (id, item_id, price) VALUES (13559, 22732, 14.95);
INSERT INTO items (id, venue_id, name) VALUES (22733, 13358, 'Product13560');
INSERT INTO products (id, item_id, price) VALUES (13560, 22733, 0);
INSERT INTO items (id, venue_id, name) VALUES (22734, 13358, 'Product13561');
INSERT INTO products (id, item_id, price) VALUES (13561, 22734, 0);
INSERT INTO items (id, venue_id, name) VALUES (22735, 13358, 'Product13562');
INSERT INTO products (id, item_id, price) VALUES (13562, 22735, 0);
INSERT INTO items (id, venue_id, name) VALUES (22736, 13358, 'Product13563');
INSERT INTO products (id, item_id, price) VALUES (13563, 22736, 0);
INSERT INTO items (id, venue_id, name) VALUES (22737, 13358, 'Product13564');
INSERT INTO products (id, item_id, price) VALUES (13564, 22737, 0);
INSERT INTO items (id, venue_id, name) VALUES (22738, 13358, 'Product13565');
INSERT INTO products (id, item_id, price) VALUES (13565, 22738, 0);
INSERT INTO items (id, venue_id, name) VALUES (22739, 13358, 'Product13566');
INSERT INTO products (id, item_id, price) VALUES (13566, 22739, 0);
INSERT INTO venues (id, name) VALUES (13367, 'Venue13367');
INSERT INTO items (id, venue_id, name) VALUES (22771, 13367, 'Space19181');
INSERT INTO spaces (id, item_id, hour_price) VALUES (19181, 22771, 0);
INSERT INTO items (id, venue_id, name) VALUES (22772, 13367, 'Space19182');
INSERT INTO spaces (id, item_id, hour_price) VALUES (19182, 22772, 0);
INSERT INTO items (id, venue_id, name) VALUES (22773, 13367, 'Space19183');
INSERT INTO spaces (id, item_id, hour_price) VALUES (19183, 22773, 0);
INSERT INTO items (id, venue_id, name) VALUES (22774, 13367, 'Space19184');
INSERT INTO spaces (id, item_id, hour_price) VALUES (19184, 22774, 0);
INSERT INTO items (id, venue_id, name) VALUES (22775, 13367, 'Space19185');
INSERT INTO spaces (id, item_id, hour_price) VALUES (19185, 22775, 0);
INSERT INTO items (id, venue_id, name) VALUES (22776, 13367, 'Space19186');
INSERT INTO spaces (id, item_id, hour_price) VALUES (19186, 22776, 0);
INSERT INTO items (id, venue_id, name) VALUES (22777, 13367, 'Space19187');
INSERT INTO spaces (id, item_id, hour_price) VALUES (19187, 22777, 10);
INSERT INTO items (id, venue_id, name) VALUES (22778, 13367, 'Product13583');
INSERT INTO products (id, item_id, price) VALUES (13583, 22778, 0);
INSERT INTO venues (id, name) VALUES (13371, 'Venue13371');
INSERT INTO items (id, venue_id, name) VALUES (22779, 13371, 'Space19188');
INSERT INTO spaces (id, item_id, hour_price) VALUES (19188, 22779, 0);
INSERT INTO items (id, venue_id, name) VALUES (22780, 13371, 'Space19189');
INSERT INTO spaces (id, item_id, hour_price) VALUES (19189, 22780, 0);
INSERT INTO items (id, venue_id, name) VALUES (22781, 13371, 'Space19190');
INSERT INTO spaces (id, item_id, hour_price) VALUES (19190, 22781, 0);
INSERT INTO items (id, venue_id, name) VALUES (22782, 13371, 'Space19191');
INSERT INTO spaces (id, item_id, hour_price) VALUES (19191, 22782, 0);
INSERT INTO items (id, venue_id, name) VALUES (22783, 13371, 'Space19192');
INSERT INTO spaces (id, item_id, hour_price) VALUES (19192, 22783, 0);
INSERT INTO items (id, venue_id, name) VALUES (22784, 13371, 'Space19193');
INSERT INTO spaces (id, item_id, hour_price) VALUES (19193, 22784, 0);
INSERT INTO items (id, venue_id, name) VALUES (22785, 13371, 'Space19194');
INSERT INTO spaces (id, item_id, hour_price) VALUES (19194, 22785, 8.25);
INSERT INTO items (id, venue_id, name) VALUES (22786, 13371, 'Space19195');
INSERT INTO spaces (id, item_id, hour_price) VALUES (19195, 22786, 8.25);
INSERT INTO items (id, venue_id, name) VALUES (22787, 13371, 'Space19196');
INSERT INTO spaces (id, item_id, hour_price) VALUES (19196, 22787, 8.25);
INSERT INTO items (id, venue_id, name) VALUES (22788, 13371, 'Space19197');
INSERT INTO spaces (id, item_id, hour_price) VALUES (19197, 22788, 8.25);
INSERT INTO items (id, venue_id, name) VALUES (22789, 13371, 'Space19198');
INSERT INTO spaces (id, item_id, hour_price) VALUES (19198, 22789, 8.25);
INSERT INTO items (id, venue_id, name) VALUES (22790, 13371, 'Product13584');
INSERT INTO products (id, item_id, price) VALUES (13584, 22790, 0);
INSERT INTO items (id, venue_id, name) VALUES (22791, 13371, 'Product13585');
INSERT INTO products (id, item_id, price) VALUES (13585, 22791, 0);
INSERT INTO items (id, venue_id, name) VALUES (22792, 13371, 'Product13586');
INSERT INTO products (id, item_id, price) VALUES (13586, 22792, 0);
INSERT INTO items (id, venue_id, name) VALUES (22793, 13371, 'Product13587');
INSERT INTO products (id, item_id, price) VALUES (13587, 22793, 0);
INSERT INTO items (id, venue_id, name) VALUES (22794, 13371, 'Product13588');
INSERT INTO products (id, item_id, price) VALUES (13588, 22794, 0);
INSERT INTO items (id, venue_id, name) VALUES (22795, 13371, 'Product13589');
INSERT INTO products (id, item_id, price) VALUES (13589, 22795, 0);
INSERT INTO items (id, venue_id, name) VALUES (22796, 13371, 'Product13590');
INSERT INTO products (id, item_id, price) VALUES (13590, 22796, 17.5);
INSERT INTO items (id, venue_id, name) VALUES (22797, 13371, 'Product13591');
INSERT INTO products (id, item_id, price) VALUES (13591, 22797, 8.5);
INSERT INTO items (id, venue_id, name) VALUES (22798, 13371, 'Product13592');
INSERT INTO products (id, item_id, price) VALUES (13592, 22798, 75);
INSERT INTO items (id, venue_id, name) VALUES (22799, 13371, 'Product13593');
INSERT INTO products (id, item_id, price) VALUES (13593, 22799, 0);
INSERT INTO items (id, venue_id, name) VALUES (22800, 13371, 'Product13594');
INSERT INTO products (id, item_id, price) VALUES (13594, 22800, 0);
INSERT INTO items (id, venue_id, name) VALUES (22801, 13371, 'Product13595');
INSERT INTO products (id, item_id, price) VALUES (13595, 22801, 0);
INSERT INTO items (id, venue_id, name) VALUES (22802, 13371, 'Product13596');
INSERT INTO products (id, item_id, price) VALUES (13596, 22802, 0);
INSERT INTO items (id, venue_id, name) VALUES (22803, 13371, 'Product13597');
INSERT INTO products (id, item_id, price) VALUES (13597, 22803, 0);
INSERT INTO items (id, venue_id, name) VALUES (22804, 13371, 'Product13598');
INSERT INTO products (id, item_id, price) VALUES (13598, 22804, 0);
INSERT INTO items (id, venue_id, name) VALUES (22805, 13371, 'Product13599');
INSERT INTO products (id, item_id, price) VALUES (13599, 22805, 8.5);
INSERT INTO items (id, venue_id, name) VALUES (22806, 13371, 'Product13600');
INSERT INTO products (id, item_id, price) VALUES (13600, 22806, 75);
INSERT INTO venues (id, name) VALUES (13372, 'Venue13372');
INSERT INTO items (id, venue_id, name) VALUES (22807, 13372, 'Space19199');
INSERT INTO spaces (id, item_id, hour_price) VALUES (19199, 22807, 0);
INSERT INTO items (id, venue_id, name) VALUES (22808, 13372, 'Space19200');
INSERT INTO spaces (id, item_id, hour_price) VALUES (19200, 22808, 0);
INSERT INTO items (id, venue_id, name) VALUES (22809, 13372, 'Space19201');
INSERT INTO spaces (id, item_id, hour_price) VALUES (19201, 22809, 0);
INSERT INTO items (id, venue_id, name) VALUES (22810, 13372, 'Space19202');
INSERT INTO spaces (id, item_id, hour_price) VALUES (19202, 22810, 0);
INSERT INTO items (id, venue_id, name) VALUES (22811, 13372, 'Space19203');
INSERT INTO spaces (id, item_id, hour_price) VALUES (19203, 22811, 0);
INSERT INTO items (id, venue_id, name) VALUES (22812, 13372, 'Space19204');
INSERT INTO spaces (id, item_id, hour_price) VALUES (19204, 22812, 0);
INSERT INTO items (id, venue_id, name) VALUES (23699, 13372, 'Product14032');
INSERT INTO products (id, item_id, price) VALUES (14032, 23699, 6);
INSERT INTO items (id, venue_id, name) VALUES (23700, 13372, 'Product14033');
INSERT INTO products (id, item_id, price) VALUES (14033, 23700, 3.5);
INSERT INTO items (id, venue_id, name) VALUES (23701, 13372, 'Product14034');
INSERT INTO products (id, item_id, price) VALUES (14034, 23701, 1.5);
INSERT INTO items (id, venue_id, name) VALUES (23702, 13372, 'Product14035');
INSERT INTO products (id, item_id, price) VALUES (14035, 23702, 1.75);
INSERT INTO items (id, venue_id, name) VALUES (23703, 13372, 'Product14036');
INSERT INTO products (id, item_id, price) VALUES (14036, 23703, 10);
INSERT INTO items (id, venue_id, name) VALUES (23704, 13372, 'Product14037');
INSERT INTO products (id, item_id, price) VALUES (14037, 23704, 6);
INSERT INTO items (id, venue_id, name) VALUES (23705, 13372, 'Product14038');
INSERT INTO products (id, item_id, price) VALUES (14038, 23705, 1.2);
INSERT INTO items (id, venue_id, name) VALUES (23859, 13372, 'Space19722');
INSERT INTO spaces (id, item_id, hour_price) VALUES (19722, 23859, 30);
INSERT INTO items (id, venue_id, name) VALUES (23860, 13372, 'Space19723');
INSERT INTO spaces (id, item_id, hour_price) VALUES (19723, 23860, 20);
INSERT INTO items (id, venue_id, name) VALUES (23871, 13372, 'Space19732');
INSERT INTO spaces (id, item_id, hour_price) VALUES (19732, 23871, 16);
INSERT INTO items (id, venue_id, name) VALUES (23872, 13372, 'Space19733');
INSERT INTO spaces (id, item_id, hour_price) VALUES (19733, 23872, 8);
INSERT INTO items (id, venue_id, name) VALUES (23873, 13372, 'Space19734');
INSERT INTO spaces (id, item_id, hour_price) VALUES (19734, 23873, 8);
INSERT INTO venues (id, name) VALUES (13376, 'Venue13376');
INSERT INTO items (id, venue_id, name) VALUES (22814, 13376, 'Space19205');
INSERT INTO spaces (id, item_id, hour_price) VALUES (19205, 22814, 0);
INSERT INTO items (id, venue_id, name) VALUES (22815, 13376, 'Space19206');
INSERT INTO spaces (id, item_id, hour_price) VALUES (19206, 22815, 0);
INSERT INTO items (id, venue_id, name) VALUES (22816, 13376, 'Space19207');
INSERT INTO spaces (id, item_id, hour_price) VALUES (19207, 22816, 0);
INSERT INTO items (id, venue_id, name) VALUES (22817, 13376, 'Space19208');
INSERT INTO spaces (id, item_id, hour_price) VALUES (19208, 22817, 0);
INSERT INTO items (id, venue_id, name) VALUES (22818, 13376, 'Space19209');
INSERT INTO spaces (id, item_id, hour_price) VALUES (19209, 22818, 0);
INSERT INTO items (id, venue_id, name) VALUES (22819, 13376, 'Space19210');
INSERT INTO spaces (id, item_id, hour_price) VALUES (19210, 22819, 0);
INSERT INTO items (id, venue_id, name) VALUES (22820, 13376, 'Space19211');
INSERT INTO spaces (id, item_id, hour_price) VALUES (19211, 22820, 145);
INSERT INTO items (id, venue_id, name) VALUES (22821, 13376, 'Space19212');
INSERT INTO spaces (id, item_id, hour_price) VALUES (19212, 22821, 52.5);
INSERT INTO items (id, venue_id, name) VALUES (22822, 13376, 'Space19213');
INSERT INTO spaces (id, item_id, hour_price) VALUES (19213, 22822, 185);
INSERT INTO items (id, venue_id, name) VALUES (22823, 13376, 'Space19214');
INSERT INTO spaces (id, item_id, hour_price) VALUES (19214, 22823, 39.5);
INSERT INTO items (id, venue_id, name) VALUES (22824, 13376, 'Space19215');
INSERT INTO spaces (id, item_id, hour_price) VALUES (19215, 22824, 39.5);
INSERT INTO items (id, venue_id, name) VALUES (22825, 13376, 'Space19216');
INSERT INTO spaces (id, item_id, hour_price) VALUES (19216, 22825, 39.5);
INSERT INTO items (id, venue_id, name) VALUES (22826, 13376, 'Space19217');
INSERT INTO spaces (id, item_id, hour_price) VALUES (19217, 22826, 59.5);
INSERT INTO items (id, venue_id, name) VALUES (22827, 13376, 'Space19218');
INSERT INTO spaces (id, item_id, hour_price) VALUES (19218, 22827, 89.5);
INSERT INTO items (id, venue_id, name) VALUES (22828, 13376, 'Space19219');
INSERT INTO spaces (id, item_id, hour_price) VALUES (19219, 22828, 25);
INSERT INTO items (id, venue_id, name) VALUES (22829, 13376, 'Space19220');
INSERT INTO spaces (id, item_id, hour_price) VALUES (19220, 22829, 18.5);
INSERT INTO items (id, venue_id, name) VALUES (22830, 13376, 'Space19221');
INSERT INTO spaces (id, item_id, hour_price) VALUES (19221, 22830, 18.5);
INSERT INTO items (id, venue_id, name) VALUES (22831, 13376, 'Space19222');
INSERT INTO spaces (id, item_id, hour_price) VALUES (19222, 22831, 18.5);
INSERT INTO items (id, venue_id, name) VALUES (22832, 13376, 'Space19223');
INSERT INTO spaces (id, item_id, hour_price) VALUES (19223, 22832, 18.5);
INSERT INTO items (id, venue_id, name) VALUES (22833, 13376, 'Space19224');
INSERT INTO spaces (id, item_id, hour_price) VALUES (19224, 22833, 18.5);
INSERT INTO items (id, venue_id, name) VALUES (22834, 13376, 'Space19225');
INSERT INTO spaces (id, item_id, hour_price) VALUES (19225, 22834, 30);
INSERT INTO items (id, venue_id, name) VALUES (22835, 13376, 'Product13602');
INSERT INTO products (id, item_id, price) VALUES (13602, 22835, 2.25);
INSERT INTO items (id, venue_id, name) VALUES (22836, 13376, 'Product13603');
INSERT INTO products (id, item_id, price) VALUES (13603, 22836, 2.25);
INSERT INTO items (id, venue_id, name) VALUES (22837, 13376, 'Product13604');
INSERT INTO products (id, item_id, price) VALUES (13604, 22837, 17);
INSERT INTO items (id, venue_id, name) VALUES (22838, 13376, 'Product13605');
INSERT INTO products (id, item_id, price) VALUES (13605, 22838, 7);
INSERT INTO items (id, venue_id, name) VALUES (22839, 13376, 'Product13606');
INSERT INTO products (id, item_id, price) VALUES (13606, 22839, 15);
INSERT INTO items (id, venue_id, name) VALUES (22840, 13376, 'Product13607');
INSERT INTO products (id, item_id, price) VALUES (13607, 22840, 10);
INSERT INTO items (id, venue_id, name) VALUES (22841, 13376, 'Product13608');
INSERT INTO products (id, item_id, price) VALUES (13608, 22841, 100);
INSERT INTO items (id, venue_id, name) VALUES (22842, 13376, 'Product13609');
INSERT INTO products (id, item_id, price) VALUES (13609, 22842, 0);
INSERT INTO items (id, venue_id, name) VALUES (22843, 13376, 'Product13610');
INSERT INTO products (id, item_id, price) VALUES (13610, 22843, 0);
INSERT INTO items (id, venue_id, name) VALUES (22844, 13376, 'Product13611');
INSERT INTO products (id, item_id, price) VALUES (13611, 22844, 0);
INSERT INTO items (id, venue_id, name) VALUES (22845, 13376, 'Product13612');
INSERT INTO products (id, item_id, price) VALUES (13612, 22845, 0);
INSERT INTO items (id, venue_id, name) VALUES (22846, 13376, 'Product13613');
INSERT INTO products (id, item_id, price) VALUES (13613, 22846, 0);
INSERT INTO items (id, venue_id, name) VALUES (22847, 13376, 'Product13614');
INSERT INTO products (id, item_id, price) VALUES (13614, 22847, 0);
INSERT INTO items (id, venue_id, name) VALUES (22848, 13376, 'Product13615');
INSERT INTO products (id, item_id, price) VALUES (13615, 22848, 28.5);
INSERT INTO items (id, venue_id, name) VALUES (22849, 13376, 'Product13616');
INSERT INTO products (id, item_id, price) VALUES (13616, 22849, 25.5);
INSERT INTO items (id, venue_id, name) VALUES (22850, 13376, 'Product13617');
INSERT INTO products (id, item_id, price) VALUES (13617, 22850, 52.5);
INSERT INTO items (id, venue_id, name) VALUES (22851, 13376, 'Product13618');
INSERT INTO products (id, item_id, price) VALUES (13618, 22851, 49.5);
INSERT INTO items (id, venue_id, name) VALUES (22852, 13376, 'Product13619');
INSERT INTO products (id, item_id, price) VALUES (13619, 22852, 75);
INSERT INTO items (id, venue_id, name) VALUES (22853, 13376, 'Product13620');
INSERT INTO products (id, item_id, price) VALUES (13620, 22853, 72);
INSERT INTO items (id, venue_id, name) VALUES (22854, 13376, 'Product13621');
INSERT INTO products (id, item_id, price) VALUES (13621, 22854, 19.5);
INSERT INTO items (id, venue_id, name) VALUES (22855, 13376, 'Product13622');
INSERT INTO products (id, item_id, price) VALUES (13622, 22855, 14.5);
INSERT INTO items (id, venue_id, name) VALUES (22856, 13376, 'Product13623');
INSERT INTO products (id, item_id, price) VALUES (13623, 22856, 17.5);
INSERT INTO items (id, venue_id, name) VALUES (22857, 13376, 'Product13624');
INSERT INTO products (id, item_id, price) VALUES (13624, 22857, 6.5);
INSERT INTO items (id, venue_id, name) VALUES (22858, 13376, 'Product13625');
INSERT INTO products (id, item_id, price) VALUES (13625, 22858, 1.25);
INSERT INTO items (id, venue_id, name) VALUES (22859, 13376, 'Product13626');
INSERT INTO products (id, item_id, price) VALUES (13626, 22859, 4.5);
INSERT INTO items (id, venue_id, name) VALUES (22860, 13376, 'Product13627');
INSERT INTO products (id, item_id, price) VALUES (13627, 22860, 18.5);
INSERT INTO items (id, venue_id, name) VALUES (22861, 13376, 'Product13628');
INSERT INTO products (id, item_id, price) VALUES (13628, 22861, 19.5);
INSERT INTO items (id, venue_id, name) VALUES (22862, 13376, 'Product13629');
INSERT INTO products (id, item_id, price) VALUES (13629, 22862, 21.5);
INSERT INTO items (id, venue_id, name) VALUES (22863, 13376, 'Product13630');
INSERT INTO products (id, item_id, price) VALUES (13630, 22863, 11.5);
INSERT INTO items (id, venue_id, name) VALUES (23449, 13376, 'Product13925');
INSERT INTO products (id, item_id, price) VALUES (13925, 23449, 25);
INSERT INTO venues (id, name) VALUES (13380, 'Venue13380');
INSERT INTO items (id, venue_id, name) VALUES (22866, 13380, 'Space19226');
INSERT INTO spaces (id, item_id, hour_price) VALUES (19226, 22866, 0);
INSERT INTO items (id, venue_id, name) VALUES (22867, 13380, 'Space19227');
INSERT INTO spaces (id, item_id, hour_price) VALUES (19227, 22867, 0);
INSERT INTO items (id, venue_id, name) VALUES (22868, 13380, 'Space19228');
INSERT INTO spaces (id, item_id, hour_price) VALUES (19228, 22868, 0);
INSERT INTO items (id, venue_id, name) VALUES (22869, 13380, 'Space19229');
INSERT INTO spaces (id, item_id, hour_price) VALUES (19229, 22869, 0);
INSERT INTO items (id, venue_id, name) VALUES (22870, 13380, 'Space19230');
INSERT INTO spaces (id, item_id, hour_price) VALUES (19230, 22870, 0);
INSERT INTO items (id, venue_id, name) VALUES (22871, 13380, 'Space19231');
INSERT INTO spaces (id, item_id, hour_price) VALUES (19231, 22871, 0);
INSERT INTO items (id, venue_id, name) VALUES (22876, 13380, 'Product13633');
INSERT INTO products (id, item_id, price) VALUES (13633, 22876, 1.5);
INSERT INTO items (id, venue_id, name) VALUES (22877, 13380, 'Product13634');
INSERT INTO products (id, item_id, price) VALUES (13634, 22877, 1.5);
INSERT INTO items (id, venue_id, name) VALUES (22878, 13380, 'Product13635');
INSERT INTO products (id, item_id, price) VALUES (13635, 22878, 7.5);
INSERT INTO items (id, venue_id, name) VALUES (22879, 13380, 'Product13636');
INSERT INTO products (id, item_id, price) VALUES (13636, 22879, 7.5);
INSERT INTO items (id, venue_id, name) VALUES (22881, 13380, 'Product13638');
INSERT INTO products (id, item_id, price) VALUES (13638, 22881, 10);
INSERT INTO items (id, venue_id, name) VALUES (22882, 13380, 'Product13639');
INSERT INTO products (id, item_id, price) VALUES (13639, 22882, 10);
INSERT INTO items (id, venue_id, name) VALUES (22884, 13380, 'Product13641');
INSERT INTO products (id, item_id, price) VALUES (13641, 22884, 50);
INSERT INTO items (id, venue_id, name) VALUES (22886, 13380, 'Product13643');
INSERT INTO products (id, item_id, price) VALUES (13643, 22886, 15);
INSERT INTO items (id, venue_id, name) VALUES (22888, 13380, 'Product13645');
INSERT INTO products (id, item_id, price) VALUES (13645, 22888, 5);
INSERT INTO items (id, venue_id, name) VALUES (22890, 13380, 'Product13647');
INSERT INTO products (id, item_id, price) VALUES (13647, 22890, 25);
INSERT INTO items (id, venue_id, name) VALUES (22891, 13380, 'Space19236');
INSERT INTO spaces (id, item_id, hour_price) VALUES (19236, 22891, 5);
INSERT INTO items (id, venue_id, name) VALUES (22892, 13380, 'Space19237');
INSERT INTO spaces (id, item_id, hour_price) VALUES (19237, 22892, 5);
INSERT INTO items (id, venue_id, name) VALUES (22893, 13380, 'Space19238');
INSERT INTO spaces (id, item_id, hour_price) VALUES (19238, 22893, 5);
INSERT INTO items (id, venue_id, name) VALUES (22894, 13380, 'Space19239');
INSERT INTO spaces (id, item_id, hour_price) VALUES (19239, 22894, 5);
INSERT INTO items (id, venue_id, name) VALUES (22895, 13380, 'Space19240');
INSERT INTO spaces (id, item_id, hour_price) VALUES (19240, 22895, 5);
INSERT INTO items (id, venue_id, name) VALUES (24063, 13380, 'Product14240');
INSERT INTO products (id, item_id, price) VALUES (14240, 24063, 6);
INSERT INTO venues (id, name) VALUES (13384, 'Venue13384');
INSERT INTO items (id, venue_id, name) VALUES (22896, 13384, 'Space19241');
INSERT INTO spaces (id, item_id, hour_price) VALUES (19241, 22896, 0);
INSERT INTO items (id, venue_id, name) VALUES (22897, 13384, 'Space19242');
INSERT INTO spaces (id, item_id, hour_price) VALUES (19242, 22897, 0);
INSERT INTO items (id, venue_id, name) VALUES (22898, 13384, 'Space19243');
INSERT INTO spaces (id, item_id, hour_price) VALUES (19243, 22898, 0);
INSERT INTO items (id, venue_id, name) VALUES (22899, 13384, 'Space19244');
INSERT INTO spaces (id, item_id, hour_price) VALUES (19244, 22899, 0);
INSERT INTO items (id, venue_id, name) VALUES (22900, 13384, 'Space19245');
INSERT INTO spaces (id, item_id, hour_price) VALUES (19245, 22900, 0);
INSERT INTO items (id, venue_id, name) VALUES (22901, 13384, 'Space19246');
INSERT INTO spaces (id, item_id, hour_price) VALUES (19246, 22901, 0);
INSERT INTO items (id, venue_id, name) VALUES (22902, 13384, 'Space19247');
INSERT INTO spaces (id, item_id, hour_price) VALUES (19247, 22902, 50);
INSERT INTO items (id, venue_id, name) VALUES (22907, 13384, 'Product13652');
INSERT INTO products (id, item_id, price) VALUES (13652, 22907, 28.5);
INSERT INTO venues (id, name) VALUES (13389, 'Venue13389');
INSERT INTO items (id, venue_id, name) VALUES (22909, 13389, 'Space19248');
INSERT INTO spaces (id, item_id, hour_price) VALUES (19248, 22909, 0);
INSERT INTO items (id, venue_id, name) VALUES (22910, 13389, 'Space19249');
INSERT INTO spaces (id, item_id, hour_price) VALUES (19249, 22910, 0);
INSERT INTO items (id, venue_id, name) VALUES (22911, 13389, 'Space19250');
INSERT INTO spaces (id, item_id, hour_price) VALUES (19250, 22911, 0);
INSERT INTO items (id, venue_id, name) VALUES (22912, 13389, 'Space19251');
INSERT INTO spaces (id, item_id, hour_price) VALUES (19251, 22912, 0);
INSERT INTO items (id, venue_id, name) VALUES (22913, 13389, 'Space19252');
INSERT INTO spaces (id, item_id, hour_price) VALUES (19252, 22913, 0);
INSERT INTO items (id, venue_id, name) VALUES (22914, 13389, 'Space19253');
INSERT INTO spaces (id, item_id, hour_price) VALUES (19253, 22914, 0);
INSERT INTO items (id, venue_id, name) VALUES (22915, 13389, 'Space19254');
INSERT INTO spaces (id, item_id, hour_price) VALUES (19254, 22915, 35);
INSERT INTO items (id, venue_id, name) VALUES (22916, 13389, 'Space19255');
INSERT INTO spaces (id, item_id, hour_price) VALUES (19255, 22916, 35);
INSERT INTO items (id, venue_id, name) VALUES (22917, 13389, 'Product13654');
INSERT INTO products (id, item_id, price) VALUES (13654, 22917, 2);
INSERT INTO items (id, venue_id, name) VALUES (22918, 13389, 'Product13655');
INSERT INTO products (id, item_id, price) VALUES (13655, 22918, 2);
INSERT INTO items (id, venue_id, name) VALUES (22919, 13389, 'Product13656');
INSERT INTO products (id, item_id, price) VALUES (13656, 22919, 15);
INSERT INTO items (id, venue_id, name) VALUES (22920, 13389, 'Product13657');
INSERT INTO products (id, item_id, price) VALUES (13657, 22920, 12.5);
INSERT INTO items (id, venue_id, name) VALUES (22921, 13389, 'Product13658');
INSERT INTO products (id, item_id, price) VALUES (13658, 22921, 12.5);
INSERT INTO items (id, venue_id, name) VALUES (22922, 13389, 'Product13659');
INSERT INTO products (id, item_id, price) VALUES (13659, 22922, 100);
INSERT INTO items (id, venue_id, name) VALUES (22923, 13389, 'Product13660');
INSERT INTO products (id, item_id, price) VALUES (13660, 22923, 0);
INSERT INTO items (id, venue_id, name) VALUES (22924, 13389, 'Product13661');
INSERT INTO products (id, item_id, price) VALUES (13661, 22924, 0);
INSERT INTO items (id, venue_id, name) VALUES (22925, 13389, 'Product13662');
INSERT INTO products (id, item_id, price) VALUES (13662, 22925, 5);
INSERT INTO items (id, venue_id, name) VALUES (22926, 13389, 'Product13663');
INSERT INTO products (id, item_id, price) VALUES (13663, 22926, 40);
INSERT INTO items (id, venue_id, name) VALUES (22927, 13389, 'Product13664');
INSERT INTO products (id, item_id, price) VALUES (13664, 22927, 40);
INSERT INTO items (id, venue_id, name) VALUES (22928, 13389, 'Product13665');
INSERT INTO products (id, item_id, price) VALUES (13665, 22928, 55);
INSERT INTO items (id, venue_id, name) VALUES (22929, 13389, 'Product13666');
INSERT INTO products (id, item_id, price) VALUES (13666, 22929, 30);
INSERT INTO venues (id, name) VALUES (13394, 'Venue13394');
INSERT INTO items (id, venue_id, name) VALUES (22930, 13394, 'Space19256');
INSERT INTO spaces (id, item_id, hour_price) VALUES (19256, 22930, 0);
INSERT INTO items (id, venue_id, name) VALUES (22931, 13394, 'Space19257');
INSERT INTO spaces (id, item_id, hour_price) VALUES (19257, 22931, 0);
INSERT INTO items (id, venue_id, name) VALUES (22932, 13394, 'Space19258');
INSERT INTO spaces (id, item_id, hour_price) VALUES (19258, 22932, 0);
INSERT INTO items (id, venue_id, name) VALUES (22933, 13394, 'Space19259');
INSERT INTO spaces (id, item_id, hour_price) VALUES (19259, 22933, 0);
INSERT INTO items (id, venue_id, name) VALUES (22934, 13394, 'Space19260');
INSERT INTO spaces (id, item_id, hour_price) VALUES (19260, 22934, 0);
INSERT INTO items (id, venue_id, name) VALUES (22935, 13394, 'Space19261');
INSERT INTO spaces (id, item_id, hour_price) VALUES (19261, 22935, 0);
INSERT INTO items (id, venue_id, name) VALUES (22936, 13394, 'Space19262');
INSERT INTO spaces (id, item_id, hour_price) VALUES (19262, 22936, 3);
INSERT INTO venues (id, name) VALUES (13403, 'Venue13403');
INSERT INTO items (id, venue_id, name) VALUES (22964, 13403, 'Space19287');
INSERT INTO spaces (id, item_id, hour_price) VALUES (19287, 22964, 0);
INSERT INTO items (id, venue_id, name) VALUES (22965, 13403, 'Space19288');
INSERT INTO spaces (id, item_id, hour_price) VALUES (19288, 22965, 0);
INSERT INTO items (id, venue_id, name) VALUES (22966, 13403, 'Space19289');
INSERT INTO spaces (id, item_id, hour_price) VALUES (19289, 22966, 0);
INSERT INTO items (id, venue_id, name) VALUES (22967, 13403, 'Space19290');
INSERT INTO spaces (id, item_id, hour_price) VALUES (19290, 22967, 0);
INSERT INTO items (id, venue_id, name) VALUES (22968, 13403, 'Space19291');
INSERT INTO spaces (id, item_id, hour_price) VALUES (19291, 22968, 0);
INSERT INTO items (id, venue_id, name) VALUES (22969, 13403, 'Space19292');
INSERT INTO spaces (id, item_id, hour_price) VALUES (19292, 22969, 0);
INSERT INTO items (id, venue_id, name) VALUES (22970, 13403, 'Space19293');
INSERT INTO spaces (id, item_id, hour_price) VALUES (19293, 22970, 45);
INSERT INTO items (id, venue_id, name) VALUES (22971, 13403, 'Space19294');
INSERT INTO spaces (id, item_id, hour_price) VALUES (19294, 22971, 45);
INSERT INTO items (id, venue_id, name) VALUES (22972, 13403, 'Space19295');
INSERT INTO spaces (id, item_id, hour_price) VALUES (19295, 22972, 50);
INSERT INTO items (id, venue_id, name) VALUES (22973, 13403, 'Space19296');
INSERT INTO spaces (id, item_id, hour_price) VALUES (19296, 22973, 45);
INSERT INTO items (id, venue_id, name) VALUES (22974, 13403, 'Space19297');
INSERT INTO spaces (id, item_id, hour_price) VALUES (19297, 22974, 90);
INSERT INTO items (id, venue_id, name) VALUES (22975, 13403, 'Product13670');
INSERT INTO products (id, item_id, price) VALUES (13670, 22975, 2.1);
INSERT INTO items (id, venue_id, name) VALUES (22976, 13403, 'Product13671');
INSERT INTO products (id, item_id, price) VALUES (13671, 22976, 2.1);
INSERT INTO items (id, venue_id, name) VALUES (22977, 13403, 'Product13672');
INSERT INTO products (id, item_id, price) VALUES (13672, 22977, 2.5);
INSERT INTO items (id, venue_id, name) VALUES (22978, 13403, 'Product13673');
INSERT INTO products (id, item_id, price) VALUES (13673, 22978, 10);
INSERT INTO items (id, venue_id, name) VALUES (22979, 13403, 'Product13674');
INSERT INTO products (id, item_id, price) VALUES (13674, 22979, 14.75);
INSERT INTO items (id, venue_id, name) VALUES (22980, 13403, 'Product13675');
INSERT INTO products (id, item_id, price) VALUES (13675, 22980, 12.5);
INSERT INTO items (id, venue_id, name) VALUES (22981, 13403, 'Product13676');
INSERT INTO products (id, item_id, price) VALUES (13676, 22981, 100);
INSERT INTO items (id, venue_id, name) VALUES (22982, 13403, 'Product13677');
INSERT INTO products (id, item_id, price) VALUES (13677, 22982, 0);
INSERT INTO items (id, venue_id, name) VALUES (22983, 13403, 'Product13678');
INSERT INTO products (id, item_id, price) VALUES (13678, 22983, 0);
INSERT INTO items (id, venue_id, name) VALUES (22984, 13403, 'Product13679');
INSERT INTO products (id, item_id, price) VALUES (13679, 22984, 1.5);
INSERT INTO items (id, venue_id, name) VALUES (22985, 13403, 'Product13680');
INSERT INTO products (id, item_id, price) VALUES (13680, 22985, 13.5);
INSERT INTO venues (id, name) VALUES (13407, 'Venue13407');
INSERT INTO items (id, venue_id, name) VALUES (22986, 13407, 'Space19298');
INSERT INTO spaces (id, item_id, hour_price) VALUES (19298, 22986, 0);
INSERT INTO items (id, venue_id, name) VALUES (22987, 13407, 'Space19299');
INSERT INTO spaces (id, item_id, hour_price) VALUES (19299, 22987, 0);
INSERT INTO items (id, venue_id, name) VALUES (22988, 13407, 'Space19300');
INSERT INTO spaces (id, item_id, hour_price) VALUES (19300, 22988, 0);
INSERT INTO items (id, venue_id, name) VALUES (22989, 13407, 'Space19301');
INSERT INTO spaces (id, item_id, hour_price) VALUES (19301, 22989, 0);
INSERT INTO items (id, venue_id, name) VALUES (22990, 13407, 'Space19302');
INSERT INTO spaces (id, item_id, hour_price) VALUES (19302, 22990, 0);
INSERT INTO items (id, venue_id, name) VALUES (22991, 13407, 'Space19303');
INSERT INTO spaces (id, item_id, hour_price) VALUES (19303, 22991, 0);
INSERT INTO items (id, venue_id, name) VALUES (22992, 13407, 'Space19304');
INSERT INTO spaces (id, item_id, hour_price) VALUES (19304, 22992, 19.88);
INSERT INTO items (id, venue_id, name) VALUES (22993, 13407, 'Space19305');
INSERT INTO spaces (id, item_id, hour_price) VALUES (19305, 22993, 66.25);
INSERT INTO items (id, venue_id, name) VALUES (22994, 13407, 'Product13681');
INSERT INTO products (id, item_id, price) VALUES (13681, 22994, 2.25);
INSERT INTO items (id, venue_id, name) VALUES (22995, 13407, 'Product13682');
INSERT INTO products (id, item_id, price) VALUES (13682, 22995, 2.4);
INSERT INTO items (id, venue_id, name) VALUES (22996, 13407, 'Product13683');
INSERT INTO products (id, item_id, price) VALUES (13683, 22996, 12.5);
INSERT INTO items (id, venue_id, name) VALUES (22997, 13407, 'Product13684');
INSERT INTO products (id, item_id, price) VALUES (13684, 22997, 12.5);
INSERT INTO items (id, venue_id, name) VALUES (22998, 13407, 'Product13685');
INSERT INTO products (id, item_id, price) VALUES (13685, 22998, 12.5);
INSERT INTO items (id, venue_id, name) VALUES (22999, 13407, 'Product13686');
INSERT INTO products (id, item_id, price) VALUES (13686, 22999, 17.5);
INSERT INTO items (id, venue_id, name) VALUES (23000, 13407, 'Product13687');
INSERT INTO products (id, item_id, price) VALUES (13687, 23000, 0);
INSERT INTO items (id, venue_id, name) VALUES (23001, 13407, 'Product13688');
INSERT INTO products (id, item_id, price) VALUES (13688, 23001, 0);
INSERT INTO items (id, venue_id, name) VALUES (23002, 13407, 'Product13689');
INSERT INTO products (id, item_id, price) VALUES (13689, 23002, 0);
INSERT INTO items (id, venue_id, name) VALUES (23003, 13407, 'Product13690');
INSERT INTO products (id, item_id, price) VALUES (13690, 23003, 0);
INSERT INTO items (id, venue_id, name) VALUES (23004, 13407, 'Product13691');
INSERT INTO products (id, item_id, price) VALUES (13691, 23004, 0);
INSERT INTO items (id, venue_id, name) VALUES (23005, 13407, 'Product13692');
INSERT INTO products (id, item_id, price) VALUES (13692, 23005, 0);
INSERT INTO items (id, venue_id, name) VALUES (23006, 13407, 'Product13693');
INSERT INTO products (id, item_id, price) VALUES (13693, 23006, 0);
INSERT INTO items (id, venue_id, name) VALUES (23007, 13407, 'Product13694');
INSERT INTO products (id, item_id, price) VALUES (13694, 23007, 0);
INSERT INTO venues (id, name) VALUES (13412, 'Venue13412');
INSERT INTO items (id, venue_id, name) VALUES (23009, 13412, 'Space19307');
INSERT INTO spaces (id, item_id, hour_price) VALUES (19307, 23009, 0);
INSERT INTO items (id, venue_id, name) VALUES (23010, 13412, 'Space19308');
INSERT INTO spaces (id, item_id, hour_price) VALUES (19308, 23010, 0);
INSERT INTO items (id, venue_id, name) VALUES (23011, 13412, 'Space19309');
INSERT INTO spaces (id, item_id, hour_price) VALUES (19309, 23011, 0);
INSERT INTO items (id, venue_id, name) VALUES (23012, 13412, 'Space19310');
INSERT INTO spaces (id, item_id, hour_price) VALUES (19310, 23012, 0);
INSERT INTO items (id, venue_id, name) VALUES (23013, 13412, 'Space19311');
INSERT INTO spaces (id, item_id, hour_price) VALUES (19311, 23013, 0);
INSERT INTO items (id, venue_id, name) VALUES (23014, 13412, 'Space19312');
INSERT INTO spaces (id, item_id, hour_price) VALUES (19312, 23014, 0);
INSERT INTO items (id, venue_id, name) VALUES (23015, 13412, 'Space19313');
INSERT INTO spaces (id, item_id, hour_price) VALUES (19313, 23015, 50);
INSERT INTO items (id, venue_id, name) VALUES (23016, 13412, 'Space19314');
INSERT INTO spaces (id, item_id, hour_price) VALUES (19314, 23016, 40);
INSERT INTO items (id, venue_id, name) VALUES (23017, 13412, 'Space19315');
INSERT INTO spaces (id, item_id, hour_price) VALUES (19315, 23017, 105);
INSERT INTO items (id, venue_id, name) VALUES (23018, 13412, 'Product13695');
INSERT INTO products (id, item_id, price) VALUES (13695, 23018, 1.75);
INSERT INTO items (id, venue_id, name) VALUES (23019, 13412, 'Product13696');
INSERT INTO products (id, item_id, price) VALUES (13696, 23019, 1.75);
INSERT INTO items (id, venue_id, name) VALUES (23020, 13412, 'Product13697');
INSERT INTO products (id, item_id, price) VALUES (13697, 23020, 12.5);
INSERT INTO items (id, venue_id, name) VALUES (23021, 13412, 'Product13698');
INSERT INTO products (id, item_id, price) VALUES (13698, 23021, 12.5);
INSERT INTO items (id, venue_id, name) VALUES (23022, 13412, 'Product13699');
INSERT INTO products (id, item_id, price) VALUES (13699, 23022, 12.5);
INSERT INTO items (id, venue_id, name) VALUES (23023, 13412, 'Product13700');
INSERT INTO products (id, item_id, price) VALUES (13700, 23023, 50);
INSERT INTO items (id, venue_id, name) VALUES (23024, 13412, 'Product13701');
INSERT INTO products (id, item_id, price) VALUES (13701, 23024, 0);
INSERT INTO items (id, venue_id, name) VALUES (23025, 13412, 'Product13702');
INSERT INTO products (id, item_id, price) VALUES (13702, 23025, 12.5);
INSERT INTO items (id, venue_id, name) VALUES (23026, 13412, 'Product13703');
INSERT INTO products (id, item_id, price) VALUES (13703, 23026, 12.5);
INSERT INTO items (id, venue_id, name) VALUES (27507, 13412, 'Product16116');
INSERT INTO products (id, item_id, price) VALUES (16116, 27507, 2.35);
INSERT INTO items (id, venue_id, name) VALUES (27508, 13412, 'Product16117');
INSERT INTO products (id, item_id, price) VALUES (16117, 27508, 12.5);
INSERT INTO venues (id, name) VALUES (13417, 'Venue13417');
INSERT INTO items (id, venue_id, name) VALUES (23028, 13417, 'Space19316');
INSERT INTO spaces (id, item_id, hour_price) VALUES (19316, 23028, 0);
INSERT INTO items (id, venue_id, name) VALUES (23029, 13417, 'Space19317');
INSERT INTO spaces (id, item_id, hour_price) VALUES (19317, 23029, 0);
INSERT INTO items (id, venue_id, name) VALUES (23030, 13417, 'Space19318');
INSERT INTO spaces (id, item_id, hour_price) VALUES (19318, 23030, 0);
INSERT INTO items (id, venue_id, name) VALUES (23031, 13417, 'Space19319');
INSERT INTO spaces (id, item_id, hour_price) VALUES (19319, 23031, 0);
INSERT INTO items (id, venue_id, name) VALUES (23032, 13417, 'Space19320');
INSERT INTO spaces (id, item_id, hour_price) VALUES (19320, 23032, 0);
INSERT INTO items (id, venue_id, name) VALUES (23033, 13417, 'Space19321');
INSERT INTO spaces (id, item_id, hour_price) VALUES (19321, 23033, 0);
INSERT INTO items (id, venue_id, name) VALUES (24936, 13417, 'Space20183');
INSERT INTO spaces (id, item_id, hour_price) VALUES (20183, 24936, 7.5);
INSERT INTO venues (id, name) VALUES (13426, 'Venue13426');
INSERT INTO items (id, venue_id, name) VALUES (23054, 13426, 'Space19325');
INSERT INTO spaces (id, item_id, hour_price) VALUES (19325, 23054, 0);
INSERT INTO items (id, venue_id, name) VALUES (23055, 13426, 'Space19326');
INSERT INTO spaces (id, item_id, hour_price) VALUES (19326, 23055, 0);
INSERT INTO items (id, venue_id, name) VALUES (23056, 13426, 'Space19327');
INSERT INTO spaces (id, item_id, hour_price) VALUES (19327, 23056, 0);
INSERT INTO items (id, venue_id, name) VALUES (23057, 13426, 'Space19328');
INSERT INTO spaces (id, item_id, hour_price) VALUES (19328, 23057, 0);
INSERT INTO items (id, venue_id, name) VALUES (23058, 13426, 'Space19329');
INSERT INTO spaces (id, item_id, hour_price) VALUES (19329, 23058, 0);
INSERT INTO items (id, venue_id, name) VALUES (23059, 13426, 'Space19330');
INSERT INTO spaces (id, item_id, hour_price) VALUES (19330, 23059, 0);
INSERT INTO items (id, venue_id, name) VALUES (23060, 13426, 'Space19331');
INSERT INTO spaces (id, item_id, hour_price) VALUES (19331, 23060, 6);
INSERT INTO items (id, venue_id, name) VALUES (23061, 13426, 'Space19332');
INSERT INTO spaces (id, item_id, hour_price) VALUES (19332, 23061, 6);
INSERT INTO items (id, venue_id, name) VALUES (23062, 13426, 'Space19333');
INSERT INTO spaces (id, item_id, hour_price) VALUES (19333, 23062, 6);
INSERT INTO items (id, venue_id, name) VALUES (23063, 13426, 'Product13722');
INSERT INTO products (id, item_id, price) VALUES (13722, 23063, 0);
INSERT INTO items (id, venue_id, name) VALUES (23064, 13426, 'Product13723');
INSERT INTO products (id, item_id, price) VALUES (13723, 23064, 0);
INSERT INTO items (id, venue_id, name) VALUES (23065, 13426, 'Product13724');
INSERT INTO products (id, item_id, price) VALUES (13724, 23065, 15);
INSERT INTO items (id, venue_id, name) VALUES (23066, 13426, 'Product13725');
INSERT INTO products (id, item_id, price) VALUES (13725, 23066, 0);
INSERT INTO items (id, venue_id, name) VALUES (23067, 13426, 'Product13726');
INSERT INTO products (id, item_id, price) VALUES (13726, 23067, 0);
INSERT INTO items (id, venue_id, name) VALUES (23068, 13426, 'Product13727');
INSERT INTO products (id, item_id, price) VALUES (13727, 23068, 0);
INSERT INTO items (id, venue_id, name) VALUES (23069, 13426, 'Product13728');
INSERT INTO products (id, item_id, price) VALUES (13728, 23069, 0);
INSERT INTO items (id, venue_id, name) VALUES (23070, 13426, 'Product13729');
INSERT INTO products (id, item_id, price) VALUES (13729, 23070, 0);
INSERT INTO items (id, venue_id, name) VALUES (23071, 13426, 'Product13730');
INSERT INTO products (id, item_id, price) VALUES (13730, 23071, 0);
INSERT INTO venues (id, name) VALUES (13430, 'Venue13430');
INSERT INTO items (id, venue_id, name) VALUES (23072, 13430, 'Space19334');
INSERT INTO spaces (id, item_id, hour_price) VALUES (19334, 23072, 0);
INSERT INTO items (id, venue_id, name) VALUES (23073, 13430, 'Space19335');
INSERT INTO spaces (id, item_id, hour_price) VALUES (19335, 23073, 0);
INSERT INTO items (id, venue_id, name) VALUES (23074, 13430, 'Space19336');
INSERT INTO spaces (id, item_id, hour_price) VALUES (19336, 23074, 0);
INSERT INTO items (id, venue_id, name) VALUES (23075, 13430, 'Space19337');
INSERT INTO spaces (id, item_id, hour_price) VALUES (19337, 23075, 0);
INSERT INTO items (id, venue_id, name) VALUES (23076, 13430, 'Space19338');
INSERT INTO spaces (id, item_id, hour_price) VALUES (19338, 23076, 0);
INSERT INTO items (id, venue_id, name) VALUES (23077, 13430, 'Space19339');
INSERT INTO spaces (id, item_id, hour_price) VALUES (19339, 23077, 0);
INSERT INTO items (id, venue_id, name) VALUES (23078, 13430, 'Space19340');
INSERT INTO spaces (id, item_id, hour_price) VALUES (19340, 23078, 2);
INSERT INTO items (id, venue_id, name) VALUES (23079, 13430, 'Product13731');
INSERT INTO products (id, item_id, price) VALUES (13731, 23079, 6);
INSERT INTO venues (id, name) VALUES (13436, 'Venue13436');
INSERT INTO items (id, venue_id, name) VALUES (23098, 13436, 'Space19348');
INSERT INTO spaces (id, item_id, hour_price) VALUES (19348, 23098, 0);
INSERT INTO items (id, venue_id, name) VALUES (23099, 13436, 'Space19349');
INSERT INTO spaces (id, item_id, hour_price) VALUES (19349, 23099, 0);
INSERT INTO items (id, venue_id, name) VALUES (23100, 13436, 'Space19350');
INSERT INTO spaces (id, item_id, hour_price) VALUES (19350, 23100, 0);
INSERT INTO items (id, venue_id, name) VALUES (23101, 13436, 'Space19351');
INSERT INTO spaces (id, item_id, hour_price) VALUES (19351, 23101, 0);
INSERT INTO items (id, venue_id, name) VALUES (23102, 13436, 'Space19352');
INSERT INTO spaces (id, item_id, hour_price) VALUES (19352, 23102, 0);
INSERT INTO items (id, venue_id, name) VALUES (23103, 13436, 'Space19353');
INSERT INTO spaces (id, item_id, hour_price) VALUES (19353, 23103, 0);
INSERT INTO items (id, venue_id, name) VALUES (23104, 13436, 'Space19354');
INSERT INTO spaces (id, item_id, hour_price) VALUES (19354, 23104, 150);
INSERT INTO items (id, venue_id, name) VALUES (23105, 13436, 'Product13743');
INSERT INTO products (id, item_id, price) VALUES (13743, 23105, 2.5);
INSERT INTO items (id, venue_id, name) VALUES (23106, 13436, 'Product13744');
INSERT INTO products (id, item_id, price) VALUES (13744, 23106, 2.5);
INSERT INTO items (id, venue_id, name) VALUES (23107, 13436, 'Product13745');
INSERT INTO products (id, item_id, price) VALUES (13745, 23107, 15);
INSERT INTO items (id, venue_id, name) VALUES (23108, 13436, 'Product13746');
INSERT INTO products (id, item_id, price) VALUES (13746, 23108, 15);
INSERT INTO items (id, venue_id, name) VALUES (23109, 13436, 'Product13747');
INSERT INTO products (id, item_id, price) VALUES (13747, 23109, 5);
INSERT INTO items (id, venue_id, name) VALUES (23110, 13436, 'Product13748');
INSERT INTO products (id, item_id, price) VALUES (13748, 23110, 14.9);
INSERT INTO items (id, venue_id, name) VALUES (23111, 13436, 'Product13749');
INSERT INTO products (id, item_id, price) VALUES (13749, 23111, 75);
INSERT INTO items (id, venue_id, name) VALUES (23112, 13436, 'Product13750');
INSERT INTO products (id, item_id, price) VALUES (13750, 23112, 75);
INSERT INTO items (id, venue_id, name) VALUES (23113, 13436, 'Product13751');
INSERT INTO products (id, item_id, price) VALUES (13751, 23113, 75);
INSERT INTO items (id, venue_id, name) VALUES (23114, 13436, 'Product13752');
INSERT INTO products (id, item_id, price) VALUES (13752, 23114, 59.5);
INSERT INTO items (id, venue_id, name) VALUES (23115, 13436, 'Product13753');
INSERT INTO products (id, item_id, price) VALUES (13753, 23115, 59.5);
INSERT INTO items (id, venue_id, name) VALUES (23116, 13436, 'Product13754');
INSERT INTO products (id, item_id, price) VALUES (13754, 23116, 59.5);
INSERT INTO venues (id, name) VALUES (13440, 'Venue13440');
INSERT INTO items (id, venue_id, name) VALUES (23126, 13440, 'Space19359');
INSERT INTO spaces (id, item_id, hour_price) VALUES (19359, 23126, 0);
INSERT INTO items (id, venue_id, name) VALUES (23127, 13440, 'Space19360');
INSERT INTO spaces (id, item_id, hour_price) VALUES (19360, 23127, 0);
INSERT INTO items (id, venue_id, name) VALUES (23128, 13440, 'Space19361');
INSERT INTO spaces (id, item_id, hour_price) VALUES (19361, 23128, 0);
INSERT INTO items (id, venue_id, name) VALUES (23129, 13440, 'Space19362');
INSERT INTO spaces (id, item_id, hour_price) VALUES (19362, 23129, 0);
INSERT INTO items (id, venue_id, name) VALUES (23130, 13440, 'Space19363');
INSERT INTO spaces (id, item_id, hour_price) VALUES (19363, 23130, 0);
INSERT INTO items (id, venue_id, name) VALUES (23131, 13440, 'Space19364');
INSERT INTO spaces (id, item_id, hour_price) VALUES (19364, 23131, 0);
INSERT INTO items (id, venue_id, name) VALUES (23132, 13440, 'Space19365');
INSERT INTO spaces (id, item_id, hour_price) VALUES (19365, 23132, 5);
INSERT INTO items (id, venue_id, name) VALUES (23134, 13440, 'Space19367');
INSERT INTO spaces (id, item_id, hour_price) VALUES (19367, 23134, 15);
INSERT INTO items (id, venue_id, name) VALUES (23136, 13440, 'Product13760');
INSERT INTO products (id, item_id, price) VALUES (13760, 23136, 1.25);
INSERT INTO items (id, venue_id, name) VALUES (23137, 13440, 'Product13761');
INSERT INTO products (id, item_id, price) VALUES (13761, 23137, 1.25);
INSERT INTO items (id, venue_id, name) VALUES (23138, 13440, 'Product13762');
INSERT INTO products (id, item_id, price) VALUES (13762, 23138, 0);
INSERT INTO items (id, venue_id, name) VALUES (23139, 13440, 'Product13763');
INSERT INTO products (id, item_id, price) VALUES (13763, 23139, 0);
INSERT INTO items (id, venue_id, name) VALUES (23140, 13440, 'Product13764');
INSERT INTO products (id, item_id, price) VALUES (13764, 23140, 3.5);
INSERT INTO venues (id, name) VALUES (13445, 'Venue13445');
INSERT INTO items (id, venue_id, name) VALUES (23144, 13445, 'Space19369');
INSERT INTO spaces (id, item_id, hour_price) VALUES (19369, 23144, 0);
INSERT INTO items (id, venue_id, name) VALUES (23145, 13445, 'Space19370');
INSERT INTO spaces (id, item_id, hour_price) VALUES (19370, 23145, 0);
INSERT INTO items (id, venue_id, name) VALUES (23146, 13445, 'Space19371');
INSERT INTO spaces (id, item_id, hour_price) VALUES (19371, 23146, 0);
INSERT INTO items (id, venue_id, name) VALUES (23147, 13445, 'Space19372');
INSERT INTO spaces (id, item_id, hour_price) VALUES (19372, 23147, 0);
INSERT INTO items (id, venue_id, name) VALUES (23148, 13445, 'Space19373');
INSERT INTO spaces (id, item_id, hour_price) VALUES (19373, 23148, 0);
INSERT INTO items (id, venue_id, name) VALUES (23149, 13445, 'Space19374');
INSERT INTO spaces (id, item_id, hour_price) VALUES (19374, 23149, 0);
INSERT INTO items (id, venue_id, name) VALUES (23150, 13445, 'Space19375');
INSERT INTO spaces (id, item_id, hour_price) VALUES (19375, 23150, 35);
INSERT INTO items (id, venue_id, name) VALUES (23151, 13445, 'Product13768');
INSERT INTO products (id, item_id, price) VALUES (13768, 23151, 2.5);
INSERT INTO items (id, venue_id, name) VALUES (23152, 13445, 'Product13769');
INSERT INTO products (id, item_id, price) VALUES (13769, 23152, 15);
INSERT INTO items (id, venue_id, name) VALUES (23153, 13445, 'Product13770');
INSERT INTO products (id, item_id, price) VALUES (13770, 23153, 15);
INSERT INTO items (id, venue_id, name) VALUES (23154, 13445, 'Product13771');
INSERT INTO products (id, item_id, price) VALUES (13771, 23154, 0);
INSERT INTO items (id, venue_id, name) VALUES (23155, 13445, 'Product13772');
INSERT INTO products (id, item_id, price) VALUES (13772, 23155, 0);
INSERT INTO items (id, venue_id, name) VALUES (23156, 13445, 'Product13773');
INSERT INTO products (id, item_id, price) VALUES (13773, 23156, 0);
INSERT INTO items (id, venue_id, name) VALUES (23157, 13445, 'Product13774');
INSERT INTO products (id, item_id, price) VALUES (13774, 23157, 0);
INSERT INTO items (id, venue_id, name) VALUES (23158, 13445, 'Product13775');
INSERT INTO products (id, item_id, price) VALUES (13775, 23158, 0);
INSERT INTO items (id, venue_id, name) VALUES (23159, 13445, 'Product13776');
INSERT INTO products (id, item_id, price) VALUES (13776, 23159, 0);
INSERT INTO venues (id, name) VALUES (13450, 'Venue13450');
INSERT INTO items (id, venue_id, name) VALUES (23161, 13450, 'Space19376');
INSERT INTO spaces (id, item_id, hour_price) VALUES (19376, 23161, 0);
INSERT INTO items (id, venue_id, name) VALUES (23162, 13450, 'Space19377');
INSERT INTO spaces (id, item_id, hour_price) VALUES (19377, 23162, 0);
INSERT INTO items (id, venue_id, name) VALUES (23163, 13450, 'Space19378');
INSERT INTO spaces (id, item_id, hour_price) VALUES (19378, 23163, 0);
INSERT INTO items (id, venue_id, name) VALUES (23164, 13450, 'Space19379');
INSERT INTO spaces (id, item_id, hour_price) VALUES (19379, 23164, 0);
INSERT INTO items (id, venue_id, name) VALUES (23165, 13450, 'Space19380');
INSERT INTO spaces (id, item_id, hour_price) VALUES (19380, 23165, 0);
INSERT INTO items (id, venue_id, name) VALUES (23166, 13450, 'Space19381');
INSERT INTO spaces (id, item_id, hour_price) VALUES (19381, 23166, 0);
INSERT INTO items (id, venue_id, name) VALUES (23167, 13450, 'Space19382');
INSERT INTO spaces (id, item_id, hour_price) VALUES (19382, 23167, 10);
INSERT INTO items (id, venue_id, name) VALUES (23168, 13450, 'Space19383');
INSERT INTO spaces (id, item_id, hour_price) VALUES (19383, 23168, 5);
INSERT INTO items (id, venue_id, name) VALUES (23169, 13450, 'Space19384');
INSERT INTO spaces (id, item_id, hour_price) VALUES (19384, 23169, 5);
INSERT INTO items (id, venue_id, name) VALUES (23170, 13450, 'Space19385');
INSERT INTO spaces (id, item_id, hour_price) VALUES (19385, 23170, 10);
INSERT INTO items (id, venue_id, name) VALUES (23171, 13450, 'Space19386');
INSERT INTO spaces (id, item_id, hour_price) VALUES (19386, 23171, 20);
INSERT INTO items (id, venue_id, name) VALUES (23174, 13450, 'Product13780');
INSERT INTO products (id, item_id, price) VALUES (13780, 23174, 25);
INSERT INTO items (id, venue_id, name) VALUES (23175, 13450, 'Product13781');
INSERT INTO products (id, item_id, price) VALUES (13781, 23175, 0);
INSERT INTO items (id, venue_id, name) VALUES (23176, 13450, 'Product13782');
INSERT INTO products (id, item_id, price) VALUES (13782, 23176, 0);
INSERT INTO items (id, venue_id, name) VALUES (23177, 13450, 'Product13783');
INSERT INTO products (id, item_id, price) VALUES (13783, 23177, 0);
INSERT INTO items (id, venue_id, name) VALUES (23178, 13450, 'Product13784');
INSERT INTO products (id, item_id, price) VALUES (13784, 23178, 0);
INSERT INTO items (id, venue_id, name) VALUES (23179, 13450, 'Product13785');
INSERT INTO products (id, item_id, price) VALUES (13785, 23179, 0);
INSERT INTO items (id, venue_id, name) VALUES (23180, 13450, 'Product13786');
INSERT INTO products (id, item_id, price) VALUES (13786, 23180, 0);
INSERT INTO items (id, venue_id, name) VALUES (23181, 13450, 'Product13787');
INSERT INTO products (id, item_id, price) VALUES (13787, 23181, 0);
INSERT INTO items (id, venue_id, name) VALUES (23182, 13450, 'Product13788');
INSERT INTO products (id, item_id, price) VALUES (13788, 23182, 0);
INSERT INTO items (id, venue_id, name) VALUES (23357, 13450, 'Space19471');
INSERT INTO spaces (id, item_id, hour_price) VALUES (19471, 23357, 60);
INSERT INTO items (id, venue_id, name) VALUES (23358, 13450, 'Space19472');
INSERT INTO spaces (id, item_id, hour_price) VALUES (19472, 23358, 60);
INSERT INTO items (id, venue_id, name) VALUES (23359, 13450, 'Space19473');
INSERT INTO spaces (id, item_id, hour_price) VALUES (19473, 23359, 100);
INSERT INTO items (id, venue_id, name) VALUES (23360, 13450, 'Space19474');
INSERT INTO spaces (id, item_id, hour_price) VALUES (19474, 23360, 150);
INSERT INTO items (id, venue_id, name) VALUES (23361, 13450, 'Space19475');
INSERT INTO spaces (id, item_id, hour_price) VALUES (19475, 23361, 60);
INSERT INTO items (id, venue_id, name) VALUES (26015, 13450, 'Product15328');
INSERT INTO products (id, item_id, price) VALUES (15328, 26015, 4.67);
INSERT INTO items (id, venue_id, name) VALUES (26016, 13450, 'Product15329');
INSERT INTO products (id, item_id, price) VALUES (15329, 26016, 6.27);
INSERT INTO items (id, venue_id, name) VALUES (26017, 13450, 'Product15330');
INSERT INTO products (id, item_id, price) VALUES (15330, 26017, 5.61);
INSERT INTO items (id, venue_id, name) VALUES (26018, 13450, 'Product15331');
INSERT INTO products (id, item_id, price) VALUES (15331, 26018, 5.71);
INSERT INTO items (id, venue_id, name) VALUES (26019, 13450, 'Product15332');
INSERT INTO products (id, item_id, price) VALUES (15332, 26019, 8.62);
INSERT INTO items (id, venue_id, name) VALUES (26020, 13450, 'Product15333');
INSERT INTO products (id, item_id, price) VALUES (15333, 26020, 7.92);
INSERT INTO items (id, venue_id, name) VALUES (26021, 13450, 'Product15334');
INSERT INTO products (id, item_id, price) VALUES (15334, 26021, 2.19);
INSERT INTO items (id, venue_id, name) VALUES (26806, 13450, 'Product15784');
INSERT INTO products (id, item_id, price) VALUES (15784, 26806, 4.48);
INSERT INTO items (id, venue_id, name) VALUES (26807, 13450, 'Product15785');
INSERT INTO products (id, item_id, price) VALUES (15785, 26807, 5.19);
INSERT INTO items (id, venue_id, name) VALUES (26808, 13450, 'Product15786');
INSERT INTO products (id, item_id, price) VALUES (15786, 26808, 6.37);
INSERT INTO venues (id, name) VALUES (13455, 'Venue13455');
INSERT INTO items (id, venue_id, name) VALUES (23187, 13455, 'Space19387');
INSERT INTO spaces (id, item_id, hour_price) VALUES (19387, 23187, 0);
INSERT INTO items (id, venue_id, name) VALUES (23188, 13455, 'Space19388');
INSERT INTO spaces (id, item_id, hour_price) VALUES (19388, 23188, 0);
INSERT INTO items (id, venue_id, name) VALUES (23189, 13455, 'Space19389');
INSERT INTO spaces (id, item_id, hour_price) VALUES (19389, 23189, 0);
INSERT INTO items (id, venue_id, name) VALUES (23190, 13455, 'Space19390');
INSERT INTO spaces (id, item_id, hour_price) VALUES (19390, 23190, 0);
INSERT INTO items (id, venue_id, name) VALUES (23191, 13455, 'Space19391');
INSERT INTO spaces (id, item_id, hour_price) VALUES (19391, 23191, 0);
INSERT INTO items (id, venue_id, name) VALUES (23192, 13455, 'Space19392');
INSERT INTO spaces (id, item_id, hour_price) VALUES (19392, 23192, 0);
INSERT INTO items (id, venue_id, name) VALUES (23193, 13455, 'Space19393');
INSERT INTO spaces (id, item_id, hour_price) VALUES (19393, 23193, 50);
INSERT INTO items (id, venue_id, name) VALUES (23194, 13455, 'Space19394');
INSERT INTO spaces (id, item_id, hour_price) VALUES (19394, 23194, 50);
INSERT INTO items (id, venue_id, name) VALUES (23195, 13455, 'Space19395');
INSERT INTO spaces (id, item_id, hour_price) VALUES (19395, 23195, 125);
INSERT INTO items (id, venue_id, name) VALUES (23196, 13455, 'Space19396');
INSERT INTO spaces (id, item_id, hour_price) VALUES (19396, 23196, 100);
INSERT INTO items (id, venue_id, name) VALUES (23197, 13455, 'Space19397');
INSERT INTO spaces (id, item_id, hour_price) VALUES (19397, 23197, 50);
INSERT INTO items (id, venue_id, name) VALUES (23198, 13455, 'Space19398');
INSERT INTO spaces (id, item_id, hour_price) VALUES (19398, 23198, 75);
INSERT INTO items (id, venue_id, name) VALUES (23199, 13455, 'Space19399');
INSERT INTO spaces (id, item_id, hour_price) VALUES (19399, 23199, 100);
INSERT INTO items (id, venue_id, name) VALUES (23200, 13455, 'Space19400');
INSERT INTO spaces (id, item_id, hour_price) VALUES (19400, 23200, 5);
INSERT INTO items (id, venue_id, name) VALUES (23201, 13455, 'Space19401');
INSERT INTO spaces (id, item_id, hour_price) VALUES (19401, 23201, 5);
INSERT INTO items (id, venue_id, name) VALUES (23202, 13455, 'Product13793');
INSERT INTO products (id, item_id, price) VALUES (13793, 23202, 2.2);
INSERT INTO items (id, venue_id, name) VALUES (23203, 13455, 'Product13794');
INSERT INTO products (id, item_id, price) VALUES (13794, 23203, 2.2);
INSERT INTO items (id, venue_id, name) VALUES (23204, 13455, 'Product13795');
INSERT INTO products (id, item_id, price) VALUES (13795, 23204, 15);
INSERT INTO items (id, venue_id, name) VALUES (23205, 13455, 'Product13796');
INSERT INTO products (id, item_id, price) VALUES (13796, 23205, 15);
INSERT INTO items (id, venue_id, name) VALUES (23206, 13455, 'Product13797');
INSERT INTO products (id, item_id, price) VALUES (13797, 23206, 3.5);
INSERT INTO items (id, venue_id, name) VALUES (23207, 13455, 'Product13798');
INSERT INTO products (id, item_id, price) VALUES (13798, 23207, 20);
INSERT INTO items (id, venue_id, name) VALUES (23208, 13455, 'Product13799');
INSERT INTO products (id, item_id, price) VALUES (13799, 23208, 19.5);
INSERT INTO items (id, venue_id, name) VALUES (23209, 13455, 'Product13800');
INSERT INTO products (id, item_id, price) VALUES (13800, 23209, 95);
INSERT INTO items (id, venue_id, name) VALUES (23210, 13455, 'Product13801');
INSERT INTO products (id, item_id, price) VALUES (13801, 23210, 95);
INSERT INTO items (id, venue_id, name) VALUES (23211, 13455, 'Product13802');
INSERT INTO products (id, item_id, price) VALUES (13802, 23211, 19.5);
INSERT INTO items (id, venue_id, name) VALUES (23212, 13455, 'Product13803');
INSERT INTO products (id, item_id, price) VALUES (13803, 23212, 19.5);
INSERT INTO items (id, venue_id, name) VALUES (23213, 13455, 'Product13804');
INSERT INTO products (id, item_id, price) VALUES (13804, 23213, 19.5);
INSERT INTO items (id, venue_id, name) VALUES (23214, 13455, 'Product13805');
INSERT INTO products (id, item_id, price) VALUES (13805, 23214, 19.5);
INSERT INTO items (id, venue_id, name) VALUES (23215, 13455, 'Product13806');
INSERT INTO products (id, item_id, price) VALUES (13806, 23215, 25);
INSERT INTO items (id, venue_id, name) VALUES (23216, 13455, 'Product13807');
INSERT INTO products (id, item_id, price) VALUES (13807, 23216, 25);
INSERT INTO items (id, venue_id, name) VALUES (23217, 13455, 'Product13808');
INSERT INTO products (id, item_id, price) VALUES (13808, 23217, 80);
INSERT INTO items (id, venue_id, name) VALUES (23218, 13455, 'Product13809');
INSERT INTO products (id, item_id, price) VALUES (13809, 23218, 80);
INSERT INTO items (id, venue_id, name) VALUES (23225, 13455, 'Space19403');
INSERT INTO spaces (id, item_id, hour_price) VALUES (19403, 23225, 50);
INSERT INTO venues (id, name) VALUES (13460, 'Venue13460');
INSERT INTO items (id, venue_id, name) VALUES (23226, 13460, 'Space19404');
INSERT INTO spaces (id, item_id, hour_price) VALUES (19404, 23226, 0);
INSERT INTO items (id, venue_id, name) VALUES (23227, 13460, 'Space19405');
INSERT INTO spaces (id, item_id, hour_price) VALUES (19405, 23227, 0);
INSERT INTO items (id, venue_id, name) VALUES (23228, 13460, 'Space19406');
INSERT INTO spaces (id, item_id, hour_price) VALUES (19406, 23228, 0);
INSERT INTO items (id, venue_id, name) VALUES (23229, 13460, 'Space19407');
INSERT INTO spaces (id, item_id, hour_price) VALUES (19407, 23229, 0);
INSERT INTO items (id, venue_id, name) VALUES (23230, 13460, 'Space19408');
INSERT INTO spaces (id, item_id, hour_price) VALUES (19408, 23230, 0);
INSERT INTO items (id, venue_id, name) VALUES (23231, 13460, 'Space19409');
INSERT INTO spaces (id, item_id, hour_price) VALUES (19409, 23231, 0);
INSERT INTO items (id, venue_id, name) VALUES (23232, 13460, 'Space19410');
INSERT INTO spaces (id, item_id, hour_price) VALUES (19410, 23232, 33);
INSERT INTO items (id, venue_id, name) VALUES (23233, 13460, 'Space19411');
INSERT INTO spaces (id, item_id, hour_price) VALUES (19411, 23233, 88);
INSERT INTO items (id, venue_id, name) VALUES (23234, 13460, 'Space19412');
INSERT INTO spaces (id, item_id, hour_price) VALUES (19412, 23234, 33);
INSERT INTO items (id, venue_id, name) VALUES (23235, 13460, 'Space19413');
INSERT INTO spaces (id, item_id, hour_price) VALUES (19413, 23235, 33);
INSERT INTO items (id, venue_id, name) VALUES (23236, 13460, 'Space19414');
INSERT INTO spaces (id, item_id, hour_price) VALUES (19414, 23236, 33);
INSERT INTO items (id, venue_id, name) VALUES (23237, 13460, 'Space19415');
INSERT INTO spaces (id, item_id, hour_price) VALUES (19415, 23237, 110);
INSERT INTO items (id, venue_id, name) VALUES (23238, 13460, 'Space19416');
INSERT INTO spaces (id, item_id, hour_price) VALUES (19416, 23238, 33);
INSERT INTO items (id, venue_id, name) VALUES (23239, 13460, 'Space19417');
INSERT INTO spaces (id, item_id, hour_price) VALUES (19417, 23239, 33);
INSERT INTO items (id, venue_id, name) VALUES (23240, 13460, 'Space19418');
INSERT INTO spaces (id, item_id, hour_price) VALUES (19418, 23240, 99);
INSERT INTO items (id, venue_id, name) VALUES (23241, 13460, 'Space19419');
INSERT INTO spaces (id, item_id, hour_price) VALUES (19419, 23241, 32.5);
INSERT INTO items (id, venue_id, name) VALUES (23242, 13460, 'Product13815');
INSERT INTO products (id, item_id, price) VALUES (13815, 23242, 44);
INSERT INTO items (id, venue_id, name) VALUES (23243, 13460, 'Product13816');
INSERT INTO products (id, item_id, price) VALUES (13816, 23243, 38.5);
INSERT INTO items (id, venue_id, name) VALUES (23244, 13460, 'Product13817');
INSERT INTO products (id, item_id, price) VALUES (13817, 23244, 19.25);
INSERT INTO items (id, venue_id, name) VALUES (23245, 13460, 'Product13818');
INSERT INTO products (id, item_id, price) VALUES (13818, 23245, 6.4);
INSERT INTO items (id, venue_id, name) VALUES (23246, 13460, 'Product13819');
INSERT INTO products (id, item_id, price) VALUES (13819, 23246, 9.7);
INSERT INTO items (id, venue_id, name) VALUES (23247, 13460, 'Product13820');
INSERT INTO products (id, item_id, price) VALUES (13820, 23247, 24.5);
INSERT INTO items (id, venue_id, name) VALUES (23248, 13460, 'Product13821');
INSERT INTO products (id, item_id, price) VALUES (13821, 23248, 30.25);
INSERT INTO items (id, venue_id, name) VALUES (23249, 13460, 'Product13822');
INSERT INTO products (id, item_id, price) VALUES (13822, 23249, 13.75);
INSERT INTO items (id, venue_id, name) VALUES (23250, 13460, 'Product13823');
INSERT INTO products (id, item_id, price) VALUES (13823, 23250, 17.05);
INSERT INTO items (id, venue_id, name) VALUES (23495, 13460, 'Product13949');
INSERT INTO products (id, item_id, price) VALUES (13949, 23495, 12);
INSERT INTO items (id, venue_id, name) VALUES (24251, 13460, 'Product14347');
INSERT INTO products (id, item_id, price) VALUES (14347, 24251, 94.05);
INSERT INTO items (id, venue_id, name) VALUES (24252, 13460, 'Product14348');
INSERT INTO products (id, item_id, price) VALUES (14348, 24252, 2.2);
INSERT INTO items (id, venue_id, name) VALUES (24253, 13460, 'Product14349');
INSERT INTO products (id, item_id, price) VALUES (14349, 24253, 2.2);
INSERT INTO items (id, venue_id, name) VALUES (24254, 13460, 'Product14350');
INSERT INTO products (id, item_id, price) VALUES (14350, 24254, 3.03);
INSERT INTO items (id, venue_id, name) VALUES (24255, 13460, 'Product14351');
INSERT INTO products (id, item_id, price) VALUES (14351, 24255, 3.58);
INSERT INTO items (id, venue_id, name) VALUES (24256, 13460, 'Product14352');
INSERT INTO products (id, item_id, price) VALUES (14352, 24256, 2.2);
INSERT INTO items (id, venue_id, name) VALUES (24257, 13460, 'Product14353');
INSERT INTO products (id, item_id, price) VALUES (14353, 24257, 2.75);
INSERT INTO items (id, venue_id, name) VALUES (24258, 13460, 'Product14354');
INSERT INTO products (id, item_id, price) VALUES (14354, 24258, 2.53);
INSERT INTO items (id, venue_id, name) VALUES (24259, 13460, 'Product14355');
INSERT INTO products (id, item_id, price) VALUES (14355, 24259, 2.2);
INSERT INTO venues (id, name) VALUES (13464, 'Venue13464');
INSERT INTO items (id, venue_id, name) VALUES (23251, 13464, 'Space19420');
INSERT INTO spaces (id, item_id, hour_price) VALUES (19420, 23251, 0);
INSERT INTO items (id, venue_id, name) VALUES (23252, 13464, 'Space19421');
INSERT INTO spaces (id, item_id, hour_price) VALUES (19421, 23252, 0);
INSERT INTO items (id, venue_id, name) VALUES (23253, 13464, 'Space19422');
INSERT INTO spaces (id, item_id, hour_price) VALUES (19422, 23253, 0);
INSERT INTO items (id, venue_id, name) VALUES (23254, 13464, 'Space19423');
INSERT INTO spaces (id, item_id, hour_price) VALUES (19423, 23254, 0);
INSERT INTO items (id, venue_id, name) VALUES (23255, 13464, 'Space19424');
INSERT INTO spaces (id, item_id, hour_price) VALUES (19424, 23255, 0);
INSERT INTO items (id, venue_id, name) VALUES (23256, 13464, 'Space19425');
INSERT INTO spaces (id, item_id, hour_price) VALUES (19425, 23256, 0);
INSERT INTO items (id, venue_id, name) VALUES (23257, 13464, 'Space19426');
INSERT INTO spaces (id, item_id, hour_price) VALUES (19426, 23257, 17.5);
INSERT INTO items (id, venue_id, name) VALUES (23258, 13464, 'Space19427');
INSERT INTO spaces (id, item_id, hour_price) VALUES (19427, 23258, 0);
INSERT INTO items (id, venue_id, name) VALUES (23259, 13464, 'Product13824');
INSERT INTO products (id, item_id, price) VALUES (13824, 23259, 0.5);
INSERT INTO items (id, venue_id, name) VALUES (23260, 13464, 'Product13825');
INSERT INTO products (id, item_id, price) VALUES (13825, 23260, 0.2);
INSERT INTO items (id, venue_id, name) VALUES (23261, 13464, 'Product13826');
INSERT INTO products (id, item_id, price) VALUES (13826, 23261, 3.5);
INSERT INTO items (id, venue_id, name) VALUES (23262, 13464, 'Product13827');
INSERT INTO products (id, item_id, price) VALUES (13827, 23262, 3.5);
INSERT INTO items (id, venue_id, name) VALUES (23263, 13464, 'Product13828');
INSERT INTO products (id, item_id, price) VALUES (13828, 23263, 7.5);
INSERT INTO venues (id, name) VALUES (13468, 'Venue13468');
INSERT INTO items (id, venue_id, name) VALUES (23265, 13468, 'Space19428');
INSERT INTO spaces (id, item_id, hour_price) VALUES (19428, 23265, 0);
INSERT INTO items (id, venue_id, name) VALUES (23266, 13468, 'Space19429');
INSERT INTO spaces (id, item_id, hour_price) VALUES (19429, 23266, 0);
INSERT INTO items (id, venue_id, name) VALUES (23267, 13468, 'Space19430');
INSERT INTO spaces (id, item_id, hour_price) VALUES (19430, 23267, 0);
INSERT INTO items (id, venue_id, name) VALUES (23268, 13468, 'Space19431');
INSERT INTO spaces (id, item_id, hour_price) VALUES (19431, 23268, 0);
INSERT INTO items (id, venue_id, name) VALUES (23269, 13468, 'Space19432');
INSERT INTO spaces (id, item_id, hour_price) VALUES (19432, 23269, 0);
INSERT INTO items (id, venue_id, name) VALUES (23270, 13468, 'Space19433');
INSERT INTO spaces (id, item_id, hour_price) VALUES (19433, 23270, 0);
INSERT INTO items (id, venue_id, name) VALUES (23271, 13468, 'Space19434');
INSERT INTO spaces (id, item_id, hour_price) VALUES (19434, 23271, 30);
INSERT INTO items (id, venue_id, name) VALUES (23272, 13468, 'Space19435');
INSERT INTO spaces (id, item_id, hour_price) VALUES (19435, 23272, 35);
INSERT INTO items (id, venue_id, name) VALUES (23273, 13468, 'Space19436');
INSERT INTO spaces (id, item_id, hour_price) VALUES (19436, 23273, 15);
INSERT INTO items (id, venue_id, name) VALUES (23274, 13468, 'Space19437');
INSERT INTO spaces (id, item_id, hour_price) VALUES (19437, 23274, 20);
INSERT INTO items (id, venue_id, name) VALUES (23275, 13468, 'Product13830');
INSERT INTO products (id, item_id, price) VALUES (13830, 23275, 1.5);
INSERT INTO items (id, venue_id, name) VALUES (23276, 13468, 'Product13831');
INSERT INTO products (id, item_id, price) VALUES (13831, 23276, 1.5);
INSERT INTO items (id, venue_id, name) VALUES (23277, 13468, 'Product13832');
INSERT INTO products (id, item_id, price) VALUES (13832, 23277, 5);
INSERT INTO items (id, venue_id, name) VALUES (23278, 13468, 'Product13833');
INSERT INTO products (id, item_id, price) VALUES (13833, 23278, 5);
INSERT INTO items (id, venue_id, name) VALUES (23279, 13468, 'Product13834');
INSERT INTO products (id, item_id, price) VALUES (13834, 23279, 2.5);
INSERT INTO items (id, venue_id, name) VALUES (23280, 13468, 'Product13835');
INSERT INTO products (id, item_id, price) VALUES (13835, 23280, 2.5);
INSERT INTO items (id, venue_id, name) VALUES (23281, 13468, 'Product13836');
INSERT INTO products (id, item_id, price) VALUES (13836, 23281, 5.5);
INSERT INTO items (id, venue_id, name) VALUES (23282, 13468, 'Product13837');
INSERT INTO products (id, item_id, price) VALUES (13837, 23282, 2.5);
INSERT INTO items (id, venue_id, name) VALUES (23283, 13468, 'Product13838');
INSERT INTO products (id, item_id, price) VALUES (13838, 23283, 10);
INSERT INTO items (id, venue_id, name) VALUES (23284, 13468, 'Product13839');
INSERT INTO products (id, item_id, price) VALUES (13839, 23284, 1);
INSERT INTO items (id, venue_id, name) VALUES (23285, 13468, 'Product13840');
INSERT INTO products (id, item_id, price) VALUES (13840, 23285, 1);
INSERT INTO items (id, venue_id, name) VALUES (23286, 13468, 'Product13841');
INSERT INTO products (id, item_id, price) VALUES (13841, 23286, 0);
INSERT INTO items (id, venue_id, name) VALUES (23287, 13468, 'Product13842');
INSERT INTO products (id, item_id, price) VALUES (13842, 23287, 0);
INSERT INTO items (id, venue_id, name) VALUES (23288, 13468, 'Product13843');
INSERT INTO products (id, item_id, price) VALUES (13843, 23288, 0);
INSERT INTO items (id, venue_id, name) VALUES (23289, 13468, 'Product13844');
INSERT INTO products (id, item_id, price) VALUES (13844, 23289, 0);
INSERT INTO venues (id, name) VALUES (13473, 'Venue13473');
INSERT INTO items (id, venue_id, name) VALUES (23291, 13473, 'Space19439');
INSERT INTO spaces (id, item_id, hour_price) VALUES (19439, 23291, 0);
INSERT INTO items (id, venue_id, name) VALUES (23292, 13473, 'Space19440');
INSERT INTO spaces (id, item_id, hour_price) VALUES (19440, 23292, 0);
INSERT INTO items (id, venue_id, name) VALUES (23293, 13473, 'Space19441');
INSERT INTO spaces (id, item_id, hour_price) VALUES (19441, 23293, 0);
INSERT INTO items (id, venue_id, name) VALUES (23294, 13473, 'Space19442');
INSERT INTO spaces (id, item_id, hour_price) VALUES (19442, 23294, 0);
INSERT INTO items (id, venue_id, name) VALUES (23295, 13473, 'Space19443');
INSERT INTO spaces (id, item_id, hour_price) VALUES (19443, 23295, 0);
INSERT INTO items (id, venue_id, name) VALUES (23296, 13473, 'Space19444');
INSERT INTO spaces (id, item_id, hour_price) VALUES (19444, 23296, 0);
INSERT INTO items (id, venue_id, name) VALUES (23297, 13473, 'Space19445');
INSERT INTO spaces (id, item_id, hour_price) VALUES (19445, 23297, 30);
INSERT INTO items (id, venue_id, name) VALUES (23298, 13473, 'Product13845');
INSERT INTO products (id, item_id, price) VALUES (13845, 23298, 0);
INSERT INTO items (id, venue_id, name) VALUES (23299, 13473, 'Product13846');
INSERT INTO products (id, item_id, price) VALUES (13846, 23299, 0);
INSERT INTO items (id, venue_id, name) VALUES (23300, 13473, 'Product13847');
INSERT INTO products (id, item_id, price) VALUES (13847, 23300, 0);
INSERT INTO items (id, venue_id, name) VALUES (23301, 13473, 'Product13848');
INSERT INTO products (id, item_id, price) VALUES (13848, 23301, 0);
INSERT INTO items (id, venue_id, name) VALUES (23302, 13473, 'Product13849');
INSERT INTO products (id, item_id, price) VALUES (13849, 23302, 0);
INSERT INTO items (id, venue_id, name) VALUES (23303, 13473, 'Product13850');
INSERT INTO products (id, item_id, price) VALUES (13850, 23303, 0);
INSERT INTO items (id, venue_id, name) VALUES (23304, 13473, 'Product13851');
INSERT INTO products (id, item_id, price) VALUES (13851, 23304, 13.5);
INSERT INTO venues (id, name) VALUES (13478, 'Venue13478');
INSERT INTO items (id, venue_id, name) VALUES (23306, 13478, 'Space19446');
INSERT INTO spaces (id, item_id, hour_price) VALUES (19446, 23306, 0);
INSERT INTO items (id, venue_id, name) VALUES (23307, 13478, 'Space19447');
INSERT INTO spaces (id, item_id, hour_price) VALUES (19447, 23307, 0);
INSERT INTO items (id, venue_id, name) VALUES (23308, 13478, 'Space19448');
INSERT INTO spaces (id, item_id, hour_price) VALUES (19448, 23308, 0);
INSERT INTO items (id, venue_id, name) VALUES (23309, 13478, 'Space19449');
INSERT INTO spaces (id, item_id, hour_price) VALUES (19449, 23309, 0);
INSERT INTO items (id, venue_id, name) VALUES (23310, 13478, 'Space19450');
INSERT INTO spaces (id, item_id, hour_price) VALUES (19450, 23310, 0);
INSERT INTO items (id, venue_id, name) VALUES (23311, 13478, 'Space19451');
INSERT INTO spaces (id, item_id, hour_price) VALUES (19451, 23311, 0);
INSERT INTO items (id, venue_id, name) VALUES (23312, 13478, 'Space19452');
INSERT INTO spaces (id, item_id, hour_price) VALUES (19452, 23312, 150);
INSERT INTO items (id, venue_id, name) VALUES (23313, 13478, 'Space19453');
INSERT INTO spaces (id, item_id, hour_price) VALUES (19453, 23313, 105);
INSERT INTO items (id, venue_id, name) VALUES (23314, 13478, 'Product13853');
INSERT INTO products (id, item_id, price) VALUES (13853, 23314, 1.5);
INSERT INTO items (id, venue_id, name) VALUES (23315, 13478, 'Product13854');
INSERT INTO products (id, item_id, price) VALUES (13854, 23315, 1.5);
INSERT INTO items (id, venue_id, name) VALUES (23316, 13478, 'Product13855');
INSERT INTO products (id, item_id, price) VALUES (13855, 23316, 24);
INSERT INTO items (id, venue_id, name) VALUES (23317, 13478, 'Product13856');
INSERT INTO products (id, item_id, price) VALUES (13856, 23317, 24);
INSERT INTO items (id, venue_id, name) VALUES (23318, 13478, 'Product13857');
INSERT INTO products (id, item_id, price) VALUES (13857, 23318, 12.5);
INSERT INTO items (id, venue_id, name) VALUES (23319, 13478, 'Product13858');
INSERT INTO products (id, item_id, price) VALUES (13858, 23319, 0);
INSERT INTO items (id, venue_id, name) VALUES (23320, 13478, 'Product13859');
INSERT INTO products (id, item_id, price) VALUES (13859, 23320, 0);
INSERT INTO items (id, venue_id, name) VALUES (23321, 13478, 'Product13860');
INSERT INTO products (id, item_id, price) VALUES (13860, 23321, 0);
INSERT INTO items (id, venue_id, name) VALUES (23322, 13478, 'Product13861');
INSERT INTO products (id, item_id, price) VALUES (13861, 23322, 0);
INSERT INTO items (id, venue_id, name) VALUES (23323, 13478, 'Product13862');
INSERT INTO products (id, item_id, price) VALUES (13862, 23323, 0);
INSERT INTO items (id, venue_id, name) VALUES (23324, 13478, 'Product13863');
INSERT INTO products (id, item_id, price) VALUES (13863, 23324, 0);
INSERT INTO venues (id, name) VALUES (13479, 'Venue13479');
INSERT INTO items (id, venue_id, name) VALUES (23331, 13479, 'Space19454');
INSERT INTO spaces (id, item_id, hour_price) VALUES (19454, 23331, 0);
INSERT INTO items (id, venue_id, name) VALUES (23332, 13479, 'Space19455');
INSERT INTO spaces (id, item_id, hour_price) VALUES (19455, 23332, 0);
INSERT INTO items (id, venue_id, name) VALUES (23333, 13479, 'Space19456');
INSERT INTO spaces (id, item_id, hour_price) VALUES (19456, 23333, 0);
INSERT INTO items (id, venue_id, name) VALUES (23334, 13479, 'Space19457');
INSERT INTO spaces (id, item_id, hour_price) VALUES (19457, 23334, 0);
INSERT INTO items (id, venue_id, name) VALUES (23335, 13479, 'Space19458');
INSERT INTO spaces (id, item_id, hour_price) VALUES (19458, 23335, 0);
INSERT INTO items (id, venue_id, name) VALUES (23336, 13479, 'Space19459');
INSERT INTO spaces (id, item_id, hour_price) VALUES (19459, 23336, 0);
INSERT INTO items (id, venue_id, name) VALUES (23706, 13479, 'Product14039');
INSERT INTO products (id, item_id, price) VALUES (14039, 23706, 6);
INSERT INTO items (id, venue_id, name) VALUES (23707, 13479, 'Product14040');
INSERT INTO products (id, item_id, price) VALUES (14040, 23707, 3.5);
INSERT INTO items (id, venue_id, name) VALUES (23708, 13479, 'Product14041');
INSERT INTO products (id, item_id, price) VALUES (14041, 23708, 1.5);
INSERT INTO items (id, venue_id, name) VALUES (23709, 13479, 'Product14042');
INSERT INTO products (id, item_id, price) VALUES (14042, 23709, 1.75);
INSERT INTO items (id, venue_id, name) VALUES (23710, 13479, 'Product14043');
INSERT INTO products (id, item_id, price) VALUES (14043, 23710, 10);
INSERT INTO items (id, venue_id, name) VALUES (23711, 13479, 'Product14044');
INSERT INTO products (id, item_id, price) VALUES (14044, 23711, 6);
INSERT INTO items (id, venue_id, name) VALUES (23712, 13479, 'Product14045');
INSERT INTO products (id, item_id, price) VALUES (14045, 23712, 1.2);
INSERT INTO items (id, venue_id, name) VALUES (23848, 13479, 'Space19712');
INSERT INTO spaces (id, item_id, hour_price) VALUES (19712, 23848, 40);
INSERT INTO items (id, venue_id, name) VALUES (23849, 13479, 'Space19713');
INSERT INTO spaces (id, item_id, hour_price) VALUES (19713, 23849, 16);
INSERT INTO items (id, venue_id, name) VALUES (23850, 13479, 'Space19714');
INSERT INTO spaces (id, item_id, hour_price) VALUES (19714, 23850, 24);
INSERT INTO venues (id, name) VALUES (13483, 'Venue13483');
INSERT INTO items (id, venue_id, name) VALUES (23337, 13483, 'Space19460');
INSERT INTO spaces (id, item_id, hour_price) VALUES (19460, 23337, 0);
INSERT INTO items (id, venue_id, name) VALUES (23338, 13483, 'Space19461');
INSERT INTO spaces (id, item_id, hour_price) VALUES (19461, 23338, 0);
INSERT INTO items (id, venue_id, name) VALUES (23339, 13483, 'Space19462');
INSERT INTO spaces (id, item_id, hour_price) VALUES (19462, 23339, 0);
INSERT INTO items (id, venue_id, name) VALUES (23340, 13483, 'Space19463');
INSERT INTO spaces (id, item_id, hour_price) VALUES (19463, 23340, 0);
INSERT INTO items (id, venue_id, name) VALUES (23341, 13483, 'Space19464');
INSERT INTO spaces (id, item_id, hour_price) VALUES (19464, 23341, 0);
INSERT INTO items (id, venue_id, name) VALUES (23342, 13483, 'Space19465');
INSERT INTO spaces (id, item_id, hour_price) VALUES (19465, 23342, 0);
INSERT INTO items (id, venue_id, name) VALUES (23343, 13483, 'Product13870');
INSERT INTO products (id, item_id, price) VALUES (13870, 23343, 7.31);
INSERT INTO items (id, venue_id, name) VALUES (23344, 13483, 'Product13871');
INSERT INTO products (id, item_id, price) VALUES (13871, 23344, 28.25);
INSERT INTO items (id, venue_id, name) VALUES (23347, 13483, 'Product13874');
INSERT INTO products (id, item_id, price) VALUES (13874, 23347, 15.05);
INSERT INTO items (id, venue_id, name) VALUES (23348, 13483, 'Product13875');
INSERT INTO products (id, item_id, price) VALUES (13875, 23348, 14.62);
INSERT INTO items (id, venue_id, name) VALUES (23349, 13483, 'Product13876');
INSERT INTO products (id, item_id, price) VALUES (13876, 23349, 21.23);
INSERT INTO items (id, venue_id, name) VALUES (23350, 13483, 'Product13877');
INSERT INTO products (id, item_id, price) VALUES (13877, 23350, 3.3);
INSERT INTO items (id, venue_id, name) VALUES (23353, 13483, 'Space19468');
INSERT INTO spaces (id, item_id, hour_price) VALUES (19468, 23353, 0);
INSERT INTO items (id, venue_id, name) VALUES (23354, 13483, 'Space19469');
INSERT INTO spaces (id, item_id, hour_price) VALUES (19469, 23354, 60);
INSERT INTO items (id, venue_id, name) VALUES (23963, 13483, 'Product14180');
INSERT INTO products (id, item_id, price) VALUES (14180, 23963, 8.96);
INSERT INTO items (id, venue_id, name) VALUES (25716, 13483, 'Product15157');
INSERT INTO products (id, item_id, price) VALUES (15157, 25716, 4.95);
INSERT INTO items (id, venue_id, name) VALUES (25718, 13483, 'Product15159');
INSERT INTO products (id, item_id, price) VALUES (15159, 25718, 4.48);
INSERT INTO venues (id, name) VALUES (13489, 'Venue13489');
INSERT INTO items (id, venue_id, name) VALUES (23368, 13489, 'Space19482');
INSERT INTO spaces (id, item_id, hour_price) VALUES (19482, 23368, 0);
INSERT INTO items (id, venue_id, name) VALUES (23369, 13489, 'Space19483');
INSERT INTO spaces (id, item_id, hour_price) VALUES (19483, 23369, 0);
INSERT INTO items (id, venue_id, name) VALUES (23370, 13489, 'Space19484');
INSERT INTO spaces (id, item_id, hour_price) VALUES (19484, 23370, 0);
INSERT INTO items (id, venue_id, name) VALUES (23371, 13489, 'Space19485');
INSERT INTO spaces (id, item_id, hour_price) VALUES (19485, 23371, 0);
INSERT INTO items (id, venue_id, name) VALUES (23372, 13489, 'Space19486');
INSERT INTO spaces (id, item_id, hour_price) VALUES (19486, 23372, 0);
INSERT INTO items (id, venue_id, name) VALUES (23373, 13489, 'Space19487');
INSERT INTO spaces (id, item_id, hour_price) VALUES (19487, 23373, 0);
INSERT INTO items (id, venue_id, name) VALUES (23374, 13489, 'Space19488');
INSERT INTO spaces (id, item_id, hour_price) VALUES (19488, 23374, 4);
INSERT INTO venues (id, name) VALUES (13493, 'Venue13493');
INSERT INTO items (id, venue_id, name) VALUES (23382, 13493, 'Space19489');
INSERT INTO spaces (id, item_id, hour_price) VALUES (19489, 23382, 0);
INSERT INTO items (id, venue_id, name) VALUES (23383, 13493, 'Space19490');
INSERT INTO spaces (id, item_id, hour_price) VALUES (19490, 23383, 0);
INSERT INTO items (id, venue_id, name) VALUES (23384, 13493, 'Space19491');
INSERT INTO spaces (id, item_id, hour_price) VALUES (19491, 23384, 0);
INSERT INTO items (id, venue_id, name) VALUES (23385, 13493, 'Space19492');
INSERT INTO spaces (id, item_id, hour_price) VALUES (19492, 23385, 0);
INSERT INTO items (id, venue_id, name) VALUES (23386, 13493, 'Space19493');
INSERT INTO spaces (id, item_id, hour_price) VALUES (19493, 23386, 0);
INSERT INTO items (id, venue_id, name) VALUES (23387, 13493, 'Space19494');
INSERT INTO spaces (id, item_id, hour_price) VALUES (19494, 23387, 0);
INSERT INTO items (id, venue_id, name) VALUES (23388, 13493, 'Space19495');
INSERT INTO spaces (id, item_id, hour_price) VALUES (19495, 23388, 5);
INSERT INTO items (id, venue_id, name) VALUES (23389, 13493, 'Space19496');
INSERT INTO spaces (id, item_id, hour_price) VALUES (19496, 23389, 0);
INSERT INTO items (id, venue_id, name) VALUES (23390, 13493, 'Space19497');
INSERT INTO spaces (id, item_id, hour_price) VALUES (19497, 23390, 55);
INSERT INTO items (id, venue_id, name) VALUES (23391, 13493, 'Space19498');
INSERT INTO spaces (id, item_id, hour_price) VALUES (19498, 23391, 70);
INSERT INTO items (id, venue_id, name) VALUES (23392, 13493, 'Space19499');
INSERT INTO spaces (id, item_id, hour_price) VALUES (19499, 23392, 70);
INSERT INTO items (id, venue_id, name) VALUES (23393, 13493, 'Space19500');
INSERT INTO spaces (id, item_id, hour_price) VALUES (19500, 23393, 40);
INSERT INTO items (id, venue_id, name) VALUES (23394, 13493, 'Space19501');
INSERT INTO spaces (id, item_id, hour_price) VALUES (19501, 23394, 55);
INSERT INTO items (id, venue_id, name) VALUES (23395, 13493, 'Space19502');
INSERT INTO spaces (id, item_id, hour_price) VALUES (19502, 23395, 70);
INSERT INTO items (id, venue_id, name) VALUES (23396, 13493, 'Product13886');
INSERT INTO products (id, item_id, price) VALUES (13886, 23396, 0.5);
INSERT INTO items (id, venue_id, name) VALUES (23397, 13493, 'Product13887');
INSERT INTO products (id, item_id, price) VALUES (13887, 23397, 1.6);
INSERT INTO items (id, venue_id, name) VALUES (23398, 13493, 'Product13888');
INSERT INTO products (id, item_id, price) VALUES (13888, 23398, 3.5);
INSERT INTO items (id, venue_id, name) VALUES (23399, 13493, 'Product13889');
INSERT INTO products (id, item_id, price) VALUES (13889, 23399, 3.5);
INSERT INTO items (id, venue_id, name) VALUES (23400, 13493, 'Product13890');
INSERT INTO products (id, item_id, price) VALUES (13890, 23400, 6);
INSERT INTO items (id, venue_id, name) VALUES (23401, 13493, 'Product13891');
INSERT INTO products (id, item_id, price) VALUES (13891, 23401, 0);
INSERT INTO items (id, venue_id, name) VALUES (23402, 13493, 'Product13892');
INSERT INTO products (id, item_id, price) VALUES (13892, 23402, 0);
INSERT INTO items (id, venue_id, name) VALUES (23403, 13493, 'Product13893');
INSERT INTO products (id, item_id, price) VALUES (13893, 23403, 0);
INSERT INTO items (id, venue_id, name) VALUES (23404, 13493, 'Product13894');
INSERT INTO products (id, item_id, price) VALUES (13894, 23404, 0);
INSERT INTO items (id, venue_id, name) VALUES (23405, 13493, 'Product13895');
INSERT INTO products (id, item_id, price) VALUES (13895, 23405, 0);
INSERT INTO items (id, venue_id, name) VALUES (23406, 13493, 'Product13896');
INSERT INTO products (id, item_id, price) VALUES (13896, 23406, 0);
INSERT INTO items (id, venue_id, name) VALUES (23407, 13493, 'Product13897');
INSERT INTO products (id, item_id, price) VALUES (13897, 23407, 0);
INSERT INTO items (id, venue_id, name) VALUES (23408, 13493, 'Product13898');
INSERT INTO products (id, item_id, price) VALUES (13898, 23408, 0);
INSERT INTO venues (id, name) VALUES (13498, 'Venue13498');
INSERT INTO items (id, venue_id, name) VALUES (23427, 13498, 'Space19506');
INSERT INTO spaces (id, item_id, hour_price) VALUES (19506, 23427, 0);
INSERT INTO items (id, venue_id, name) VALUES (23428, 13498, 'Space19507');
INSERT INTO spaces (id, item_id, hour_price) VALUES (19507, 23428, 0);
INSERT INTO items (id, venue_id, name) VALUES (23429, 13498, 'Space19508');
INSERT INTO spaces (id, item_id, hour_price) VALUES (19508, 23429, 0);
INSERT INTO items (id, venue_id, name) VALUES (23430, 13498, 'Space19509');
INSERT INTO spaces (id, item_id, hour_price) VALUES (19509, 23430, 0);
INSERT INTO items (id, venue_id, name) VALUES (23431, 13498, 'Space19510');
INSERT INTO spaces (id, item_id, hour_price) VALUES (19510, 23431, 0);
INSERT INTO items (id, venue_id, name) VALUES (23432, 13498, 'Space19511');
INSERT INTO spaces (id, item_id, hour_price) VALUES (19511, 23432, 0);
INSERT INTO items (id, venue_id, name) VALUES (23433, 13498, 'Space19512');
INSERT INTO spaces (id, item_id, hour_price) VALUES (19512, 23433, 35);
INSERT INTO items (id, venue_id, name) VALUES (23434, 13498, 'Space19513');
INSERT INTO spaces (id, item_id, hour_price) VALUES (19513, 23434, 60);
INSERT INTO items (id, venue_id, name) VALUES (23435, 13498, 'Space19514');
INSERT INTO spaces (id, item_id, hour_price) VALUES (19514, 23435, 70);
INSERT INTO items (id, venue_id, name) VALUES (23436, 13498, 'Space19515');
INSERT INTO spaces (id, item_id, hour_price) VALUES (19515, 23436, 150);
INSERT INTO items (id, venue_id, name) VALUES (23437, 13498, 'Space19516');
INSERT INTO spaces (id, item_id, hour_price) VALUES (19516, 23437, 150);
INSERT INTO items (id, venue_id, name) VALUES (23438, 13498, 'Product13914');
INSERT INTO products (id, item_id, price) VALUES (13914, 23438, 1.5);
INSERT INTO items (id, venue_id, name) VALUES (23439, 13498, 'Product13915');
INSERT INTO products (id, item_id, price) VALUES (13915, 23439, 1.5);
INSERT INTO items (id, venue_id, name) VALUES (23440, 13498, 'Product13916');
INSERT INTO products (id, item_id, price) VALUES (13916, 23440, 8.5);
INSERT INTO items (id, venue_id, name) VALUES (23441, 13498, 'Product13917');
INSERT INTO products (id, item_id, price) VALUES (13917, 23441, 4.5);
INSERT INTO items (id, venue_id, name) VALUES (23442, 13498, 'Product13918');
INSERT INTO products (id, item_id, price) VALUES (13918, 23442, 0);
INSERT INTO items (id, venue_id, name) VALUES (23443, 13498, 'Product13919');
INSERT INTO products (id, item_id, price) VALUES (13919, 23443, 0);
INSERT INTO items (id, venue_id, name) VALUES (23444, 13498, 'Product13920');
INSERT INTO products (id, item_id, price) VALUES (13920, 23444, 0);
INSERT INTO items (id, venue_id, name) VALUES (23445, 13498, 'Product13921');
INSERT INTO products (id, item_id, price) VALUES (13921, 23445, 0);
INSERT INTO items (id, venue_id, name) VALUES (23446, 13498, 'Product13922');
INSERT INTO products (id, item_id, price) VALUES (13922, 23446, 15);
INSERT INTO items (id, venue_id, name) VALUES (23447, 13498, 'Product13923');
INSERT INTO products (id, item_id, price) VALUES (13923, 23447, 0);
INSERT INTO items (id, venue_id, name) VALUES (23448, 13498, 'Product13924');
INSERT INTO products (id, item_id, price) VALUES (13924, 23448, 0);
INSERT INTO venues (id, name) VALUES (13503, 'Venue13503');
INSERT INTO items (id, venue_id, name) VALUES (23450, 13503, 'Space19517');
INSERT INTO spaces (id, item_id, hour_price) VALUES (19517, 23450, 0);
INSERT INTO items (id, venue_id, name) VALUES (23451, 13503, 'Space19518');
INSERT INTO spaces (id, item_id, hour_price) VALUES (19518, 23451, 0);
INSERT INTO items (id, venue_id, name) VALUES (23452, 13503, 'Space19519');
INSERT INTO spaces (id, item_id, hour_price) VALUES (19519, 23452, 0);
INSERT INTO items (id, venue_id, name) VALUES (23453, 13503, 'Space19520');
INSERT INTO spaces (id, item_id, hour_price) VALUES (19520, 23453, 0);
INSERT INTO items (id, venue_id, name) VALUES (23454, 13503, 'Space19521');
INSERT INTO spaces (id, item_id, hour_price) VALUES (19521, 23454, 0);
INSERT INTO items (id, venue_id, name) VALUES (23455, 13503, 'Space19522');
INSERT INTO spaces (id, item_id, hour_price) VALUES (19522, 23455, 0);
INSERT INTO items (id, venue_id, name) VALUES (23456, 13503, 'Space19523');
INSERT INTO spaces (id, item_id, hour_price) VALUES (19523, 23456, 10);
INSERT INTO items (id, venue_id, name) VALUES (23457, 13503, 'Product13926');
INSERT INTO products (id, item_id, price) VALUES (13926, 23457, 1.8);
INSERT INTO items (id, venue_id, name) VALUES (23458, 13503, 'Product13927');
INSERT INTO products (id, item_id, price) VALUES (13927, 23458, 1);
INSERT INTO items (id, venue_id, name) VALUES (23459, 13503, 'Product13928');
INSERT INTO products (id, item_id, price) VALUES (13928, 23459, 12.5);
INSERT INTO items (id, venue_id, name) VALUES (23460, 13503, 'Product13929');
INSERT INTO products (id, item_id, price) VALUES (13929, 23460, 10);
INSERT INTO items (id, venue_id, name) VALUES (23461, 13503, 'Product13930');
INSERT INTO products (id, item_id, price) VALUES (13930, 23461, 4);
INSERT INTO items (id, venue_id, name) VALUES (23462, 13503, 'Product13931');
INSERT INTO products (id, item_id, price) VALUES (13931, 23462, 10);
INSERT INTO items (id, venue_id, name) VALUES (23463, 13503, 'Product13932');
INSERT INTO products (id, item_id, price) VALUES (13932, 23463, 0);
INSERT INTO items (id, venue_id, name) VALUES (23464, 13503, 'Product13933');
INSERT INTO products (id, item_id, price) VALUES (13933, 23464, 0);
INSERT INTO items (id, venue_id, name) VALUES (23465, 13503, 'Product13934');
INSERT INTO products (id, item_id, price) VALUES (13934, 23465, 0);
INSERT INTO items (id, venue_id, name) VALUES (23466, 13503, 'Product13935');
INSERT INTO products (id, item_id, price) VALUES (13935, 23466, 0);
INSERT INTO items (id, venue_id, name) VALUES (23467, 13503, 'Product13936');
INSERT INTO products (id, item_id, price) VALUES (13936, 23467, 3);
INSERT INTO items (id, venue_id, name) VALUES (23468, 13503, 'Product13937');
INSERT INTO products (id, item_id, price) VALUES (13937, 23468, 24);
INSERT INTO venues (id, name) VALUES (13507, 'Venue13507');
INSERT INTO items (id, venue_id, name) VALUES (23469, 13507, 'Space19524');
INSERT INTO spaces (id, item_id, hour_price) VALUES (19524, 23469, 0);
INSERT INTO items (id, venue_id, name) VALUES (23470, 13507, 'Space19525');
INSERT INTO spaces (id, item_id, hour_price) VALUES (19525, 23470, 0);
INSERT INTO items (id, venue_id, name) VALUES (23471, 13507, 'Space19526');
INSERT INTO spaces (id, item_id, hour_price) VALUES (19526, 23471, 0);
INSERT INTO items (id, venue_id, name) VALUES (23472, 13507, 'Space19527');
INSERT INTO spaces (id, item_id, hour_price) VALUES (19527, 23472, 0);
INSERT INTO items (id, venue_id, name) VALUES (23473, 13507, 'Space19528');
INSERT INTO spaces (id, item_id, hour_price) VALUES (19528, 23473, 0);
INSERT INTO items (id, venue_id, name) VALUES (23474, 13507, 'Space19529');
INSERT INTO spaces (id, item_id, hour_price) VALUES (19529, 23474, 0);
INSERT INTO items (id, venue_id, name) VALUES (23475, 13507, 'Space19530');
INSERT INTO spaces (id, item_id, hour_price) VALUES (19530, 23475, 25);
INSERT INTO items (id, venue_id, name) VALUES (23476, 13507, 'Space19531');
INSERT INTO spaces (id, item_id, hour_price) VALUES (19531, 23476, 10);
INSERT INTO items (id, venue_id, name) VALUES (23477, 13507, 'Product13938');
INSERT INTO products (id, item_id, price) VALUES (13938, 23477, 1.4);
INSERT INTO items (id, venue_id, name) VALUES (23478, 13507, 'Product13939');
INSERT INTO products (id, item_id, price) VALUES (13939, 23478, 1.25);
INSERT INTO items (id, venue_id, name) VALUES (23479, 13507, 'Product13940');
INSERT INTO products (id, item_id, price) VALUES (13940, 23479, 10);
INSERT INTO items (id, venue_id, name) VALUES (23480, 13507, 'Product13941');
INSERT INTO products (id, item_id, price) VALUES (13941, 23480, 7);
INSERT INTO items (id, venue_id, name) VALUES (23481, 13507, 'Product13942');
INSERT INTO products (id, item_id, price) VALUES (13942, 23481, 2.8);
INSERT INTO items (id, venue_id, name) VALUES (23482, 13507, 'Product13943');
INSERT INTO products (id, item_id, price) VALUES (13943, 23482, 8.95);
INSERT INTO items (id, venue_id, name) VALUES (23483, 13507, 'Product13944');
INSERT INTO products (id, item_id, price) VALUES (13944, 23483, 8.25);
INSERT INTO items (id, venue_id, name) VALUES (23484, 13507, 'Product13945');
INSERT INTO products (id, item_id, price) VALUES (13945, 23484, 2);
INSERT INTO items (id, venue_id, name) VALUES (23485, 13507, 'Product13946');
INSERT INTO products (id, item_id, price) VALUES (13946, 23485, 5);
INSERT INTO items (id, venue_id, name) VALUES (23486, 13507, 'Product13947');
INSERT INTO products (id, item_id, price) VALUES (13947, 23486, 0);
INSERT INTO items (id, venue_id, name) VALUES (23487, 13507, 'Product13948');
INSERT INTO products (id, item_id, price) VALUES (13948, 23487, 0);
INSERT INTO venues (id, name) VALUES (13514, 'Venue13514');
INSERT INTO items (id, venue_id, name) VALUES (23496, 13514, 'Space19539');
INSERT INTO spaces (id, item_id, hour_price) VALUES (19539, 23496, 0);
INSERT INTO items (id, venue_id, name) VALUES (23497, 13514, 'Space19540');
INSERT INTO spaces (id, item_id, hour_price) VALUES (19540, 23497, 0);
INSERT INTO items (id, venue_id, name) VALUES (23498, 13514, 'Space19541');
INSERT INTO spaces (id, item_id, hour_price) VALUES (19541, 23498, 0);
INSERT INTO items (id, venue_id, name) VALUES (23499, 13514, 'Space19542');
INSERT INTO spaces (id, item_id, hour_price) VALUES (19542, 23499, 0);
INSERT INTO items (id, venue_id, name) VALUES (23500, 13514, 'Space19543');
INSERT INTO spaces (id, item_id, hour_price) VALUES (19543, 23500, 0);
INSERT INTO items (id, venue_id, name) VALUES (23501, 13514, 'Space19544');
INSERT INTO spaces (id, item_id, hour_price) VALUES (19544, 23501, 0);
INSERT INTO venues (id, name) VALUES (13521, 'Venue13521');
INSERT INTO items (id, venue_id, name) VALUES (23508, 13521, 'Space19551');
INSERT INTO spaces (id, item_id, hour_price) VALUES (19551, 23508, 0);
INSERT INTO items (id, venue_id, name) VALUES (23509, 13521, 'Space19552');
INSERT INTO spaces (id, item_id, hour_price) VALUES (19552, 23509, 0);
INSERT INTO items (id, venue_id, name) VALUES (23510, 13521, 'Space19553');
INSERT INTO spaces (id, item_id, hour_price) VALUES (19553, 23510, 0);
INSERT INTO items (id, venue_id, name) VALUES (23511, 13521, 'Space19554');
INSERT INTO spaces (id, item_id, hour_price) VALUES (19554, 23511, 0);
INSERT INTO items (id, venue_id, name) VALUES (23512, 13521, 'Space19555');
INSERT INTO spaces (id, item_id, hour_price) VALUES (19555, 23512, 0);
INSERT INTO items (id, venue_id, name) VALUES (23513, 13521, 'Space19556');
INSERT INTO spaces (id, item_id, hour_price) VALUES (19556, 23513, 0);
INSERT INTO items (id, venue_id, name) VALUES (23514, 13521, 'Space19557');
INSERT INTO spaces (id, item_id, hour_price) VALUES (19557, 23514, 26);
INSERT INTO items (id, venue_id, name) VALUES (23515, 13521, 'Product13950');
INSERT INTO products (id, item_id, price) VALUES (13950, 23515, 0);
INSERT INTO items (id, venue_id, name) VALUES (23516, 13521, 'Product13951');
INSERT INTO products (id, item_id, price) VALUES (13951, 23516, 0);
INSERT INTO items (id, venue_id, name) VALUES (23517, 13521, 'Product13952');
INSERT INTO products (id, item_id, price) VALUES (13952, 23517, 0);
INSERT INTO items (id, venue_id, name) VALUES (23518, 13521, 'Product13953');
INSERT INTO products (id, item_id, price) VALUES (13953, 23518, 0);
INSERT INTO items (id, venue_id, name) VALUES (23519, 13521, 'Product13954');
INSERT INTO products (id, item_id, price) VALUES (13954, 23519, 0);
INSERT INTO items (id, venue_id, name) VALUES (23520, 13521, 'Product13955');
INSERT INTO products (id, item_id, price) VALUES (13955, 23520, 0);
INSERT INTO items (id, venue_id, name) VALUES (23521, 13521, 'Product13956');
INSERT INTO products (id, item_id, price) VALUES (13956, 23521, 12.5);
INSERT INTO items (id, venue_id, name) VALUES (23522, 13521, 'Product13957');
INSERT INTO products (id, item_id, price) VALUES (13957, 23522, 0);
INSERT INTO items (id, venue_id, name) VALUES (23523, 13521, 'Product13958');
INSERT INTO products (id, item_id, price) VALUES (13958, 23523, 0);
INSERT INTO items (id, venue_id, name) VALUES (23524, 13521, 'Product13959');
INSERT INTO products (id, item_id, price) VALUES (13959, 23524, 0);
INSERT INTO items (id, venue_id, name) VALUES (23525, 13521, 'Product13960');
INSERT INTO products (id, item_id, price) VALUES (13960, 23525, 0);
INSERT INTO items (id, venue_id, name) VALUES (23526, 13521, 'Product13961');
INSERT INTO products (id, item_id, price) VALUES (13961, 23526, 0);
INSERT INTO items (id, venue_id, name) VALUES (23527, 13521, 'Product13962');
INSERT INTO products (id, item_id, price) VALUES (13962, 23527, 0);
INSERT INTO venues (id, name) VALUES (13526, 'Venue13526');
INSERT INTO items (id, venue_id, name) VALUES (23533, 13526, 'Space19561');
INSERT INTO spaces (id, item_id, hour_price) VALUES (19561, 23533, 0);
INSERT INTO items (id, venue_id, name) VALUES (23534, 13526, 'Space19562');
INSERT INTO spaces (id, item_id, hour_price) VALUES (19562, 23534, 0);
INSERT INTO items (id, venue_id, name) VALUES (23535, 13526, 'Space19563');
INSERT INTO spaces (id, item_id, hour_price) VALUES (19563, 23535, 0);
INSERT INTO items (id, venue_id, name) VALUES (23536, 13526, 'Space19564');
INSERT INTO spaces (id, item_id, hour_price) VALUES (19564, 23536, 0);
INSERT INTO items (id, venue_id, name) VALUES (23537, 13526, 'Space19565');
INSERT INTO spaces (id, item_id, hour_price) VALUES (19565, 23537, 0);
INSERT INTO items (id, venue_id, name) VALUES (23538, 13526, 'Space19566');
INSERT INTO spaces (id, item_id, hour_price) VALUES (19566, 23538, 0);
INSERT INTO items (id, venue_id, name) VALUES (23539, 13526, 'Space19567');
INSERT INTO spaces (id, item_id, hour_price) VALUES (19567, 23539, 5);
INSERT INTO items (id, venue_id, name) VALUES (23540, 13526, 'Space19568');
INSERT INTO spaces (id, item_id, hour_price) VALUES (19568, 23540, 25);
INSERT INTO items (id, venue_id, name) VALUES (23541, 13526, 'Space19569');
INSERT INTO spaces (id, item_id, hour_price) VALUES (19569, 23541, 50);
INSERT INTO items (id, venue_id, name) VALUES (23542, 13526, 'Product13965');
INSERT INTO products (id, item_id, price) VALUES (13965, 23542, 1.75);
INSERT INTO items (id, venue_id, name) VALUES (23543, 13526, 'Product13966');
INSERT INTO products (id, item_id, price) VALUES (13966, 23543, 1.75);
INSERT INTO items (id, venue_id, name) VALUES (23544, 13526, 'Product13967');
INSERT INTO products (id, item_id, price) VALUES (13967, 23544, 10.5);
INSERT INTO items (id, venue_id, name) VALUES (23545, 13526, 'Product13968');
INSERT INTO products (id, item_id, price) VALUES (13968, 23545, 10.5);
INSERT INTO items (id, venue_id, name) VALUES (23546, 13526, 'Product13969');
INSERT INTO products (id, item_id, price) VALUES (13969, 23546, 10.5);
INSERT INTO items (id, venue_id, name) VALUES (23547, 13526, 'Product13970');
INSERT INTO products (id, item_id, price) VALUES (13970, 23547, 25);
INSERT INTO items (id, venue_id, name) VALUES (23548, 13526, 'Product13971');
INSERT INTO products (id, item_id, price) VALUES (13971, 23548, 10.5);
INSERT INTO items (id, venue_id, name) VALUES (23549, 13526, 'Product13972');
INSERT INTO products (id, item_id, price) VALUES (13972, 23549, 60);
INSERT INTO items (id, venue_id, name) VALUES (23550, 13526, 'Product13973');
INSERT INTO products (id, item_id, price) VALUES (13973, 23550, 20);
INSERT INTO items (id, venue_id, name) VALUES (23551, 13526, 'Product13974');
INSERT INTO products (id, item_id, price) VALUES (13974, 23551, 20);
INSERT INTO items (id, venue_id, name) VALUES (23552, 13526, 'Product13975');
INSERT INTO products (id, item_id, price) VALUES (13975, 23552, 0);
INSERT INTO venues (id, name) VALUES (13530, 'Venue13530');
INSERT INTO items (id, venue_id, name) VALUES (23553, 13530, 'Space19570');
INSERT INTO spaces (id, item_id, hour_price) VALUES (19570, 23553, 0);
INSERT INTO items (id, venue_id, name) VALUES (23554, 13530, 'Space19571');
INSERT INTO spaces (id, item_id, hour_price) VALUES (19571, 23554, 0);
INSERT INTO items (id, venue_id, name) VALUES (23555, 13530, 'Space19572');
INSERT INTO spaces (id, item_id, hour_price) VALUES (19572, 23555, 0);
INSERT INTO items (id, venue_id, name) VALUES (23556, 13530, 'Space19573');
INSERT INTO spaces (id, item_id, hour_price) VALUES (19573, 23556, 0);
INSERT INTO items (id, venue_id, name) VALUES (23557, 13530, 'Space19574');
INSERT INTO spaces (id, item_id, hour_price) VALUES (19574, 23557, 0);
INSERT INTO items (id, venue_id, name) VALUES (23558, 13530, 'Space19575');
INSERT INTO spaces (id, item_id, hour_price) VALUES (19575, 23558, 0);
INSERT INTO items (id, venue_id, name) VALUES (23560, 13530, 'Product13976');
INSERT INTO products (id, item_id, price) VALUES (13976, 23560, 0.5);
INSERT INTO items (id, venue_id, name) VALUES (23561, 13530, 'Product13977');
INSERT INTO products (id, item_id, price) VALUES (13977, 23561, 0.5);
INSERT INTO items (id, venue_id, name) VALUES (23562, 13530, 'Product13978');
INSERT INTO products (id, item_id, price) VALUES (13978, 23562, 2);
INSERT INTO items (id, venue_id, name) VALUES (23563, 13530, 'Product13979');
INSERT INTO products (id, item_id, price) VALUES (13979, 23563, 2);
INSERT INTO items (id, venue_id, name) VALUES (23564, 13530, 'Product13980');
INSERT INTO products (id, item_id, price) VALUES (13980, 23564, 1);
INSERT INTO items (id, venue_id, name) VALUES (23565, 13530, 'Product13981');
INSERT INTO products (id, item_id, price) VALUES (13981, 23565, 3);
INSERT INTO items (id, venue_id, name) VALUES (23566, 13530, 'Product13982');
INSERT INTO products (id, item_id, price) VALUES (13982, 23566, 2);
INSERT INTO items (id, venue_id, name) VALUES (23567, 13530, 'Product13983');
INSERT INTO products (id, item_id, price) VALUES (13983, 23567, 4);
INSERT INTO items (id, venue_id, name) VALUES (23568, 13530, 'Product13984');
INSERT INTO products (id, item_id, price) VALUES (13984, 23568, 12);
INSERT INTO items (id, venue_id, name) VALUES (23569, 13530, 'Product13985');
INSERT INTO products (id, item_id, price) VALUES (13985, 23569, 5);
INSERT INTO items (id, venue_id, name) VALUES (23570, 13530, 'Product13986');
INSERT INTO products (id, item_id, price) VALUES (13986, 23570, 20);
INSERT INTO items (id, venue_id, name) VALUES (23571, 13530, 'Product13987');
INSERT INTO products (id, item_id, price) VALUES (13987, 23571, 1);
INSERT INTO items (id, venue_id, name) VALUES (23572, 13530, 'Product13988');
INSERT INTO products (id, item_id, price) VALUES (13988, 23572, 8);
INSERT INTO items (id, venue_id, name) VALUES (23573, 13530, 'Product13989');
INSERT INTO products (id, item_id, price) VALUES (13989, 23573, 5);
INSERT INTO items (id, venue_id, name) VALUES (23574, 13530, 'Product13990');
INSERT INTO products (id, item_id, price) VALUES (13990, 23574, 20);
INSERT INTO venues (id, name) VALUES (13534, 'Venue13534');
INSERT INTO items (id, venue_id, name) VALUES (23585, 13534, 'Space19583');
INSERT INTO spaces (id, item_id, hour_price) VALUES (19583, 23585, 0);
INSERT INTO items (id, venue_id, name) VALUES (23586, 13534, 'Space19584');
INSERT INTO spaces (id, item_id, hour_price) VALUES (19584, 23586, 0);
INSERT INTO items (id, venue_id, name) VALUES (23587, 13534, 'Space19585');
INSERT INTO spaces (id, item_id, hour_price) VALUES (19585, 23587, 0);
INSERT INTO items (id, venue_id, name) VALUES (23588, 13534, 'Space19586');
INSERT INTO spaces (id, item_id, hour_price) VALUES (19586, 23588, 0);
INSERT INTO items (id, venue_id, name) VALUES (23589, 13534, 'Space19587');
INSERT INTO spaces (id, item_id, hour_price) VALUES (19587, 23589, 0);
INSERT INTO items (id, venue_id, name) VALUES (23590, 13534, 'Space19588');
INSERT INTO spaces (id, item_id, hour_price) VALUES (19588, 23590, 0);
INSERT INTO items (id, venue_id, name) VALUES (23591, 13534, 'Space19589');
INSERT INTO spaces (id, item_id, hour_price) VALUES (19589, 23591, 17.6);
INSERT INTO items (id, venue_id, name) VALUES (23592, 13534, 'Space19590');
INSERT INTO spaces (id, item_id, hour_price) VALUES (19590, 23592, 11.73);
INSERT INTO venues (id, name) VALUES (13549, 'Venue13549');
INSERT INTO items (id, venue_id, name) VALUES (23641, 13549, 'Space19634');
INSERT INTO spaces (id, item_id, hour_price) VALUES (19634, 23641, 0);
INSERT INTO items (id, venue_id, name) VALUES (23642, 13549, 'Space19635');
INSERT INTO spaces (id, item_id, hour_price) VALUES (19635, 23642, 0);
INSERT INTO items (id, venue_id, name) VALUES (23643, 13549, 'Space19636');
INSERT INTO spaces (id, item_id, hour_price) VALUES (19636, 23643, 0);
INSERT INTO items (id, venue_id, name) VALUES (23644, 13549, 'Space19637');
INSERT INTO spaces (id, item_id, hour_price) VALUES (19637, 23644, 0);
INSERT INTO items (id, venue_id, name) VALUES (23645, 13549, 'Space19638');
INSERT INTO spaces (id, item_id, hour_price) VALUES (19638, 23645, 0);
INSERT INTO items (id, venue_id, name) VALUES (23646, 13549, 'Space19639');
INSERT INTO spaces (id, item_id, hour_price) VALUES (19639, 23646, 0);
INSERT INTO items (id, venue_id, name) VALUES (23647, 13549, 'Space19640');
INSERT INTO spaces (id, item_id, hour_price) VALUES (19640, 23647, 150);
INSERT INTO items (id, venue_id, name) VALUES (23648, 13549, 'Product14000');
INSERT INTO products (id, item_id, price) VALUES (14000, 23648, 9.5);
INSERT INTO items (id, venue_id, name) VALUES (23649, 13549, 'Product14001');
INSERT INTO products (id, item_id, price) VALUES (14001, 23649, 8);
INSERT INTO items (id, venue_id, name) VALUES (23650, 13549, 'Product14002');
INSERT INTO products (id, item_id, price) VALUES (14002, 23650, 0);
INSERT INTO items (id, venue_id, name) VALUES (23651, 13549, 'Product14003');
INSERT INTO products (id, item_id, price) VALUES (14003, 23651, 0);
INSERT INTO items (id, venue_id, name) VALUES (23652, 13549, 'Product14004');
INSERT INTO products (id, item_id, price) VALUES (14004, 23652, 0);
INSERT INTO items (id, venue_id, name) VALUES (23653, 13549, 'Product14005');
INSERT INTO products (id, item_id, price) VALUES (14005, 23653, 0);
INSERT INTO venues (id, name) VALUES (13552, 'Venue13552');
INSERT INTO items (id, venue_id, name) VALUES (23654, 13552, 'Space19641');
INSERT INTO spaces (id, item_id, hour_price) VALUES (19641, 23654, 0);
INSERT INTO items (id, venue_id, name) VALUES (23655, 13552, 'Space19642');
INSERT INTO spaces (id, item_id, hour_price) VALUES (19642, 23655, 0);
INSERT INTO items (id, venue_id, name) VALUES (23656, 13552, 'Space19643');
INSERT INTO spaces (id, item_id, hour_price) VALUES (19643, 23656, 0);
INSERT INTO items (id, venue_id, name) VALUES (23657, 13552, 'Space19644');
INSERT INTO spaces (id, item_id, hour_price) VALUES (19644, 23657, 0);
INSERT INTO items (id, venue_id, name) VALUES (23658, 13552, 'Space19645');
INSERT INTO spaces (id, item_id, hour_price) VALUES (19645, 23658, 0);
INSERT INTO items (id, venue_id, name) VALUES (23659, 13552, 'Space19646');
INSERT INTO spaces (id, item_id, hour_price) VALUES (19646, 23659, 0);
INSERT INTO items (id, venue_id, name) VALUES (23660, 13552, 'Space19647');
INSERT INTO spaces (id, item_id, hour_price) VALUES (19647, 23660, 30);
INSERT INTO items (id, venue_id, name) VALUES (23661, 13552, 'Space19648');
INSERT INTO spaces (id, item_id, hour_price) VALUES (19648, 23661, 25);
INSERT INTO items (id, venue_id, name) VALUES (23662, 13552, 'Space19649');
INSERT INTO spaces (id, item_id, hour_price) VALUES (19649, 23662, 20);
INSERT INTO items (id, venue_id, name) VALUES (23680, 13552, 'Product14013');
INSERT INTO products (id, item_id, price) VALUES (14013, 23680, 10);
INSERT INTO items (id, venue_id, name) VALUES (23681, 13552, 'Product14014');
INSERT INTO products (id, item_id, price) VALUES (14014, 23681, 100);
INSERT INTO items (id, venue_id, name) VALUES (23682, 13552, 'Product14015');
INSERT INTO products (id, item_id, price) VALUES (14015, 23682, 40);
INSERT INTO items (id, venue_id, name) VALUES (23683, 13552, 'Product14016');
INSERT INTO products (id, item_id, price) VALUES (14016, 23683, 0.25);
INSERT INTO items (id, venue_id, name) VALUES (23684, 13552, 'Product14017');
INSERT INTO products (id, item_id, price) VALUES (14017, 23684, 0.1);
INSERT INTO items (id, venue_id, name) VALUES (23685, 13552, 'Product14018');
INSERT INTO products (id, item_id, price) VALUES (14018, 23685, 0);
INSERT INTO items (id, venue_id, name) VALUES (23686, 13552, 'Product14019');
INSERT INTO products (id, item_id, price) VALUES (14019, 23686, 15);
INSERT INTO items (id, venue_id, name) VALUES (23687, 13552, 'Product14020');
INSERT INTO products (id, item_id, price) VALUES (14020, 23687, 6);
INSERT INTO items (id, venue_id, name) VALUES (23688, 13552, 'Product14021');
INSERT INTO products (id, item_id, price) VALUES (14021, 23688, 1.5);
INSERT INTO items (id, venue_id, name) VALUES (23689, 13552, 'Product14022');
INSERT INTO products (id, item_id, price) VALUES (14022, 23689, 1);
INSERT INTO items (id, venue_id, name) VALUES (23690, 13552, 'Product14023');
INSERT INTO products (id, item_id, price) VALUES (14023, 23690, 8);
INSERT INTO items (id, venue_id, name) VALUES (23844, 13552, 'Space19708');
INSERT INTO spaces (id, item_id, hour_price) VALUES (19708, 23844, 10);
INSERT INTO items (id, venue_id, name) VALUES (24155, 13552, 'Space19856');
INSERT INTO spaces (id, item_id, hour_price) VALUES (19856, 24155, 37.5);
INSERT INTO items (id, venue_id, name) VALUES (26092, 13552, 'Space20710');
INSERT INTO spaces (id, item_id, hour_price) VALUES (20710, 26092, 18);
INSERT INTO venues (id, name) VALUES (13557, 'Venue13557');
INSERT INTO items (id, venue_id, name) VALUES (23665, 13557, 'Space19652');
INSERT INTO spaces (id, item_id, hour_price) VALUES (19652, 23665, 0);
INSERT INTO items (id, venue_id, name) VALUES (23666, 13557, 'Space19653');
INSERT INTO spaces (id, item_id, hour_price) VALUES (19653, 23666, 0);
INSERT INTO items (id, venue_id, name) VALUES (23667, 13557, 'Space19654');
INSERT INTO spaces (id, item_id, hour_price) VALUES (19654, 23667, 0);
INSERT INTO items (id, venue_id, name) VALUES (23668, 13557, 'Space19655');
INSERT INTO spaces (id, item_id, hour_price) VALUES (19655, 23668, 0);
INSERT INTO items (id, venue_id, name) VALUES (23669, 13557, 'Space19656');
INSERT INTO spaces (id, item_id, hour_price) VALUES (19656, 23669, 0);
INSERT INTO items (id, venue_id, name) VALUES (23670, 13557, 'Space19657');
INSERT INTO spaces (id, item_id, hour_price) VALUES (19657, 23670, 0);
INSERT INTO items (id, venue_id, name) VALUES (23672, 13557, 'Product14006');
INSERT INTO products (id, item_id, price) VALUES (14006, 23672, 0);
INSERT INTO items (id, venue_id, name) VALUES (23673, 13557, 'Product14007');
INSERT INTO products (id, item_id, price) VALUES (14007, 23673, 0);
INSERT INTO items (id, venue_id, name) VALUES (23674, 13557, 'Product14008');
INSERT INTO products (id, item_id, price) VALUES (14008, 23674, 0);
INSERT INTO items (id, venue_id, name) VALUES (23675, 13557, 'Product14009');
INSERT INTO products (id, item_id, price) VALUES (14009, 23675, 0);
INSERT INTO items (id, venue_id, name) VALUES (23676, 13557, 'Product14010');
INSERT INTO products (id, item_id, price) VALUES (14010, 23676, 0);
INSERT INTO items (id, venue_id, name) VALUES (23677, 13557, 'Product14011');
INSERT INTO products (id, item_id, price) VALUES (14011, 23677, 0);
INSERT INTO venues (id, name) VALUES (13562, 'Venue13562');
INSERT INTO items (id, venue_id, name) VALUES (23716, 13562, 'Space19663');
INSERT INTO spaces (id, item_id, hour_price) VALUES (19663, 23716, 0);
INSERT INTO items (id, venue_id, name) VALUES (23717, 13562, 'Space19664');
INSERT INTO spaces (id, item_id, hour_price) VALUES (19664, 23717, 0);
INSERT INTO items (id, venue_id, name) VALUES (23718, 13562, 'Space19665');
INSERT INTO spaces (id, item_id, hour_price) VALUES (19665, 23718, 0);
INSERT INTO items (id, venue_id, name) VALUES (23719, 13562, 'Space19666');
INSERT INTO spaces (id, item_id, hour_price) VALUES (19666, 23719, 0);
INSERT INTO items (id, venue_id, name) VALUES (23720, 13562, 'Space19667');
INSERT INTO spaces (id, item_id, hour_price) VALUES (19667, 23720, 0);
INSERT INTO items (id, venue_id, name) VALUES (23721, 13562, 'Space19668');
INSERT INTO spaces (id, item_id, hour_price) VALUES (19668, 23721, 0);
INSERT INTO items (id, venue_id, name) VALUES (23722, 13562, 'Space19669');
INSERT INTO spaces (id, item_id, hour_price) VALUES (19669, 23722, 2.5);
INSERT INTO items (id, venue_id, name) VALUES (23723, 13562, 'Space19670');
INSERT INTO spaces (id, item_id, hour_price) VALUES (19670, 23723, 44);
INSERT INTO items (id, venue_id, name) VALUES (23724, 13562, 'Space19671');
INSERT INTO spaces (id, item_id, hour_price) VALUES (19671, 23724, 75);
INSERT INTO items (id, venue_id, name) VALUES (23725, 13562, 'Space19672');
INSERT INTO spaces (id, item_id, hour_price) VALUES (19672, 23725, 199);
INSERT INTO items (id, venue_id, name) VALUES (23726, 13562, 'Space19673');
INSERT INTO spaces (id, item_id, hour_price) VALUES (19673, 23726, 5);
INSERT INTO items (id, venue_id, name) VALUES (23729, 13562, 'Product14048');
INSERT INTO products (id, item_id, price) VALUES (14048, 23729, 3);
INSERT INTO items (id, venue_id, name) VALUES (23730, 13562, 'Product14049');
INSERT INTO products (id, item_id, price) VALUES (14049, 23730, 3);
INSERT INTO items (id, venue_id, name) VALUES (23731, 13562, 'Product14050');
INSERT INTO products (id, item_id, price) VALUES (14050, 23731, 3);
INSERT INTO items (id, venue_id, name) VALUES (23732, 13562, 'Product14051');
INSERT INTO products (id, item_id, price) VALUES (14051, 23732, 6);
INSERT INTO items (id, venue_id, name) VALUES (23733, 13562, 'Product14052');
INSERT INTO products (id, item_id, price) VALUES (14052, 23733, 10);
INSERT INTO items (id, venue_id, name) VALUES (23734, 13562, 'Product14053');
INSERT INTO products (id, item_id, price) VALUES (14053, 23734, 10);
INSERT INTO items (id, venue_id, name) VALUES (23735, 13562, 'Product14054');
INSERT INTO products (id, item_id, price) VALUES (14054, 23735, 50);
INSERT INTO items (id, venue_id, name) VALUES (23736, 13562, 'Product14055');
INSERT INTO products (id, item_id, price) VALUES (14055, 23736, 0);
INSERT INTO items (id, venue_id, name) VALUES (23737, 13562, 'Product14056');
INSERT INTO products (id, item_id, price) VALUES (14056, 23737, 0);
INSERT INTO items (id, venue_id, name) VALUES (23738, 13562, 'Product14057');
INSERT INTO products (id, item_id, price) VALUES (14057, 23738, 0);
INSERT INTO items (id, venue_id, name) VALUES (23739, 13562, 'Product14058');
INSERT INTO products (id, item_id, price) VALUES (14058, 23739, 0);
INSERT INTO items (id, venue_id, name) VALUES (23740, 13562, 'Product14059');
INSERT INTO products (id, item_id, price) VALUES (14059, 23740, 0);
INSERT INTO items (id, venue_id, name) VALUES (23741, 13562, 'Product14060');
INSERT INTO products (id, item_id, price) VALUES (14060, 23741, 0);
INSERT INTO items (id, venue_id, name) VALUES (23742, 13562, 'Product14061');
INSERT INTO products (id, item_id, price) VALUES (14061, 23742, 0);
INSERT INTO items (id, venue_id, name) VALUES (23743, 13562, 'Product14062');
INSERT INTO products (id, item_id, price) VALUES (14062, 23743, 0);
INSERT INTO venues (id, name) VALUES (13566, 'Venue13566');
INSERT INTO items (id, venue_id, name) VALUES (23744, 13566, 'Space19674');
INSERT INTO spaces (id, item_id, hour_price) VALUES (19674, 23744, 0);
INSERT INTO items (id, venue_id, name) VALUES (23745, 13566, 'Space19675');
INSERT INTO spaces (id, item_id, hour_price) VALUES (19675, 23745, 0);
INSERT INTO items (id, venue_id, name) VALUES (23746, 13566, 'Space19676');
INSERT INTO spaces (id, item_id, hour_price) VALUES (19676, 23746, 0);
INSERT INTO items (id, venue_id, name) VALUES (23747, 13566, 'Space19677');
INSERT INTO spaces (id, item_id, hour_price) VALUES (19677, 23747, 0);
INSERT INTO items (id, venue_id, name) VALUES (23748, 13566, 'Space19678');
INSERT INTO spaces (id, item_id, hour_price) VALUES (19678, 23748, 0);
INSERT INTO items (id, venue_id, name) VALUES (23749, 13566, 'Space19679');
INSERT INTO spaces (id, item_id, hour_price) VALUES (19679, 23749, 0);
INSERT INTO items (id, venue_id, name) VALUES (23750, 13566, 'Space19680');
INSERT INTO spaces (id, item_id, hour_price) VALUES (19680, 23750, 5.5);
INSERT INTO items (id, venue_id, name) VALUES (23751, 13566, 'Product14063');
INSERT INTO products (id, item_id, price) VALUES (14063, 23751, 17.5);
INSERT INTO items (id, venue_id, name) VALUES (23752, 13566, 'Product14064');
INSERT INTO products (id, item_id, price) VALUES (14064, 23752, 31);
INSERT INTO venues (id, name) VALUES (13574, 'Venue13574');
INSERT INTO items (id, venue_id, name) VALUES (23852, 13574, 'Space19715');
INSERT INTO spaces (id, item_id, hour_price) VALUES (19715, 23852, 0);
INSERT INTO items (id, venue_id, name) VALUES (23853, 13574, 'Space19716');
INSERT INTO spaces (id, item_id, hour_price) VALUES (19716, 23853, 0);
INSERT INTO items (id, venue_id, name) VALUES (23854, 13574, 'Space19717');
INSERT INTO spaces (id, item_id, hour_price) VALUES (19717, 23854, 0);
INSERT INTO items (id, venue_id, name) VALUES (23855, 13574, 'Space19718');
INSERT INTO spaces (id, item_id, hour_price) VALUES (19718, 23855, 0);
INSERT INTO items (id, venue_id, name) VALUES (23856, 13574, 'Space19719');
INSERT INTO spaces (id, item_id, hour_price) VALUES (19719, 23856, 0);
INSERT INTO items (id, venue_id, name) VALUES (23857, 13574, 'Space19720');
INSERT INTO spaces (id, item_id, hour_price) VALUES (19720, 23857, 0);
INSERT INTO items (id, venue_id, name) VALUES (23858, 13574, 'Space19721');
INSERT INTO spaces (id, item_id, hour_price) VALUES (19721, 23858, 265);
INSERT INTO items (id, venue_id, name) VALUES (23919, 13574, 'Product14161');
INSERT INTO products (id, item_id, price) VALUES (14161, 23919, 0);
INSERT INTO items (id, venue_id, name) VALUES (24249, 13574, 'Product14345');
INSERT INTO products (id, item_id, price) VALUES (14345, 24249, 495.1);
INSERT INTO venues (id, name) VALUES (13582, 'Venue13582');
INSERT INTO items (id, venue_id, name) VALUES (23875, 13582, 'Space19736');
INSERT INTO spaces (id, item_id, hour_price) VALUES (19736, 23875, 0);
INSERT INTO items (id, venue_id, name) VALUES (23876, 13582, 'Space19737');
INSERT INTO spaces (id, item_id, hour_price) VALUES (19737, 23876, 0);
INSERT INTO items (id, venue_id, name) VALUES (23877, 13582, 'Space19738');
INSERT INTO spaces (id, item_id, hour_price) VALUES (19738, 23877, 0);
INSERT INTO items (id, venue_id, name) VALUES (23878, 13582, 'Space19739');
INSERT INTO spaces (id, item_id, hour_price) VALUES (19739, 23878, 0);
INSERT INTO items (id, venue_id, name) VALUES (23879, 13582, 'Space19740');
INSERT INTO spaces (id, item_id, hour_price) VALUES (19740, 23879, 0);
INSERT INTO items (id, venue_id, name) VALUES (23880, 13582, 'Space19741');
INSERT INTO spaces (id, item_id, hour_price) VALUES (19741, 23880, 0);
INSERT INTO items (id, venue_id, name) VALUES (23881, 13582, 'Product14132');
INSERT INTO products (id, item_id, price) VALUES (14132, 23881, 8.5);
INSERT INTO items (id, venue_id, name) VALUES (23882, 13582, 'Product14133');
INSERT INTO products (id, item_id, price) VALUES (14133, 23882, 3.5);
INSERT INTO items (id, venue_id, name) VALUES (23883, 13582, 'Product14134');
INSERT INTO products (id, item_id, price) VALUES (14134, 23883, 1.5);
INSERT INTO items (id, venue_id, name) VALUES (23884, 13582, 'Product14135');
INSERT INTO products (id, item_id, price) VALUES (14135, 23884, 1.5);
INSERT INTO items (id, venue_id, name) VALUES (23885, 13582, 'Product14136');
INSERT INTO products (id, item_id, price) VALUES (14136, 23885, 9.5);
INSERT INTO items (id, venue_id, name) VALUES (23886, 13582, 'Product14137');
INSERT INTO products (id, item_id, price) VALUES (14137, 23886, 11.5);
INSERT INTO items (id, venue_id, name) VALUES (23887, 13582, 'Product14138');
INSERT INTO products (id, item_id, price) VALUES (14138, 23887, 14.5);
INSERT INTO items (id, venue_id, name) VALUES (23888, 13582, 'Product14139');
INSERT INTO products (id, item_id, price) VALUES (14139, 23888, 10);
INSERT INTO items (id, venue_id, name) VALUES (23889, 13582, 'Product14140');
INSERT INTO products (id, item_id, price) VALUES (14140, 23889, 6);
INSERT INTO items (id, venue_id, name) VALUES (23890, 13582, 'Product14141');
INSERT INTO products (id, item_id, price) VALUES (14141, 23890, 1.2);
INSERT INTO items (id, venue_id, name) VALUES (23922, 13582, 'Space19751');
INSERT INTO spaces (id, item_id, hour_price) VALUES (19751, 23922, 12);
INSERT INTO items (id, venue_id, name) VALUES (23923, 13582, 'Space19752');
INSERT INTO spaces (id, item_id, hour_price) VALUES (19752, 23923, 12);
INSERT INTO items (id, venue_id, name) VALUES (23924, 13582, 'Space19753');
INSERT INTO spaces (id, item_id, hour_price) VALUES (19753, 23924, 30);
INSERT INTO items (id, venue_id, name) VALUES (23926, 13582, 'Space19755');
INSERT INTO spaces (id, item_id, hour_price) VALUES (19755, 23926, 12);
INSERT INTO items (id, venue_id, name) VALUES (23927, 13582, 'Space19756');
INSERT INTO spaces (id, item_id, hour_price) VALUES (19756, 23927, 16);
INSERT INTO venues (id, name) VALUES (13587, 'Venue13587');
INSERT INTO items (id, venue_id, name) VALUES (23893, 13587, 'Space19742');
INSERT INTO spaces (id, item_id, hour_price) VALUES (19742, 23893, 0);
INSERT INTO items (id, venue_id, name) VALUES (23894, 13587, 'Space19743');
INSERT INTO spaces (id, item_id, hour_price) VALUES (19743, 23894, 0);
INSERT INTO items (id, venue_id, name) VALUES (23895, 13587, 'Space19744');
INSERT INTO spaces (id, item_id, hour_price) VALUES (19744, 23895, 0);
INSERT INTO items (id, venue_id, name) VALUES (23896, 13587, 'Space19745');
INSERT INTO spaces (id, item_id, hour_price) VALUES (19745, 23896, 0);
INSERT INTO items (id, venue_id, name) VALUES (23897, 13587, 'Space19746');
INSERT INTO spaces (id, item_id, hour_price) VALUES (19746, 23897, 0);
INSERT INTO items (id, venue_id, name) VALUES (23898, 13587, 'Space19747');
INSERT INTO spaces (id, item_id, hour_price) VALUES (19747, 23898, 0);
INSERT INTO items (id, venue_id, name) VALUES (23899, 13587, 'Space19748');
INSERT INTO spaces (id, item_id, hour_price) VALUES (19748, 23899, 0);
INSERT INTO items (id, venue_id, name) VALUES (23900, 13587, 'Product14144');
INSERT INTO products (id, item_id, price) VALUES (14144, 23900, 0);
INSERT INTO items (id, venue_id, name) VALUES (23901, 13587, 'Product14145');
INSERT INTO products (id, item_id, price) VALUES (14145, 23901, 0);
INSERT INTO items (id, venue_id, name) VALUES (23902, 13587, 'Product14146');
INSERT INTO products (id, item_id, price) VALUES (14146, 23902, 0);
INSERT INTO items (id, venue_id, name) VALUES (23903, 13587, 'Product14147');
INSERT INTO products (id, item_id, price) VALUES (14147, 23903, 0);
INSERT INTO items (id, venue_id, name) VALUES (23904, 13587, 'Product14148');
INSERT INTO products (id, item_id, price) VALUES (14148, 23904, 0);
INSERT INTO items (id, venue_id, name) VALUES (23905, 13587, 'Product14149');
INSERT INTO products (id, item_id, price) VALUES (14149, 23905, 0);
INSERT INTO items (id, venue_id, name) VALUES (23906, 13587, 'Product14150');
INSERT INTO products (id, item_id, price) VALUES (14150, 23906, 0);
INSERT INTO items (id, venue_id, name) VALUES (23907, 13587, 'Product14151');
INSERT INTO products (id, item_id, price) VALUES (14151, 23907, 0);
INSERT INTO items (id, venue_id, name) VALUES (23908, 13587, 'Product14152');
INSERT INTO products (id, item_id, price) VALUES (14152, 23908, 0);
INSERT INTO items (id, venue_id, name) VALUES (23909, 13587, 'Product14153');
INSERT INTO products (id, item_id, price) VALUES (14153, 23909, 0);
INSERT INTO items (id, venue_id, name) VALUES (23910, 13587, 'Product14154');
INSERT INTO products (id, item_id, price) VALUES (14154, 23910, 0);
INSERT INTO items (id, venue_id, name) VALUES (23911, 13587, 'Product14155');
INSERT INTO products (id, item_id, price) VALUES (14155, 23911, 0);
INSERT INTO items (id, venue_id, name) VALUES (23912, 13587, 'Product14156');
INSERT INTO products (id, item_id, price) VALUES (14156, 23912, 0);
INSERT INTO items (id, venue_id, name) VALUES (23913, 13587, 'Product14157');
INSERT INTO products (id, item_id, price) VALUES (14157, 23913, 0);
INSERT INTO items (id, venue_id, name) VALUES (23914, 13587, 'Product14158');
INSERT INTO products (id, item_id, price) VALUES (14158, 23914, 0);
INSERT INTO items (id, venue_id, name) VALUES (23915, 13587, 'Product14159');
INSERT INTO products (id, item_id, price) VALUES (14159, 23915, 0);
INSERT INTO items (id, venue_id, name) VALUES (23916, 13587, 'Product14160');
INSERT INTO products (id, item_id, price) VALUES (14160, 23916, 0);
INSERT INTO items (id, venue_id, name) VALUES (23917, 13587, 'Space19749');
INSERT INTO spaces (id, item_id, hour_price) VALUES (19749, 23917, 7.5);
INSERT INTO items (id, venue_id, name) VALUES (23918, 13587, 'Space19750');
INSERT INTO spaces (id, item_id, hour_price) VALUES (19750, 23918, 80);
INSERT INTO venues (id, name) VALUES (13589, 'Venue13589');
INSERT INTO items (id, venue_id, name) VALUES (23928, 13589, 'Space19757');
INSERT INTO spaces (id, item_id, hour_price) VALUES (19757, 23928, 0);
INSERT INTO items (id, venue_id, name) VALUES (23929, 13589, 'Space19758');
INSERT INTO spaces (id, item_id, hour_price) VALUES (19758, 23929, 0);
INSERT INTO items (id, venue_id, name) VALUES (23930, 13589, 'Space19759');
INSERT INTO spaces (id, item_id, hour_price) VALUES (19759, 23930, 0);
INSERT INTO items (id, venue_id, name) VALUES (23931, 13589, 'Space19760');
INSERT INTO spaces (id, item_id, hour_price) VALUES (19760, 23931, 0);
INSERT INTO items (id, venue_id, name) VALUES (23932, 13589, 'Space19761');
INSERT INTO spaces (id, item_id, hour_price) VALUES (19761, 23932, 0);
INSERT INTO items (id, venue_id, name) VALUES (23933, 13589, 'Space19762');
INSERT INTO spaces (id, item_id, hour_price) VALUES (19762, 23933, 0);
INSERT INTO items (id, venue_id, name) VALUES (23934, 13589, 'Product14164');
INSERT INTO products (id, item_id, price) VALUES (14164, 23934, 6);
INSERT INTO items (id, venue_id, name) VALUES (23935, 13589, 'Product14165');
INSERT INTO products (id, item_id, price) VALUES (14165, 23935, 3.5);
INSERT INTO items (id, venue_id, name) VALUES (23936, 13589, 'Product14166');
INSERT INTO products (id, item_id, price) VALUES (14166, 23936, 1.5);
INSERT INTO items (id, venue_id, name) VALUES (23937, 13589, 'Product14167');
INSERT INTO products (id, item_id, price) VALUES (14167, 23937, 1.75);
INSERT INTO items (id, venue_id, name) VALUES (23939, 13589, 'Product14169');
INSERT INTO products (id, item_id, price) VALUES (14169, 23939, 10);
INSERT INTO items (id, venue_id, name) VALUES (23940, 13589, 'Product14170');
INSERT INTO products (id, item_id, price) VALUES (14170, 23940, 6);
INSERT INTO items (id, venue_id, name) VALUES (23941, 13589, 'Product14171');
INSERT INTO products (id, item_id, price) VALUES (14171, 23941, 1.2);
INSERT INTO items (id, venue_id, name) VALUES (23942, 13589, 'Space19763');
INSERT INTO spaces (id, item_id, hour_price) VALUES (19763, 23942, 28);
INSERT INTO items (id, venue_id, name) VALUES (23943, 13589, 'Space19764');
INSERT INTO spaces (id, item_id, hour_price) VALUES (19764, 23943, 22);
INSERT INTO items (id, venue_id, name) VALUES (23944, 13589, 'Space19765');
INSERT INTO spaces (id, item_id, hour_price) VALUES (19765, 23944, 14);
INSERT INTO items (id, venue_id, name) VALUES (23945, 13589, 'Space19766');
INSERT INTO spaces (id, item_id, hour_price) VALUES (19766, 23945, 14);
INSERT INTO venues (id, name) VALUES (13594, 'Venue13594');
INSERT INTO items (id, venue_id, name) VALUES (23946, 13594, 'Space19767');
INSERT INTO spaces (id, item_id, hour_price) VALUES (19767, 23946, 0);
INSERT INTO items (id, venue_id, name) VALUES (23947, 13594, 'Space19768');
INSERT INTO spaces (id, item_id, hour_price) VALUES (19768, 23947, 0);
INSERT INTO items (id, venue_id, name) VALUES (23948, 13594, 'Space19769');
INSERT INTO spaces (id, item_id, hour_price) VALUES (19769, 23948, 0);
INSERT INTO items (id, venue_id, name) VALUES (23949, 13594, 'Space19770');
INSERT INTO spaces (id, item_id, hour_price) VALUES (19770, 23949, 0);
INSERT INTO items (id, venue_id, name) VALUES (23950, 13594, 'Space19771');
INSERT INTO spaces (id, item_id, hour_price) VALUES (19771, 23950, 0);
INSERT INTO items (id, venue_id, name) VALUES (23951, 13594, 'Space19772');
INSERT INTO spaces (id, item_id, hour_price) VALUES (19772, 23951, 0);
INSERT INTO items (id, venue_id, name) VALUES (23952, 13594, 'Space19773');
INSERT INTO spaces (id, item_id, hour_price) VALUES (19773, 23952, 15);
INSERT INTO items (id, venue_id, name) VALUES (23953, 13594, 'Space19774');
INSERT INTO spaces (id, item_id, hour_price) VALUES (19774, 23953, 15);
INSERT INTO items (id, venue_id, name) VALUES (23954, 13594, 'Space19775');
INSERT INTO spaces (id, item_id, hour_price) VALUES (19775, 23954, 20);
INSERT INTO items (id, venue_id, name) VALUES (23955, 13594, 'Product14172');
INSERT INTO products (id, item_id, price) VALUES (14172, 23955, 0);
INSERT INTO items (id, venue_id, name) VALUES (23956, 13594, 'Product14173');
INSERT INTO products (id, item_id, price) VALUES (14173, 23956, 0);
INSERT INTO items (id, venue_id, name) VALUES (23957, 13594, 'Product14174');
INSERT INTO products (id, item_id, price) VALUES (14174, 23957, 15);
INSERT INTO items (id, venue_id, name) VALUES (23958, 13594, 'Product14175');
INSERT INTO products (id, item_id, price) VALUES (14175, 23958, 0);
INSERT INTO items (id, venue_id, name) VALUES (23959, 13594, 'Product14176');
INSERT INTO products (id, item_id, price) VALUES (14176, 23959, 0);
INSERT INTO venues (id, name) VALUES (13604, 'Venue13604');
INSERT INTO items (id, venue_id, name) VALUES (23983, 13604, 'Space19783');
INSERT INTO spaces (id, item_id, hour_price) VALUES (19783, 23983, 0);
INSERT INTO items (id, venue_id, name) VALUES (23984, 13604, 'Space19784');
INSERT INTO spaces (id, item_id, hour_price) VALUES (19784, 23984, 0);
INSERT INTO items (id, venue_id, name) VALUES (23985, 13604, 'Space19785');
INSERT INTO spaces (id, item_id, hour_price) VALUES (19785, 23985, 0);
INSERT INTO items (id, venue_id, name) VALUES (23986, 13604, 'Space19786');
INSERT INTO spaces (id, item_id, hour_price) VALUES (19786, 23986, 0);
INSERT INTO items (id, venue_id, name) VALUES (23987, 13604, 'Space19787');
INSERT INTO spaces (id, item_id, hour_price) VALUES (19787, 23987, 0);
INSERT INTO items (id, venue_id, name) VALUES (23988, 13604, 'Space19788');
INSERT INTO spaces (id, item_id, hour_price) VALUES (19788, 23988, 0);
INSERT INTO items (id, venue_id, name) VALUES (23989, 13604, 'Space19789');
INSERT INTO spaces (id, item_id, hour_price) VALUES (19789, 23989, 55);
INSERT INTO items (id, venue_id, name) VALUES (23990, 13604, 'Space19790');
INSERT INTO spaces (id, item_id, hour_price) VALUES (19790, 23990, 45);
INSERT INTO items (id, venue_id, name) VALUES (23991, 13604, 'Space19791');
INSERT INTO spaces (id, item_id, hour_price) VALUES (19791, 23991, 35);
INSERT INTO items (id, venue_id, name) VALUES (23992, 13604, 'Product14193');
INSERT INTO products (id, item_id, price) VALUES (14193, 23992, 2);
INSERT INTO items (id, venue_id, name) VALUES (23993, 13604, 'Product14194');
INSERT INTO products (id, item_id, price) VALUES (14194, 23993, 1.75);
INSERT INTO items (id, venue_id, name) VALUES (23996, 13604, 'Product14197');
INSERT INTO products (id, item_id, price) VALUES (14197, 23996, 0);
INSERT INTO items (id, venue_id, name) VALUES (23997, 13604, 'Product14198');
INSERT INTO products (id, item_id, price) VALUES (14198, 23997, 0);
INSERT INTO items (id, venue_id, name) VALUES (23998, 13604, 'Product14199');
INSERT INTO products (id, item_id, price) VALUES (14199, 23998, 0);
INSERT INTO items (id, venue_id, name) VALUES (23999, 13604, 'Product14200');
INSERT INTO products (id, item_id, price) VALUES (14200, 23999, 0);
INSERT INTO items (id, venue_id, name) VALUES (24000, 13604, 'Product14201');
INSERT INTO products (id, item_id, price) VALUES (14201, 24000, 0);
INSERT INTO items (id, venue_id, name) VALUES (25095, 13604, 'Space20259');
INSERT INTO spaces (id, item_id, hour_price) VALUES (20259, 25095, 6.8);
INSERT INTO venues (id, name) VALUES (13609, 'Venue13609');
INSERT INTO items (id, venue_id, name) VALUES (24004, 13609, 'Space19794');
INSERT INTO spaces (id, item_id, hour_price) VALUES (19794, 24004, 0);
INSERT INTO items (id, venue_id, name) VALUES (24005, 13609, 'Space19795');
INSERT INTO spaces (id, item_id, hour_price) VALUES (19795, 24005, 0);
INSERT INTO items (id, venue_id, name) VALUES (24006, 13609, 'Space19796');
INSERT INTO spaces (id, item_id, hour_price) VALUES (19796, 24006, 0);
INSERT INTO items (id, venue_id, name) VALUES (24007, 13609, 'Space19797');
INSERT INTO spaces (id, item_id, hour_price) VALUES (19797, 24007, 0);
INSERT INTO items (id, venue_id, name) VALUES (24008, 13609, 'Space19798');
INSERT INTO spaces (id, item_id, hour_price) VALUES (19798, 24008, 0);
INSERT INTO items (id, venue_id, name) VALUES (24009, 13609, 'Space19799');
INSERT INTO spaces (id, item_id, hour_price) VALUES (19799, 24009, 0);
INSERT INTO items (id, venue_id, name) VALUES (24010, 13609, 'Space19800');
INSERT INTO spaces (id, item_id, hour_price) VALUES (19800, 24010, 8.5);
INSERT INTO items (id, venue_id, name) VALUES (24011, 13609, 'Space19801');
INSERT INTO spaces (id, item_id, hour_price) VALUES (19801, 24011, 10.5);
INSERT INTO items (id, venue_id, name) VALUES (24012, 13609, 'Product14203');
INSERT INTO products (id, item_id, price) VALUES (14203, 24012, 0);
INSERT INTO items (id, venue_id, name) VALUES (24013, 13609, 'Product14204');
INSERT INTO products (id, item_id, price) VALUES (14204, 24013, 0);
INSERT INTO items (id, venue_id, name) VALUES (24014, 13609, 'Product14205');
INSERT INTO products (id, item_id, price) VALUES (14205, 24014, 0);
INSERT INTO items (id, venue_id, name) VALUES (24015, 13609, 'Product14206');
INSERT INTO products (id, item_id, price) VALUES (14206, 24015, 0);
INSERT INTO items (id, venue_id, name) VALUES (24016, 13609, 'Product14207');
INSERT INTO products (id, item_id, price) VALUES (14207, 24016, 0);
INSERT INTO items (id, venue_id, name) VALUES (24017, 13609, 'Product14208');
INSERT INTO products (id, item_id, price) VALUES (14208, 24017, 0);
INSERT INTO items (id, venue_id, name) VALUES (24018, 13609, 'Product14209');
INSERT INTO products (id, item_id, price) VALUES (14209, 24018, 15);
INSERT INTO items (id, venue_id, name) VALUES (24019, 13609, 'Product14210');
INSERT INTO products (id, item_id, price) VALUES (14210, 24019, 15);
INSERT INTO items (id, venue_id, name) VALUES (24020, 13609, 'Product14211');
INSERT INTO products (id, item_id, price) VALUES (14211, 24020, 70);
INSERT INTO items (id, venue_id, name) VALUES (24021, 13609, 'Product14212');
INSERT INTO products (id, item_id, price) VALUES (14212, 24021, 5);
INSERT INTO items (id, venue_id, name) VALUES (24022, 13609, 'Product14213');
INSERT INTO products (id, item_id, price) VALUES (14213, 24022, 30);
INSERT INTO items (id, venue_id, name) VALUES (24023, 13609, 'Product14214');
INSERT INTO products (id, item_id, price) VALUES (14214, 24023, 0);
INSERT INTO items (id, venue_id, name) VALUES (24024, 13609, 'Product14215');
INSERT INTO products (id, item_id, price) VALUES (14215, 24024, 0);
INSERT INTO items (id, venue_id, name) VALUES (24025, 13609, 'Product14216');
INSERT INTO products (id, item_id, price) VALUES (14216, 24025, 0);
INSERT INTO items (id, venue_id, name) VALUES (24026, 13609, 'Product14217');
INSERT INTO products (id, item_id, price) VALUES (14217, 24026, 0);
INSERT INTO venues (id, name) VALUES (13613, 'Venue13613');
INSERT INTO items (id, venue_id, name) VALUES (24031, 13613, 'Space19802');
INSERT INTO spaces (id, item_id, hour_price) VALUES (19802, 24031, 0);
INSERT INTO items (id, venue_id, name) VALUES (24032, 13613, 'Space19803');
INSERT INTO spaces (id, item_id, hour_price) VALUES (19803, 24032, 0);
INSERT INTO items (id, venue_id, name) VALUES (24033, 13613, 'Space19804');
INSERT INTO spaces (id, item_id, hour_price) VALUES (19804, 24033, 0);
INSERT INTO items (id, venue_id, name) VALUES (24034, 13613, 'Space19805');
INSERT INTO spaces (id, item_id, hour_price) VALUES (19805, 24034, 0);
INSERT INTO items (id, venue_id, name) VALUES (24035, 13613, 'Space19806');
INSERT INTO spaces (id, item_id, hour_price) VALUES (19806, 24035, 0);
INSERT INTO items (id, venue_id, name) VALUES (24036, 13613, 'Space19807');
INSERT INTO spaces (id, item_id, hour_price) VALUES (19807, 24036, 0);
INSERT INTO items (id, venue_id, name) VALUES (24037, 13613, 'Space19808');
INSERT INTO spaces (id, item_id, hour_price) VALUES (19808, 24037, 12);
INSERT INTO venues (id, name) VALUES (13617, 'Venue13617');
INSERT INTO items (id, venue_id, name) VALUES (24046, 13617, 'Space19809');
INSERT INTO spaces (id, item_id, hour_price) VALUES (19809, 24046, 0);
INSERT INTO items (id, venue_id, name) VALUES (24047, 13617, 'Space19810');
INSERT INTO spaces (id, item_id, hour_price) VALUES (19810, 24047, 0);
INSERT INTO items (id, venue_id, name) VALUES (24048, 13617, 'Space19811');
INSERT INTO spaces (id, item_id, hour_price) VALUES (19811, 24048, 0);
INSERT INTO items (id, venue_id, name) VALUES (24049, 13617, 'Space19812');
INSERT INTO spaces (id, item_id, hour_price) VALUES (19812, 24049, 0);
INSERT INTO items (id, venue_id, name) VALUES (24050, 13617, 'Space19813');
INSERT INTO spaces (id, item_id, hour_price) VALUES (19813, 24050, 0);
INSERT INTO items (id, venue_id, name) VALUES (24051, 13617, 'Space19814');
INSERT INTO spaces (id, item_id, hour_price) VALUES (19814, 24051, 0);
INSERT INTO items (id, venue_id, name) VALUES (24053, 13617, 'Product14230');
INSERT INTO products (id, item_id, price) VALUES (14230, 24053, 0);
INSERT INTO items (id, venue_id, name) VALUES (24054, 13617, 'Product14231');
INSERT INTO products (id, item_id, price) VALUES (14231, 24054, 0);
INSERT INTO items (id, venue_id, name) VALUES (24057, 13617, 'Product14234');
INSERT INTO products (id, item_id, price) VALUES (14234, 24057, 0);
INSERT INTO items (id, venue_id, name) VALUES (24058, 13617, 'Product14235');
INSERT INTO products (id, item_id, price) VALUES (14235, 24058, 0);
INSERT INTO items (id, venue_id, name) VALUES (24060, 13617, 'Product14237');
INSERT INTO products (id, item_id, price) VALUES (14237, 24060, 0);
INSERT INTO items (id, venue_id, name) VALUES (24061, 13617, 'Product14238');
INSERT INTO products (id, item_id, price) VALUES (14238, 24061, 0);
INSERT INTO venues (id, name) VALUES (13630, 'Venue13630');
INSERT INTO items (id, venue_id, name) VALUES (24091, 13630, 'Space19832');
INSERT INTO spaces (id, item_id, hour_price) VALUES (19832, 24091, 0);
INSERT INTO items (id, venue_id, name) VALUES (24092, 13630, 'Space19833');
INSERT INTO spaces (id, item_id, hour_price) VALUES (19833, 24092, 0);
INSERT INTO items (id, venue_id, name) VALUES (24093, 13630, 'Space19834');
INSERT INTO spaces (id, item_id, hour_price) VALUES (19834, 24093, 0);
INSERT INTO items (id, venue_id, name) VALUES (24094, 13630, 'Space19835');
INSERT INTO spaces (id, item_id, hour_price) VALUES (19835, 24094, 0);
INSERT INTO items (id, venue_id, name) VALUES (24095, 13630, 'Space19836');
INSERT INTO spaces (id, item_id, hour_price) VALUES (19836, 24095, 0);
INSERT INTO items (id, venue_id, name) VALUES (24096, 13630, 'Space19837');
INSERT INTO spaces (id, item_id, hour_price) VALUES (19837, 24096, 0);
INSERT INTO items (id, venue_id, name) VALUES (24097, 13630, 'Space19838');
INSERT INTO spaces (id, item_id, hour_price) VALUES (19838, 24097, 17.5);
INSERT INTO items (id, venue_id, name) VALUES (24098, 13630, 'Space19839');
INSERT INTO spaces (id, item_id, hour_price) VALUES (19839, 24098, 17.5);
INSERT INTO items (id, venue_id, name) VALUES (24099, 13630, 'Space19840');
INSERT INTO spaces (id, item_id, hour_price) VALUES (19840, 24099, 17.5);
INSERT INTO items (id, venue_id, name) VALUES (24100, 13630, 'Product14252');
INSERT INTO products (id, item_id, price) VALUES (14252, 24100, 0);
INSERT INTO items (id, venue_id, name) VALUES (24101, 13630, 'Product14253');
INSERT INTO products (id, item_id, price) VALUES (14253, 24101, 0);
INSERT INTO items (id, venue_id, name) VALUES (24102, 13630, 'Product14254');
INSERT INTO products (id, item_id, price) VALUES (14254, 24102, 0);
INSERT INTO items (id, venue_id, name) VALUES (24103, 13630, 'Product14255');
INSERT INTO products (id, item_id, price) VALUES (14255, 24103, 0);
INSERT INTO items (id, venue_id, name) VALUES (24104, 13630, 'Product14256');
INSERT INTO products (id, item_id, price) VALUES (14256, 24104, 0);
INSERT INTO items (id, venue_id, name) VALUES (24105, 13630, 'Product14257');
INSERT INTO products (id, item_id, price) VALUES (14257, 24105, 0);
INSERT INTO items (id, venue_id, name) VALUES (24106, 13630, 'Product14258');
INSERT INTO products (id, item_id, price) VALUES (14258, 24106, 9.95);
INSERT INTO items (id, venue_id, name) VALUES (24107, 13630, 'Product14259');
INSERT INTO products (id, item_id, price) VALUES (14259, 24107, 2.5);
INSERT INTO items (id, venue_id, name) VALUES (24108, 13630, 'Product14260');
INSERT INTO products (id, item_id, price) VALUES (14260, 24108, 20);
INSERT INTO items (id, venue_id, name) VALUES (24109, 13630, 'Product14261');
INSERT INTO products (id, item_id, price) VALUES (14261, 24109, 2.5);
INSERT INTO items (id, venue_id, name) VALUES (24110, 13630, 'Product14262');
INSERT INTO products (id, item_id, price) VALUES (14262, 24110, 20);
INSERT INTO items (id, venue_id, name) VALUES (24111, 13630, 'Product14263');
INSERT INTO products (id, item_id, price) VALUES (14263, 24111, 0);
INSERT INTO items (id, venue_id, name) VALUES (24112, 13630, 'Product14264');
INSERT INTO products (id, item_id, price) VALUES (14264, 24112, 0);
INSERT INTO items (id, venue_id, name) VALUES (24113, 13630, 'Product14265');
INSERT INTO products (id, item_id, price) VALUES (14265, 24113, 0);
INSERT INTO items (id, venue_id, name) VALUES (24114, 13630, 'Product14266');
INSERT INTO products (id, item_id, price) VALUES (14266, 24114, 0);
INSERT INTO items (id, venue_id, name) VALUES (24115, 13630, 'Product14267');
INSERT INTO products (id, item_id, price) VALUES (14267, 24115, 19.95);
INSERT INTO items (id, venue_id, name) VALUES (24116, 13630, 'Product14268');
INSERT INTO products (id, item_id, price) VALUES (14268, 24116, 50);
INSERT INTO venues (id, name) VALUES (13635, 'Venue13635');
INSERT INTO items (id, venue_id, name) VALUES (24117, 13635, 'Space19841');
INSERT INTO spaces (id, item_id, hour_price) VALUES (19841, 24117, 0);
INSERT INTO items (id, venue_id, name) VALUES (24118, 13635, 'Space19842');
INSERT INTO spaces (id, item_id, hour_price) VALUES (19842, 24118, 0);
INSERT INTO items (id, venue_id, name) VALUES (24119, 13635, 'Space19843');
INSERT INTO spaces (id, item_id, hour_price) VALUES (19843, 24119, 0);
INSERT INTO items (id, venue_id, name) VALUES (24120, 13635, 'Space19844');
INSERT INTO spaces (id, item_id, hour_price) VALUES (19844, 24120, 0);
INSERT INTO items (id, venue_id, name) VALUES (24121, 13635, 'Space19845');
INSERT INTO spaces (id, item_id, hour_price) VALUES (19845, 24121, 0);
INSERT INTO items (id, venue_id, name) VALUES (24122, 13635, 'Space19846');
INSERT INTO spaces (id, item_id, hour_price) VALUES (19846, 24122, 0);
INSERT INTO items (id, venue_id, name) VALUES (24123, 13635, 'Space19847');
INSERT INTO spaces (id, item_id, hour_price) VALUES (19847, 24123, 20);
INSERT INTO items (id, venue_id, name) VALUES (24124, 13635, 'Product14269');
INSERT INTO products (id, item_id, price) VALUES (14269, 24124, 2.3);
INSERT INTO items (id, venue_id, name) VALUES (24125, 13635, 'Product14270');
INSERT INTO products (id, item_id, price) VALUES (14270, 24125, 2.5);
INSERT INTO items (id, venue_id, name) VALUES (24126, 13635, 'Product14271');
INSERT INTO products (id, item_id, price) VALUES (14271, 24126, 9.5);
INSERT INTO items (id, venue_id, name) VALUES (24127, 13635, 'Product14272');
INSERT INTO products (id, item_id, price) VALUES (14272, 24127, 9.5);
INSERT INTO items (id, venue_id, name) VALUES (24128, 13635, 'Product14273');
INSERT INTO products (id, item_id, price) VALUES (14273, 24128, 10);
INSERT INTO items (id, venue_id, name) VALUES (24129, 13635, 'Product14274');
INSERT INTO products (id, item_id, price) VALUES (14274, 24129, 0);
INSERT INTO items (id, venue_id, name) VALUES (24130, 13635, 'Product14275');
INSERT INTO products (id, item_id, price) VALUES (14275, 24130, 0);
INSERT INTO items (id, venue_id, name) VALUES (24132, 13635, 'Space19848');
INSERT INTO spaces (id, item_id, hour_price) VALUES (19848, 24132, 2.5);
INSERT INTO venues (id, name) VALUES (13639, 'Venue13639');
INSERT INTO items (id, venue_id, name) VALUES (24133, 13639, 'Space19849');
INSERT INTO spaces (id, item_id, hour_price) VALUES (19849, 24133, 0);
INSERT INTO items (id, venue_id, name) VALUES (24134, 13639, 'Space19850');
INSERT INTO spaces (id, item_id, hour_price) VALUES (19850, 24134, 0);
INSERT INTO items (id, venue_id, name) VALUES (24135, 13639, 'Space19851');
INSERT INTO spaces (id, item_id, hour_price) VALUES (19851, 24135, 0);
INSERT INTO items (id, venue_id, name) VALUES (24136, 13639, 'Space19852');
INSERT INTO spaces (id, item_id, hour_price) VALUES (19852, 24136, 0);
INSERT INTO items (id, venue_id, name) VALUES (24137, 13639, 'Space19853');
INSERT INTO spaces (id, item_id, hour_price) VALUES (19853, 24137, 0);
INSERT INTO items (id, venue_id, name) VALUES (24138, 13639, 'Space19854');
INSERT INTO spaces (id, item_id, hour_price) VALUES (19854, 24138, 0);
INSERT INTO items (id, venue_id, name) VALUES (24139, 13639, 'Space19855');
INSERT INTO spaces (id, item_id, hour_price) VALUES (19855, 24139, 25);
INSERT INTO items (id, venue_id, name) VALUES (24140, 13639, 'Product14277');
INSERT INTO products (id, item_id, price) VALUES (14277, 24140, 0);
INSERT INTO items (id, venue_id, name) VALUES (24141, 13639, 'Product14278');
INSERT INTO products (id, item_id, price) VALUES (14278, 24141, 0);
INSERT INTO items (id, venue_id, name) VALUES (24142, 13639, 'Product14279');
INSERT INTO products (id, item_id, price) VALUES (14279, 24142, 0);
INSERT INTO items (id, venue_id, name) VALUES (24143, 13639, 'Product14280');
INSERT INTO products (id, item_id, price) VALUES (14280, 24143, 0);
INSERT INTO items (id, venue_id, name) VALUES (24144, 13639, 'Product14281');
INSERT INTO products (id, item_id, price) VALUES (14281, 24144, 0);
INSERT INTO items (id, venue_id, name) VALUES (24145, 13639, 'Product14282');
INSERT INTO products (id, item_id, price) VALUES (14282, 24145, 0);
INSERT INTO items (id, venue_id, name) VALUES (24146, 13639, 'Product14283');
INSERT INTO products (id, item_id, price) VALUES (14283, 24146, 10);
INSERT INTO items (id, venue_id, name) VALUES (24147, 13639, 'Product14284');
INSERT INTO products (id, item_id, price) VALUES (14284, 24147, 0);
INSERT INTO items (id, venue_id, name) VALUES (24148, 13639, 'Product14285');
INSERT INTO products (id, item_id, price) VALUES (14285, 24148, 0);
INSERT INTO items (id, venue_id, name) VALUES (24149, 13639, 'Product14286');
INSERT INTO products (id, item_id, price) VALUES (14286, 24149, 0);
INSERT INTO items (id, venue_id, name) VALUES (24150, 13639, 'Product14287');
INSERT INTO products (id, item_id, price) VALUES (14287, 24150, 0);
INSERT INTO items (id, venue_id, name) VALUES (24151, 13639, 'Product14288');
INSERT INTO products (id, item_id, price) VALUES (14288, 24151, 0);
INSERT INTO items (id, venue_id, name) VALUES (24152, 13639, 'Product14289');
INSERT INTO products (id, item_id, price) VALUES (14289, 24152, 0);
INSERT INTO items (id, venue_id, name) VALUES (24153, 13639, 'Product14290');
INSERT INTO products (id, item_id, price) VALUES (14290, 24153, 0);
INSERT INTO items (id, venue_id, name) VALUES (24154, 13639, 'Product14291');
INSERT INTO products (id, item_id, price) VALUES (14291, 24154, 0);
INSERT INTO venues (id, name) VALUES (13645, 'Venue13645');
INSERT INTO items (id, venue_id, name) VALUES (24189, 13645, 'Space19875');
INSERT INTO spaces (id, item_id, hour_price) VALUES (19875, 24189, 0);
INSERT INTO items (id, venue_id, name) VALUES (24190, 13645, 'Space19876');
INSERT INTO spaces (id, item_id, hour_price) VALUES (19876, 24190, 0);
INSERT INTO items (id, venue_id, name) VALUES (24191, 13645, 'Space19877');
INSERT INTO spaces (id, item_id, hour_price) VALUES (19877, 24191, 0);
INSERT INTO items (id, venue_id, name) VALUES (24192, 13645, 'Space19878');
INSERT INTO spaces (id, item_id, hour_price) VALUES (19878, 24192, 0);
INSERT INTO items (id, venue_id, name) VALUES (24193, 13645, 'Space19879');
INSERT INTO spaces (id, item_id, hour_price) VALUES (19879, 24193, 0);
INSERT INTO items (id, venue_id, name) VALUES (24194, 13645, 'Space19880');
INSERT INTO spaces (id, item_id, hour_price) VALUES (19880, 24194, 0);
INSERT INTO items (id, venue_id, name) VALUES (24195, 13645, 'Space19881');
INSERT INTO spaces (id, item_id, hour_price) VALUES (19881, 24195, 15);
INSERT INTO items (id, venue_id, name) VALUES (24196, 13645, 'Product14307');
INSERT INTO products (id, item_id, price) VALUES (14307, 24196, 12.5);
INSERT INTO items (id, venue_id, name) VALUES (24197, 13645, 'Space19882');
INSERT INTO spaces (id, item_id, hour_price) VALUES (19882, 24197, 20);
INSERT INTO venues (id, name) VALUES (13650, 'Venue13650');
INSERT INTO items (id, venue_id, name) VALUES (24198, 13650, 'Space19883');
INSERT INTO spaces (id, item_id, hour_price) VALUES (19883, 24198, 0);
INSERT INTO items (id, venue_id, name) VALUES (24199, 13650, 'Space19884');
INSERT INTO spaces (id, item_id, hour_price) VALUES (19884, 24199, 0);
INSERT INTO items (id, venue_id, name) VALUES (24200, 13650, 'Space19885');
INSERT INTO spaces (id, item_id, hour_price) VALUES (19885, 24200, 0);
INSERT INTO items (id, venue_id, name) VALUES (24201, 13650, 'Space19886');
INSERT INTO spaces (id, item_id, hour_price) VALUES (19886, 24201, 0);
INSERT INTO items (id, venue_id, name) VALUES (24202, 13650, 'Space19887');
INSERT INTO spaces (id, item_id, hour_price) VALUES (19887, 24202, 0);
INSERT INTO items (id, venue_id, name) VALUES (24203, 13650, 'Space19888');
INSERT INTO spaces (id, item_id, hour_price) VALUES (19888, 24203, 0);
INSERT INTO items (id, venue_id, name) VALUES (24204, 13650, 'Space19889');
INSERT INTO spaces (id, item_id, hour_price) VALUES (19889, 24204, 0.6);
INSERT INTO items (id, venue_id, name) VALUES (24205, 13650, 'Product14308');
INSERT INTO products (id, item_id, price) VALUES (14308, 24205, 0);
INSERT INTO items (id, venue_id, name) VALUES (24206, 13650, 'Product14309');
INSERT INTO products (id, item_id, price) VALUES (14309, 24206, 0);
INSERT INTO items (id, venue_id, name) VALUES (24207, 13650, 'Product14310');
INSERT INTO products (id, item_id, price) VALUES (14310, 24207, 0);
INSERT INTO items (id, venue_id, name) VALUES (24208, 13650, 'Product14311');
INSERT INTO products (id, item_id, price) VALUES (14311, 24208, 0);
INSERT INTO items (id, venue_id, name) VALUES (24209, 13650, 'Product14312');
INSERT INTO products (id, item_id, price) VALUES (14312, 24209, 0);
INSERT INTO items (id, venue_id, name) VALUES (24210, 13650, 'Product14313');
INSERT INTO products (id, item_id, price) VALUES (14313, 24210, 0);
INSERT INTO items (id, venue_id, name) VALUES (24211, 13650, 'Product14314');
INSERT INTO products (id, item_id, price) VALUES (14314, 24211, 4.95);
INSERT INTO items (id, venue_id, name) VALUES (24212, 13650, 'Product14315');
INSERT INTO products (id, item_id, price) VALUES (14315, 24212, 0);
INSERT INTO items (id, venue_id, name) VALUES (24213, 13650, 'Product14316');
INSERT INTO products (id, item_id, price) VALUES (14316, 24213, 0);
INSERT INTO items (id, venue_id, name) VALUES (24214, 13650, 'Product14317');
INSERT INTO products (id, item_id, price) VALUES (14317, 24214, 0);
INSERT INTO items (id, venue_id, name) VALUES (24215, 13650, 'Product14318');
INSERT INTO products (id, item_id, price) VALUES (14318, 24215, 0);
INSERT INTO items (id, venue_id, name) VALUES (24216, 13650, 'Product14319');
INSERT INTO products (id, item_id, price) VALUES (14319, 24216, 0);
INSERT INTO items (id, venue_id, name) VALUES (24217, 13650, 'Product14320');
INSERT INTO products (id, item_id, price) VALUES (14320, 24217, 0);
INSERT INTO items (id, venue_id, name) VALUES (24218, 13650, 'Product14321');
INSERT INTO products (id, item_id, price) VALUES (14321, 24218, 0);
INSERT INTO items (id, venue_id, name) VALUES (24219, 13650, 'Product14322');
INSERT INTO products (id, item_id, price) VALUES (14322, 24219, 0);
INSERT INTO items (id, venue_id, name) VALUES (24220, 13650, 'Product14323');
INSERT INTO products (id, item_id, price) VALUES (14323, 24220, 0);
INSERT INTO items (id, venue_id, name) VALUES (24221, 13650, 'Product14324');
INSERT INTO products (id, item_id, price) VALUES (14324, 24221, 0);
INSERT INTO items (id, venue_id, name) VALUES (24222, 13650, 'Product14325');
INSERT INTO products (id, item_id, price) VALUES (14325, 24222, 4);
INSERT INTO venues (id, name) VALUES (13655, 'Venue13655');
INSERT INTO items (id, venue_id, name) VALUES (24223, 13655, 'Space19890');
INSERT INTO spaces (id, item_id, hour_price) VALUES (19890, 24223, 0);
INSERT INTO items (id, venue_id, name) VALUES (24224, 13655, 'Space19891');
INSERT INTO spaces (id, item_id, hour_price) VALUES (19891, 24224, 0);
INSERT INTO items (id, venue_id, name) VALUES (24225, 13655, 'Space19892');
INSERT INTO spaces (id, item_id, hour_price) VALUES (19892, 24225, 0);
INSERT INTO items (id, venue_id, name) VALUES (24226, 13655, 'Space19893');
INSERT INTO spaces (id, item_id, hour_price) VALUES (19893, 24226, 0);
INSERT INTO items (id, venue_id, name) VALUES (24227, 13655, 'Space19894');
INSERT INTO spaces (id, item_id, hour_price) VALUES (19894, 24227, 0);
INSERT INTO items (id, venue_id, name) VALUES (24228, 13655, 'Space19895');
INSERT INTO spaces (id, item_id, hour_price) VALUES (19895, 24228, 0);
INSERT INTO items (id, venue_id, name) VALUES (24229, 13655, 'Space19896');
INSERT INTO spaces (id, item_id, hour_price) VALUES (19896, 24229, 70);
INSERT INTO items (id, venue_id, name) VALUES (24230, 13655, 'Product14326');
INSERT INTO products (id, item_id, price) VALUES (14326, 24230, 2.25);
INSERT INTO items (id, venue_id, name) VALUES (24231, 13655, 'Product14327');
INSERT INTO products (id, item_id, price) VALUES (14327, 24231, 2.25);
INSERT INTO items (id, venue_id, name) VALUES (24232, 13655, 'Product14328');
INSERT INTO products (id, item_id, price) VALUES (14328, 24232, 12);
INSERT INTO items (id, venue_id, name) VALUES (24233, 13655, 'Product14329');
INSERT INTO products (id, item_id, price) VALUES (14329, 24233, 12);
INSERT INTO items (id, venue_id, name) VALUES (24234, 13655, 'Product14330');
INSERT INTO products (id, item_id, price) VALUES (14330, 24234, 12.5);
INSERT INTO items (id, venue_id, name) VALUES (24235, 13655, 'Product14331');
INSERT INTO products (id, item_id, price) VALUES (14331, 24235, 0);
INSERT INTO items (id, venue_id, name) VALUES (24236, 13655, 'Product14332');
INSERT INTO products (id, item_id, price) VALUES (14332, 24236, 0);
INSERT INTO items (id, venue_id, name) VALUES (24237, 13655, 'Product14333');
INSERT INTO products (id, item_id, price) VALUES (14333, 24237, 0);
INSERT INTO items (id, venue_id, name) VALUES (24238, 13655, 'Product14334');
INSERT INTO products (id, item_id, price) VALUES (14334, 24238, 0);
INSERT INTO items (id, venue_id, name) VALUES (24239, 13655, 'Product14335');
INSERT INTO products (id, item_id, price) VALUES (14335, 24239, 0);
INSERT INTO items (id, venue_id, name) VALUES (24240, 13655, 'Product14336');
INSERT INTO products (id, item_id, price) VALUES (14336, 24240, 0);
INSERT INTO items (id, venue_id, name) VALUES (24241, 13655, 'Product14337');
INSERT INTO products (id, item_id, price) VALUES (14337, 24241, 0);
INSERT INTO items (id, venue_id, name) VALUES (24242, 13655, 'Product14338');
INSERT INTO products (id, item_id, price) VALUES (14338, 24242, 0);
INSERT INTO items (id, venue_id, name) VALUES (24243, 13655, 'Product14339');
INSERT INTO products (id, item_id, price) VALUES (14339, 24243, 32.5);
INSERT INTO items (id, venue_id, name) VALUES (24244, 13655, 'Product14340');
INSERT INTO products (id, item_id, price) VALUES (14340, 24244, 12.5);
INSERT INTO items (id, venue_id, name) VALUES (24245, 13655, 'Product14341');
INSERT INTO products (id, item_id, price) VALUES (14341, 24245, 15);
INSERT INTO venues (id, name) VALUES (13663, 'Venue13663');
INSERT INTO items (id, venue_id, name) VALUES (24260, 13663, 'Space19897');
INSERT INTO spaces (id, item_id, hour_price) VALUES (19897, 24260, 0);
INSERT INTO items (id, venue_id, name) VALUES (24261, 13663, 'Space19898');
INSERT INTO spaces (id, item_id, hour_price) VALUES (19898, 24261, 0);
INSERT INTO items (id, venue_id, name) VALUES (24262, 13663, 'Space19899');
INSERT INTO spaces (id, item_id, hour_price) VALUES (19899, 24262, 0);
INSERT INTO items (id, venue_id, name) VALUES (24263, 13663, 'Space19900');
INSERT INTO spaces (id, item_id, hour_price) VALUES (19900, 24263, 0);
INSERT INTO items (id, venue_id, name) VALUES (24264, 13663, 'Space19901');
INSERT INTO spaces (id, item_id, hour_price) VALUES (19901, 24264, 0);
INSERT INTO items (id, venue_id, name) VALUES (24265, 13663, 'Space19902');
INSERT INTO spaces (id, item_id, hour_price) VALUES (19902, 24265, 0);
INSERT INTO items (id, venue_id, name) VALUES (24266, 13663, 'Space19903');
INSERT INTO spaces (id, item_id, hour_price) VALUES (19903, 24266, 8.5);
INSERT INTO items (id, venue_id, name) VALUES (24267, 13663, 'Space19904');
INSERT INTO spaces (id, item_id, hour_price) VALUES (19904, 24267, 15);
INSERT INTO items (id, venue_id, name) VALUES (24268, 13663, 'Space19905');
INSERT INTO spaces (id, item_id, hour_price) VALUES (19905, 24268, 25);
INSERT INTO items (id, venue_id, name) VALUES (24269, 13663, 'Space19906');
INSERT INTO spaces (id, item_id, hour_price) VALUES (19906, 24269, 25);
INSERT INTO items (id, venue_id, name) VALUES (24270, 13663, 'Product14356');
INSERT INTO products (id, item_id, price) VALUES (14356, 24270, 0);
INSERT INTO items (id, venue_id, name) VALUES (24271, 13663, 'Product14357');
INSERT INTO products (id, item_id, price) VALUES (14357, 24271, 0);
INSERT INTO items (id, venue_id, name) VALUES (24272, 13663, 'Product14358');
INSERT INTO products (id, item_id, price) VALUES (14358, 24272, 0);
INSERT INTO items (id, venue_id, name) VALUES (24273, 13663, 'Product14359');
INSERT INTO products (id, item_id, price) VALUES (14359, 24273, 0);
INSERT INTO items (id, venue_id, name) VALUES (24274, 13663, 'Product14360');
INSERT INTO products (id, item_id, price) VALUES (14360, 24274, 0);
INSERT INTO items (id, venue_id, name) VALUES (24275, 13663, 'Product14361');
INSERT INTO products (id, item_id, price) VALUES (14361, 24275, 0);
INSERT INTO items (id, venue_id, name) VALUES (24276, 13663, 'Product14362');
INSERT INTO products (id, item_id, price) VALUES (14362, 24276, 0);
INSERT INTO items (id, venue_id, name) VALUES (24277, 13663, 'Product14363');
INSERT INTO products (id, item_id, price) VALUES (14363, 24277, 0);
INSERT INTO items (id, venue_id, name) VALUES (24278, 13663, 'Product14364');
INSERT INTO products (id, item_id, price) VALUES (14364, 24278, 0);
INSERT INTO items (id, venue_id, name) VALUES (24279, 13663, 'Product14365');
INSERT INTO products (id, item_id, price) VALUES (14365, 24279, 0);
INSERT INTO items (id, venue_id, name) VALUES (24280, 13663, 'Product14366');
INSERT INTO products (id, item_id, price) VALUES (14366, 24280, 0);
INSERT INTO items (id, venue_id, name) VALUES (24281, 13663, 'Product14367');
INSERT INTO products (id, item_id, price) VALUES (14367, 24281, 0);
INSERT INTO items (id, venue_id, name) VALUES (24282, 13663, 'Product14368');
INSERT INTO products (id, item_id, price) VALUES (14368, 24282, 0);
INSERT INTO items (id, venue_id, name) VALUES (24283, 13663, 'Product14369');
INSERT INTO products (id, item_id, price) VALUES (14369, 24283, 0);
INSERT INTO items (id, venue_id, name) VALUES (24284, 13663, 'Product14370');
INSERT INTO products (id, item_id, price) VALUES (14370, 24284, 0);
INSERT INTO items (id, venue_id, name) VALUES (24285, 13663, 'Product14371');
INSERT INTO products (id, item_id, price) VALUES (14371, 24285, 0);
INSERT INTO items (id, venue_id, name) VALUES (24286, 13663, 'Product14372');
INSERT INTO products (id, item_id, price) VALUES (14372, 24286, 0);
INSERT INTO venues (id, name) VALUES (13668, 'Venue13668');
INSERT INTO items (id, venue_id, name) VALUES (24287, 13668, 'Space19907');
INSERT INTO spaces (id, item_id, hour_price) VALUES (19907, 24287, 0);
INSERT INTO items (id, venue_id, name) VALUES (24288, 13668, 'Space19908');
INSERT INTO spaces (id, item_id, hour_price) VALUES (19908, 24288, 0);
INSERT INTO items (id, venue_id, name) VALUES (24289, 13668, 'Space19909');
INSERT INTO spaces (id, item_id, hour_price) VALUES (19909, 24289, 0);
INSERT INTO items (id, venue_id, name) VALUES (24290, 13668, 'Space19910');
INSERT INTO spaces (id, item_id, hour_price) VALUES (19910, 24290, 0);
INSERT INTO items (id, venue_id, name) VALUES (24291, 13668, 'Space19911');
INSERT INTO spaces (id, item_id, hour_price) VALUES (19911, 24291, 0);
INSERT INTO items (id, venue_id, name) VALUES (24292, 13668, 'Space19912');
INSERT INTO spaces (id, item_id, hour_price) VALUES (19912, 24292, 0);
INSERT INTO items (id, venue_id, name) VALUES (24298, 13668, 'Product14373');
INSERT INTO products (id, item_id, price) VALUES (14373, 24298, 0);
INSERT INTO items (id, venue_id, name) VALUES (24299, 13668, 'Product14374');
INSERT INTO products (id, item_id, price) VALUES (14374, 24299, 0);
INSERT INTO items (id, venue_id, name) VALUES (24300, 13668, 'Product14375');
INSERT INTO products (id, item_id, price) VALUES (14375, 24300, 0);
INSERT INTO items (id, venue_id, name) VALUES (24301, 13668, 'Product14376');
INSERT INTO products (id, item_id, price) VALUES (14376, 24301, 0);
INSERT INTO items (id, venue_id, name) VALUES (24302, 13668, 'Product14377');
INSERT INTO products (id, item_id, price) VALUES (14377, 24302, 0);
INSERT INTO items (id, venue_id, name) VALUES (24303, 13668, 'Product14378');
INSERT INTO products (id, item_id, price) VALUES (14378, 24303, 0);
INSERT INTO items (id, venue_id, name) VALUES (24304, 13668, 'Product14379');
INSERT INTO products (id, item_id, price) VALUES (14379, 24304, 0);
INSERT INTO items (id, venue_id, name) VALUES (24305, 13668, 'Product14380');
INSERT INTO products (id, item_id, price) VALUES (14380, 24305, 0);
INSERT INTO items (id, venue_id, name) VALUES (24306, 13668, 'Product14381');
INSERT INTO products (id, item_id, price) VALUES (14381, 24306, 0);
INSERT INTO items (id, venue_id, name) VALUES (24307, 13668, 'Product14382');
INSERT INTO products (id, item_id, price) VALUES (14382, 24307, 0);
INSERT INTO venues (id, name) VALUES (13673, 'Venue13673');
INSERT INTO items (id, venue_id, name) VALUES (24308, 13673, 'Space19918');
INSERT INTO spaces (id, item_id, hour_price) VALUES (19918, 24308, 0);
INSERT INTO items (id, venue_id, name) VALUES (24309, 13673, 'Space19919');
INSERT INTO spaces (id, item_id, hour_price) VALUES (19919, 24309, 0);
INSERT INTO items (id, venue_id, name) VALUES (24310, 13673, 'Space19920');
INSERT INTO spaces (id, item_id, hour_price) VALUES (19920, 24310, 0);
INSERT INTO items (id, venue_id, name) VALUES (24311, 13673, 'Space19921');
INSERT INTO spaces (id, item_id, hour_price) VALUES (19921, 24311, 0);
INSERT INTO items (id, venue_id, name) VALUES (24312, 13673, 'Space19922');
INSERT INTO spaces (id, item_id, hour_price) VALUES (19922, 24312, 0);
INSERT INTO items (id, venue_id, name) VALUES (24313, 13673, 'Space19923');
INSERT INTO spaces (id, item_id, hour_price) VALUES (19923, 24313, 0);
INSERT INTO items (id, venue_id, name) VALUES (24314, 13673, 'Space19924');
INSERT INTO spaces (id, item_id, hour_price) VALUES (19924, 24314, 5);
INSERT INTO items (id, venue_id, name) VALUES (24315, 13673, 'Product14383');
INSERT INTO products (id, item_id, price) VALUES (14383, 24315, 0);
INSERT INTO items (id, venue_id, name) VALUES (24316, 13673, 'Product14384');
INSERT INTO products (id, item_id, price) VALUES (14384, 24316, 0);
INSERT INTO items (id, venue_id, name) VALUES (24317, 13673, 'Product14385');
INSERT INTO products (id, item_id, price) VALUES (14385, 24317, 0);
INSERT INTO items (id, venue_id, name) VALUES (24318, 13673, 'Product14386');
INSERT INTO products (id, item_id, price) VALUES (14386, 24318, 0);
INSERT INTO items (id, venue_id, name) VALUES (24319, 13673, 'Product14387');
INSERT INTO products (id, item_id, price) VALUES (14387, 24319, 0);
INSERT INTO items (id, venue_id, name) VALUES (24320, 13673, 'Product14388');
INSERT INTO products (id, item_id, price) VALUES (14388, 24320, 0);
INSERT INTO items (id, venue_id, name) VALUES (24321, 13673, 'Product14389');
INSERT INTO products (id, item_id, price) VALUES (14389, 24321, 12.5);
INSERT INTO items (id, venue_id, name) VALUES (24322, 13673, 'Product14390');
INSERT INTO products (id, item_id, price) VALUES (14390, 24322, 0);
INSERT INTO items (id, venue_id, name) VALUES (24323, 13673, 'Product14391');
INSERT INTO products (id, item_id, price) VALUES (14391, 24323, 0);
INSERT INTO items (id, venue_id, name) VALUES (24324, 13673, 'Product14392');
INSERT INTO products (id, item_id, price) VALUES (14392, 24324, 0);
INSERT INTO items (id, venue_id, name) VALUES (24325, 13673, 'Product14393');
INSERT INTO products (id, item_id, price) VALUES (14393, 24325, 0);
INSERT INTO items (id, venue_id, name) VALUES (24326, 13673, 'Product14394');
INSERT INTO products (id, item_id, price) VALUES (14394, 24326, 0);
INSERT INTO items (id, venue_id, name) VALUES (24327, 13673, 'Product14395');
INSERT INTO products (id, item_id, price) VALUES (14395, 24327, 0);
INSERT INTO venues (id, name) VALUES (13678, 'Venue13678');
INSERT INTO items (id, venue_id, name) VALUES (24328, 13678, 'Space19925');
INSERT INTO spaces (id, item_id, hour_price) VALUES (19925, 24328, 0);
INSERT INTO items (id, venue_id, name) VALUES (24329, 13678, 'Space19926');
INSERT INTO spaces (id, item_id, hour_price) VALUES (19926, 24329, 0);
INSERT INTO items (id, venue_id, name) VALUES (24330, 13678, 'Space19927');
INSERT INTO spaces (id, item_id, hour_price) VALUES (19927, 24330, 0);
INSERT INTO items (id, venue_id, name) VALUES (24331, 13678, 'Space19928');
INSERT INTO spaces (id, item_id, hour_price) VALUES (19928, 24331, 0);
INSERT INTO items (id, venue_id, name) VALUES (24332, 13678, 'Space19929');
INSERT INTO spaces (id, item_id, hour_price) VALUES (19929, 24332, 0);
INSERT INTO items (id, venue_id, name) VALUES (24333, 13678, 'Space19930');
INSERT INTO spaces (id, item_id, hour_price) VALUES (19930, 24333, 0);
INSERT INTO items (id, venue_id, name) VALUES (24334, 13678, 'Space19931');
INSERT INTO spaces (id, item_id, hour_price) VALUES (19931, 24334, 0);
INSERT INTO items (id, venue_id, name) VALUES (24335, 13678, 'Product14396');
INSERT INTO products (id, item_id, price) VALUES (14396, 24335, 0);
INSERT INTO items (id, venue_id, name) VALUES (24336, 13678, 'Product14397');
INSERT INTO products (id, item_id, price) VALUES (14397, 24336, 0);
INSERT INTO items (id, venue_id, name) VALUES (24337, 13678, 'Product14398');
INSERT INTO products (id, item_id, price) VALUES (14398, 24337, 8);
INSERT INTO items (id, venue_id, name) VALUES (24338, 13678, 'Product14399');
INSERT INTO products (id, item_id, price) VALUES (14399, 24338, 8);
INSERT INTO items (id, venue_id, name) VALUES (24339, 13678, 'Product14400');
INSERT INTO products (id, item_id, price) VALUES (14400, 24339, 3);
INSERT INTO items (id, venue_id, name) VALUES (24340, 13678, 'Product14401');
INSERT INTO products (id, item_id, price) VALUES (14401, 24340, 3);
INSERT INTO items (id, venue_id, name) VALUES (24341, 13678, 'Product14402');
INSERT INTO products (id, item_id, price) VALUES (14402, 24341, 10);
INSERT INTO items (id, venue_id, name) VALUES (24342, 13678, 'Product14403');
INSERT INTO products (id, item_id, price) VALUES (14403, 24342, 25);
INSERT INTO items (id, venue_id, name) VALUES (24343, 13678, 'Product14404');
INSERT INTO products (id, item_id, price) VALUES (14404, 24343, 99);
INSERT INTO items (id, venue_id, name) VALUES (24344, 13678, 'Product14405');
INSERT INTO products (id, item_id, price) VALUES (14405, 24344, 0);
INSERT INTO items (id, venue_id, name) VALUES (24345, 13678, 'Product14406');
INSERT INTO products (id, item_id, price) VALUES (14406, 24345, 0);
INSERT INTO items (id, venue_id, name) VALUES (24346, 13678, 'Product14407');
INSERT INTO products (id, item_id, price) VALUES (14407, 24346, 15);
INSERT INTO items (id, venue_id, name) VALUES (24347, 13678, 'Product14408');
INSERT INTO products (id, item_id, price) VALUES (14408, 24347, 15);
INSERT INTO venues (id, name) VALUES (13683, 'Venue13683');
INSERT INTO items (id, venue_id, name) VALUES (24348, 13683, 'Space19932');
INSERT INTO spaces (id, item_id, hour_price) VALUES (19932, 24348, 0);
INSERT INTO items (id, venue_id, name) VALUES (24349, 13683, 'Space19933');
INSERT INTO spaces (id, item_id, hour_price) VALUES (19933, 24349, 0);
INSERT INTO items (id, venue_id, name) VALUES (24350, 13683, 'Space19934');
INSERT INTO spaces (id, item_id, hour_price) VALUES (19934, 24350, 0);
INSERT INTO items (id, venue_id, name) VALUES (24351, 13683, 'Space19935');
INSERT INTO spaces (id, item_id, hour_price) VALUES (19935, 24351, 0);
INSERT INTO items (id, venue_id, name) VALUES (24352, 13683, 'Space19936');
INSERT INTO spaces (id, item_id, hour_price) VALUES (19936, 24352, 0);
INSERT INTO items (id, venue_id, name) VALUES (24353, 13683, 'Space19937');
INSERT INTO spaces (id, item_id, hour_price) VALUES (19937, 24353, 0);
INSERT INTO items (id, venue_id, name) VALUES (24354, 13683, 'Space19938');
INSERT INTO spaces (id, item_id, hour_price) VALUES (19938, 24354, 45);
INSERT INTO venues (id, name) VALUES (13688, 'Venue13688');
INSERT INTO items (id, venue_id, name) VALUES (24375, 13688, 'Space19945');
INSERT INTO spaces (id, item_id, hour_price) VALUES (19945, 24375, 0);
INSERT INTO items (id, venue_id, name) VALUES (24376, 13688, 'Space19946');
INSERT INTO spaces (id, item_id, hour_price) VALUES (19946, 24376, 0);
INSERT INTO items (id, venue_id, name) VALUES (24377, 13688, 'Space19947');
INSERT INTO spaces (id, item_id, hour_price) VALUES (19947, 24377, 0);
INSERT INTO items (id, venue_id, name) VALUES (24378, 13688, 'Space19948');
INSERT INTO spaces (id, item_id, hour_price) VALUES (19948, 24378, 0);
INSERT INTO items (id, venue_id, name) VALUES (24379, 13688, 'Space19949');
INSERT INTO spaces (id, item_id, hour_price) VALUES (19949, 24379, 0);
INSERT INTO items (id, venue_id, name) VALUES (24380, 13688, 'Space19950');
INSERT INTO spaces (id, item_id, hour_price) VALUES (19950, 24380, 0);
INSERT INTO items (id, venue_id, name) VALUES (24381, 13688, 'Space19951');
INSERT INTO spaces (id, item_id, hour_price) VALUES (19951, 24381, 125);
INSERT INTO items (id, venue_id, name) VALUES (24382, 13688, 'Product14423');
INSERT INTO products (id, item_id, price) VALUES (14423, 24382, 2.3);
INSERT INTO items (id, venue_id, name) VALUES (24383, 13688, 'Product14424');
INSERT INTO products (id, item_id, price) VALUES (14424, 24383, 2.3);
INSERT INTO items (id, venue_id, name) VALUES (24384, 13688, 'Product14425');
INSERT INTO products (id, item_id, price) VALUES (14425, 24384, 15.75);
INSERT INTO items (id, venue_id, name) VALUES (24385, 13688, 'Product14426');
INSERT INTO products (id, item_id, price) VALUES (14426, 24385, 12.5);
INSERT INTO items (id, venue_id, name) VALUES (24386, 13688, 'Product14427');
INSERT INTO products (id, item_id, price) VALUES (14427, 24386, 19);
INSERT INTO items (id, venue_id, name) VALUES (24387, 13688, 'Product14428');
INSERT INTO products (id, item_id, price) VALUES (14428, 24387, 14.5);
INSERT INTO items (id, venue_id, name) VALUES (24388, 13688, 'Product14429');
INSERT INTO products (id, item_id, price) VALUES (14429, 24388, 50);
INSERT INTO items (id, venue_id, name) VALUES (24389, 13688, 'Product14430');
INSERT INTO products (id, item_id, price) VALUES (14430, 24389, 12.5);
INSERT INTO items (id, venue_id, name) VALUES (24390, 13688, 'Product14431');
INSERT INTO products (id, item_id, price) VALUES (14431, 24390, 15);
INSERT INTO items (id, venue_id, name) VALUES (24392, 13688, 'Product14433');
INSERT INTO products (id, item_id, price) VALUES (14433, 24392, 6.2);
INSERT INTO items (id, venue_id, name) VALUES (24393, 13688, 'Product14434');
INSERT INTO products (id, item_id, price) VALUES (14434, 24393, 11.79);
INSERT INTO items (id, venue_id, name) VALUES (24394, 13688, 'Product14435');
INSERT INTO products (id, item_id, price) VALUES (14435, 24394, 7.85);
INSERT INTO items (id, venue_id, name) VALUES (24395, 13688, 'Product14436');
INSERT INTO products (id, item_id, price) VALUES (14436, 24395, 1.89);
INSERT INTO items (id, venue_id, name) VALUES (24396, 13688, 'Product14437');
INSERT INTO products (id, item_id, price) VALUES (14437, 24396, 18.4);
INSERT INTO items (id, venue_id, name) VALUES (24397, 13688, 'Product14438');
INSERT INTO products (id, item_id, price) VALUES (14438, 24397, 20.66);
INSERT INTO items (id, venue_id, name) VALUES (24867, 13688, 'Product14722');
INSERT INTO products (id, item_id, price) VALUES (14722, 24867, 232.14);
INSERT INTO items (id, venue_id, name) VALUES (24868, 13688, 'Product14723');
INSERT INTO products (id, item_id, price) VALUES (14723, 24868, 145.38);
INSERT INTO venues (id, name) VALUES (13693, 'Venue13693');
INSERT INTO items (id, venue_id, name) VALUES (24400, 13693, 'Space19954');
INSERT INTO spaces (id, item_id, hour_price) VALUES (19954, 24400, 0);
INSERT INTO items (id, venue_id, name) VALUES (24401, 13693, 'Space19955');
INSERT INTO spaces (id, item_id, hour_price) VALUES (19955, 24401, 0);
INSERT INTO items (id, venue_id, name) VALUES (24402, 13693, 'Space19956');
INSERT INTO spaces (id, item_id, hour_price) VALUES (19956, 24402, 0);
INSERT INTO items (id, venue_id, name) VALUES (24403, 13693, 'Space19957');
INSERT INTO spaces (id, item_id, hour_price) VALUES (19957, 24403, 0);
INSERT INTO items (id, venue_id, name) VALUES (24404, 13693, 'Space19958');
INSERT INTO spaces (id, item_id, hour_price) VALUES (19958, 24404, 0);
INSERT INTO items (id, venue_id, name) VALUES (24405, 13693, 'Space19959');
INSERT INTO spaces (id, item_id, hour_price) VALUES (19959, 24405, 0);
INSERT INTO items (id, venue_id, name) VALUES (24406, 13693, 'Space19960');
INSERT INTO spaces (id, item_id, hour_price) VALUES (19960, 24406, 6);
INSERT INTO items (id, venue_id, name) VALUES (24407, 13693, 'Space19961');
INSERT INTO spaces (id, item_id, hour_price) VALUES (19961, 24407, 6);
INSERT INTO items (id, venue_id, name) VALUES (24408, 13693, 'Space19962');
INSERT INTO spaces (id, item_id, hour_price) VALUES (19962, 24408, 6);
INSERT INTO items (id, venue_id, name) VALUES (24409, 13693, 'Space19963');
INSERT INTO spaces (id, item_id, hour_price) VALUES (19963, 24409, 6);
INSERT INTO items (id, venue_id, name) VALUES (24410, 13693, 'Product14439');
INSERT INTO products (id, item_id, price) VALUES (14439, 24410, 2);
INSERT INTO items (id, venue_id, name) VALUES (24411, 13693, 'Product14440');
INSERT INTO products (id, item_id, price) VALUES (14440, 24411, 2);
INSERT INTO items (id, venue_id, name) VALUES (24412, 13693, 'Product14441');
INSERT INTO products (id, item_id, price) VALUES (14441, 24412, 5);
INSERT INTO items (id, venue_id, name) VALUES (24413, 13693, 'Product14442');
INSERT INTO products (id, item_id, price) VALUES (14442, 24413, 4);
INSERT INTO items (id, venue_id, name) VALUES (24414, 13693, 'Product14443');
INSERT INTO products (id, item_id, price) VALUES (14443, 24414, 2);
INSERT INTO items (id, venue_id, name) VALUES (24415, 13693, 'Product14444');
INSERT INTO products (id, item_id, price) VALUES (14444, 24415, 12);
INSERT INTO items (id, venue_id, name) VALUES (24416, 13693, 'Product14445');
INSERT INTO products (id, item_id, price) VALUES (14445, 24416, 14.5);
INSERT INTO items (id, venue_id, name) VALUES (24417, 13693, 'Product14446');
INSERT INTO products (id, item_id, price) VALUES (14446, 24417, 0);
INSERT INTO items (id, venue_id, name) VALUES (24418, 13693, 'Product14447');
INSERT INTO products (id, item_id, price) VALUES (14447, 24418, 0);
INSERT INTO items (id, venue_id, name) VALUES (24419, 13693, 'Product14448');
INSERT INTO products (id, item_id, price) VALUES (14448, 24419, 0);
INSERT INTO items (id, venue_id, name) VALUES (24420, 13693, 'Product14449');
INSERT INTO products (id, item_id, price) VALUES (14449, 24420, 0);
INSERT INTO items (id, venue_id, name) VALUES (24421, 13693, 'Product14450');
INSERT INTO products (id, item_id, price) VALUES (14450, 24421, 0);
INSERT INTO items (id, venue_id, name) VALUES (24422, 13693, 'Product14451');
INSERT INTO products (id, item_id, price) VALUES (14451, 24422, 0);
INSERT INTO items (id, venue_id, name) VALUES (24423, 13693, 'Product14452');
INSERT INTO products (id, item_id, price) VALUES (14452, 24423, 0);
INSERT INTO items (id, venue_id, name) VALUES (24424, 13693, 'Product14453');
INSERT INTO products (id, item_id, price) VALUES (14453, 24424, 0);
INSERT INTO venues (id, name) VALUES (13698, 'Venue13698');
INSERT INTO items (id, venue_id, name) VALUES (24433, 13698, 'Space19964');
INSERT INTO spaces (id, item_id, hour_price) VALUES (19964, 24433, 0);
INSERT INTO items (id, venue_id, name) VALUES (24434, 13698, 'Space19965');
INSERT INTO spaces (id, item_id, hour_price) VALUES (19965, 24434, 0);
INSERT INTO items (id, venue_id, name) VALUES (24435, 13698, 'Space19966');
INSERT INTO spaces (id, item_id, hour_price) VALUES (19966, 24435, 0);
INSERT INTO items (id, venue_id, name) VALUES (24436, 13698, 'Space19967');
INSERT INTO spaces (id, item_id, hour_price) VALUES (19967, 24436, 0);
INSERT INTO items (id, venue_id, name) VALUES (24437, 13698, 'Space19968');
INSERT INTO spaces (id, item_id, hour_price) VALUES (19968, 24437, 0);
INSERT INTO items (id, venue_id, name) VALUES (24438, 13698, 'Space19969');
INSERT INTO spaces (id, item_id, hour_price) VALUES (19969, 24438, 0);
INSERT INTO items (id, venue_id, name) VALUES (24439, 13698, 'Space19970');
INSERT INTO spaces (id, item_id, hour_price) VALUES (19970, 24439, 0);
INSERT INTO items (id, venue_id, name) VALUES (24440, 13698, 'Product14462');
INSERT INTO products (id, item_id, price) VALUES (14462, 24440, 0);
INSERT INTO items (id, venue_id, name) VALUES (24441, 13698, 'Product14463');
INSERT INTO products (id, item_id, price) VALUES (14463, 24441, 0);
INSERT INTO items (id, venue_id, name) VALUES (24442, 13698, 'Product14464');
INSERT INTO products (id, item_id, price) VALUES (14464, 24442, 0);
INSERT INTO items (id, venue_id, name) VALUES (24443, 13698, 'Product14465');
INSERT INTO products (id, item_id, price) VALUES (14465, 24443, 0);
INSERT INTO items (id, venue_id, name) VALUES (24444, 13698, 'Product14466');
INSERT INTO products (id, item_id, price) VALUES (14466, 24444, 6);
INSERT INTO venues (id, name) VALUES (13703, 'Venue13703');
INSERT INTO items (id, venue_id, name) VALUES (24456, 13703, 'Space19976');
INSERT INTO spaces (id, item_id, hour_price) VALUES (19976, 24456, 0);
INSERT INTO items (id, venue_id, name) VALUES (24457, 13703, 'Space19977');
INSERT INTO spaces (id, item_id, hour_price) VALUES (19977, 24457, 0);
INSERT INTO items (id, venue_id, name) VALUES (24458, 13703, 'Space19978');
INSERT INTO spaces (id, item_id, hour_price) VALUES (19978, 24458, 0);
INSERT INTO items (id, venue_id, name) VALUES (24459, 13703, 'Space19979');
INSERT INTO spaces (id, item_id, hour_price) VALUES (19979, 24459, 0);
INSERT INTO items (id, venue_id, name) VALUES (24460, 13703, 'Space19980');
INSERT INTO spaces (id, item_id, hour_price) VALUES (19980, 24460, 0);
INSERT INTO items (id, venue_id, name) VALUES (24461, 13703, 'Space19981');
INSERT INTO spaces (id, item_id, hour_price) VALUES (19981, 24461, 0);
INSERT INTO items (id, venue_id, name) VALUES (24462, 13703, 'Space19982');
INSERT INTO spaces (id, item_id, hour_price) VALUES (19982, 24462, 10);
INSERT INTO items (id, venue_id, name) VALUES (24463, 13703, 'Product14473');
INSERT INTO products (id, item_id, price) VALUES (14473, 24463, 2.5);
INSERT INTO items (id, venue_id, name) VALUES (24464, 13703, 'Product14474');
INSERT INTO products (id, item_id, price) VALUES (14474, 24464, 2.8);
INSERT INTO items (id, venue_id, name) VALUES (24465, 13703, 'Product14475');
INSERT INTO products (id, item_id, price) VALUES (14475, 24465, 20);
INSERT INTO items (id, venue_id, name) VALUES (24466, 13703, 'Product14476');
INSERT INTO products (id, item_id, price) VALUES (14476, 24466, 9.5);
INSERT INTO items (id, venue_id, name) VALUES (24467, 13703, 'Product14477');
INSERT INTO products (id, item_id, price) VALUES (14477, 24467, 75);
INSERT INTO items (id, venue_id, name) VALUES (24468, 13703, 'Product14478');
INSERT INTO products (id, item_id, price) VALUES (14478, 24468, 75);
INSERT INTO items (id, venue_id, name) VALUES (24469, 13703, 'Product14479');
INSERT INTO products (id, item_id, price) VALUES (14479, 24469, 50);
INSERT INTO items (id, venue_id, name) VALUES (24470, 13703, 'Product14480');
INSERT INTO products (id, item_id, price) VALUES (14480, 24470, 50);
INSERT INTO items (id, venue_id, name) VALUES (24471, 13703, 'Product14481');
INSERT INTO products (id, item_id, price) VALUES (14481, 24471, 5);
INSERT INTO items (id, venue_id, name) VALUES (24472, 13703, 'Product14482');
INSERT INTO products (id, item_id, price) VALUES (14482, 24472, 25);
INSERT INTO items (id, venue_id, name) VALUES (24473, 13703, 'Product14483');
INSERT INTO products (id, item_id, price) VALUES (14483, 24473, 5);
INSERT INTO items (id, venue_id, name) VALUES (24474, 13703, 'Product14484');
INSERT INTO products (id, item_id, price) VALUES (14484, 24474, 25);
INSERT INTO items (id, venue_id, name) VALUES (24475, 13703, 'Product14485');
INSERT INTO products (id, item_id, price) VALUES (14485, 24475, 10);
INSERT INTO items (id, venue_id, name) VALUES (24476, 13703, 'Product14486');
INSERT INTO products (id, item_id, price) VALUES (14486, 24476, 50);
INSERT INTO items (id, venue_id, name) VALUES (24477, 13703, 'Product14487');
INSERT INTO products (id, item_id, price) VALUES (14487, 24477, 25);
INSERT INTO items (id, venue_id, name) VALUES (24478, 13703, 'Product14488');
INSERT INTO products (id, item_id, price) VALUES (14488, 24478, 20);
INSERT INTO items (id, venue_id, name) VALUES (24479, 13703, 'Product14489');
INSERT INTO products (id, item_id, price) VALUES (14489, 24479, 36);
INSERT INTO items (id, venue_id, name) VALUES (24480, 13703, 'Product14490');
INSERT INTO products (id, item_id, price) VALUES (14490, 24480, 41.5);
INSERT INTO items (id, venue_id, name) VALUES (24481, 13703, 'Product14491');
INSERT INTO products (id, item_id, price) VALUES (14491, 24481, 63.5);
INSERT INTO venues (id, name) VALUES (13707, 'Venue13707');
INSERT INTO items (id, venue_id, name) VALUES (24482, 13707, 'Space19983');
INSERT INTO spaces (id, item_id, hour_price) VALUES (19983, 24482, 0);
INSERT INTO items (id, venue_id, name) VALUES (24483, 13707, 'Space19984');
INSERT INTO spaces (id, item_id, hour_price) VALUES (19984, 24483, 0);
INSERT INTO items (id, venue_id, name) VALUES (24484, 13707, 'Space19985');
INSERT INTO spaces (id, item_id, hour_price) VALUES (19985, 24484, 0);
INSERT INTO items (id, venue_id, name) VALUES (24485, 13707, 'Space19986');
INSERT INTO spaces (id, item_id, hour_price) VALUES (19986, 24485, 0);
INSERT INTO items (id, venue_id, name) VALUES (24486, 13707, 'Space19987');
INSERT INTO spaces (id, item_id, hour_price) VALUES (19987, 24486, 0);
INSERT INTO items (id, venue_id, name) VALUES (24487, 13707, 'Space19988');
INSERT INTO spaces (id, item_id, hour_price) VALUES (19988, 24487, 0);
INSERT INTO items (id, venue_id, name) VALUES (24488, 13707, 'Space19989');
INSERT INTO spaces (id, item_id, hour_price) VALUES (19989, 24488, 25);
INSERT INTO items (id, venue_id, name) VALUES (24489, 13707, 'Space19990');
INSERT INTO spaces (id, item_id, hour_price) VALUES (19990, 24489, 15);
INSERT INTO items (id, venue_id, name) VALUES (24490, 13707, 'Product14492');
INSERT INTO products (id, item_id, price) VALUES (14492, 24490, 2);
INSERT INTO items (id, venue_id, name) VALUES (24491, 13707, 'Product14493');
INSERT INTO products (id, item_id, price) VALUES (14493, 24491, 2);
INSERT INTO items (id, venue_id, name) VALUES (24492, 13707, 'Product14494');
INSERT INTO products (id, item_id, price) VALUES (14494, 24492, 10);
INSERT INTO items (id, venue_id, name) VALUES (24493, 13707, 'Product14495');
INSERT INTO products (id, item_id, price) VALUES (14495, 24493, 0);
INSERT INTO items (id, venue_id, name) VALUES (24494, 13707, 'Product14496');
INSERT INTO products (id, item_id, price) VALUES (14496, 24494, 0);
INSERT INTO venues (id, name) VALUES (13710, 'Venue13710');
INSERT INTO items (id, venue_id, name) VALUES (24509, 13710, 'Space19997');
INSERT INTO spaces (id, item_id, hour_price) VALUES (19997, 24509, 0);
INSERT INTO items (id, venue_id, name) VALUES (24510, 13710, 'Space19998');
INSERT INTO spaces (id, item_id, hour_price) VALUES (19998, 24510, 0);
INSERT INTO items (id, venue_id, name) VALUES (24511, 13710, 'Space19999');
INSERT INTO spaces (id, item_id, hour_price) VALUES (19999, 24511, 0);
INSERT INTO items (id, venue_id, name) VALUES (24512, 13710, 'Space20000');
INSERT INTO spaces (id, item_id, hour_price) VALUES (20000, 24512, 0);
INSERT INTO items (id, venue_id, name) VALUES (24513, 13710, 'Space20001');
INSERT INTO spaces (id, item_id, hour_price) VALUES (20001, 24513, 0);
INSERT INTO items (id, venue_id, name) VALUES (24514, 13710, 'Space20002');
INSERT INTO spaces (id, item_id, hour_price) VALUES (20002, 24514, 0);
INSERT INTO venues (id, name) VALUES (13715, 'Venue13715');
INSERT INTO items (id, venue_id, name) VALUES (24530, 13715, 'Space20004');
INSERT INTO spaces (id, item_id, hour_price) VALUES (20004, 24530, 0);
INSERT INTO items (id, venue_id, name) VALUES (24531, 13715, 'Space20005');
INSERT INTO spaces (id, item_id, hour_price) VALUES (20005, 24531, 0);
INSERT INTO items (id, venue_id, name) VALUES (24532, 13715, 'Space20006');
INSERT INTO spaces (id, item_id, hour_price) VALUES (20006, 24532, 0);
INSERT INTO items (id, venue_id, name) VALUES (24533, 13715, 'Space20007');
INSERT INTO spaces (id, item_id, hour_price) VALUES (20007, 24533, 0);
INSERT INTO items (id, venue_id, name) VALUES (24534, 13715, 'Space20008');
INSERT INTO spaces (id, item_id, hour_price) VALUES (20008, 24534, 0);
INSERT INTO items (id, venue_id, name) VALUES (24535, 13715, 'Space20009');
INSERT INTO spaces (id, item_id, hour_price) VALUES (20009, 24535, 0);
INSERT INTO items (id, venue_id, name) VALUES (24537, 13715, 'Product14519');
INSERT INTO products (id, item_id, price) VALUES (14519, 24537, 4);
INSERT INTO items (id, venue_id, name) VALUES (24538, 13715, 'Product14520');
INSERT INTO products (id, item_id, price) VALUES (14520, 24538, 17.5);
INSERT INTO items (id, venue_id, name) VALUES (24539, 13715, 'Product14521');
INSERT INTO products (id, item_id, price) VALUES (14521, 24539, 80);
INSERT INTO items (id, venue_id, name) VALUES (24540, 13715, 'Space20011');
INSERT INTO spaces (id, item_id, hour_price) VALUES (20011, 24540, 50);
INSERT INTO venues (id, name) VALUES (13719, 'Venue13719');
INSERT INTO items (id, venue_id, name) VALUES (24541, 13719, 'Space20012');
INSERT INTO spaces (id, item_id, hour_price) VALUES (20012, 24541, 0);
INSERT INTO items (id, venue_id, name) VALUES (24542, 13719, 'Space20013');
INSERT INTO spaces (id, item_id, hour_price) VALUES (20013, 24542, 0);
INSERT INTO items (id, venue_id, name) VALUES (24543, 13719, 'Space20014');
INSERT INTO spaces (id, item_id, hour_price) VALUES (20014, 24543, 0);
INSERT INTO items (id, venue_id, name) VALUES (24544, 13719, 'Space20015');
INSERT INTO spaces (id, item_id, hour_price) VALUES (20015, 24544, 0);
INSERT INTO items (id, venue_id, name) VALUES (24545, 13719, 'Space20016');
INSERT INTO spaces (id, item_id, hour_price) VALUES (20016, 24545, 0);
INSERT INTO items (id, venue_id, name) VALUES (24546, 13719, 'Space20017');
INSERT INTO spaces (id, item_id, hour_price) VALUES (20017, 24546, 0);
INSERT INTO items (id, venue_id, name) VALUES (24547, 13719, 'Space20018');
INSERT INTO spaces (id, item_id, hour_price) VALUES (20018, 24547, 10);
INSERT INTO items (id, venue_id, name) VALUES (24548, 13719, 'Space20019');
INSERT INTO spaces (id, item_id, hour_price) VALUES (20019, 24548, 15);
INSERT INTO venues (id, name) VALUES (13727, 'Venue13727');
INSERT INTO items (id, venue_id, name) VALUES (24560, 13727, 'Space20029');
INSERT INTO spaces (id, item_id, hour_price) VALUES (20029, 24560, 0);
INSERT INTO items (id, venue_id, name) VALUES (24561, 13727, 'Space20030');
INSERT INTO spaces (id, item_id, hour_price) VALUES (20030, 24561, 0);
INSERT INTO items (id, venue_id, name) VALUES (24562, 13727, 'Space20031');
INSERT INTO spaces (id, item_id, hour_price) VALUES (20031, 24562, 0);
INSERT INTO items (id, venue_id, name) VALUES (24563, 13727, 'Space20032');
INSERT INTO spaces (id, item_id, hour_price) VALUES (20032, 24563, 0);
INSERT INTO items (id, venue_id, name) VALUES (24564, 13727, 'Space20033');
INSERT INTO spaces (id, item_id, hour_price) VALUES (20033, 24564, 0);
INSERT INTO items (id, venue_id, name) VALUES (24565, 13727, 'Space20034');
INSERT INTO spaces (id, item_id, hour_price) VALUES (20034, 24565, 0);
INSERT INTO items (id, venue_id, name) VALUES (24566, 13727, 'Space20035');
INSERT INTO spaces (id, item_id, hour_price) VALUES (20035, 24566, 9.6);
INSERT INTO items (id, venue_id, name) VALUES (24567, 13727, 'Space20036');
INSERT INTO spaces (id, item_id, hour_price) VALUES (20036, 24567, 14.6);
INSERT INTO items (id, venue_id, name) VALUES (24568, 13727, 'Space20037');
INSERT INTO spaces (id, item_id, hour_price) VALUES (20037, 24568, 12);
INSERT INTO items (id, venue_id, name) VALUES (24569, 13727, 'Product14524');
INSERT INTO products (id, item_id, price) VALUES (14524, 24569, 2);
INSERT INTO items (id, venue_id, name) VALUES (24570, 13727, 'Product14525');
INSERT INTO products (id, item_id, price) VALUES (14525, 24570, 15);
INSERT INTO items (id, venue_id, name) VALUES (24571, 13727, 'Product14526');
INSERT INTO products (id, item_id, price) VALUES (14526, 24571, 5);
INSERT INTO items (id, venue_id, name) VALUES (24572, 13727, 'Product14527');
INSERT INTO products (id, item_id, price) VALUES (14527, 24572, 20);
INSERT INTO venues (id, name) VALUES (13731, 'Venue13731');
INSERT INTO items (id, venue_id, name) VALUES (24573, 13731, 'Space20038');
INSERT INTO spaces (id, item_id, hour_price) VALUES (20038, 24573, 0);
INSERT INTO items (id, venue_id, name) VALUES (24574, 13731, 'Space20039');
INSERT INTO spaces (id, item_id, hour_price) VALUES (20039, 24574, 0);
INSERT INTO items (id, venue_id, name) VALUES (24575, 13731, 'Space20040');
INSERT INTO spaces (id, item_id, hour_price) VALUES (20040, 24575, 0);
INSERT INTO items (id, venue_id, name) VALUES (24576, 13731, 'Space20041');
INSERT INTO spaces (id, item_id, hour_price) VALUES (20041, 24576, 0);
INSERT INTO items (id, venue_id, name) VALUES (24577, 13731, 'Space20042');
INSERT INTO spaces (id, item_id, hour_price) VALUES (20042, 24577, 0);
INSERT INTO items (id, venue_id, name) VALUES (24578, 13731, 'Space20043');
INSERT INTO spaces (id, item_id, hour_price) VALUES (20043, 24578, 0);
INSERT INTO items (id, venue_id, name) VALUES (24579, 13731, 'Space20044');
INSERT INTO spaces (id, item_id, hour_price) VALUES (20044, 24579, 15);
INSERT INTO items (id, venue_id, name) VALUES (24580, 13731, 'Space20045');
INSERT INTO spaces (id, item_id, hour_price) VALUES (20045, 24580, 5);
INSERT INTO items (id, venue_id, name) VALUES (24581, 13731, 'Space20046');
INSERT INTO spaces (id, item_id, hour_price) VALUES (20046, 24581, 5);
INSERT INTO items (id, venue_id, name) VALUES (24582, 13731, 'Product14528');
INSERT INTO products (id, item_id, price) VALUES (14528, 24582, 0);
INSERT INTO items (id, venue_id, name) VALUES (24583, 13731, 'Product14529');
INSERT INTO products (id, item_id, price) VALUES (14529, 24583, 0);
INSERT INTO items (id, venue_id, name) VALUES (24584, 13731, 'Product14530');
INSERT INTO products (id, item_id, price) VALUES (14530, 24584, 0);
INSERT INTO items (id, venue_id, name) VALUES (24585, 13731, 'Product14531');
INSERT INTO products (id, item_id, price) VALUES (14531, 24585, 0);
INSERT INTO items (id, venue_id, name) VALUES (24586, 13731, 'Product14532');
INSERT INTO products (id, item_id, price) VALUES (14532, 24586, 0);
INSERT INTO items (id, venue_id, name) VALUES (24587, 13731, 'Product14533');
INSERT INTO products (id, item_id, price) VALUES (14533, 24587, 0);
INSERT INTO items (id, venue_id, name) VALUES (24588, 13731, 'Product14534');
INSERT INTO products (id, item_id, price) VALUES (14534, 24588, 3);
INSERT INTO items (id, venue_id, name) VALUES (24589, 13731, 'Product14535');
INSERT INTO products (id, item_id, price) VALUES (14535, 24589, 10);
INSERT INTO items (id, venue_id, name) VALUES (24590, 13731, 'Product14536');
INSERT INTO products (id, item_id, price) VALUES (14536, 24590, 0);
INSERT INTO items (id, venue_id, name) VALUES (24591, 13731, 'Product14537');
INSERT INTO products (id, item_id, price) VALUES (14537, 24591, 0);
INSERT INTO items (id, venue_id, name) VALUES (26023, 13731, 'Space20681');
INSERT INTO spaces (id, item_id, hour_price) VALUES (20681, 26023, 15);
INSERT INTO items (id, venue_id, name) VALUES (26024, 13731, 'Space20682');
INSERT INTO spaces (id, item_id, hour_price) VALUES (20682, 26024, 5);
INSERT INTO items (id, venue_id, name) VALUES (26025, 13731, 'Space20683');
INSERT INTO spaces (id, item_id, hour_price) VALUES (20683, 26025, 15);
INSERT INTO items (id, venue_id, name) VALUES (26026, 13731, 'Space20684');
INSERT INTO spaces (id, item_id, hour_price) VALUES (20684, 26026, 15);
INSERT INTO items (id, venue_id, name) VALUES (26027, 13731, 'Space20685');
INSERT INTO spaces (id, item_id, hour_price) VALUES (20685, 26027, 15);
INSERT INTO items (id, venue_id, name) VALUES (26028, 13731, 'Space20686');
INSERT INTO spaces (id, item_id, hour_price) VALUES (20686, 26028, 15);
INSERT INTO items (id, venue_id, name) VALUES (26029, 13731, 'Space20687');
INSERT INTO spaces (id, item_id, hour_price) VALUES (20687, 26029, 15);
INSERT INTO items (id, venue_id, name) VALUES (26030, 13731, 'Space20688');
INSERT INTO spaces (id, item_id, hour_price) VALUES (20688, 26030, 8);
INSERT INTO items (id, venue_id, name) VALUES (26031, 13731, 'Space20689');
INSERT INTO spaces (id, item_id, hour_price) VALUES (20689, 26031, 5);
INSERT INTO venues (id, name) VALUES (13736, 'Venue13736');
INSERT INTO items (id, venue_id, name) VALUES (24601, 13736, 'Space20048');
INSERT INTO spaces (id, item_id, hour_price) VALUES (20048, 24601, 0);
INSERT INTO items (id, venue_id, name) VALUES (24602, 13736, 'Space20049');
INSERT INTO spaces (id, item_id, hour_price) VALUES (20049, 24602, 0);
INSERT INTO items (id, venue_id, name) VALUES (24603, 13736, 'Space20050');
INSERT INTO spaces (id, item_id, hour_price) VALUES (20050, 24603, 0);
INSERT INTO items (id, venue_id, name) VALUES (24604, 13736, 'Space20051');
INSERT INTO spaces (id, item_id, hour_price) VALUES (20051, 24604, 0);
INSERT INTO items (id, venue_id, name) VALUES (24605, 13736, 'Space20052');
INSERT INTO spaces (id, item_id, hour_price) VALUES (20052, 24605, 0);
INSERT INTO items (id, venue_id, name) VALUES (24606, 13736, 'Space20053');
INSERT INTO spaces (id, item_id, hour_price) VALUES (20053, 24606, 0);
INSERT INTO items (id, venue_id, name) VALUES (24607, 13736, 'Space20054');
INSERT INTO spaces (id, item_id, hour_price) VALUES (20054, 24607, 33);
INSERT INTO items (id, venue_id, name) VALUES (24608, 13736, 'Space20055');
INSERT INTO spaces (id, item_id, hour_price) VALUES (20055, 24608, 22);
INSERT INTO items (id, venue_id, name) VALUES (24609, 13736, 'Space20056');
INSERT INTO spaces (id, item_id, hour_price) VALUES (20056, 24609, 33);
INSERT INTO items (id, venue_id, name) VALUES (24610, 13736, 'Space20057');
INSERT INTO spaces (id, item_id, hour_price) VALUES (20057, 24610, 55);
INSERT INTO items (id, venue_id, name) VALUES (24611, 13736, 'Space20058');
INSERT INTO spaces (id, item_id, hour_price) VALUES (20058, 24611, 27.5);
INSERT INTO items (id, venue_id, name) VALUES (24612, 13736, 'Space20059');
INSERT INTO spaces (id, item_id, hour_price) VALUES (20059, 24612, 68.75);
INSERT INTO items (id, venue_id, name) VALUES (24613, 13736, 'Space20060');
INSERT INTO spaces (id, item_id, hour_price) VALUES (20060, 24613, 62.5);
INSERT INTO items (id, venue_id, name) VALUES (24614, 13736, 'Space20061');
INSERT INTO spaces (id, item_id, hour_price) VALUES (20061, 24614, 62.5);
INSERT INTO items (id, venue_id, name) VALUES (24615, 13736, 'Product14546');
INSERT INTO products (id, item_id, price) VALUES (14546, 24615, 2.1);
INSERT INTO items (id, venue_id, name) VALUES (24616, 13736, 'Product14547');
INSERT INTO products (id, item_id, price) VALUES (14547, 24616, 2.1);
INSERT INTO items (id, venue_id, name) VALUES (24617, 13736, 'Product14548');
INSERT INTO products (id, item_id, price) VALUES (14548, 24617, 18);
INSERT INTO items (id, venue_id, name) VALUES (24618, 13736, 'Product14549');
INSERT INTO products (id, item_id, price) VALUES (14549, 24618, 16);
INSERT INTO items (id, venue_id, name) VALUES (24619, 13736, 'Product14550');
INSERT INTO products (id, item_id, price) VALUES (14550, 24619, 11);
INSERT INTO items (id, venue_id, name) VALUES (24620, 13736, 'Product14551');
INSERT INTO products (id, item_id, price) VALUES (14551, 24620, 50);
INSERT INTO items (id, venue_id, name) VALUES (24621, 13736, 'Product14552');
INSERT INTO products (id, item_id, price) VALUES (14552, 24621, 20);
INSERT INTO items (id, venue_id, name) VALUES (24622, 13736, 'Product14553');
INSERT INTO products (id, item_id, price) VALUES (14553, 24622, 20);
INSERT INTO items (id, venue_id, name) VALUES (24623, 13736, 'Product14554');
INSERT INTO products (id, item_id, price) VALUES (14554, 24623, 45);
INSERT INTO items (id, venue_id, name) VALUES (24624, 13736, 'Product14555');
INSERT INTO products (id, item_id, price) VALUES (14555, 24624, 20);
INSERT INTO items (id, venue_id, name) VALUES (24625, 13736, 'Product14556');
INSERT INTO products (id, item_id, price) VALUES (14556, 24625, 5);
INSERT INTO venues (id, name) VALUES (13741, 'Venue13741');
INSERT INTO items (id, venue_id, name) VALUES (24636, 13741, 'Space20063');
INSERT INTO spaces (id, item_id, hour_price) VALUES (20063, 24636, 0);
INSERT INTO items (id, venue_id, name) VALUES (24637, 13741, 'Space20064');
INSERT INTO spaces (id, item_id, hour_price) VALUES (20064, 24637, 0);
INSERT INTO items (id, venue_id, name) VALUES (24638, 13741, 'Space20065');
INSERT INTO spaces (id, item_id, hour_price) VALUES (20065, 24638, 0);
INSERT INTO items (id, venue_id, name) VALUES (24639, 13741, 'Space20066');
INSERT INTO spaces (id, item_id, hour_price) VALUES (20066, 24639, 0);
INSERT INTO items (id, venue_id, name) VALUES (24640, 13741, 'Space20067');
INSERT INTO spaces (id, item_id, hour_price) VALUES (20067, 24640, 0);
INSERT INTO items (id, venue_id, name) VALUES (24641, 13741, 'Space20068');
INSERT INTO spaces (id, item_id, hour_price) VALUES (20068, 24641, 0);
INSERT INTO items (id, venue_id, name) VALUES (24642, 13741, 'Space20069');
INSERT INTO spaces (id, item_id, hour_price) VALUES (20069, 24642, 20);
INSERT INTO items (id, venue_id, name) VALUES (24643, 13741, 'Product14566');
INSERT INTO products (id, item_id, price) VALUES (14566, 24643, 0);
INSERT INTO items (id, venue_id, name) VALUES (24644, 13741, 'Product14567');
INSERT INTO products (id, item_id, price) VALUES (14567, 24644, 0);
INSERT INTO items (id, venue_id, name) VALUES (24645, 13741, 'Product14568');
INSERT INTO products (id, item_id, price) VALUES (14568, 24645, 0);
INSERT INTO items (id, venue_id, name) VALUES (24646, 13741, 'Product14569');
INSERT INTO products (id, item_id, price) VALUES (14569, 24646, 0);
INSERT INTO items (id, venue_id, name) VALUES (24647, 13741, 'Product14570');
INSERT INTO products (id, item_id, price) VALUES (14570, 24647, 0);
INSERT INTO items (id, venue_id, name) VALUES (24648, 13741, 'Product14571');
INSERT INTO products (id, item_id, price) VALUES (14571, 24648, 0);
INSERT INTO items (id, venue_id, name) VALUES (24649, 13741, 'Product14572');
INSERT INTO products (id, item_id, price) VALUES (14572, 24649, 20);
INSERT INTO items (id, venue_id, name) VALUES (24650, 13741, 'Product14573');
INSERT INTO products (id, item_id, price) VALUES (14573, 24650, 0);
INSERT INTO items (id, venue_id, name) VALUES (24651, 13741, 'Product14574');
INSERT INTO products (id, item_id, price) VALUES (14574, 24651, 0);
INSERT INTO items (id, venue_id, name) VALUES (24652, 13741, 'Product14575');
INSERT INTO products (id, item_id, price) VALUES (14575, 24652, 55);
INSERT INTO venues (id, name) VALUES (13745, 'Venue13745');
INSERT INTO items (id, venue_id, name) VALUES (24653, 13745, 'Space20070');
INSERT INTO spaces (id, item_id, hour_price) VALUES (20070, 24653, 0);
INSERT INTO items (id, venue_id, name) VALUES (24654, 13745, 'Space20071');
INSERT INTO spaces (id, item_id, hour_price) VALUES (20071, 24654, 0);
INSERT INTO items (id, venue_id, name) VALUES (24655, 13745, 'Space20072');
INSERT INTO spaces (id, item_id, hour_price) VALUES (20072, 24655, 0);
INSERT INTO items (id, venue_id, name) VALUES (24656, 13745, 'Space20073');
INSERT INTO spaces (id, item_id, hour_price) VALUES (20073, 24656, 0);
INSERT INTO items (id, venue_id, name) VALUES (24657, 13745, 'Space20074');
INSERT INTO spaces (id, item_id, hour_price) VALUES (20074, 24657, 0);
INSERT INTO items (id, venue_id, name) VALUES (24658, 13745, 'Space20075');
INSERT INTO spaces (id, item_id, hour_price) VALUES (20075, 24658, 0);
INSERT INTO items (id, venue_id, name) VALUES (24659, 13745, 'Space20076');
INSERT INTO spaces (id, item_id, hour_price) VALUES (20076, 24659, 7.5);
INSERT INTO items (id, venue_id, name) VALUES (24664, 13745, 'Product14580');
INSERT INTO products (id, item_id, price) VALUES (14580, 24664, 7.5);
INSERT INTO items (id, venue_id, name) VALUES (24665, 13745, 'Product14581');
INSERT INTO products (id, item_id, price) VALUES (14581, 24665, 5);
INSERT INTO items (id, venue_id, name) VALUES (24666, 13745, 'Product14582');
INSERT INTO products (id, item_id, price) VALUES (14582, 24666, 15);
INSERT INTO items (id, venue_id, name) VALUES (24669, 13745, 'Product14585');
INSERT INTO products (id, item_id, price) VALUES (14585, 24669, 5);
INSERT INTO items (id, venue_id, name) VALUES (24670, 13745, 'Product14586');
INSERT INTO products (id, item_id, price) VALUES (14586, 24670, 15);
INSERT INTO items (id, venue_id, name) VALUES (24671, 13745, 'Product14587');
INSERT INTO products (id, item_id, price) VALUES (14587, 24671, 5);
INSERT INTO items (id, venue_id, name) VALUES (24672, 13745, 'Product14588');
INSERT INTO products (id, item_id, price) VALUES (14588, 24672, 15);
INSERT INTO items (id, venue_id, name) VALUES (25924, 13745, 'Space20641');
INSERT INTO spaces (id, item_id, hour_price) VALUES (20641, 25924, 40);
INSERT INTO venues (id, name) VALUES (13749, 'Venue13749');
INSERT INTO items (id, venue_id, name) VALUES (24673, 13749, 'Space20077');
INSERT INTO spaces (id, item_id, hour_price) VALUES (20077, 24673, 0);
INSERT INTO items (id, venue_id, name) VALUES (24674, 13749, 'Space20078');
INSERT INTO spaces (id, item_id, hour_price) VALUES (20078, 24674, 0);
INSERT INTO items (id, venue_id, name) VALUES (24675, 13749, 'Space20079');
INSERT INTO spaces (id, item_id, hour_price) VALUES (20079, 24675, 0);
INSERT INTO items (id, venue_id, name) VALUES (24676, 13749, 'Space20080');
INSERT INTO spaces (id, item_id, hour_price) VALUES (20080, 24676, 0);
INSERT INTO items (id, venue_id, name) VALUES (24677, 13749, 'Space20081');
INSERT INTO spaces (id, item_id, hour_price) VALUES (20081, 24677, 0);
INSERT INTO items (id, venue_id, name) VALUES (24678, 13749, 'Space20082');
INSERT INTO spaces (id, item_id, hour_price) VALUES (20082, 24678, 0);
INSERT INTO items (id, venue_id, name) VALUES (24679, 13749, 'Space20083');
INSERT INTO spaces (id, item_id, hour_price) VALUES (20083, 24679, 3.2);
INSERT INTO items (id, venue_id, name) VALUES (24695, 13749, 'Product14604');
INSERT INTO products (id, item_id, price) VALUES (14604, 24695, 0);
INSERT INTO items (id, venue_id, name) VALUES (24696, 13749, 'Product14605');
INSERT INTO products (id, item_id, price) VALUES (14605, 24696, 0);
INSERT INTO items (id, venue_id, name) VALUES (27911, 13749, 'Space21599');
INSERT INTO spaces (id, item_id, hour_price) VALUES (21599, 27911, 3.2);
INSERT INTO items (id, venue_id, name) VALUES (27912, 13749, 'Space21600');
INSERT INTO spaces (id, item_id, hour_price) VALUES (21600, 27912, 3.2);
INSERT INTO items (id, venue_id, name) VALUES (27913, 13749, 'Space21601');
INSERT INTO spaces (id, item_id, hour_price) VALUES (21601, 27913, 3.2);
INSERT INTO venues (id, name) VALUES (13754, 'Venue13754');
INSERT INTO items (id, venue_id, name) VALUES (24697, 13754, 'Space20084');
INSERT INTO spaces (id, item_id, hour_price) VALUES (20084, 24697, 0);
INSERT INTO items (id, venue_id, name) VALUES (24698, 13754, 'Space20085');
INSERT INTO spaces (id, item_id, hour_price) VALUES (20085, 24698, 0);
INSERT INTO items (id, venue_id, name) VALUES (24699, 13754, 'Space20086');
INSERT INTO spaces (id, item_id, hour_price) VALUES (20086, 24699, 0);
INSERT INTO items (id, venue_id, name) VALUES (24700, 13754, 'Space20087');
INSERT INTO spaces (id, item_id, hour_price) VALUES (20087, 24700, 0);
INSERT INTO items (id, venue_id, name) VALUES (24701, 13754, 'Space20088');
INSERT INTO spaces (id, item_id, hour_price) VALUES (20088, 24701, 0);
INSERT INTO items (id, venue_id, name) VALUES (24702, 13754, 'Space20089');
INSERT INTO spaces (id, item_id, hour_price) VALUES (20089, 24702, 0);
INSERT INTO items (id, venue_id, name) VALUES (24703, 13754, 'Space20090');
INSERT INTO spaces (id, item_id, hour_price) VALUES (20090, 24703, 16.53);
INSERT INTO items (id, venue_id, name) VALUES (24704, 13754, 'Space20091');
INSERT INTO spaces (id, item_id, hour_price) VALUES (20091, 24704, 16.53);
INSERT INTO items (id, venue_id, name) VALUES (24705, 13754, 'Space20092');
INSERT INTO spaces (id, item_id, hour_price) VALUES (20092, 24705, 33.06);
INSERT INTO items (id, venue_id, name) VALUES (24706, 13754, 'Space20093');
INSERT INTO spaces (id, item_id, hour_price) VALUES (20093, 24706, 8.26);
INSERT INTO items (id, venue_id, name) VALUES (24707, 13754, 'Product14606');
INSERT INTO products (id, item_id, price) VALUES (14606, 24707, 0);
INSERT INTO items (id, venue_id, name) VALUES (24708, 13754, 'Product14607');
INSERT INTO products (id, item_id, price) VALUES (14607, 24708, 0);
INSERT INTO items (id, venue_id, name) VALUES (24709, 13754, 'Product14608');
INSERT INTO products (id, item_id, price) VALUES (14608, 24709, 0);
INSERT INTO items (id, venue_id, name) VALUES (24710, 13754, 'Product14609');
INSERT INTO products (id, item_id, price) VALUES (14609, 24710, 0);
INSERT INTO items (id, venue_id, name) VALUES (24711, 13754, 'Product14610');
INSERT INTO products (id, item_id, price) VALUES (14610, 24711, 0);
INSERT INTO items (id, venue_id, name) VALUES (24712, 13754, 'Product14611');
INSERT INTO products (id, item_id, price) VALUES (14611, 24712, 0);
INSERT INTO items (id, venue_id, name) VALUES (24713, 13754, 'Product14612');
INSERT INTO products (id, item_id, price) VALUES (14612, 24713, 12.74);
INSERT INTO items (id, venue_id, name) VALUES (24714, 13754, 'Product14613');
INSERT INTO products (id, item_id, price) VALUES (14613, 24714, 6.61);
INSERT INTO items (id, venue_id, name) VALUES (24715, 13754, 'Product14614');
INSERT INTO products (id, item_id, price) VALUES (14614, 24715, 16.53);
INSERT INTO items (id, venue_id, name) VALUES (24716, 13754, 'Product14615');
INSERT INTO products (id, item_id, price) VALUES (14615, 24716, 1.65);
INSERT INTO items (id, venue_id, name) VALUES (24717, 13754, 'Product14616');
INSERT INTO products (id, item_id, price) VALUES (14616, 24717, 4.13);
INSERT INTO items (id, venue_id, name) VALUES (24718, 13754, 'Product14617');
INSERT INTO products (id, item_id, price) VALUES (14617, 24718, 1.65);
INSERT INTO items (id, venue_id, name) VALUES (24719, 13754, 'Product14618');
INSERT INTO products (id, item_id, price) VALUES (14618, 24719, 4.13);
INSERT INTO items (id, venue_id, name) VALUES (24720, 13754, 'Product14619');
INSERT INTO products (id, item_id, price) VALUES (14619, 24720, 0);
INSERT INTO items (id, venue_id, name) VALUES (24721, 13754, 'Product14620');
INSERT INTO products (id, item_id, price) VALUES (14620, 24721, 0);
INSERT INTO items (id, venue_id, name) VALUES (24722, 13754, 'Product14621');
INSERT INTO products (id, item_id, price) VALUES (14621, 24722, 10.33);
INSERT INTO items (id, venue_id, name) VALUES (24723, 13754, 'Product14622');
INSERT INTO products (id, item_id, price) VALUES (14622, 24723, 8.26);
INSERT INTO items (id, venue_id, name) VALUES (25848, 13754, 'Product15233');
INSERT INTO products (id, item_id, price) VALUES (15233, 25848, 12.4);
INSERT INTO items (id, venue_id, name) VALUES (25969, 13754, 'Space20660');
INSERT INTO spaces (id, item_id, hour_price) VALUES (20660, 25969, 10.33);
INSERT INTO items (id, venue_id, name) VALUES (25970, 13754, 'Product15302');
INSERT INTO products (id, item_id, price) VALUES (15302, 25970, 4.13);
INSERT INTO items (id, venue_id, name) VALUES (26040, 13754, 'Product15343');
INSERT INTO products (id, item_id, price) VALUES (15343, 26040, 1.65);
INSERT INTO items (id, venue_id, name) VALUES (26041, 13754, 'Product15344');
INSERT INTO products (id, item_id, price) VALUES (15344, 26041, 3.72);
INSERT INTO items (id, venue_id, name) VALUES (26042, 13754, 'Product15345');
INSERT INTO products (id, item_id, price) VALUES (15345, 26042, 1.03);
INSERT INTO items (id, venue_id, name) VALUES (26043, 13754, 'Product15346');
INSERT INTO products (id, item_id, price) VALUES (15346, 26043, 2.48);
INSERT INTO items (id, venue_id, name) VALUES (26044, 13754, 'Product15347');
INSERT INTO products (id, item_id, price) VALUES (15347, 26044, 2.89);
INSERT INTO items (id, venue_id, name) VALUES (26045, 13754, 'Product15348');
INSERT INTO products (id, item_id, price) VALUES (15348, 26045, 2.48);
INSERT INTO items (id, venue_id, name) VALUES (26046, 13754, 'Product15349');
INSERT INTO products (id, item_id, price) VALUES (15349, 26046, 8.26);
INSERT INTO items (id, venue_id, name) VALUES (26047, 13754, 'Product15350');
INSERT INTO products (id, item_id, price) VALUES (15350, 26047, 4.13);
INSERT INTO items (id, venue_id, name) VALUES (26048, 13754, 'Space20690');
INSERT INTO spaces (id, item_id, hour_price) VALUES (20690, 26048, 10.33);
INSERT INTO items (id, venue_id, name) VALUES (26514, 13754, 'Product15626');
INSERT INTO products (id, item_id, price) VALUES (15626, 26514, 4.13);
INSERT INTO items (id, venue_id, name) VALUES (26515, 13754, 'Product15627');
INSERT INTO products (id, item_id, price) VALUES (15627, 26515, 10.33);
INSERT INTO items (id, venue_id, name) VALUES (28098, 13754, 'Space21679');
INSERT INTO spaces (id, item_id, hour_price) VALUES (21679, 28098, 4.96);
INSERT INTO venues (id, name) VALUES (13763, 'Venue13763');
INSERT INTO items (id, venue_id, name) VALUES (24745, 13763, 'Space20101');
INSERT INTO spaces (id, item_id, hour_price) VALUES (20101, 24745, 0);
INSERT INTO items (id, venue_id, name) VALUES (24746, 13763, 'Space20102');
INSERT INTO spaces (id, item_id, hour_price) VALUES (20102, 24746, 0);
INSERT INTO items (id, venue_id, name) VALUES (24747, 13763, 'Space20103');
INSERT INTO spaces (id, item_id, hour_price) VALUES (20103, 24747, 0);
INSERT INTO items (id, venue_id, name) VALUES (24748, 13763, 'Space20104');
INSERT INTO spaces (id, item_id, hour_price) VALUES (20104, 24748, 0);
INSERT INTO items (id, venue_id, name) VALUES (24749, 13763, 'Space20105');
INSERT INTO spaces (id, item_id, hour_price) VALUES (20105, 24749, 0);
INSERT INTO items (id, venue_id, name) VALUES (24750, 13763, 'Space20106');
INSERT INTO spaces (id, item_id, hour_price) VALUES (20106, 24750, 0);
INSERT INTO items (id, venue_id, name) VALUES (24751, 13763, 'Space20107');
INSERT INTO spaces (id, item_id, hour_price) VALUES (20107, 24751, 20);
INSERT INTO items (id, venue_id, name) VALUES (24752, 13763, 'Product14637');
INSERT INTO products (id, item_id, price) VALUES (14637, 24752, 0);
INSERT INTO items (id, venue_id, name) VALUES (24753, 13763, 'Product14638');
INSERT INTO products (id, item_id, price) VALUES (14638, 24753, 0);
INSERT INTO items (id, venue_id, name) VALUES (24754, 13763, 'Product14639');
INSERT INTO products (id, item_id, price) VALUES (14639, 24754, 0);
INSERT INTO items (id, venue_id, name) VALUES (24755, 13763, 'Product14640');
INSERT INTO products (id, item_id, price) VALUES (14640, 24755, 0);
INSERT INTO items (id, venue_id, name) VALUES (24756, 13763, 'Product14641');
INSERT INTO products (id, item_id, price) VALUES (14641, 24756, 0);
INSERT INTO items (id, venue_id, name) VALUES (24757, 13763, 'Product14642');
INSERT INTO products (id, item_id, price) VALUES (14642, 24757, 0);
INSERT INTO items (id, venue_id, name) VALUES (24758, 13763, 'Product14643');
INSERT INTO products (id, item_id, price) VALUES (14643, 24758, 30);
INSERT INTO items (id, venue_id, name) VALUES (24759, 13763, 'Product14644');
INSERT INTO products (id, item_id, price) VALUES (14644, 24759, 0);
INSERT INTO items (id, venue_id, name) VALUES (24760, 13763, 'Product14645');
INSERT INTO products (id, item_id, price) VALUES (14645, 24760, 0);
INSERT INTO items (id, venue_id, name) VALUES (24761, 13763, 'Product14646');
INSERT INTO products (id, item_id, price) VALUES (14646, 24761, 0);
INSERT INTO items (id, venue_id, name) VALUES (24762, 13763, 'Product14647');
INSERT INTO products (id, item_id, price) VALUES (14647, 24762, 0);
INSERT INTO items (id, venue_id, name) VALUES (24763, 13763, 'Product14648');
INSERT INTO products (id, item_id, price) VALUES (14648, 24763, 0);
INSERT INTO items (id, venue_id, name) VALUES (24764, 13763, 'Product14649');
INSERT INTO products (id, item_id, price) VALUES (14649, 24764, 0);
INSERT INTO items (id, venue_id, name) VALUES (24765, 13763, 'Product14650');
INSERT INTO products (id, item_id, price) VALUES (14650, 24765, 0);
INSERT INTO items (id, venue_id, name) VALUES (24766, 13763, 'Product14651');
INSERT INTO products (id, item_id, price) VALUES (14651, 24766, 0);
INSERT INTO items (id, venue_id, name) VALUES (24767, 13763, 'Product14652');
INSERT INTO products (id, item_id, price) VALUES (14652, 24767, 0);
INSERT INTO items (id, venue_id, name) VALUES (24768, 13763, 'Product14653');
INSERT INTO products (id, item_id, price) VALUES (14653, 24768, 0);
INSERT INTO venues (id, name) VALUES (13768, 'Venue13768');
INSERT INTO items (id, venue_id, name) VALUES (24769, 13768, 'Space20108');
INSERT INTO spaces (id, item_id, hour_price) VALUES (20108, 24769, 0);
INSERT INTO items (id, venue_id, name) VALUES (24770, 13768, 'Space20109');
INSERT INTO spaces (id, item_id, hour_price) VALUES (20109, 24770, 0);
INSERT INTO items (id, venue_id, name) VALUES (24771, 13768, 'Space20110');
INSERT INTO spaces (id, item_id, hour_price) VALUES (20110, 24771, 0);
INSERT INTO items (id, venue_id, name) VALUES (24772, 13768, 'Space20111');
INSERT INTO spaces (id, item_id, hour_price) VALUES (20111, 24772, 0);
INSERT INTO items (id, venue_id, name) VALUES (24773, 13768, 'Space20112');
INSERT INTO spaces (id, item_id, hour_price) VALUES (20112, 24773, 0);
INSERT INTO items (id, venue_id, name) VALUES (24774, 13768, 'Space20113');
INSERT INTO spaces (id, item_id, hour_price) VALUES (20113, 24774, 0);
INSERT INTO items (id, venue_id, name) VALUES (24775, 13768, 'Space20114');
INSERT INTO spaces (id, item_id, hour_price) VALUES (20114, 24775, 6);
INSERT INTO items (id, venue_id, name) VALUES (24776, 13768, 'Product14654');
INSERT INTO products (id, item_id, price) VALUES (14654, 24776, 2);
INSERT INTO items (id, venue_id, name) VALUES (24777, 13768, 'Product14655');
INSERT INTO products (id, item_id, price) VALUES (14655, 24777, 2);
INSERT INTO items (id, venue_id, name) VALUES (24778, 13768, 'Product14656');
INSERT INTO products (id, item_id, price) VALUES (14656, 24778, 7.5);
INSERT INTO items (id, venue_id, name) VALUES (24779, 13768, 'Product14657');
INSERT INTO products (id, item_id, price) VALUES (14657, 24779, 5);
INSERT INTO items (id, venue_id, name) VALUES (24780, 13768, 'Product14658');
INSERT INTO products (id, item_id, price) VALUES (14658, 24780, 4);
INSERT INTO items (id, venue_id, name) VALUES (24781, 13768, 'Product14659');
INSERT INTO products (id, item_id, price) VALUES (14659, 24781, 7.5);
INSERT INTO items (id, venue_id, name) VALUES (24782, 13768, 'Product14660');
INSERT INTO products (id, item_id, price) VALUES (14660, 24782, 17.5);
INSERT INTO items (id, venue_id, name) VALUES (24783, 13768, 'Product14661');
INSERT INTO products (id, item_id, price) VALUES (14661, 24783, 0);
INSERT INTO items (id, venue_id, name) VALUES (24784, 13768, 'Product14662');
INSERT INTO products (id, item_id, price) VALUES (14662, 24784, 0);
INSERT INTO items (id, venue_id, name) VALUES (24785, 13768, 'Product14663');
INSERT INTO products (id, item_id, price) VALUES (14663, 24785, 0);
INSERT INTO items (id, venue_id, name) VALUES (24786, 13768, 'Product14664');
INSERT INTO products (id, item_id, price) VALUES (14664, 24786, 0);
INSERT INTO items (id, venue_id, name) VALUES (24787, 13768, 'Product14665');
INSERT INTO products (id, item_id, price) VALUES (14665, 24787, 0);
INSERT INTO items (id, venue_id, name) VALUES (24788, 13768, 'Product14666');
INSERT INTO products (id, item_id, price) VALUES (14666, 24788, 0);
INSERT INTO items (id, venue_id, name) VALUES (24789, 13768, 'Product14667');
INSERT INTO products (id, item_id, price) VALUES (14667, 24789, 0);
INSERT INTO items (id, venue_id, name) VALUES (24790, 13768, 'Product14668');
INSERT INTO products (id, item_id, price) VALUES (14668, 24790, 0);
INSERT INTO items (id, venue_id, name) VALUES (24791, 13768, 'Product14669');
INSERT INTO products (id, item_id, price) VALUES (14669, 24791, 0);
INSERT INTO items (id, venue_id, name) VALUES (24792, 13768, 'Product14670');
INSERT INTO products (id, item_id, price) VALUES (14670, 24792, 0);
INSERT INTO venues (id, name) VALUES (13772, 'Venue13772');
INSERT INTO items (id, venue_id, name) VALUES (24795, 13772, 'Space20115');
INSERT INTO spaces (id, item_id, hour_price) VALUES (20115, 24795, 0);
INSERT INTO items (id, venue_id, name) VALUES (24796, 13772, 'Space20116');
INSERT INTO spaces (id, item_id, hour_price) VALUES (20116, 24796, 0);
INSERT INTO items (id, venue_id, name) VALUES (24797, 13772, 'Space20117');
INSERT INTO spaces (id, item_id, hour_price) VALUES (20117, 24797, 0);
INSERT INTO items (id, venue_id, name) VALUES (24798, 13772, 'Space20118');
INSERT INTO spaces (id, item_id, hour_price) VALUES (20118, 24798, 0);
INSERT INTO items (id, venue_id, name) VALUES (24799, 13772, 'Space20119');
INSERT INTO spaces (id, item_id, hour_price) VALUES (20119, 24799, 0);
INSERT INTO items (id, venue_id, name) VALUES (24800, 13772, 'Space20120');
INSERT INTO spaces (id, item_id, hour_price) VALUES (20120, 24800, 0);
INSERT INTO items (id, venue_id, name) VALUES (24801, 13772, 'Space20121');
INSERT INTO spaces (id, item_id, hour_price) VALUES (20121, 24801, 6);
INSERT INTO items (id, venue_id, name) VALUES (24802, 13772, 'Space20122');
INSERT INTO spaces (id, item_id, hour_price) VALUES (20122, 24802, 6);
INSERT INTO items (id, venue_id, name) VALUES (24803, 13772, 'Product14673');
INSERT INTO products (id, item_id, price) VALUES (14673, 24803, 2.5);
INSERT INTO items (id, venue_id, name) VALUES (24804, 13772, 'Product14674');
INSERT INTO products (id, item_id, price) VALUES (14674, 24804, 2.5);
INSERT INTO items (id, venue_id, name) VALUES (24805, 13772, 'Product14675');
INSERT INTO products (id, item_id, price) VALUES (14675, 24805, 7.5);
INSERT INTO items (id, venue_id, name) VALUES (24806, 13772, 'Product14676');
INSERT INTO products (id, item_id, price) VALUES (14676, 24806, 5);
INSERT INTO items (id, venue_id, name) VALUES (24807, 13772, 'Product14677');
INSERT INTO products (id, item_id, price) VALUES (14677, 24807, 4);
INSERT INTO items (id, venue_id, name) VALUES (24808, 13772, 'Product14678');
INSERT INTO products (id, item_id, price) VALUES (14678, 24808, 8);
INSERT INTO items (id, venue_id, name) VALUES (24809, 13772, 'Product14679');
INSERT INTO products (id, item_id, price) VALUES (14679, 24809, 17.5);
INSERT INTO items (id, venue_id, name) VALUES (24810, 13772, 'Product14680');
INSERT INTO products (id, item_id, price) VALUES (14680, 24810, 0);
INSERT INTO items (id, venue_id, name) VALUES (24811, 13772, 'Product14681');
INSERT INTO products (id, item_id, price) VALUES (14681, 24811, 0);
INSERT INTO items (id, venue_id, name) VALUES (24812, 13772, 'Product14682');
INSERT INTO products (id, item_id, price) VALUES (14682, 24812, 0);
INSERT INTO items (id, venue_id, name) VALUES (24813, 13772, 'Product14683');
INSERT INTO products (id, item_id, price) VALUES (14683, 24813, 0);
INSERT INTO items (id, venue_id, name) VALUES (24814, 13772, 'Product14684');
INSERT INTO products (id, item_id, price) VALUES (14684, 24814, 0);
INSERT INTO items (id, venue_id, name) VALUES (24815, 13772, 'Product14685');
INSERT INTO products (id, item_id, price) VALUES (14685, 24815, 0);
INSERT INTO items (id, venue_id, name) VALUES (24816, 13772, 'Product14686');
INSERT INTO products (id, item_id, price) VALUES (14686, 24816, 0);
INSERT INTO items (id, venue_id, name) VALUES (24817, 13772, 'Product14687');
INSERT INTO products (id, item_id, price) VALUES (14687, 24817, 0);
INSERT INTO items (id, venue_id, name) VALUES (24818, 13772, 'Product14688');
INSERT INTO products (id, item_id, price) VALUES (14688, 24818, 0);
INSERT INTO items (id, venue_id, name) VALUES (24819, 13772, 'Product14689');
INSERT INTO products (id, item_id, price) VALUES (14689, 24819, 0);
INSERT INTO venues (id, name) VALUES (13776, 'Venue13776');
INSERT INTO items (id, venue_id, name) VALUES (24820, 13776, 'Space20123');
INSERT INTO spaces (id, item_id, hour_price) VALUES (20123, 24820, 0);
INSERT INTO items (id, venue_id, name) VALUES (24821, 13776, 'Space20124');
INSERT INTO spaces (id, item_id, hour_price) VALUES (20124, 24821, 0);
INSERT INTO items (id, venue_id, name) VALUES (24822, 13776, 'Space20125');
INSERT INTO spaces (id, item_id, hour_price) VALUES (20125, 24822, 0);
INSERT INTO items (id, venue_id, name) VALUES (24823, 13776, 'Space20126');
INSERT INTO spaces (id, item_id, hour_price) VALUES (20126, 24823, 0);
INSERT INTO items (id, venue_id, name) VALUES (24824, 13776, 'Space20127');
INSERT INTO spaces (id, item_id, hour_price) VALUES (20127, 24824, 0);
INSERT INTO items (id, venue_id, name) VALUES (24825, 13776, 'Space20128');
INSERT INTO spaces (id, item_id, hour_price) VALUES (20128, 24825, 0);
INSERT INTO items (id, venue_id, name) VALUES (24826, 13776, 'Space20129');
INSERT INTO spaces (id, item_id, hour_price) VALUES (20129, 24826, 12.5);
INSERT INTO items (id, venue_id, name) VALUES (24827, 13776, 'Product14690');
INSERT INTO products (id, item_id, price) VALUES (14690, 24827, 1);
INSERT INTO items (id, venue_id, name) VALUES (24828, 13776, 'Product14691');
INSERT INTO products (id, item_id, price) VALUES (14691, 24828, 5);
INSERT INTO items (id, venue_id, name) VALUES (24829, 13776, 'Product14692');
INSERT INTO products (id, item_id, price) VALUES (14692, 24829, 15);
INSERT INTO items (id, venue_id, name) VALUES (24830, 13776, 'Product14693');
INSERT INTO products (id, item_id, price) VALUES (14693, 24830, 35);
INSERT INTO items (id, venue_id, name) VALUES (24831, 13776, 'Product14694');
INSERT INTO products (id, item_id, price) VALUES (14694, 24831, 10);
INSERT INTO items (id, venue_id, name) VALUES (24832, 13776, 'Product14695');
INSERT INTO products (id, item_id, price) VALUES (14695, 24832, 35);
INSERT INTO venues (id, name) VALUES (13780, 'Venue13780');
INSERT INTO items (id, venue_id, name) VALUES (24833, 13780, 'Space20130');
INSERT INTO spaces (id, item_id, hour_price) VALUES (20130, 24833, 0);
INSERT INTO items (id, venue_id, name) VALUES (24834, 13780, 'Space20131');
INSERT INTO spaces (id, item_id, hour_price) VALUES (20131, 24834, 0);
INSERT INTO items (id, venue_id, name) VALUES (24835, 13780, 'Space20132');
INSERT INTO spaces (id, item_id, hour_price) VALUES (20132, 24835, 0);
INSERT INTO items (id, venue_id, name) VALUES (24836, 13780, 'Space20133');
INSERT INTO spaces (id, item_id, hour_price) VALUES (20133, 24836, 0);
INSERT INTO items (id, venue_id, name) VALUES (24837, 13780, 'Space20134');
INSERT INTO spaces (id, item_id, hour_price) VALUES (20134, 24837, 0);
INSERT INTO items (id, venue_id, name) VALUES (24838, 13780, 'Space20135');
INSERT INTO spaces (id, item_id, hour_price) VALUES (20135, 24838, 0);
INSERT INTO items (id, venue_id, name) VALUES (24839, 13780, 'Space20136');
INSERT INTO spaces (id, item_id, hour_price) VALUES (20136, 24839, 6);
INSERT INTO items (id, venue_id, name) VALUES (24840, 13780, 'Space20137');
INSERT INTO spaces (id, item_id, hour_price) VALUES (20137, 24840, 6);
INSERT INTO items (id, venue_id, name) VALUES (24841, 13780, 'Product14696');
INSERT INTO products (id, item_id, price) VALUES (14696, 24841, 2.5);
INSERT INTO items (id, venue_id, name) VALUES (24842, 13780, 'Product14697');
INSERT INTO products (id, item_id, price) VALUES (14697, 24842, 2);
INSERT INTO items (id, venue_id, name) VALUES (24843, 13780, 'Product14698');
INSERT INTO products (id, item_id, price) VALUES (14698, 24843, 7.5);
INSERT INTO items (id, venue_id, name) VALUES (24844, 13780, 'Product14699');
INSERT INTO products (id, item_id, price) VALUES (14699, 24844, 7.5);
INSERT INTO items (id, venue_id, name) VALUES (24845, 13780, 'Product14700');
INSERT INTO products (id, item_id, price) VALUES (14700, 24845, 4);
INSERT INTO items (id, venue_id, name) VALUES (24846, 13780, 'Product14701');
INSERT INTO products (id, item_id, price) VALUES (14701, 24846, 8);
INSERT INTO items (id, venue_id, name) VALUES (24847, 13780, 'Product14702');
INSERT INTO products (id, item_id, price) VALUES (14702, 24847, 17.5);
INSERT INTO items (id, venue_id, name) VALUES (24848, 13780, 'Product14703');
INSERT INTO products (id, item_id, price) VALUES (14703, 24848, 0);
INSERT INTO items (id, venue_id, name) VALUES (24849, 13780, 'Product14704');
INSERT INTO products (id, item_id, price) VALUES (14704, 24849, 0);
INSERT INTO items (id, venue_id, name) VALUES (24850, 13780, 'Product14705');
INSERT INTO products (id, item_id, price) VALUES (14705, 24850, 0);
INSERT INTO items (id, venue_id, name) VALUES (24851, 13780, 'Product14706');
INSERT INTO products (id, item_id, price) VALUES (14706, 24851, 0);
INSERT INTO items (id, venue_id, name) VALUES (24852, 13780, 'Product14707');
INSERT INTO products (id, item_id, price) VALUES (14707, 24852, 0);
INSERT INTO items (id, venue_id, name) VALUES (24853, 13780, 'Product14708');
INSERT INTO products (id, item_id, price) VALUES (14708, 24853, 0);
INSERT INTO items (id, venue_id, name) VALUES (24854, 13780, 'Product14709');
INSERT INTO products (id, item_id, price) VALUES (14709, 24854, 0);
INSERT INTO items (id, venue_id, name) VALUES (24855, 13780, 'Product14710');
INSERT INTO products (id, item_id, price) VALUES (14710, 24855, 0);
INSERT INTO items (id, venue_id, name) VALUES (24856, 13780, 'Product14711');
INSERT INTO products (id, item_id, price) VALUES (14711, 24856, 0);
INSERT INTO items (id, venue_id, name) VALUES (24857, 13780, 'Product14712');
INSERT INTO products (id, item_id, price) VALUES (14712, 24857, 0);
INSERT INTO venues (id, name) VALUES (13784, 'Venue13784');
INSERT INTO items (id, venue_id, name) VALUES (24872, 13784, 'Space20139');
INSERT INTO spaces (id, item_id, hour_price) VALUES (20139, 24872, 0);
INSERT INTO items (id, venue_id, name) VALUES (24873, 13784, 'Space20140');
INSERT INTO spaces (id, item_id, hour_price) VALUES (20140, 24873, 0);
INSERT INTO items (id, venue_id, name) VALUES (24874, 13784, 'Space20141');
INSERT INTO spaces (id, item_id, hour_price) VALUES (20141, 24874, 0);
INSERT INTO items (id, venue_id, name) VALUES (24875, 13784, 'Space20142');
INSERT INTO spaces (id, item_id, hour_price) VALUES (20142, 24875, 0);
INSERT INTO items (id, venue_id, name) VALUES (24876, 13784, 'Space20143');
INSERT INTO spaces (id, item_id, hour_price) VALUES (20143, 24876, 0);
INSERT INTO items (id, venue_id, name) VALUES (24877, 13784, 'Space20144');
INSERT INTO spaces (id, item_id, hour_price) VALUES (20144, 24877, 0);
INSERT INTO items (id, venue_id, name) VALUES (24878, 13784, 'Space20145');
INSERT INTO spaces (id, item_id, hour_price) VALUES (20145, 24878, 19);
INSERT INTO items (id, venue_id, name) VALUES (24879, 13784, 'Space20146');
INSERT INTO spaces (id, item_id, hour_price) VALUES (20146, 24879, 20);
INSERT INTO items (id, venue_id, name) VALUES (24880, 13784, 'Space20147');
INSERT INTO spaces (id, item_id, hour_price) VALUES (20147, 24880, 19);
INSERT INTO items (id, venue_id, name) VALUES (24881, 13784, 'Space20148');
INSERT INTO spaces (id, item_id, hour_price) VALUES (20148, 24881, 25);
INSERT INTO items (id, venue_id, name) VALUES (24882, 13784, 'Product14726');
INSERT INTO products (id, item_id, price) VALUES (14726, 24882, 0);
INSERT INTO items (id, venue_id, name) VALUES (24883, 13784, 'Product14727');
INSERT INTO products (id, item_id, price) VALUES (14727, 24883, 0);
INSERT INTO items (id, venue_id, name) VALUES (24884, 13784, 'Product14728');
INSERT INTO products (id, item_id, price) VALUES (14728, 24884, 8);
INSERT INTO items (id, venue_id, name) VALUES (24885, 13784, 'Product14729');
INSERT INTO products (id, item_id, price) VALUES (14729, 24885, 8);
INSERT INTO items (id, venue_id, name) VALUES (24886, 13784, 'Product14730');
INSERT INTO products (id, item_id, price) VALUES (14730, 24886, 10);
INSERT INTO items (id, venue_id, name) VALUES (24887, 13784, 'Product14731');
INSERT INTO products (id, item_id, price) VALUES (14731, 24887, 10);
INSERT INTO items (id, venue_id, name) VALUES (24888, 13784, 'Product14732');
INSERT INTO products (id, item_id, price) VALUES (14732, 24888, 50);
INSERT INTO items (id, venue_id, name) VALUES (24889, 13784, 'Product14733');
INSERT INTO products (id, item_id, price) VALUES (14733, 24889, 0);
INSERT INTO items (id, venue_id, name) VALUES (24890, 13784, 'Product14734');
INSERT INTO products (id, item_id, price) VALUES (14734, 24890, 0);
INSERT INTO items (id, venue_id, name) VALUES (24891, 13784, 'Product14735');
INSERT INTO products (id, item_id, price) VALUES (14735, 24891, 5);
INSERT INTO items (id, venue_id, name) VALUES (24892, 13784, 'Product14736');
INSERT INTO products (id, item_id, price) VALUES (14736, 24892, 0);
INSERT INTO items (id, venue_id, name) VALUES (24893, 13784, 'Product14737');
INSERT INTO products (id, item_id, price) VALUES (14737, 24893, 0);
INSERT INTO items (id, venue_id, name) VALUES (25387, 13784, 'Space20423');
INSERT INTO spaces (id, item_id, hour_price) VALUES (20423, 25387, 15);
INSERT INTO items (id, venue_id, name) VALUES (25388, 13784, 'Space20424');
INSERT INTO spaces (id, item_id, hour_price) VALUES (20424, 25388, 3);
INSERT INTO items (id, venue_id, name) VALUES (25389, 13784, 'Space20425');
INSERT INTO spaces (id, item_id, hour_price) VALUES (20425, 25389, 4);
INSERT INTO items (id, venue_id, name) VALUES (25447, 13784, 'Space20453');
INSERT INTO spaces (id, item_id, hour_price) VALUES (20453, 25447, 39);
INSERT INTO items (id, venue_id, name) VALUES (25880, 13784, 'Space20621');
INSERT INTO spaces (id, item_id, hour_price) VALUES (20621, 25880, 12);
INSERT INTO items (id, venue_id, name) VALUES (25881, 13784, 'Space20622');
INSERT INTO spaces (id, item_id, hour_price) VALUES (20622, 25881, 9);
INSERT INTO items (id, venue_id, name) VALUES (25882, 13784, 'Space20623');
INSERT INTO spaces (id, item_id, hour_price) VALUES (20623, 25882, 9);
INSERT INTO items (id, venue_id, name) VALUES (25883, 13784, 'Space20624');
INSERT INTO spaces (id, item_id, hour_price) VALUES (20624, 25883, 9);
INSERT INTO items (id, venue_id, name) VALUES (26863, 13784, 'Space21051');
INSERT INTO spaces (id, item_id, hour_price) VALUES (21051, 26863, 19);
INSERT INTO venues (id, name) VALUES (13788, 'Venue13788');
INSERT INTO items (id, venue_id, name) VALUES (24894, 13788, 'Space20149');
INSERT INTO spaces (id, item_id, hour_price) VALUES (20149, 24894, 0);
INSERT INTO items (id, venue_id, name) VALUES (24895, 13788, 'Space20150');
INSERT INTO spaces (id, item_id, hour_price) VALUES (20150, 24895, 0);
INSERT INTO items (id, venue_id, name) VALUES (24896, 13788, 'Space20151');
INSERT INTO spaces (id, item_id, hour_price) VALUES (20151, 24896, 0);
INSERT INTO items (id, venue_id, name) VALUES (24897, 13788, 'Space20152');
INSERT INTO spaces (id, item_id, hour_price) VALUES (20152, 24897, 0);
INSERT INTO items (id, venue_id, name) VALUES (24898, 13788, 'Space20153');
INSERT INTO spaces (id, item_id, hour_price) VALUES (20153, 24898, 0);
INSERT INTO items (id, venue_id, name) VALUES (24899, 13788, 'Space20154');
INSERT INTO spaces (id, item_id, hour_price) VALUES (20154, 24899, 0);
INSERT INTO items (id, venue_id, name) VALUES (24900, 13788, 'Space20155');
INSERT INTO spaces (id, item_id, hour_price) VALUES (20155, 24900, 15);
INSERT INTO items (id, venue_id, name) VALUES (24901, 13788, 'Space20156');
INSERT INTO spaces (id, item_id, hour_price) VALUES (20156, 24901, 20);
INSERT INTO items (id, venue_id, name) VALUES (24902, 13788, 'Product14738');
INSERT INTO products (id, item_id, price) VALUES (14738, 24902, 0.2);
INSERT INTO items (id, venue_id, name) VALUES (24903, 13788, 'Product14739');
INSERT INTO products (id, item_id, price) VALUES (14739, 24903, 0.2);
INSERT INTO items (id, venue_id, name) VALUES (24904, 13788, 'Product14740');
INSERT INTO products (id, item_id, price) VALUES (14740, 24904, 0.5);
INSERT INTO items (id, venue_id, name) VALUES (24905, 13788, 'Product14741');
INSERT INTO products (id, item_id, price) VALUES (14741, 24905, 0.5);
INSERT INTO items (id, venue_id, name) VALUES (24906, 13788, 'Product14742');
INSERT INTO products (id, item_id, price) VALUES (14742, 24906, 0.5);
INSERT INTO items (id, venue_id, name) VALUES (24907, 13788, 'Product14743');
INSERT INTO products (id, item_id, price) VALUES (14743, 24907, 4);
INSERT INTO items (id, venue_id, name) VALUES (24908, 13788, 'Product14744');
INSERT INTO products (id, item_id, price) VALUES (14744, 24908, 0);
INSERT INTO items (id, venue_id, name) VALUES (24909, 13788, 'Product14745');
INSERT INTO products (id, item_id, price) VALUES (14745, 24909, 0);
INSERT INTO venues (id, name) VALUES (13804, 'Venue13804');
INSERT INTO items (id, venue_id, name) VALUES (24928, 13804, 'Space20175');
INSERT INTO spaces (id, item_id, hour_price) VALUES (20175, 24928, 0);
INSERT INTO items (id, venue_id, name) VALUES (24929, 13804, 'Space20176');
INSERT INTO spaces (id, item_id, hour_price) VALUES (20176, 24929, 0);
INSERT INTO items (id, venue_id, name) VALUES (24930, 13804, 'Space20177');
INSERT INTO spaces (id, item_id, hour_price) VALUES (20177, 24930, 0);
INSERT INTO items (id, venue_id, name) VALUES (24931, 13804, 'Space20178');
INSERT INTO spaces (id, item_id, hour_price) VALUES (20178, 24931, 0);
INSERT INTO items (id, venue_id, name) VALUES (24932, 13804, 'Space20179');
INSERT INTO spaces (id, item_id, hour_price) VALUES (20179, 24932, 0);
INSERT INTO items (id, venue_id, name) VALUES (24933, 13804, 'Space20180');
INSERT INTO spaces (id, item_id, hour_price) VALUES (20180, 24933, 0);
INSERT INTO items (id, venue_id, name) VALUES (24934, 13804, 'Space20181');
INSERT INTO spaces (id, item_id, hour_price) VALUES (20181, 24934, 15);
INSERT INTO items (id, venue_id, name) VALUES (24935, 13804, 'Space20182');
INSERT INTO spaces (id, item_id, hour_price) VALUES (20182, 24935, 20);
INSERT INTO venues (id, name) VALUES (13808, 'Venue13808');
INSERT INTO items (id, venue_id, name) VALUES (24937, 13808, 'Space20184');
INSERT INTO spaces (id, item_id, hour_price) VALUES (20184, 24937, 0);
INSERT INTO items (id, venue_id, name) VALUES (24938, 13808, 'Space20185');
INSERT INTO spaces (id, item_id, hour_price) VALUES (20185, 24938, 0);
INSERT INTO items (id, venue_id, name) VALUES (24939, 13808, 'Space20186');
INSERT INTO spaces (id, item_id, hour_price) VALUES (20186, 24939, 0);
INSERT INTO items (id, venue_id, name) VALUES (24940, 13808, 'Space20187');
INSERT INTO spaces (id, item_id, hour_price) VALUES (20187, 24940, 0);
INSERT INTO items (id, venue_id, name) VALUES (24941, 13808, 'Space20188');
INSERT INTO spaces (id, item_id, hour_price) VALUES (20188, 24941, 0);
INSERT INTO items (id, venue_id, name) VALUES (24942, 13808, 'Space20189');
INSERT INTO spaces (id, item_id, hour_price) VALUES (20189, 24942, 0);
INSERT INTO items (id, venue_id, name) VALUES (24943, 13808, 'Space20190');
INSERT INTO spaces (id, item_id, hour_price) VALUES (20190, 24943, 20);
INSERT INTO items (id, venue_id, name) VALUES (24944, 13808, 'Space20191');
INSERT INTO spaces (id, item_id, hour_price) VALUES (20191, 24944, 25);
INSERT INTO items (id, venue_id, name) VALUES (24945, 13808, 'Space20192');
INSERT INTO spaces (id, item_id, hour_price) VALUES (20192, 24945, 7.5);
INSERT INTO items (id, venue_id, name) VALUES (24946, 13808, 'Product14746');
INSERT INTO products (id, item_id, price) VALUES (14746, 24946, 0);
INSERT INTO items (id, venue_id, name) VALUES (24947, 13808, 'Product14747');
INSERT INTO products (id, item_id, price) VALUES (14747, 24947, 0);
INSERT INTO items (id, venue_id, name) VALUES (24948, 13808, 'Product14748');
INSERT INTO products (id, item_id, price) VALUES (14748, 24948, 0);
INSERT INTO items (id, venue_id, name) VALUES (24949, 13808, 'Product14749');
INSERT INTO products (id, item_id, price) VALUES (14749, 24949, 0);
INSERT INTO items (id, venue_id, name) VALUES (24950, 13808, 'Product14750');
INSERT INTO products (id, item_id, price) VALUES (14750, 24950, 0);
INSERT INTO items (id, venue_id, name) VALUES (24951, 13808, 'Product14751');
INSERT INTO products (id, item_id, price) VALUES (14751, 24951, 0);
INSERT INTO items (id, venue_id, name) VALUES (24952, 13808, 'Product14752');
INSERT INTO products (id, item_id, price) VALUES (14752, 24952, 0);
INSERT INTO items (id, venue_id, name) VALUES (24953, 13808, 'Product14753');
INSERT INTO products (id, item_id, price) VALUES (14753, 24953, 0);
INSERT INTO items (id, venue_id, name) VALUES (24954, 13808, 'Product14754');
INSERT INTO products (id, item_id, price) VALUES (14754, 24954, 0);
INSERT INTO items (id, venue_id, name) VALUES (24955, 13808, 'Product14755');
INSERT INTO products (id, item_id, price) VALUES (14755, 24955, 0);
INSERT INTO items (id, venue_id, name) VALUES (24956, 13808, 'Product14756');
INSERT INTO products (id, item_id, price) VALUES (14756, 24956, 0);
INSERT INTO items (id, venue_id, name) VALUES (24957, 13808, 'Product14757');
INSERT INTO products (id, item_id, price) VALUES (14757, 24957, 0);
INSERT INTO venues (id, name) VALUES (13812, 'Venue13812');
INSERT INTO items (id, venue_id, name) VALUES (24958, 13812, 'Space20193');
INSERT INTO spaces (id, item_id, hour_price) VALUES (20193, 24958, 0);
INSERT INTO items (id, venue_id, name) VALUES (24959, 13812, 'Space20194');
INSERT INTO spaces (id, item_id, hour_price) VALUES (20194, 24959, 0);
INSERT INTO items (id, venue_id, name) VALUES (24960, 13812, 'Space20195');
INSERT INTO spaces (id, item_id, hour_price) VALUES (20195, 24960, 0);
INSERT INTO items (id, venue_id, name) VALUES (24961, 13812, 'Space20196');
INSERT INTO spaces (id, item_id, hour_price) VALUES (20196, 24961, 0);
INSERT INTO items (id, venue_id, name) VALUES (24962, 13812, 'Space20197');
INSERT INTO spaces (id, item_id, hour_price) VALUES (20197, 24962, 0);
INSERT INTO items (id, venue_id, name) VALUES (24963, 13812, 'Space20198');
INSERT INTO spaces (id, item_id, hour_price) VALUES (20198, 24963, 0);
INSERT INTO items (id, venue_id, name) VALUES (24964, 13812, 'Space20199');
INSERT INTO spaces (id, item_id, hour_price) VALUES (20199, 24964, 5.45);
INSERT INTO items (id, venue_id, name) VALUES (24965, 13812, 'Space20200');
INSERT INTO spaces (id, item_id, hour_price) VALUES (20200, 24965, 5.45);
INSERT INTO items (id, venue_id, name) VALUES (24966, 13812, 'Product14758');
INSERT INTO products (id, item_id, price) VALUES (14758, 24966, 0);
INSERT INTO items (id, venue_id, name) VALUES (24967, 13812, 'Product14759');
INSERT INTO products (id, item_id, price) VALUES (14759, 24967, 0);
INSERT INTO items (id, venue_id, name) VALUES (24968, 13812, 'Product14760');
INSERT INTO products (id, item_id, price) VALUES (14760, 24968, 0);
INSERT INTO items (id, venue_id, name) VALUES (24969, 13812, 'Product14761');
INSERT INTO products (id, item_id, price) VALUES (14761, 24969, 0);
INSERT INTO items (id, venue_id, name) VALUES (24970, 13812, 'Product14762');
INSERT INTO products (id, item_id, price) VALUES (14762, 24970, 9.95);
INSERT INTO items (id, venue_id, name) VALUES (24971, 13812, 'Product14763');
INSERT INTO products (id, item_id, price) VALUES (14763, 24971, 10);
INSERT INTO items (id, venue_id, name) VALUES (24972, 13812, 'Product14764');
INSERT INTO products (id, item_id, price) VALUES (14764, 24972, 0);
INSERT INTO items (id, venue_id, name) VALUES (24973, 13812, 'Product14765');
INSERT INTO products (id, item_id, price) VALUES (14765, 24973, 5);
INSERT INTO items (id, venue_id, name) VALUES (24974, 13812, 'Product14766');
INSERT INTO products (id, item_id, price) VALUES (14766, 24974, 0);
INSERT INTO items (id, venue_id, name) VALUES (24975, 13812, 'Product14767');
INSERT INTO products (id, item_id, price) VALUES (14767, 24975, 20);
INSERT INTO items (id, venue_id, name) VALUES (26932, 13812, 'Product15830');
INSERT INTO products (id, item_id, price) VALUES (15830, 26932, 5.45);
INSERT INTO items (id, venue_id, name) VALUES (26933, 13812, 'Product15831');
INSERT INTO products (id, item_id, price) VALUES (15831, 26933, 4.25);
INSERT INTO venues (id, name) VALUES (13817, 'Venue13817');
INSERT INTO items (id, venue_id, name) VALUES (24976, 13817, 'Space20201');
INSERT INTO spaces (id, item_id, hour_price) VALUES (20201, 24976, 0);
INSERT INTO items (id, venue_id, name) VALUES (24977, 13817, 'Space20202');
INSERT INTO spaces (id, item_id, hour_price) VALUES (20202, 24977, 0);
INSERT INTO items (id, venue_id, name) VALUES (24978, 13817, 'Space20203');
INSERT INTO spaces (id, item_id, hour_price) VALUES (20203, 24978, 0);
INSERT INTO items (id, venue_id, name) VALUES (24979, 13817, 'Space20204');
INSERT INTO spaces (id, item_id, hour_price) VALUES (20204, 24979, 0);
INSERT INTO items (id, venue_id, name) VALUES (24980, 13817, 'Space20205');
INSERT INTO spaces (id, item_id, hour_price) VALUES (20205, 24980, 0);
INSERT INTO items (id, venue_id, name) VALUES (24981, 13817, 'Space20206');
INSERT INTO spaces (id, item_id, hour_price) VALUES (20206, 24981, 0);
INSERT INTO items (id, venue_id, name) VALUES (24982, 13817, 'Space20207');
INSERT INTO spaces (id, item_id, hour_price) VALUES (20207, 24982, 206.61);
INSERT INTO items (id, venue_id, name) VALUES (24983, 13817, 'Product14768');
INSERT INTO products (id, item_id, price) VALUES (14768, 24983, 2.6);
INSERT INTO items (id, venue_id, name) VALUES (24984, 13817, 'Product14769');
INSERT INTO products (id, item_id, price) VALUES (14769, 24984, 2.6);
INSERT INTO items (id, venue_id, name) VALUES (24985, 13817, 'Product14770');
INSERT INTO products (id, item_id, price) VALUES (14770, 24985, 12.5);
INSERT INTO items (id, venue_id, name) VALUES (24986, 13817, 'Product14771');
INSERT INTO products (id, item_id, price) VALUES (14771, 24986, 12.5);
INSERT INTO items (id, venue_id, name) VALUES (24987, 13817, 'Product14772');
INSERT INTO products (id, item_id, price) VALUES (14772, 24987, 7.5);
INSERT INTO items (id, venue_id, name) VALUES (24988, 13817, 'Product14773');
INSERT INTO products (id, item_id, price) VALUES (14773, 24988, 7.5);
INSERT INTO items (id, venue_id, name) VALUES (24989, 13817, 'Product14774');
INSERT INTO products (id, item_id, price) VALUES (14774, 24989, 24.5);
INSERT INTO items (id, venue_id, name) VALUES (24990, 13817, 'Product14775');
INSERT INTO products (id, item_id, price) VALUES (14775, 24990, 75);
INSERT INTO items (id, venue_id, name) VALUES (24991, 13817, 'Product14776');
INSERT INTO products (id, item_id, price) VALUES (14776, 24991, 75);
INSERT INTO items (id, venue_id, name) VALUES (24992, 13817, 'Product14777');
INSERT INTO products (id, item_id, price) VALUES (14777, 24992, 75);
INSERT INTO items (id, venue_id, name) VALUES (24993, 13817, 'Product14778');
INSERT INTO products (id, item_id, price) VALUES (14778, 24993, 75);
INSERT INTO items (id, venue_id, name) VALUES (24994, 13817, 'Product14779');
INSERT INTO products (id, item_id, price) VALUES (14779, 24994, 22.5);
INSERT INTO items (id, venue_id, name) VALUES (24995, 13817, 'Product14780');
INSERT INTO products (id, item_id, price) VALUES (14780, 24995, 22.5);
INSERT INTO items (id, venue_id, name) VALUES (24996, 13817, 'Product14781');
INSERT INTO products (id, item_id, price) VALUES (14781, 24996, 45);
INSERT INTO items (id, venue_id, name) VALUES (24997, 13817, 'Product14782');
INSERT INTO products (id, item_id, price) VALUES (14782, 24997, 45);
INSERT INTO items (id, venue_id, name) VALUES (24998, 13817, 'Product14783');
INSERT INTO products (id, item_id, price) VALUES (14783, 24998, 165);
INSERT INTO items (id, venue_id, name) VALUES (24999, 13817, 'Product14784');
INSERT INTO products (id, item_id, price) VALUES (14784, 24999, 165);
INSERT INTO items (id, venue_id, name) VALUES (25000, 13817, 'Product14785');
INSERT INTO products (id, item_id, price) VALUES (14785, 25000, 37.5);
INSERT INTO items (id, venue_id, name) VALUES (25014, 13817, 'Product14792');
INSERT INTO products (id, item_id, price) VALUES (14792, 25014, 122.64);
INSERT INTO items (id, venue_id, name) VALUES (25015, 13817, 'Product14793');
INSERT INTO products (id, item_id, price) VALUES (14793, 25015, 4.6);
INSERT INTO items (id, venue_id, name) VALUES (25020, 13817, 'Product14796');
INSERT INTO products (id, item_id, price) VALUES (14796, 25020, 51.89);
INSERT INTO items (id, venue_id, name) VALUES (25021, 13817, 'Product14797');
INSERT INTO products (id, item_id, price) VALUES (14797, 25021, 14.88);
INSERT INTO venues (id, name) VALUES (13818, 'Venue13818');
INSERT INTO items (id, venue_id, name) VALUES (25003, 13818, 'Space20208');
INSERT INTO spaces (id, item_id, hour_price) VALUES (20208, 25003, 0);
INSERT INTO items (id, venue_id, name) VALUES (25004, 13818, 'Space20209');
INSERT INTO spaces (id, item_id, hour_price) VALUES (20209, 25004, 0);
INSERT INTO items (id, venue_id, name) VALUES (25005, 13818, 'Space20210');
INSERT INTO spaces (id, item_id, hour_price) VALUES (20210, 25005, 0);
INSERT INTO items (id, venue_id, name) VALUES (25006, 13818, 'Space20211');
INSERT INTO spaces (id, item_id, hour_price) VALUES (20211, 25006, 0);
INSERT INTO items (id, venue_id, name) VALUES (25007, 13818, 'Space20212');
INSERT INTO spaces (id, item_id, hour_price) VALUES (20212, 25007, 0);
INSERT INTO items (id, venue_id, name) VALUES (25008, 13818, 'Space20213');
INSERT INTO spaces (id, item_id, hour_price) VALUES (20213, 25008, 0);
INSERT INTO venues (id, name) VALUES (13824, 'Venue13824');
INSERT INTO items (id, venue_id, name) VALUES (25022, 13824, 'Space20217');
INSERT INTO spaces (id, item_id, hour_price) VALUES (20217, 25022, 0);
INSERT INTO items (id, venue_id, name) VALUES (25023, 13824, 'Space20218');
INSERT INTO spaces (id, item_id, hour_price) VALUES (20218, 25023, 0);
INSERT INTO items (id, venue_id, name) VALUES (25024, 13824, 'Space20219');
INSERT INTO spaces (id, item_id, hour_price) VALUES (20219, 25024, 0);
INSERT INTO items (id, venue_id, name) VALUES (25025, 13824, 'Space20220');
INSERT INTO spaces (id, item_id, hour_price) VALUES (20220, 25025, 0);
INSERT INTO items (id, venue_id, name) VALUES (25026, 13824, 'Space20221');
INSERT INTO spaces (id, item_id, hour_price) VALUES (20221, 25026, 0);
INSERT INTO items (id, venue_id, name) VALUES (25027, 13824, 'Space20222');
INSERT INTO spaces (id, item_id, hour_price) VALUES (20222, 25027, 0);
INSERT INTO items (id, venue_id, name) VALUES (25028, 13824, 'Space20223');
INSERT INTO spaces (id, item_id, hour_price) VALUES (20223, 25028, 50);
INSERT INTO items (id, venue_id, name) VALUES (25029, 13824, 'Product14798');
INSERT INTO products (id, item_id, price) VALUES (14798, 25029, 2);
INSERT INTO items (id, venue_id, name) VALUES (25030, 13824, 'Product14799');
INSERT INTO products (id, item_id, price) VALUES (14799, 25030, 2);
INSERT INTO items (id, venue_id, name) VALUES (25031, 13824, 'Product14800');
INSERT INTO products (id, item_id, price) VALUES (14800, 25031, 15);
INSERT INTO items (id, venue_id, name) VALUES (25032, 13824, 'Product14801');
INSERT INTO products (id, item_id, price) VALUES (14801, 25032, 10);
INSERT INTO items (id, venue_id, name) VALUES (25033, 13824, 'Product14802');
INSERT INTO products (id, item_id, price) VALUES (14802, 25033, 4);
INSERT INTO items (id, venue_id, name) VALUES (25034, 13824, 'Product14803');
INSERT INTO products (id, item_id, price) VALUES (14803, 25034, 8);
INSERT INTO items (id, venue_id, name) VALUES (25035, 13824, 'Product14804');
INSERT INTO products (id, item_id, price) VALUES (14804, 25035, 7);
INSERT INTO items (id, venue_id, name) VALUES (25036, 13824, 'Product14805');
INSERT INTO products (id, item_id, price) VALUES (14805, 25036, 50);
INSERT INTO items (id, venue_id, name) VALUES (25037, 13824, 'Product14806');
INSERT INTO products (id, item_id, price) VALUES (14806, 25037, 50);
INSERT INTO items (id, venue_id, name) VALUES (25038, 13824, 'Product14807');
INSERT INTO products (id, item_id, price) VALUES (14807, 25038, 0);
INSERT INTO items (id, venue_id, name) VALUES (25039, 13824, 'Product14808');
INSERT INTO products (id, item_id, price) VALUES (14808, 25039, 0);
INSERT INTO items (id, venue_id, name) VALUES (25040, 13824, 'Product14809');
INSERT INTO products (id, item_id, price) VALUES (14809, 25040, 0);
INSERT INTO items (id, venue_id, name) VALUES (25041, 13824, 'Product14810');
INSERT INTO products (id, item_id, price) VALUES (14810, 25041, 0);
INSERT INTO venues (id, name) VALUES (13829, 'Venue13829');
INSERT INTO items (id, venue_id, name) VALUES (25045, 13829, 'Space20224');
INSERT INTO spaces (id, item_id, hour_price) VALUES (20224, 25045, 0);
INSERT INTO items (id, venue_id, name) VALUES (25046, 13829, 'Space20225');
INSERT INTO spaces (id, item_id, hour_price) VALUES (20225, 25046, 0);
INSERT INTO items (id, venue_id, name) VALUES (25047, 13829, 'Space20226');
INSERT INTO spaces (id, item_id, hour_price) VALUES (20226, 25047, 0);
INSERT INTO items (id, venue_id, name) VALUES (25048, 13829, 'Space20227');
INSERT INTO spaces (id, item_id, hour_price) VALUES (20227, 25048, 0);
INSERT INTO items (id, venue_id, name) VALUES (25049, 13829, 'Space20228');
INSERT INTO spaces (id, item_id, hour_price) VALUES (20228, 25049, 0);
INSERT INTO items (id, venue_id, name) VALUES (25050, 13829, 'Space20229');
INSERT INTO spaces (id, item_id, hour_price) VALUES (20229, 25050, 0);
INSERT INTO items (id, venue_id, name) VALUES (25051, 13829, 'Space20230');
INSERT INTO spaces (id, item_id, hour_price) VALUES (20230, 25051, 25);
INSERT INTO items (id, venue_id, name) VALUES (25052, 13829, 'Product14814');
INSERT INTO products (id, item_id, price) VALUES (14814, 25052, 0);
INSERT INTO items (id, venue_id, name) VALUES (25053, 13829, 'Product14815');
INSERT INTO products (id, item_id, price) VALUES (14815, 25053, 0);
INSERT INTO items (id, venue_id, name) VALUES (25054, 13829, 'Product14816');
INSERT INTO products (id, item_id, price) VALUES (14816, 25054, 0);
INSERT INTO items (id, venue_id, name) VALUES (25055, 13829, 'Product14817');
INSERT INTO products (id, item_id, price) VALUES (14817, 25055, 0);
INSERT INTO items (id, venue_id, name) VALUES (25056, 13829, 'Product14818');
INSERT INTO products (id, item_id, price) VALUES (14818, 25056, 0);
INSERT INTO items (id, venue_id, name) VALUES (25057, 13829, 'Product14819');
INSERT INTO products (id, item_id, price) VALUES (14819, 25057, 0);
INSERT INTO items (id, venue_id, name) VALUES (25058, 13829, 'Product14820');
INSERT INTO products (id, item_id, price) VALUES (14820, 25058, 11.79);
INSERT INTO items (id, venue_id, name) VALUES (25059, 13829, 'Product14821');
INSERT INTO products (id, item_id, price) VALUES (14821, 25059, 0);
INSERT INTO items (id, venue_id, name) VALUES (25060, 13829, 'Product14822');
INSERT INTO products (id, item_id, price) VALUES (14822, 25060, 0);
INSERT INTO items (id, venue_id, name) VALUES (25061, 13829, 'Product14823');
INSERT INTO products (id, item_id, price) VALUES (14823, 25061, 0);
INSERT INTO items (id, venue_id, name) VALUES (25062, 13829, 'Product14824');
INSERT INTO products (id, item_id, price) VALUES (14824, 25062, 0);
INSERT INTO items (id, venue_id, name) VALUES (25063, 13829, 'Product14825');
INSERT INTO products (id, item_id, price) VALUES (14825, 25063, 12.5);
INSERT INTO items (id, venue_id, name) VALUES (25211, 13829, 'Product14883');
INSERT INTO products (id, item_id, price) VALUES (14883, 25211, 7.08);
INSERT INTO items (id, venue_id, name) VALUES (25212, 13829, 'Product14884');
INSERT INTO products (id, item_id, price) VALUES (14884, 25212, 17.45);
INSERT INTO items (id, venue_id, name) VALUES (26656, 13829, 'Product15701');
INSERT INTO products (id, item_id, price) VALUES (15701, 26656, 0);
INSERT INTO venues (id, name) VALUES (13833, 'Venue13833');
INSERT INTO items (id, venue_id, name) VALUES (25066, 13833, 'Space20232');
INSERT INTO spaces (id, item_id, hour_price) VALUES (20232, 25066, 0);
INSERT INTO items (id, venue_id, name) VALUES (25067, 13833, 'Space20233');
INSERT INTO spaces (id, item_id, hour_price) VALUES (20233, 25067, 0);
INSERT INTO items (id, venue_id, name) VALUES (25068, 13833, 'Space20234');
INSERT INTO spaces (id, item_id, hour_price) VALUES (20234, 25068, 0);
INSERT INTO items (id, venue_id, name) VALUES (25069, 13833, 'Space20235');
INSERT INTO spaces (id, item_id, hour_price) VALUES (20235, 25069, 0);
INSERT INTO items (id, venue_id, name) VALUES (25070, 13833, 'Space20236');
INSERT INTO spaces (id, item_id, hour_price) VALUES (20236, 25070, 0);
INSERT INTO items (id, venue_id, name) VALUES (25071, 13833, 'Space20237');
INSERT INTO spaces (id, item_id, hour_price) VALUES (20237, 25071, 0);
INSERT INTO items (id, venue_id, name) VALUES (25072, 13833, 'Space20238');
INSERT INTO spaces (id, item_id, hour_price) VALUES (20238, 25072, 5.31);
INSERT INTO venues (id, name) VALUES (13836, 'Venue13836');
INSERT INTO items (id, venue_id, name) VALUES (25073, 13836, 'Space20239');
INSERT INTO spaces (id, item_id, hour_price) VALUES (20239, 25073, 0);
INSERT INTO items (id, venue_id, name) VALUES (25074, 13836, 'Space20240');
INSERT INTO spaces (id, item_id, hour_price) VALUES (20240, 25074, 0);
INSERT INTO items (id, venue_id, name) VALUES (25075, 13836, 'Space20241');
INSERT INTO spaces (id, item_id, hour_price) VALUES (20241, 25075, 0);
INSERT INTO items (id, venue_id, name) VALUES (25076, 13836, 'Space20242');
INSERT INTO spaces (id, item_id, hour_price) VALUES (20242, 25076, 0);
INSERT INTO items (id, venue_id, name) VALUES (25077, 13836, 'Space20243');
INSERT INTO spaces (id, item_id, hour_price) VALUES (20243, 25077, 0);
INSERT INTO items (id, venue_id, name) VALUES (25078, 13836, 'Space20244');
INSERT INTO spaces (id, item_id, hour_price) VALUES (20244, 25078, 0);
INSERT INTO items (id, venue_id, name) VALUES (25079, 13836, 'Space20245');
INSERT INTO spaces (id, item_id, hour_price) VALUES (20245, 25079, 5.31);
INSERT INTO venues (id, name) VALUES (13839, 'Venue13839');
INSERT INTO items (id, venue_id, name) VALUES (25080, 13839, 'Space20246');
INSERT INTO spaces (id, item_id, hour_price) VALUES (20246, 25080, 0);
INSERT INTO items (id, venue_id, name) VALUES (25081, 13839, 'Space20247');
INSERT INTO spaces (id, item_id, hour_price) VALUES (20247, 25081, 0);
INSERT INTO items (id, venue_id, name) VALUES (25082, 13839, 'Space20248');
INSERT INTO spaces (id, item_id, hour_price) VALUES (20248, 25082, 0);
INSERT INTO items (id, venue_id, name) VALUES (25083, 13839, 'Space20249');
INSERT INTO spaces (id, item_id, hour_price) VALUES (20249, 25083, 0);
INSERT INTO items (id, venue_id, name) VALUES (25084, 13839, 'Space20250');
INSERT INTO spaces (id, item_id, hour_price) VALUES (20250, 25084, 0);
INSERT INTO items (id, venue_id, name) VALUES (25085, 13839, 'Space20251');
INSERT INTO spaces (id, item_id, hour_price) VALUES (20251, 25085, 0);
INSERT INTO items (id, venue_id, name) VALUES (25086, 13839, 'Space20252');
INSERT INTO spaces (id, item_id, hour_price) VALUES (20252, 25086, 5.31);
INSERT INTO venues (id, name) VALUES (13840, 'Venue13840');
INSERT INTO items (id, venue_id, name) VALUES (25088, 13840, 'Space20253');
INSERT INTO spaces (id, item_id, hour_price) VALUES (20253, 25088, 0);
INSERT INTO items (id, venue_id, name) VALUES (25089, 13840, 'Space20254');
INSERT INTO spaces (id, item_id, hour_price) VALUES (20254, 25089, 0);
INSERT INTO items (id, venue_id, name) VALUES (25090, 13840, 'Space20255');
INSERT INTO spaces (id, item_id, hour_price) VALUES (20255, 25090, 0);
INSERT INTO items (id, venue_id, name) VALUES (25091, 13840, 'Space20256');
INSERT INTO spaces (id, item_id, hour_price) VALUES (20256, 25091, 0);
INSERT INTO items (id, venue_id, name) VALUES (25092, 13840, 'Space20257');
INSERT INTO spaces (id, item_id, hour_price) VALUES (20257, 25092, 0);
INSERT INTO items (id, venue_id, name) VALUES (25093, 13840, 'Space20258');
INSERT INTO spaces (id, item_id, hour_price) VALUES (20258, 25093, 0);
INSERT INTO venues (id, name) VALUES (13846, 'Venue13846');
INSERT INTO items (id, venue_id, name) VALUES (25109, 13846, 'Space20268');
INSERT INTO spaces (id, item_id, hour_price) VALUES (20268, 25109, 0);
INSERT INTO items (id, venue_id, name) VALUES (25110, 13846, 'Space20269');
INSERT INTO spaces (id, item_id, hour_price) VALUES (20269, 25110, 0);
INSERT INTO items (id, venue_id, name) VALUES (25111, 13846, 'Space20270');
INSERT INTO spaces (id, item_id, hour_price) VALUES (20270, 25111, 0);
INSERT INTO items (id, venue_id, name) VALUES (25112, 13846, 'Space20271');
INSERT INTO spaces (id, item_id, hour_price) VALUES (20271, 25112, 0);
INSERT INTO items (id, venue_id, name) VALUES (25113, 13846, 'Space20272');
INSERT INTO spaces (id, item_id, hour_price) VALUES (20272, 25113, 0);
INSERT INTO items (id, venue_id, name) VALUES (25114, 13846, 'Space20273');
INSERT INTO spaces (id, item_id, hour_price) VALUES (20273, 25114, 0);
INSERT INTO items (id, venue_id, name) VALUES (25115, 13846, 'Space20274');
INSERT INTO spaces (id, item_id, hour_price) VALUES (20274, 25115, 35);
INSERT INTO items (id, venue_id, name) VALUES (25116, 13846, 'Space20275');
INSERT INTO spaces (id, item_id, hour_price) VALUES (20275, 25116, 25);
INSERT INTO items (id, venue_id, name) VALUES (25117, 13846, 'Space20276');
INSERT INTO spaces (id, item_id, hour_price) VALUES (20276, 25117, 35);
INSERT INTO items (id, venue_id, name) VALUES (25118, 13846, 'Product14834');
INSERT INTO products (id, item_id, price) VALUES (14834, 25118, 7);
INSERT INTO items (id, venue_id, name) VALUES (25119, 13846, 'Product14835');
INSERT INTO products (id, item_id, price) VALUES (14835, 25119, 5.5);
INSERT INTO items (id, venue_id, name) VALUES (25120, 13846, 'Product14836');
INSERT INTO products (id, item_id, price) VALUES (14836, 25120, 19.5);
INSERT INTO items (id, venue_id, name) VALUES (25121, 13846, 'Product14837');
INSERT INTO products (id, item_id, price) VALUES (14837, 25121, 65);
INSERT INTO items (id, venue_id, name) VALUES (25122, 13846, 'Product14838');
INSERT INTO products (id, item_id, price) VALUES (14838, 25122, 0);
INSERT INTO items (id, venue_id, name) VALUES (25123, 13846, 'Product14839');
INSERT INTO products (id, item_id, price) VALUES (14839, 25123, 15);
INSERT INTO items (id, venue_id, name) VALUES (25427, 13846, 'Product14976');
INSERT INTO products (id, item_id, price) VALUES (14976, 25427, 95);
INSERT INTO venues (id, name) VALUES (13847, 'Venue13847');
INSERT INTO items (id, venue_id, name) VALUES (25125, 13847, 'Space20277');
INSERT INTO spaces (id, item_id, hour_price) VALUES (20277, 25125, 0);
INSERT INTO items (id, venue_id, name) VALUES (25126, 13847, 'Space20278');
INSERT INTO spaces (id, item_id, hour_price) VALUES (20278, 25126, 0);
INSERT INTO items (id, venue_id, name) VALUES (25127, 13847, 'Space20279');
INSERT INTO spaces (id, item_id, hour_price) VALUES (20279, 25127, 0);
INSERT INTO items (id, venue_id, name) VALUES (25128, 13847, 'Space20280');
INSERT INTO spaces (id, item_id, hour_price) VALUES (20280, 25128, 0);
INSERT INTO items (id, venue_id, name) VALUES (25129, 13847, 'Space20281');
INSERT INTO spaces (id, item_id, hour_price) VALUES (20281, 25129, 0);
INSERT INTO items (id, venue_id, name) VALUES (25130, 13847, 'Space20282');
INSERT INTO spaces (id, item_id, hour_price) VALUES (20282, 25130, 0);
INSERT INTO items (id, venue_id, name) VALUES (25131, 13847, 'Space20283');
INSERT INTO spaces (id, item_id, hour_price) VALUES (20283, 25131, 19.95);
INSERT INTO items (id, venue_id, name) VALUES (25132, 13847, 'Product14841');
INSERT INTO products (id, item_id, price) VALUES (14841, 25132, 2);
INSERT INTO items (id, venue_id, name) VALUES (25133, 13847, 'Product14842');
INSERT INTO products (id, item_id, price) VALUES (14842, 25133, 2);
INSERT INTO items (id, venue_id, name) VALUES (25134, 13847, 'Product14843');
INSERT INTO products (id, item_id, price) VALUES (14843, 25134, 9.95);
INSERT INTO items (id, venue_id, name) VALUES (25135, 13847, 'Product14844');
INSERT INTO products (id, item_id, price) VALUES (14844, 25135, 0);
INSERT INTO items (id, venue_id, name) VALUES (25136, 13847, 'Product14845');
INSERT INTO products (id, item_id, price) VALUES (14845, 25136, 0);
INSERT INTO items (id, venue_id, name) VALUES (25137, 13847, 'Product14846');
INSERT INTO products (id, item_id, price) VALUES (14846, 25137, 0);
INSERT INTO items (id, venue_id, name) VALUES (25138, 13847, 'Product14847');
INSERT INTO products (id, item_id, price) VALUES (14847, 25138, 0);
INSERT INTO items (id, venue_id, name) VALUES (25139, 13847, 'Product14848');
INSERT INTO products (id, item_id, price) VALUES (14848, 25139, 0);
INSERT INTO items (id, venue_id, name) VALUES (25140, 13847, 'Product14849');
INSERT INTO products (id, item_id, price) VALUES (14849, 25140, 0);
INSERT INTO venues (id, name) VALUES (13852, 'Venue13852');
INSERT INTO items (id, venue_id, name) VALUES (25141, 13852, 'Space20284');
INSERT INTO spaces (id, item_id, hour_price) VALUES (20284, 25141, 0);
INSERT INTO items (id, venue_id, name) VALUES (25142, 13852, 'Space20285');
INSERT INTO spaces (id, item_id, hour_price) VALUES (20285, 25142, 0);
INSERT INTO items (id, venue_id, name) VALUES (25143, 13852, 'Space20286');
INSERT INTO spaces (id, item_id, hour_price) VALUES (20286, 25143, 0);
INSERT INTO items (id, venue_id, name) VALUES (25144, 13852, 'Space20287');
INSERT INTO spaces (id, item_id, hour_price) VALUES (20287, 25144, 0);
INSERT INTO items (id, venue_id, name) VALUES (25145, 13852, 'Space20288');
INSERT INTO spaces (id, item_id, hour_price) VALUES (20288, 25145, 0);
INSERT INTO items (id, venue_id, name) VALUES (25146, 13852, 'Space20289');
INSERT INTO spaces (id, item_id, hour_price) VALUES (20289, 25146, 0);
INSERT INTO items (id, venue_id, name) VALUES (25147, 13852, 'Space20290');
INSERT INTO spaces (id, item_id, hour_price) VALUES (20290, 25147, 22.5);
INSERT INTO items (id, venue_id, name) VALUES (25148, 13852, 'Space20291');
INSERT INTO spaces (id, item_id, hour_price) VALUES (20291, 25148, 10);
INSERT INTO items (id, venue_id, name) VALUES (25149, 13852, 'Space20292');
INSERT INTO spaces (id, item_id, hour_price) VALUES (20292, 25149, 16);
INSERT INTO items (id, venue_id, name) VALUES (25150, 13852, 'Product14850');
INSERT INTO products (id, item_id, price) VALUES (14850, 25150, 1);
INSERT INTO items (id, venue_id, name) VALUES (25151, 13852, 'Product14851');
INSERT INTO products (id, item_id, price) VALUES (14851, 25151, 1);
INSERT INTO items (id, venue_id, name) VALUES (25152, 13852, 'Product14852');
INSERT INTO products (id, item_id, price) VALUES (14852, 25152, 5);
INSERT INTO items (id, venue_id, name) VALUES (25153, 13852, 'Product14853');
INSERT INTO products (id, item_id, price) VALUES (14853, 25153, 5);
INSERT INTO items (id, venue_id, name) VALUES (25154, 13852, 'Product14854');
INSERT INTO products (id, item_id, price) VALUES (14854, 25154, 7.5);
INSERT INTO items (id, venue_id, name) VALUES (25155, 13852, 'Product14855');
INSERT INTO products (id, item_id, price) VALUES (14855, 25155, 0);
INSERT INTO items (id, venue_id, name) VALUES (25156, 13852, 'Product14856');
INSERT INTO products (id, item_id, price) VALUES (14856, 25156, 0);
INSERT INTO items (id, venue_id, name) VALUES (25157, 13852, 'Product14857');
INSERT INTO products (id, item_id, price) VALUES (14857, 25157, 5);
INSERT INTO items (id, venue_id, name) VALUES (25158, 13852, 'Product14858');
INSERT INTO products (id, item_id, price) VALUES (14858, 25158, 5);
INSERT INTO items (id, venue_id, name) VALUES (25159, 13852, 'Product14859');
INSERT INTO products (id, item_id, price) VALUES (14859, 25159, 5);
INSERT INTO items (id, venue_id, name) VALUES (25160, 13852, 'Product14860');
INSERT INTO products (id, item_id, price) VALUES (14860, 25160, 10);
INSERT INTO items (id, venue_id, name) VALUES (25161, 13852, 'Product14861');
INSERT INTO products (id, item_id, price) VALUES (14861, 25161, 10);
INSERT INTO venues (id, name) VALUES (13857, 'Venue13857');
INSERT INTO items (id, venue_id, name) VALUES (25162, 13857, 'Space20293');
INSERT INTO spaces (id, item_id, hour_price) VALUES (20293, 25162, 0);
INSERT INTO items (id, venue_id, name) VALUES (25163, 13857, 'Space20294');
INSERT INTO spaces (id, item_id, hour_price) VALUES (20294, 25163, 0);
INSERT INTO items (id, venue_id, name) VALUES (25164, 13857, 'Space20295');
INSERT INTO spaces (id, item_id, hour_price) VALUES (20295, 25164, 0);
INSERT INTO items (id, venue_id, name) VALUES (25165, 13857, 'Space20296');
INSERT INTO spaces (id, item_id, hour_price) VALUES (20296, 25165, 0);
INSERT INTO items (id, venue_id, name) VALUES (25166, 13857, 'Space20297');
INSERT INTO spaces (id, item_id, hour_price) VALUES (20297, 25166, 0);
INSERT INTO items (id, venue_id, name) VALUES (25167, 13857, 'Space20298');
INSERT INTO spaces (id, item_id, hour_price) VALUES (20298, 25167, 0);
INSERT INTO items (id, venue_id, name) VALUES (25168, 13857, 'Space20299');
INSERT INTO spaces (id, item_id, hour_price) VALUES (20299, 25168, 3.5);
INSERT INTO items (id, venue_id, name) VALUES (25169, 13857, 'Space20300');
INSERT INTO spaces (id, item_id, hour_price) VALUES (20300, 25169, 5);
INSERT INTO items (id, venue_id, name) VALUES (25170, 13857, 'Product14862');
INSERT INTO products (id, item_id, price) VALUES (14862, 25170, 2);
INSERT INTO items (id, venue_id, name) VALUES (25171, 13857, 'Product14863');
INSERT INTO products (id, item_id, price) VALUES (14863, 25171, 5);
INSERT INTO items (id, venue_id, name) VALUES (25172, 13857, 'Product14864');
INSERT INTO products (id, item_id, price) VALUES (14864, 25172, 2);
INSERT INTO items (id, venue_id, name) VALUES (25173, 13857, 'Product14865');
INSERT INTO products (id, item_id, price) VALUES (14865, 25173, 2);
INSERT INTO venues (id, name) VALUES (13869, 'Venue13869');
INSERT INTO items (id, venue_id, name) VALUES (25213, 13869, 'Space20321');
INSERT INTO spaces (id, item_id, hour_price) VALUES (20321, 25213, 0);
INSERT INTO items (id, venue_id, name) VALUES (25214, 13869, 'Space20322');
INSERT INTO spaces (id, item_id, hour_price) VALUES (20322, 25214, 0);
INSERT INTO items (id, venue_id, name) VALUES (25215, 13869, 'Space20323');
INSERT INTO spaces (id, item_id, hour_price) VALUES (20323, 25215, 0);
INSERT INTO items (id, venue_id, name) VALUES (25216, 13869, 'Space20324');
INSERT INTO spaces (id, item_id, hour_price) VALUES (20324, 25216, 0);
INSERT INTO items (id, venue_id, name) VALUES (25217, 13869, 'Space20325');
INSERT INTO spaces (id, item_id, hour_price) VALUES (20325, 25217, 0);
INSERT INTO items (id, venue_id, name) VALUES (25218, 13869, 'Space20326');
INSERT INTO spaces (id, item_id, hour_price) VALUES (20326, 25218, 0);
INSERT INTO items (id, venue_id, name) VALUES (25220, 13869, 'Product14886');
INSERT INTO products (id, item_id, price) VALUES (14886, 25220, 70);
INSERT INTO items (id, venue_id, name) VALUES (25221, 13869, 'Product14887');
INSERT INTO products (id, item_id, price) VALUES (14887, 25221, 75);
INSERT INTO items (id, venue_id, name) VALUES (25222, 13869, 'Product14888');
INSERT INTO products (id, item_id, price) VALUES (14888, 25222, 15);
INSERT INTO items (id, venue_id, name) VALUES (25225, 13869, 'Product14891');
INSERT INTO products (id, item_id, price) VALUES (14891, 25225, 40);
INSERT INTO items (id, venue_id, name) VALUES (25226, 13869, 'Product14892');
INSERT INTO products (id, item_id, price) VALUES (14892, 25226, 15);
INSERT INTO items (id, venue_id, name) VALUES (25227, 13869, 'Product14893');
INSERT INTO products (id, item_id, price) VALUES (14893, 25227, 25);
INSERT INTO items (id, venue_id, name) VALUES (25228, 13869, 'Product14894');
INSERT INTO products (id, item_id, price) VALUES (14894, 25228, 0.5);
INSERT INTO items (id, venue_id, name) VALUES (25232, 13869, 'Product14898');
INSERT INTO products (id, item_id, price) VALUES (14898, 25232, 0.2);
INSERT INTO items (id, venue_id, name) VALUES (25233, 13869, 'Product14899');
INSERT INTO products (id, item_id, price) VALUES (14899, 25233, 0.1);
INSERT INTO items (id, venue_id, name) VALUES (25234, 13869, 'Product14900');
INSERT INTO products (id, item_id, price) VALUES (14900, 25234, 0.1);
INSERT INTO items (id, venue_id, name) VALUES (25235, 13869, 'Product14901');
INSERT INTO products (id, item_id, price) VALUES (14901, 25235, 0.05);
INSERT INTO items (id, venue_id, name) VALUES (25236, 13869, 'Product14902');
INSERT INTO products (id, item_id, price) VALUES (14902, 25236, 12.5);
INSERT INTO items (id, venue_id, name) VALUES (25347, 13869, 'Space20397');
INSERT INTO spaces (id, item_id, hour_price) VALUES (20397, 25347, 2.75);
INSERT INTO items (id, venue_id, name) VALUES (25349, 13869, 'Space20398');
INSERT INTO spaces (id, item_id, hour_price) VALUES (20398, 25349, 17.5);
INSERT INTO items (id, venue_id, name) VALUES (25350, 13869, 'Space20399');
INSERT INTO spaces (id, item_id, hour_price) VALUES (20399, 25350, 30);
INSERT INTO items (id, venue_id, name) VALUES (25351, 13869, 'Space20400');
INSERT INTO spaces (id, item_id, hour_price) VALUES (20400, 25351, 20);
INSERT INTO items (id, venue_id, name) VALUES (25352, 13869, 'Space20401');
INSERT INTO spaces (id, item_id, hour_price) VALUES (20401, 25352, 40);
INSERT INTO items (id, venue_id, name) VALUES (25353, 13869, 'Space20402');
INSERT INTO spaces (id, item_id, hour_price) VALUES (20402, 25353, 15);
INSERT INTO items (id, venue_id, name) VALUES (25361, 13869, 'Space20410');
INSERT INTO spaces (id, item_id, hour_price) VALUES (20410, 25361, 30);
INSERT INTO items (id, venue_id, name) VALUES (25366, 13869, 'Space20413');
INSERT INTO spaces (id, item_id, hour_price) VALUES (20413, 25366, 12.5);
INSERT INTO items (id, venue_id, name) VALUES (25367, 13869, 'Space20414');
INSERT INTO spaces (id, item_id, hour_price) VALUES (20414, 25367, 12.5);
INSERT INTO items (id, venue_id, name) VALUES (25368, 13869, 'Space20415');
INSERT INTO spaces (id, item_id, hour_price) VALUES (20415, 25368, 25);
INSERT INTO items (id, venue_id, name) VALUES (25369, 13869, 'Space20416');
INSERT INTO spaces (id, item_id, hour_price) VALUES (20416, 25369, 17.5);
INSERT INTO items (id, venue_id, name) VALUES (25403, 13869, 'Space20435');
INSERT INTO spaces (id, item_id, hour_price) VALUES (20435, 25403, 4.5);
INSERT INTO items (id, venue_id, name) VALUES (25566, 13869, 'Product15069');
INSERT INTO products (id, item_id, price) VALUES (15069, 25566, 8.95);
INSERT INTO items (id, venue_id, name) VALUES (25567, 13869, 'Product15070');
INSERT INTO products (id, item_id, price) VALUES (15070, 25567, 1.75);
INSERT INTO items (id, venue_id, name) VALUES (25568, 13869, 'Product15071');
INSERT INTO products (id, item_id, price) VALUES (15071, 25568, 0.95);
INSERT INTO items (id, venue_id, name) VALUES (25569, 13869, 'Product15072');
INSERT INTO products (id, item_id, price) VALUES (15072, 25569, 1.5);
INSERT INTO items (id, venue_id, name) VALUES (25570, 13869, 'Product15073');
INSERT INTO products (id, item_id, price) VALUES (15073, 25570, 2.5);
INSERT INTO items (id, venue_id, name) VALUES (25571, 13869, 'Product15074');
INSERT INTO products (id, item_id, price) VALUES (15074, 25571, 3.75);
INSERT INTO items (id, venue_id, name) VALUES (25572, 13869, 'Product15075');
INSERT INTO products (id, item_id, price) VALUES (15075, 25572, 4.75);
INSERT INTO items (id, venue_id, name) VALUES (25573, 13869, 'Product15076');
INSERT INTO products (id, item_id, price) VALUES (15076, 25573, 9.25);
INSERT INTO items (id, venue_id, name) VALUES (25574, 13869, 'Product15077');
INSERT INTO products (id, item_id, price) VALUES (15077, 25574, 23.75);
INSERT INTO items (id, venue_id, name) VALUES (25575, 13869, 'Product15078');
INSERT INTO products (id, item_id, price) VALUES (15078, 25575, 28.5);
INSERT INTO items (id, venue_id, name) VALUES (25576, 13869, 'Product15079');
INSERT INTO products (id, item_id, price) VALUES (15079, 25576, 35.75);
INSERT INTO items (id, venue_id, name) VALUES (25577, 13869, 'Product15080');
INSERT INTO products (id, item_id, price) VALUES (15080, 25577, 3.75);
INSERT INTO items (id, venue_id, name) VALUES (25578, 13869, 'Product15081');
INSERT INTO products (id, item_id, price) VALUES (15081, 25578, 4.25);
INSERT INTO items (id, venue_id, name) VALUES (25579, 13869, 'Product15082');
INSERT INTO products (id, item_id, price) VALUES (15082, 25579, 4.25);
INSERT INTO items (id, venue_id, name) VALUES (25580, 13869, 'Product15083');
INSERT INTO products (id, item_id, price) VALUES (15083, 25580, 1.85);
INSERT INTO items (id, venue_id, name) VALUES (25581, 13869, 'Product15084');
INSERT INTO products (id, item_id, price) VALUES (15084, 25581, 2.25);
INSERT INTO items (id, venue_id, name) VALUES (25584, 13869, 'Product15087');
INSERT INTO products (id, item_id, price) VALUES (15087, 25584, 1.95);
INSERT INTO items (id, venue_id, name) VALUES (25585, 13869, 'Product15088');
INSERT INTO products (id, item_id, price) VALUES (15088, 25585, 3.25);
INSERT INTO items (id, venue_id, name) VALUES (25589, 13869, 'Product15092');
INSERT INTO products (id, item_id, price) VALUES (15092, 25589, 13.75);
INSERT INTO items (id, venue_id, name) VALUES (25590, 13869, 'Product15093');
INSERT INTO products (id, item_id, price) VALUES (15093, 25590, 18.25);
INSERT INTO items (id, venue_id, name) VALUES (25591, 13869, 'Product15094');
INSERT INTO products (id, item_id, price) VALUES (15094, 25591, 22);
INSERT INTO items (id, venue_id, name) VALUES (26022, 13869, 'Space20680');
INSERT INTO spaces (id, item_id, hour_price) VALUES (20680, 26022, 50);
INSERT INTO venues (id, name) VALUES (13870, 'Venue13870');
INSERT INTO items (id, venue_id, name) VALUES (25242, 13870, 'Space20332');
INSERT INTO spaces (id, item_id, hour_price) VALUES (20332, 25242, 0);
INSERT INTO items (id, venue_id, name) VALUES (25243, 13870, 'Space20333');
INSERT INTO spaces (id, item_id, hour_price) VALUES (20333, 25243, 0);
INSERT INTO items (id, venue_id, name) VALUES (25244, 13870, 'Space20334');
INSERT INTO spaces (id, item_id, hour_price) VALUES (20334, 25244, 0);
INSERT INTO items (id, venue_id, name) VALUES (25245, 13870, 'Space20335');
INSERT INTO spaces (id, item_id, hour_price) VALUES (20335, 25245, 0);
INSERT INTO items (id, venue_id, name) VALUES (25246, 13870, 'Space20336');
INSERT INTO spaces (id, item_id, hour_price) VALUES (20336, 25246, 0);
INSERT INTO items (id, venue_id, name) VALUES (25247, 13870, 'Space20337');
INSERT INTO spaces (id, item_id, hour_price) VALUES (20337, 25247, 0);
INSERT INTO items (id, venue_id, name) VALUES (25305, 13870, 'Space20375');
INSERT INTO spaces (id, item_id, hour_price) VALUES (20375, 25305, 40);
INSERT INTO items (id, venue_id, name) VALUES (25306, 13870, 'Space20376');
INSERT INTO spaces (id, item_id, hour_price) VALUES (20376, 25306, 30);
INSERT INTO venues (id, name) VALUES (13874, 'Venue13874');
INSERT INTO items (id, venue_id, name) VALUES (25248, 13874, 'Space20338');
INSERT INTO spaces (id, item_id, hour_price) VALUES (20338, 25248, 0);
INSERT INTO items (id, venue_id, name) VALUES (25249, 13874, 'Space20339');
INSERT INTO spaces (id, item_id, hour_price) VALUES (20339, 25249, 0);
INSERT INTO items (id, venue_id, name) VALUES (25250, 13874, 'Space20340');
INSERT INTO spaces (id, item_id, hour_price) VALUES (20340, 25250, 0);
INSERT INTO items (id, venue_id, name) VALUES (25251, 13874, 'Space20341');
INSERT INTO spaces (id, item_id, hour_price) VALUES (20341, 25251, 0);
INSERT INTO items (id, venue_id, name) VALUES (25252, 13874, 'Space20342');
INSERT INTO spaces (id, item_id, hour_price) VALUES (20342, 25252, 0);
INSERT INTO items (id, venue_id, name) VALUES (25253, 13874, 'Space20343');
INSERT INTO spaces (id, item_id, hour_price) VALUES (20343, 25253, 0);
INSERT INTO items (id, venue_id, name) VALUES (25254, 13874, 'Space20344');
INSERT INTO spaces (id, item_id, hour_price) VALUES (20344, 25254, 15);
INSERT INTO items (id, venue_id, name) VALUES (25255, 13874, 'Product14903');
INSERT INTO products (id, item_id, price) VALUES (14903, 25255, 5);
INSERT INTO items (id, venue_id, name) VALUES (25256, 13874, 'Product14904');
INSERT INTO products (id, item_id, price) VALUES (14904, 25256, 5);
INSERT INTO items (id, venue_id, name) VALUES (25257, 13874, 'Product14905');
INSERT INTO products (id, item_id, price) VALUES (14905, 25257, 9);
INSERT INTO items (id, venue_id, name) VALUES (25258, 13874, 'Product14906');
INSERT INTO products (id, item_id, price) VALUES (14906, 25258, 5);
INSERT INTO items (id, venue_id, name) VALUES (25259, 13874, 'Product14907');
INSERT INTO products (id, item_id, price) VALUES (14907, 25259, 25);
INSERT INTO items (id, venue_id, name) VALUES (25260, 13874, 'Product14908');
INSERT INTO products (id, item_id, price) VALUES (14908, 25260, 5);
INSERT INTO items (id, venue_id, name) VALUES (25261, 13874, 'Product14909');
INSERT INTO products (id, item_id, price) VALUES (14909, 25261, 25);
INSERT INTO items (id, venue_id, name) VALUES (25262, 13874, 'Space20345');
INSERT INTO spaces (id, item_id, hour_price) VALUES (20345, 25262, 5);
INSERT INTO items (id, venue_id, name) VALUES (25263, 13874, 'Space20346');
INSERT INTO spaces (id, item_id, hour_price) VALUES (20346, 25263, 5);
INSERT INTO items (id, venue_id, name) VALUES (25269, 13874, 'Space20349');
INSERT INTO spaces (id, item_id, hour_price) VALUES (20349, 25269, 10);
INSERT INTO venues (id, name) VALUES (13875, 'Venue13875');
INSERT INTO items (id, venue_id, name) VALUES (25270, 13875, 'Space20350');
INSERT INTO spaces (id, item_id, hour_price) VALUES (20350, 25270, 0);
INSERT INTO items (id, venue_id, name) VALUES (25271, 13875, 'Space20351');
INSERT INTO spaces (id, item_id, hour_price) VALUES (20351, 25271, 0);
INSERT INTO items (id, venue_id, name) VALUES (25272, 13875, 'Space20352');
INSERT INTO spaces (id, item_id, hour_price) VALUES (20352, 25272, 0);
INSERT INTO items (id, venue_id, name) VALUES (25273, 13875, 'Space20353');
INSERT INTO spaces (id, item_id, hour_price) VALUES (20353, 25273, 0);
INSERT INTO items (id, venue_id, name) VALUES (25274, 13875, 'Space20354');
INSERT INTO spaces (id, item_id, hour_price) VALUES (20354, 25274, 0);
INSERT INTO items (id, venue_id, name) VALUES (25275, 13875, 'Space20355');
INSERT INTO spaces (id, item_id, hour_price) VALUES (20355, 25275, 0);
INSERT INTO items (id, venue_id, name) VALUES (25276, 13875, 'Product14913');
INSERT INTO products (id, item_id, price) VALUES (14913, 25276, 25);
INSERT INTO items (id, venue_id, name) VALUES (25277, 13875, 'Space20356');
INSERT INTO spaces (id, item_id, hour_price) VALUES (20356, 25277, 15);
INSERT INTO venues (id, name) VALUES (13879, 'Venue13879');
INSERT INTO items (id, venue_id, name) VALUES (25278, 13879, 'Space20357');
INSERT INTO spaces (id, item_id, hour_price) VALUES (20357, 25278, 0);
INSERT INTO items (id, venue_id, name) VALUES (25279, 13879, 'Space20358');
INSERT INTO spaces (id, item_id, hour_price) VALUES (20358, 25279, 0);
INSERT INTO items (id, venue_id, name) VALUES (25280, 13879, 'Space20359');
INSERT INTO spaces (id, item_id, hour_price) VALUES (20359, 25280, 0);
INSERT INTO items (id, venue_id, name) VALUES (25281, 13879, 'Space20360');
INSERT INTO spaces (id, item_id, hour_price) VALUES (20360, 25281, 0);
INSERT INTO items (id, venue_id, name) VALUES (25282, 13879, 'Space20361');
INSERT INTO spaces (id, item_id, hour_price) VALUES (20361, 25282, 0);
INSERT INTO items (id, venue_id, name) VALUES (25283, 13879, 'Space20362');
INSERT INTO spaces (id, item_id, hour_price) VALUES (20362, 25283, 0);
INSERT INTO items (id, venue_id, name) VALUES (25284, 13879, 'Space20363');
INSERT INTO spaces (id, item_id, hour_price) VALUES (20363, 25284, 39);
INSERT INTO items (id, venue_id, name) VALUES (25285, 13879, 'Space20364');
INSERT INTO spaces (id, item_id, hour_price) VALUES (20364, 25285, 29);
INSERT INTO items (id, venue_id, name) VALUES (25286, 13879, 'Space20365');
INSERT INTO spaces (id, item_id, hour_price) VALUES (20365, 25286, 49);
INSERT INTO items (id, venue_id, name) VALUES (25287, 13879, 'Product14914');
INSERT INTO products (id, item_id, price) VALUES (14914, 25287, 5);
INSERT INTO items (id, venue_id, name) VALUES (25288, 13879, 'Product14915');
INSERT INTO products (id, item_id, price) VALUES (14915, 25288, 5);
INSERT INTO venues (id, name) VALUES (13884, 'Venue13884');
INSERT INTO items (id, venue_id, name) VALUES (25289, 13884, 'Space20366');
INSERT INTO spaces (id, item_id, hour_price) VALUES (20366, 25289, 0);
INSERT INTO items (id, venue_id, name) VALUES (25290, 13884, 'Space20367');
INSERT INTO spaces (id, item_id, hour_price) VALUES (20367, 25290, 0);
INSERT INTO items (id, venue_id, name) VALUES (25291, 13884, 'Space20368');
INSERT INTO spaces (id, item_id, hour_price) VALUES (20368, 25291, 0);
INSERT INTO items (id, venue_id, name) VALUES (25292, 13884, 'Space20369');
INSERT INTO spaces (id, item_id, hour_price) VALUES (20369, 25292, 0);
INSERT INTO items (id, venue_id, name) VALUES (25293, 13884, 'Space20370');
INSERT INTO spaces (id, item_id, hour_price) VALUES (20370, 25293, 0);
INSERT INTO items (id, venue_id, name) VALUES (25294, 13884, 'Space20371');
INSERT INTO spaces (id, item_id, hour_price) VALUES (20371, 25294, 0);
INSERT INTO items (id, venue_id, name) VALUES (25295, 13884, 'Space20372');
INSERT INTO spaces (id, item_id, hour_price) VALUES (20372, 25295, 15);
INSERT INTO items (id, venue_id, name) VALUES (25296, 13884, 'Space20373');
INSERT INTO spaces (id, item_id, hour_price) VALUES (20373, 25296, 15);
INSERT INTO items (id, venue_id, name) VALUES (25297, 13884, 'Space20374');
INSERT INTO spaces (id, item_id, hour_price) VALUES (20374, 25297, 20);
INSERT INTO items (id, venue_id, name) VALUES (25298, 13884, 'Product14916');
INSERT INTO products (id, item_id, price) VALUES (14916, 25298, 0);
INSERT INTO items (id, venue_id, name) VALUES (25299, 13884, 'Product14917');
INSERT INTO products (id, item_id, price) VALUES (14917, 25299, 0);
INSERT INTO items (id, venue_id, name) VALUES (25300, 13884, 'Product14918');
INSERT INTO products (id, item_id, price) VALUES (14918, 25300, 0);
INSERT INTO items (id, venue_id, name) VALUES (25301, 13884, 'Product14919');
INSERT INTO products (id, item_id, price) VALUES (14919, 25301, 0);
INSERT INTO items (id, venue_id, name) VALUES (25302, 13884, 'Product14920');
INSERT INTO products (id, item_id, price) VALUES (14920, 25302, 0);
INSERT INTO items (id, venue_id, name) VALUES (25303, 13884, 'Product14921');
INSERT INTO products (id, item_id, price) VALUES (14921, 25303, 0);
INSERT INTO items (id, venue_id, name) VALUES (25304, 13884, 'Product14922');
INSERT INTO products (id, item_id, price) VALUES (14922, 25304, 0);
INSERT INTO venues (id, name) VALUES (13891, 'Venue13891');
INSERT INTO items (id, venue_id, name) VALUES (25313, 13891, 'Space20380');
INSERT INTO spaces (id, item_id, hour_price) VALUES (20380, 25313, 0);
INSERT INTO items (id, venue_id, name) VALUES (25314, 13891, 'Space20381');
INSERT INTO spaces (id, item_id, hour_price) VALUES (20381, 25314, 0);
INSERT INTO items (id, venue_id, name) VALUES (25315, 13891, 'Space20382');
INSERT INTO spaces (id, item_id, hour_price) VALUES (20382, 25315, 0);
INSERT INTO items (id, venue_id, name) VALUES (25316, 13891, 'Space20383');
INSERT INTO spaces (id, item_id, hour_price) VALUES (20383, 25316, 0);
INSERT INTO items (id, venue_id, name) VALUES (25317, 13891, 'Space20384');
INSERT INTO spaces (id, item_id, hour_price) VALUES (20384, 25317, 0);
INSERT INTO items (id, venue_id, name) VALUES (25318, 13891, 'Space20385');
INSERT INTO spaces (id, item_id, hour_price) VALUES (20385, 25318, 0);
INSERT INTO items (id, venue_id, name) VALUES (25319, 13891, 'Space20386');
INSERT INTO spaces (id, item_id, hour_price) VALUES (20386, 25319, 150);
INSERT INTO items (id, venue_id, name) VALUES (25320, 13891, 'Product14926');
INSERT INTO products (id, item_id, price) VALUES (14926, 25320, 2.1);
INSERT INTO items (id, venue_id, name) VALUES (25321, 13891, 'Product14927');
INSERT INTO products (id, item_id, price) VALUES (14927, 25321, 2);
INSERT INTO items (id, venue_id, name) VALUES (25322, 13891, 'Product14928');
INSERT INTO products (id, item_id, price) VALUES (14928, 25322, 20.6);
INSERT INTO items (id, venue_id, name) VALUES (25323, 13891, 'Product14929');
INSERT INTO products (id, item_id, price) VALUES (14929, 25323, 11.8);
INSERT INTO items (id, venue_id, name) VALUES (25324, 13891, 'Product14930');
INSERT INTO products (id, item_id, price) VALUES (14930, 25324, 12.95);
INSERT INTO items (id, venue_id, name) VALUES (25325, 13891, 'Product14931');
INSERT INTO products (id, item_id, price) VALUES (14931, 25325, 100);
INSERT INTO venues (id, name) VALUES (13895, 'Venue13895');
INSERT INTO items (id, venue_id, name) VALUES (25326, 13895, 'Space20387');
INSERT INTO spaces (id, item_id, hour_price) VALUES (20387, 25326, 0);
INSERT INTO items (id, venue_id, name) VALUES (25327, 13895, 'Space20388');
INSERT INTO spaces (id, item_id, hour_price) VALUES (20388, 25327, 0);
INSERT INTO items (id, venue_id, name) VALUES (25328, 13895, 'Space20389');
INSERT INTO spaces (id, item_id, hour_price) VALUES (20389, 25328, 0);
INSERT INTO items (id, venue_id, name) VALUES (25329, 13895, 'Space20390');
INSERT INTO spaces (id, item_id, hour_price) VALUES (20390, 25329, 0);
INSERT INTO items (id, venue_id, name) VALUES (25330, 13895, 'Space20391');
INSERT INTO spaces (id, item_id, hour_price) VALUES (20391, 25330, 0);
INSERT INTO items (id, venue_id, name) VALUES (25331, 13895, 'Space20392');
INSERT INTO spaces (id, item_id, hour_price) VALUES (20392, 25331, 0);
INSERT INTO items (id, venue_id, name) VALUES (25332, 13895, 'Space20393');
INSERT INTO spaces (id, item_id, hour_price) VALUES (20393, 25332, 6);
INSERT INTO items (id, venue_id, name) VALUES (25333, 13895, 'Space20394');
INSERT INTO spaces (id, item_id, hour_price) VALUES (20394, 25333, 6);
INSERT INTO items (id, venue_id, name) VALUES (25334, 13895, 'Space20395');
INSERT INTO spaces (id, item_id, hour_price) VALUES (20395, 25334, 6);
INSERT INTO items (id, venue_id, name) VALUES (25335, 13895, 'Space20396');
INSERT INTO spaces (id, item_id, hour_price) VALUES (20396, 25335, 6);
INSERT INTO items (id, venue_id, name) VALUES (25336, 13895, 'Product14932');
INSERT INTO products (id, item_id, price) VALUES (14932, 25336, 3.95);
INSERT INTO items (id, venue_id, name) VALUES (25337, 13895, 'Product14933');
INSERT INTO products (id, item_id, price) VALUES (14933, 25337, 3.95);
INSERT INTO items (id, venue_id, name) VALUES (25338, 13895, 'Product14934');
INSERT INTO products (id, item_id, price) VALUES (14934, 25338, 9.5);
INSERT INTO items (id, venue_id, name) VALUES (25339, 13895, 'Product14935');
INSERT INTO products (id, item_id, price) VALUES (14935, 25339, 0);
INSERT INTO items (id, venue_id, name) VALUES (25340, 13895, 'Product14936');
INSERT INTO products (id, item_id, price) VALUES (14936, 25340, 0);
INSERT INTO items (id, venue_id, name) VALUES (25341, 13895, 'Product14937');
INSERT INTO products (id, item_id, price) VALUES (14937, 25341, 0);
INSERT INTO items (id, venue_id, name) VALUES (25342, 13895, 'Product14938');
INSERT INTO products (id, item_id, price) VALUES (14938, 25342, 0);
INSERT INTO items (id, venue_id, name) VALUES (25343, 13895, 'Product14939');
INSERT INTO products (id, item_id, price) VALUES (14939, 25343, 0);
INSERT INTO items (id, venue_id, name) VALUES (25344, 13895, 'Product14940');
INSERT INTO products (id, item_id, price) VALUES (14940, 25344, 0);
INSERT INTO items (id, venue_id, name) VALUES (25345, 13895, 'Product14941');
INSERT INTO products (id, item_id, price) VALUES (14941, 25345, 0);
INSERT INTO items (id, venue_id, name) VALUES (25346, 13895, 'Product14942');
INSERT INTO products (id, item_id, price) VALUES (14942, 25346, 0);
INSERT INTO venues (id, name) VALUES (13898, 'Venue13898');
INSERT INTO items (id, venue_id, name) VALUES (25354, 13898, 'Space20403');
INSERT INTO spaces (id, item_id, hour_price) VALUES (20403, 25354, 0);
INSERT INTO items (id, venue_id, name) VALUES (25355, 13898, 'Space20404');
INSERT INTO spaces (id, item_id, hour_price) VALUES (20404, 25355, 0);
INSERT INTO items (id, venue_id, name) VALUES (25356, 13898, 'Space20405');
INSERT INTO spaces (id, item_id, hour_price) VALUES (20405, 25356, 0);
INSERT INTO items (id, venue_id, name) VALUES (25357, 13898, 'Space20406');
INSERT INTO spaces (id, item_id, hour_price) VALUES (20406, 25357, 0);
INSERT INTO items (id, venue_id, name) VALUES (25358, 13898, 'Space20407');
INSERT INTO spaces (id, item_id, hour_price) VALUES (20407, 25358, 0);
INSERT INTO items (id, venue_id, name) VALUES (25359, 13898, 'Space20408');
INSERT INTO spaces (id, item_id, hour_price) VALUES (20408, 25359, 0);
INSERT INTO items (id, venue_id, name) VALUES (25363, 13898, 'Product14945');
INSERT INTO products (id, item_id, price) VALUES (14945, 25363, 400);
INSERT INTO items (id, venue_id, name) VALUES (25365, 13898, 'Space20412');
INSERT INTO spaces (id, item_id, hour_price) VALUES (20412, 25365, 80);
INSERT INTO venues (id, name) VALUES (13899, 'Venue13899');
INSERT INTO items (id, venue_id, name) VALUES (25381, 13899, 'Space20417');
INSERT INTO spaces (id, item_id, hour_price) VALUES (20417, 25381, 0);
INSERT INTO items (id, venue_id, name) VALUES (25382, 13899, 'Space20418');
INSERT INTO spaces (id, item_id, hour_price) VALUES (20418, 25382, 0);
INSERT INTO items (id, venue_id, name) VALUES (25383, 13899, 'Space20419');
INSERT INTO spaces (id, item_id, hour_price) VALUES (20419, 25383, 0);
INSERT INTO items (id, venue_id, name) VALUES (25384, 13899, 'Space20420');
INSERT INTO spaces (id, item_id, hour_price) VALUES (20420, 25384, 0);
INSERT INTO items (id, venue_id, name) VALUES (25385, 13899, 'Space20421');
INSERT INTO spaces (id, item_id, hour_price) VALUES (20421, 25385, 0);
INSERT INTO items (id, venue_id, name) VALUES (25386, 13899, 'Space20422');
INSERT INTO spaces (id, item_id, hour_price) VALUES (20422, 25386, 0);
INSERT INTO venues (id, name) VALUES (13901, 'Venue13901');
INSERT INTO items (id, venue_id, name) VALUES (25393, 13901, 'Space20426');
INSERT INTO spaces (id, item_id, hour_price) VALUES (20426, 25393, 0);
INSERT INTO items (id, venue_id, name) VALUES (25394, 13901, 'Space20427');
INSERT INTO spaces (id, item_id, hour_price) VALUES (20427, 25394, 0);
INSERT INTO items (id, venue_id, name) VALUES (25395, 13901, 'Space20428');
INSERT INTO spaces (id, item_id, hour_price) VALUES (20428, 25395, 0);
INSERT INTO items (id, venue_id, name) VALUES (25396, 13901, 'Space20429');
INSERT INTO spaces (id, item_id, hour_price) VALUES (20429, 25396, 0);
INSERT INTO items (id, venue_id, name) VALUES (25397, 13901, 'Space20430');
INSERT INTO spaces (id, item_id, hour_price) VALUES (20430, 25397, 0);
INSERT INTO items (id, venue_id, name) VALUES (25398, 13901, 'Space20431');
INSERT INTO spaces (id, item_id, hour_price) VALUES (20431, 25398, 0);
INSERT INTO items (id, venue_id, name) VALUES (25399, 13901, 'Space20432');
INSERT INTO spaces (id, item_id, hour_price) VALUES (20432, 25399, 6);
INSERT INTO venues (id, name) VALUES (13905, 'Venue13905');
INSERT INTO items (id, venue_id, name) VALUES (25404, 13905, 'Space20436');
INSERT INTO spaces (id, item_id, hour_price) VALUES (20436, 25404, 0);
INSERT INTO items (id, venue_id, name) VALUES (25405, 13905, 'Space20437');
INSERT INTO spaces (id, item_id, hour_price) VALUES (20437, 25405, 0);
INSERT INTO items (id, venue_id, name) VALUES (25406, 13905, 'Space20438');
INSERT INTO spaces (id, item_id, hour_price) VALUES (20438, 25406, 0);
INSERT INTO items (id, venue_id, name) VALUES (25407, 13905, 'Space20439');
INSERT INTO spaces (id, item_id, hour_price) VALUES (20439, 25407, 0);
INSERT INTO items (id, venue_id, name) VALUES (25408, 13905, 'Space20440');
INSERT INTO spaces (id, item_id, hour_price) VALUES (20440, 25408, 0);
INSERT INTO items (id, venue_id, name) VALUES (25409, 13905, 'Space20441');
INSERT INTO spaces (id, item_id, hour_price) VALUES (20441, 25409, 0);
INSERT INTO items (id, venue_id, name) VALUES (25412, 13905, 'Product14961');
INSERT INTO products (id, item_id, price) VALUES (14961, 25412, 1.5);
INSERT INTO items (id, venue_id, name) VALUES (25413, 13905, 'Product14962');
INSERT INTO products (id, item_id, price) VALUES (14962, 25413, 1.5);
INSERT INTO items (id, venue_id, name) VALUES (25414, 13905, 'Product14963');
INSERT INTO products (id, item_id, price) VALUES (14963, 25414, 6);
INSERT INTO items (id, venue_id, name) VALUES (25415, 13905, 'Product14964');
INSERT INTO products (id, item_id, price) VALUES (14964, 25415, 5);
INSERT INTO items (id, venue_id, name) VALUES (25416, 13905, 'Product14965');
INSERT INTO products (id, item_id, price) VALUES (14965, 25416, 5);
INSERT INTO items (id, venue_id, name) VALUES (25417, 13905, 'Product14966');
INSERT INTO products (id, item_id, price) VALUES (14966, 25417, 12);
INSERT INTO items (id, venue_id, name) VALUES (25418, 13905, 'Product14967');
INSERT INTO products (id, item_id, price) VALUES (14967, 25418, 5.75);
INSERT INTO items (id, venue_id, name) VALUES (25419, 13905, 'Product14968');
INSERT INTO products (id, item_id, price) VALUES (14968, 25419, 19);
INSERT INTO items (id, venue_id, name) VALUES (25420, 13905, 'Product14969');
INSERT INTO products (id, item_id, price) VALUES (14969, 25420, 80);
INSERT INTO items (id, venue_id, name) VALUES (25421, 13905, 'Product14970');
INSERT INTO products (id, item_id, price) VALUES (14970, 25421, 8);
INSERT INTO items (id, venue_id, name) VALUES (25422, 13905, 'Product14971');
INSERT INTO products (id, item_id, price) VALUES (14971, 25422, 24);
INSERT INTO items (id, venue_id, name) VALUES (25423, 13905, 'Product14972');
INSERT INTO products (id, item_id, price) VALUES (14972, 25423, 4);
INSERT INTO items (id, venue_id, name) VALUES (25424, 13905, 'Product14973');
INSERT INTO products (id, item_id, price) VALUES (14973, 25424, 10);
INSERT INTO items (id, venue_id, name) VALUES (25425, 13905, 'Product14974');
INSERT INTO products (id, item_id, price) VALUES (14974, 25425, 10);
INSERT INTO items (id, venue_id, name) VALUES (25426, 13905, 'Product14975');
INSERT INTO products (id, item_id, price) VALUES (14975, 25426, 80);
INSERT INTO venues (id, name) VALUES (13909, 'Venue13909');
INSERT INTO items (id, venue_id, name) VALUES (25430, 13909, 'Space20444');
INSERT INTO spaces (id, item_id, hour_price) VALUES (20444, 25430, 0);
INSERT INTO items (id, venue_id, name) VALUES (25431, 13909, 'Space20445');
INSERT INTO spaces (id, item_id, hour_price) VALUES (20445, 25431, 0);
INSERT INTO items (id, venue_id, name) VALUES (25432, 13909, 'Space20446');
INSERT INTO spaces (id, item_id, hour_price) VALUES (20446, 25432, 0);
INSERT INTO items (id, venue_id, name) VALUES (25433, 13909, 'Space20447');
INSERT INTO spaces (id, item_id, hour_price) VALUES (20447, 25433, 0);
INSERT INTO items (id, venue_id, name) VALUES (25434, 13909, 'Space20448');
INSERT INTO spaces (id, item_id, hour_price) VALUES (20448, 25434, 0);
INSERT INTO items (id, venue_id, name) VALUES (25435, 13909, 'Space20449');
INSERT INTO spaces (id, item_id, hour_price) VALUES (20449, 25435, 0);
INSERT INTO items (id, venue_id, name) VALUES (25438, 13909, 'Product14979');
INSERT INTO products (id, item_id, price) VALUES (14979, 25438, 1);
INSERT INTO items (id, venue_id, name) VALUES (25439, 13909, 'Product14980');
INSERT INTO products (id, item_id, price) VALUES (14980, 25439, 1);
INSERT INTO items (id, venue_id, name) VALUES (25440, 13909, 'Product14981');
INSERT INTO products (id, item_id, price) VALUES (14981, 25440, 5);
INSERT INTO items (id, venue_id, name) VALUES (25441, 13909, 'Product14982');
INSERT INTO products (id, item_id, price) VALUES (14982, 25441, 3);
INSERT INTO items (id, venue_id, name) VALUES (25442, 13909, 'Product14983');
INSERT INTO products (id, item_id, price) VALUES (14983, 25442, 7.5);
INSERT INTO venues (id, name) VALUES (13913, 'Venue13913');
INSERT INTO items (id, venue_id, name) VALUES (25452, 13913, 'Space20456');
INSERT INTO spaces (id, item_id, hour_price) VALUES (20456, 25452, 0);
INSERT INTO items (id, venue_id, name) VALUES (25453, 13913, 'Space20457');
INSERT INTO spaces (id, item_id, hour_price) VALUES (20457, 25453, 0);
INSERT INTO items (id, venue_id, name) VALUES (25454, 13913, 'Space20458');
INSERT INTO spaces (id, item_id, hour_price) VALUES (20458, 25454, 0);
INSERT INTO items (id, venue_id, name) VALUES (25455, 13913, 'Space20459');
INSERT INTO spaces (id, item_id, hour_price) VALUES (20459, 25455, 0);
INSERT INTO items (id, venue_id, name) VALUES (25456, 13913, 'Space20460');
INSERT INTO spaces (id, item_id, hour_price) VALUES (20460, 25456, 0);
INSERT INTO items (id, venue_id, name) VALUES (25457, 13913, 'Space20461');
INSERT INTO spaces (id, item_id, hour_price) VALUES (20461, 25457, 0);
INSERT INTO items (id, venue_id, name) VALUES (25458, 13913, 'Space20462');
INSERT INTO spaces (id, item_id, hour_price) VALUES (20462, 25458, 5);
INSERT INTO items (id, venue_id, name) VALUES (25459, 13913, 'Product14989');
INSERT INTO products (id, item_id, price) VALUES (14989, 25459, 0);
INSERT INTO items (id, venue_id, name) VALUES (25460, 13913, 'Product14990');
INSERT INTO products (id, item_id, price) VALUES (14990, 25460, 0);
INSERT INTO items (id, venue_id, name) VALUES (25461, 13913, 'Product14991');
INSERT INTO products (id, item_id, price) VALUES (14991, 25461, 0);
INSERT INTO items (id, venue_id, name) VALUES (25462, 13913, 'Product14992');
INSERT INTO products (id, item_id, price) VALUES (14992, 25462, 0);
INSERT INTO items (id, venue_id, name) VALUES (25463, 13913, 'Product14993');
INSERT INTO products (id, item_id, price) VALUES (14993, 25463, 0);
INSERT INTO items (id, venue_id, name) VALUES (25464, 13913, 'Product14994');
INSERT INTO products (id, item_id, price) VALUES (14994, 25464, 0);
INSERT INTO items (id, venue_id, name) VALUES (25465, 13913, 'Product14995');
INSERT INTO products (id, item_id, price) VALUES (14995, 25465, 7);
INSERT INTO items (id, venue_id, name) VALUES (25466, 13913, 'Product14996');
INSERT INTO products (id, item_id, price) VALUES (14996, 25466, 0);
INSERT INTO items (id, venue_id, name) VALUES (25467, 13913, 'Product14997');
INSERT INTO products (id, item_id, price) VALUES (14997, 25467, 0);
INSERT INTO items (id, venue_id, name) VALUES (25468, 13913, 'Product14998');
INSERT INTO products (id, item_id, price) VALUES (14998, 25468, 0);
INSERT INTO items (id, venue_id, name) VALUES (25469, 13913, 'Product14999');
INSERT INTO products (id, item_id, price) VALUES (14999, 25469, 0);
INSERT INTO items (id, venue_id, name) VALUES (25470, 13913, 'Product15000');
INSERT INTO products (id, item_id, price) VALUES (15000, 25470, 0);
INSERT INTO items (id, venue_id, name) VALUES (25471, 13913, 'Product15001');
INSERT INTO products (id, item_id, price) VALUES (15001, 25471, 0);
INSERT INTO items (id, venue_id, name) VALUES (25472, 13913, 'Product15002');
INSERT INTO products (id, item_id, price) VALUES (15002, 25472, 0);
INSERT INTO items (id, venue_id, name) VALUES (25473, 13913, 'Product15003');
INSERT INTO products (id, item_id, price) VALUES (15003, 25473, 0);
INSERT INTO items (id, venue_id, name) VALUES (25474, 13913, 'Product15004');
INSERT INTO products (id, item_id, price) VALUES (15004, 25474, 0);
INSERT INTO items (id, venue_id, name) VALUES (25475, 13913, 'Product15005');
INSERT INTO products (id, item_id, price) VALUES (15005, 25475, 0);
INSERT INTO venues (id, name) VALUES (13918, 'Venue13918');
INSERT INTO items (id, venue_id, name) VALUES (25510, 13918, 'Space20468');
INSERT INTO spaces (id, item_id, hour_price) VALUES (20468, 25510, 0);
INSERT INTO items (id, venue_id, name) VALUES (25511, 13918, 'Space20469');
INSERT INTO spaces (id, item_id, hour_price) VALUES (20469, 25511, 0);
INSERT INTO items (id, venue_id, name) VALUES (25512, 13918, 'Space20470');
INSERT INTO spaces (id, item_id, hour_price) VALUES (20470, 25512, 0);
INSERT INTO items (id, venue_id, name) VALUES (25513, 13918, 'Space20471');
INSERT INTO spaces (id, item_id, hour_price) VALUES (20471, 25513, 0);
INSERT INTO items (id, venue_id, name) VALUES (25514, 13918, 'Space20472');
INSERT INTO spaces (id, item_id, hour_price) VALUES (20472, 25514, 0);
INSERT INTO items (id, venue_id, name) VALUES (25515, 13918, 'Space20473');
INSERT INTO spaces (id, item_id, hour_price) VALUES (20473, 25515, 0);
INSERT INTO items (id, venue_id, name) VALUES (25517, 13918, 'Product15035');
INSERT INTO products (id, item_id, price) VALUES (15035, 25517, 1);
INSERT INTO items (id, venue_id, name) VALUES (25518, 13918, 'Product15036');
INSERT INTO products (id, item_id, price) VALUES (15036, 25518, 1);
INSERT INTO items (id, venue_id, name) VALUES (25519, 13918, 'Product15037');
INSERT INTO products (id, item_id, price) VALUES (15037, 25519, 5);
INSERT INTO items (id, venue_id, name) VALUES (25520, 13918, 'Product15038');
INSERT INTO products (id, item_id, price) VALUES (15038, 25520, 5);
INSERT INTO items (id, venue_id, name) VALUES (25521, 13918, 'Product15039');
INSERT INTO products (id, item_id, price) VALUES (15039, 25521, 3);
INSERT INTO items (id, venue_id, name) VALUES (25522, 13918, 'Product15040');
INSERT INTO products (id, item_id, price) VALUES (15040, 25522, 7);
INSERT INTO items (id, venue_id, name) VALUES (25523, 13918, 'Product15041');
INSERT INTO products (id, item_id, price) VALUES (15041, 25523, 10);
INSERT INTO items (id, venue_id, name) VALUES (25524, 13918, 'Product15042');
INSERT INTO products (id, item_id, price) VALUES (15042, 25524, 25);
INSERT INTO items (id, venue_id, name) VALUES (25525, 13918, 'Product15043');
INSERT INTO products (id, item_id, price) VALUES (15043, 25525, 50);
INSERT INTO items (id, venue_id, name) VALUES (25526, 13918, 'Product15044');
INSERT INTO products (id, item_id, price) VALUES (15044, 25526, 40);
INSERT INTO items (id, venue_id, name) VALUES (25527, 13918, 'Product15045');
INSERT INTO products (id, item_id, price) VALUES (15045, 25527, 75);
INSERT INTO items (id, venue_id, name) VALUES (25528, 13918, 'Product15046');
INSERT INTO products (id, item_id, price) VALUES (15046, 25528, 0);
INSERT INTO items (id, venue_id, name) VALUES (25529, 13918, 'Product15047');
INSERT INTO products (id, item_id, price) VALUES (15047, 25529, 0);
INSERT INTO items (id, venue_id, name) VALUES (25530, 13918, 'Product15048');
INSERT INTO products (id, item_id, price) VALUES (15048, 25530, 0);
INSERT INTO items (id, venue_id, name) VALUES (25531, 13918, 'Product15049');
INSERT INTO products (id, item_id, price) VALUES (15049, 25531, 0);
INSERT INTO items (id, venue_id, name) VALUES (25532, 13918, 'Product15050');
INSERT INTO products (id, item_id, price) VALUES (15050, 25532, 25);
INSERT INTO items (id, venue_id, name) VALUES (25533, 13918, 'Product15051');
INSERT INTO products (id, item_id, price) VALUES (15051, 25533, 50);
INSERT INTO items (id, venue_id, name) VALUES (26756, 13918, 'Space20985');
INSERT INTO spaces (id, item_id, hour_price) VALUES (20985, 26756, 81.25);
INSERT INTO venues (id, name) VALUES (13923, 'Venue13923');
INSERT INTO items (id, venue_id, name) VALUES (25534, 13923, 'Space20475');
INSERT INTO spaces (id, item_id, hour_price) VALUES (20475, 25534, 0);
INSERT INTO items (id, venue_id, name) VALUES (25535, 13923, 'Space20476');
INSERT INTO spaces (id, item_id, hour_price) VALUES (20476, 25535, 0);
INSERT INTO items (id, venue_id, name) VALUES (25536, 13923, 'Space20477');
INSERT INTO spaces (id, item_id, hour_price) VALUES (20477, 25536, 0);
INSERT INTO items (id, venue_id, name) VALUES (25537, 13923, 'Space20478');
INSERT INTO spaces (id, item_id, hour_price) VALUES (20478, 25537, 0);
INSERT INTO items (id, venue_id, name) VALUES (25538, 13923, 'Space20479');
INSERT INTO spaces (id, item_id, hour_price) VALUES (20479, 25538, 0);
INSERT INTO items (id, venue_id, name) VALUES (25539, 13923, 'Space20480');
INSERT INTO spaces (id, item_id, hour_price) VALUES (20480, 25539, 0);
INSERT INTO items (id, venue_id, name) VALUES (25540, 13923, 'Space20481');
INSERT INTO spaces (id, item_id, hour_price) VALUES (20481, 25540, 45);
INSERT INTO items (id, venue_id, name) VALUES (25541, 13923, 'Product15052');
INSERT INTO products (id, item_id, price) VALUES (15052, 25541, 8);
INSERT INTO venues (id, name) VALUES (13927, 'Venue13927');
INSERT INTO items (id, venue_id, name) VALUES (25542, 13927, 'Space20482');
INSERT INTO spaces (id, item_id, hour_price) VALUES (20482, 25542, 0);
INSERT INTO items (id, venue_id, name) VALUES (25543, 13927, 'Space20483');
INSERT INTO spaces (id, item_id, hour_price) VALUES (20483, 25543, 0);
INSERT INTO items (id, venue_id, name) VALUES (25544, 13927, 'Space20484');
INSERT INTO spaces (id, item_id, hour_price) VALUES (20484, 25544, 0);
INSERT INTO items (id, venue_id, name) VALUES (25545, 13927, 'Space20485');
INSERT INTO spaces (id, item_id, hour_price) VALUES (20485, 25545, 0);
INSERT INTO items (id, venue_id, name) VALUES (25546, 13927, 'Space20486');
INSERT INTO spaces (id, item_id, hour_price) VALUES (20486, 25546, 0);
INSERT INTO items (id, venue_id, name) VALUES (25547, 13927, 'Space20487');
INSERT INTO spaces (id, item_id, hour_price) VALUES (20487, 25547, 0);
INSERT INTO items (id, venue_id, name) VALUES (25548, 13927, 'Space20488');
INSERT INTO spaces (id, item_id, hour_price) VALUES (20488, 25548, 15);
INSERT INTO items (id, venue_id, name) VALUES (25549, 13927, 'Space20489');
INSERT INTO spaces (id, item_id, hour_price) VALUES (20489, 25549, 45);
INSERT INTO items (id, venue_id, name) VALUES (25550, 13927, 'Product15053');
INSERT INTO products (id, item_id, price) VALUES (15053, 25550, 2);
INSERT INTO items (id, venue_id, name) VALUES (25551, 13927, 'Product15054');
INSERT INTO products (id, item_id, price) VALUES (15054, 25551, 2);
INSERT INTO items (id, venue_id, name) VALUES (25552, 13927, 'Product15055');
INSERT INTO products (id, item_id, price) VALUES (15055, 25552, 12);
INSERT INTO items (id, venue_id, name) VALUES (25553, 13927, 'Product15056');
INSERT INTO products (id, item_id, price) VALUES (15056, 25553, 12);
INSERT INTO items (id, venue_id, name) VALUES (25554, 13927, 'Product15057');
INSERT INTO products (id, item_id, price) VALUES (15057, 25554, 15);
INSERT INTO items (id, venue_id, name) VALUES (25555, 13927, 'Product15058');
INSERT INTO products (id, item_id, price) VALUES (15058, 25555, 15);
INSERT INTO items (id, venue_id, name) VALUES (25556, 13927, 'Product15059');
INSERT INTO products (id, item_id, price) VALUES (15059, 25556, 100);
INSERT INTO items (id, venue_id, name) VALUES (25557, 13927, 'Product15060');
INSERT INTO products (id, item_id, price) VALUES (15060, 25557, 10);
INSERT INTO venues (id, name) VALUES (13929, 'Venue13929');
INSERT INTO items (id, venue_id, name) VALUES (25592, 13929, 'Space20490');
INSERT INTO spaces (id, item_id, hour_price) VALUES (20490, 25592, 0);
INSERT INTO items (id, venue_id, name) VALUES (25593, 13929, 'Space20491');
INSERT INTO spaces (id, item_id, hour_price) VALUES (20491, 25593, 0);
INSERT INTO items (id, venue_id, name) VALUES (25594, 13929, 'Space20492');
INSERT INTO spaces (id, item_id, hour_price) VALUES (20492, 25594, 0);
INSERT INTO items (id, venue_id, name) VALUES (25595, 13929, 'Space20493');
INSERT INTO spaces (id, item_id, hour_price) VALUES (20493, 25595, 0);
INSERT INTO items (id, venue_id, name) VALUES (25596, 13929, 'Space20494');
INSERT INTO spaces (id, item_id, hour_price) VALUES (20494, 25596, 0);
INSERT INTO items (id, venue_id, name) VALUES (25597, 13929, 'Space20495');
INSERT INTO spaces (id, item_id, hour_price) VALUES (20495, 25597, 0);
INSERT INTO items (id, venue_id, name) VALUES (25598, 13929, 'Space20496');
INSERT INTO spaces (id, item_id, hour_price) VALUES (20496, 25598, 4);
INSERT INTO venues (id, name) VALUES (13932, 'Venue13932');
INSERT INTO items (id, venue_id, name) VALUES (25599, 13932, 'Space20497');
INSERT INTO spaces (id, item_id, hour_price) VALUES (20497, 25599, 0);
INSERT INTO items (id, venue_id, name) VALUES (25600, 13932, 'Space20498');
INSERT INTO spaces (id, item_id, hour_price) VALUES (20498, 25600, 0);
INSERT INTO items (id, venue_id, name) VALUES (25601, 13932, 'Space20499');
INSERT INTO spaces (id, item_id, hour_price) VALUES (20499, 25601, 0);
INSERT INTO items (id, venue_id, name) VALUES (25602, 13932, 'Space20500');
INSERT INTO spaces (id, item_id, hour_price) VALUES (20500, 25602, 0);
INSERT INTO items (id, venue_id, name) VALUES (25603, 13932, 'Space20501');
INSERT INTO spaces (id, item_id, hour_price) VALUES (20501, 25603, 0);
INSERT INTO items (id, venue_id, name) VALUES (25604, 13932, 'Space20502');
INSERT INTO spaces (id, item_id, hour_price) VALUES (20502, 25604, 0);
INSERT INTO items (id, venue_id, name) VALUES (25605, 13932, 'Space20503');
INSERT INTO spaces (id, item_id, hour_price) VALUES (20503, 25605, 0);
INSERT INTO items (id, venue_id, name) VALUES (25606, 13932, 'Space20504');
INSERT INTO spaces (id, item_id, hour_price) VALUES (20504, 25606, 15);
INSERT INTO items (id, venue_id, name) VALUES (25607, 13932, 'Space20505');
INSERT INTO spaces (id, item_id, hour_price) VALUES (20505, 25607, 27);
INSERT INTO items (id, venue_id, name) VALUES (25608, 13932, 'Space20506');
INSERT INTO spaces (id, item_id, hour_price) VALUES (20506, 25608, 20);
INSERT INTO items (id, venue_id, name) VALUES (25612, 13932, 'Product15098');
INSERT INTO products (id, item_id, price) VALUES (15098, 25612, 0.25);
INSERT INTO items (id, venue_id, name) VALUES (25613, 13932, 'Product15099');
INSERT INTO products (id, item_id, price) VALUES (15099, 25613, 0.1);
INSERT INTO items (id, venue_id, name) VALUES (25614, 13932, 'Product15100');
INSERT INTO products (id, item_id, price) VALUES (15100, 25614, 10);
INSERT INTO items (id, venue_id, name) VALUES (25721, 13932, 'Space20553');
INSERT INTO spaces (id, item_id, hour_price) VALUES (20553, 25721, 27);
INSERT INTO items (id, venue_id, name) VALUES (26207, 13932, 'Space20746');
INSERT INTO spaces (id, item_id, hour_price) VALUES (20746, 26207, 5);
INSERT INTO venues (id, name) VALUES (13937, 'Venue13937');
INSERT INTO items (id, venue_id, name) VALUES (25617, 13937, 'Space20507');
INSERT INTO spaces (id, item_id, hour_price) VALUES (20507, 25617, 0);
INSERT INTO items (id, venue_id, name) VALUES (25618, 13937, 'Space20508');
INSERT INTO spaces (id, item_id, hour_price) VALUES (20508, 25618, 0);
INSERT INTO items (id, venue_id, name) VALUES (25619, 13937, 'Space20509');
INSERT INTO spaces (id, item_id, hour_price) VALUES (20509, 25619, 0);
INSERT INTO items (id, venue_id, name) VALUES (25621, 13937, 'Space20510');
INSERT INTO spaces (id, item_id, hour_price) VALUES (20510, 25621, 0);
INSERT INTO items (id, venue_id, name) VALUES (25622, 13937, 'Space20511');
INSERT INTO spaces (id, item_id, hour_price) VALUES (20511, 25622, 0);
INSERT INTO items (id, venue_id, name) VALUES (25623, 13937, 'Space20512');
INSERT INTO spaces (id, item_id, hour_price) VALUES (20512, 25623, 0);
INSERT INTO items (id, venue_id, name) VALUES (25624, 13937, 'Space20513');
INSERT INTO spaces (id, item_id, hour_price) VALUES (20513, 25624, 55);
INSERT INTO items (id, venue_id, name) VALUES (25625, 13937, 'Space20514');
INSERT INTO spaces (id, item_id, hour_price) VALUES (20514, 25625, 55);
INSERT INTO items (id, venue_id, name) VALUES (25626, 13937, 'Space20515');
INSERT INTO spaces (id, item_id, hour_price) VALUES (20515, 25626, 100);
INSERT INTO items (id, venue_id, name) VALUES (25627, 13937, 'Product15104');
INSERT INTO products (id, item_id, price) VALUES (15104, 25627, 0);
INSERT INTO items (id, venue_id, name) VALUES (25628, 13937, 'Product15105');
INSERT INTO products (id, item_id, price) VALUES (15105, 25628, 0);
INSERT INTO items (id, venue_id, name) VALUES (25629, 13937, 'Product15106');
INSERT INTO products (id, item_id, price) VALUES (15106, 25629, 0);
INSERT INTO items (id, venue_id, name) VALUES (25630, 13937, 'Product15107');
INSERT INTO products (id, item_id, price) VALUES (15107, 25630, 0);
INSERT INTO items (id, venue_id, name) VALUES (25631, 13937, 'Product15108');
INSERT INTO products (id, item_id, price) VALUES (15108, 25631, 0);
INSERT INTO items (id, venue_id, name) VALUES (25632, 13937, 'Product15109');
INSERT INTO products (id, item_id, price) VALUES (15109, 25632, 0);
INSERT INTO items (id, venue_id, name) VALUES (25633, 13937, 'Product15110');
INSERT INTO products (id, item_id, price) VALUES (15110, 25633, 0);
INSERT INTO items (id, venue_id, name) VALUES (25634, 13937, 'Product15111');
INSERT INTO products (id, item_id, price) VALUES (15111, 25634, 0);
INSERT INTO items (id, venue_id, name) VALUES (25635, 13937, 'Product15112');
INSERT INTO products (id, item_id, price) VALUES (15112, 25635, 0);
INSERT INTO items (id, venue_id, name) VALUES (25636, 13937, 'Product15113');
INSERT INTO products (id, item_id, price) VALUES (15113, 25636, 0);
INSERT INTO items (id, venue_id, name) VALUES (25637, 13937, 'Product15114');
INSERT INTO products (id, item_id, price) VALUES (15114, 25637, 0);
INSERT INTO items (id, venue_id, name) VALUES (25638, 13937, 'Product15115');
INSERT INTO products (id, item_id, price) VALUES (15115, 25638, 0);
INSERT INTO items (id, venue_id, name) VALUES (25639, 13937, 'Product15116');
INSERT INTO products (id, item_id, price) VALUES (15116, 25639, 0);
INSERT INTO items (id, venue_id, name) VALUES (25640, 13937, 'Product15117');
INSERT INTO products (id, item_id, price) VALUES (15117, 25640, 0);
INSERT INTO items (id, venue_id, name) VALUES (25641, 13937, 'Product15118');
INSERT INTO products (id, item_id, price) VALUES (15118, 25641, 0);
INSERT INTO venues (id, name) VALUES (13945, 'Venue13945');
INSERT INTO items (id, venue_id, name) VALUES (25650, 13945, 'Space20524');
INSERT INTO spaces (id, item_id, hour_price) VALUES (20524, 25650, 0);
INSERT INTO items (id, venue_id, name) VALUES (25651, 13945, 'Space20525');
INSERT INTO spaces (id, item_id, hour_price) VALUES (20525, 25651, 0);
INSERT INTO items (id, venue_id, name) VALUES (25652, 13945, 'Space20526');
INSERT INTO spaces (id, item_id, hour_price) VALUES (20526, 25652, 0);
INSERT INTO items (id, venue_id, name) VALUES (25653, 13945, 'Space20527');
INSERT INTO spaces (id, item_id, hour_price) VALUES (20527, 25653, 0);
INSERT INTO items (id, venue_id, name) VALUES (25654, 13945, 'Space20528');
INSERT INTO spaces (id, item_id, hour_price) VALUES (20528, 25654, 0);
INSERT INTO items (id, venue_id, name) VALUES (25655, 13945, 'Space20529');
INSERT INTO spaces (id, item_id, hour_price) VALUES (20529, 25655, 0);
INSERT INTO venues (id, name) VALUES (13949, 'Venue13949');
INSERT INTO items (id, venue_id, name) VALUES (25675, 13949, 'Space20537');
INSERT INTO spaces (id, item_id, hour_price) VALUES (20537, 25675, 0);
INSERT INTO items (id, venue_id, name) VALUES (25676, 13949, 'Space20538');
INSERT INTO spaces (id, item_id, hour_price) VALUES (20538, 25676, 0);
INSERT INTO items (id, venue_id, name) VALUES (25677, 13949, 'Space20539');
INSERT INTO spaces (id, item_id, hour_price) VALUES (20539, 25677, 0);
INSERT INTO items (id, venue_id, name) VALUES (25678, 13949, 'Space20540');
INSERT INTO spaces (id, item_id, hour_price) VALUES (20540, 25678, 0);
INSERT INTO items (id, venue_id, name) VALUES (25679, 13949, 'Space20541');
INSERT INTO spaces (id, item_id, hour_price) VALUES (20541, 25679, 0);
INSERT INTO items (id, venue_id, name) VALUES (25680, 13949, 'Space20542');
INSERT INTO spaces (id, item_id, hour_price) VALUES (20542, 25680, 0);
INSERT INTO items (id, venue_id, name) VALUES (25681, 13949, 'Space20543');
INSERT INTO spaces (id, item_id, hour_price) VALUES (20543, 25681, 20);
INSERT INTO items (id, venue_id, name) VALUES (25682, 13949, 'Space20544');
INSERT INTO spaces (id, item_id, hour_price) VALUES (20544, 25682, 20);
INSERT INTO items (id, venue_id, name) VALUES (25683, 13949, 'Product15131');
INSERT INTO products (id, item_id, price) VALUES (15131, 25683, 1.6);
INSERT INTO items (id, venue_id, name) VALUES (25684, 13949, 'Product15132');
INSERT INTO products (id, item_id, price) VALUES (15132, 25684, 1.6);
INSERT INTO items (id, venue_id, name) VALUES (25685, 13949, 'Product15133');
INSERT INTO products (id, item_id, price) VALUES (15133, 25685, 10);
INSERT INTO items (id, venue_id, name) VALUES (25686, 13949, 'Product15134');
INSERT INTO products (id, item_id, price) VALUES (15134, 25686, 10);
INSERT INTO items (id, venue_id, name) VALUES (25687, 13949, 'Product15135');
INSERT INTO products (id, item_id, price) VALUES (15135, 25687, 4.5);
INSERT INTO items (id, venue_id, name) VALUES (25688, 13949, 'Product15136');
INSERT INTO products (id, item_id, price) VALUES (15136, 25688, 22.5);
INSERT INTO items (id, venue_id, name) VALUES (25689, 13949, 'Product15137');
INSERT INTO products (id, item_id, price) VALUES (15137, 25689, 10.95);
INSERT INTO items (id, venue_id, name) VALUES (25690, 13949, 'Product15138');
INSERT INTO products (id, item_id, price) VALUES (15138, 25690, 0);
INSERT INTO items (id, venue_id, name) VALUES (25691, 13949, 'Product15139');
INSERT INTO products (id, item_id, price) VALUES (15139, 25691, 0);
INSERT INTO items (id, venue_id, name) VALUES (25692, 13949, 'Product15140');
INSERT INTO products (id, item_id, price) VALUES (15140, 25692, 0);
INSERT INTO items (id, venue_id, name) VALUES (25693, 13949, 'Product15141');
INSERT INTO products (id, item_id, price) VALUES (15141, 25693, 0);
INSERT INTO items (id, venue_id, name) VALUES (25694, 13949, 'Product15142');
INSERT INTO products (id, item_id, price) VALUES (15142, 25694, 0);
INSERT INTO items (id, venue_id, name) VALUES (25695, 13949, 'Product15143');
INSERT INTO products (id, item_id, price) VALUES (15143, 25695, 0);
INSERT INTO items (id, venue_id, name) VALUES (25696, 13949, 'Product15144');
INSERT INTO products (id, item_id, price) VALUES (15144, 25696, 0);
INSERT INTO items (id, venue_id, name) VALUES (25697, 13949, 'Product15145');
INSERT INTO products (id, item_id, price) VALUES (15145, 25697, 0);
INSERT INTO venues (id, name) VALUES (13954, 'Venue13954');
INSERT INTO items (id, venue_id, name) VALUES (25698, 13954, 'Space20545');
INSERT INTO spaces (id, item_id, hour_price) VALUES (20545, 25698, 0);
INSERT INTO items (id, venue_id, name) VALUES (25699, 13954, 'Space20546');
INSERT INTO spaces (id, item_id, hour_price) VALUES (20546, 25699, 0);
INSERT INTO items (id, venue_id, name) VALUES (25700, 13954, 'Space20547');
INSERT INTO spaces (id, item_id, hour_price) VALUES (20547, 25700, 0);
INSERT INTO items (id, venue_id, name) VALUES (25701, 13954, 'Space20548');
INSERT INTO spaces (id, item_id, hour_price) VALUES (20548, 25701, 0);
INSERT INTO items (id, venue_id, name) VALUES (25702, 13954, 'Space20549');
INSERT INTO spaces (id, item_id, hour_price) VALUES (20549, 25702, 0);
INSERT INTO items (id, venue_id, name) VALUES (25703, 13954, 'Space20550');
INSERT INTO spaces (id, item_id, hour_price) VALUES (20550, 25703, 0);
INSERT INTO items (id, venue_id, name) VALUES (25705, 13954, 'Product15146');
INSERT INTO products (id, item_id, price) VALUES (15146, 25705, 0.75);
INSERT INTO items (id, venue_id, name) VALUES (25706, 13954, 'Product15147');
INSERT INTO products (id, item_id, price) VALUES (15147, 25706, 0.75);
INSERT INTO items (id, venue_id, name) VALUES (25707, 13954, 'Product15148');
INSERT INTO products (id, item_id, price) VALUES (15148, 25707, 5);
INSERT INTO items (id, venue_id, name) VALUES (25708, 13954, 'Product15149');
INSERT INTO products (id, item_id, price) VALUES (15149, 25708, 5);
INSERT INTO items (id, venue_id, name) VALUES (25709, 13954, 'Product15150');
INSERT INTO products (id, item_id, price) VALUES (15150, 25709, 8);
INSERT INTO items (id, venue_id, name) VALUES (25710, 13954, 'Product15151');
INSERT INTO products (id, item_id, price) VALUES (15151, 25710, 0);
INSERT INTO items (id, venue_id, name) VALUES (25711, 13954, 'Product15152');
INSERT INTO products (id, item_id, price) VALUES (15152, 25711, 0);
INSERT INTO items (id, venue_id, name) VALUES (25712, 13954, 'Product15153');
INSERT INTO products (id, item_id, price) VALUES (15153, 25712, 0);
INSERT INTO items (id, venue_id, name) VALUES (25713, 13954, 'Product15154');
INSERT INTO products (id, item_id, price) VALUES (15154, 25713, 0);
INSERT INTO items (id, venue_id, name) VALUES (25714, 13954, 'Product15155');
INSERT INTO products (id, item_id, price) VALUES (15155, 25714, 25);
INSERT INTO venues (id, name) VALUES (13958, 'Venue13958');
INSERT INTO items (id, venue_id, name) VALUES (25737, 13958, 'Space20567');
INSERT INTO spaces (id, item_id, hour_price) VALUES (20567, 25737, 0);
INSERT INTO items (id, venue_id, name) VALUES (25738, 13958, 'Space20568');
INSERT INTO spaces (id, item_id, hour_price) VALUES (20568, 25738, 0);
INSERT INTO items (id, venue_id, name) VALUES (25739, 13958, 'Space20569');
INSERT INTO spaces (id, item_id, hour_price) VALUES (20569, 25739, 0);
INSERT INTO items (id, venue_id, name) VALUES (25740, 13958, 'Space20570');
INSERT INTO spaces (id, item_id, hour_price) VALUES (20570, 25740, 0);
INSERT INTO items (id, venue_id, name) VALUES (25741, 13958, 'Space20571');
INSERT INTO spaces (id, item_id, hour_price) VALUES (20571, 25741, 0);
INSERT INTO items (id, venue_id, name) VALUES (25742, 13958, 'Space20572');
INSERT INTO spaces (id, item_id, hour_price) VALUES (20572, 25742, 0);
INSERT INTO items (id, venue_id, name) VALUES (25743, 13958, 'Space20573');
INSERT INTO spaces (id, item_id, hour_price) VALUES (20573, 25743, 30.6);
INSERT INTO items (id, venue_id, name) VALUES (25744, 13958, 'Space20574');
INSERT INTO spaces (id, item_id, hour_price) VALUES (20574, 25744, 51);
INSERT INTO items (id, venue_id, name) VALUES (25745, 13958, 'Space20575');
INSERT INTO spaces (id, item_id, hour_price) VALUES (20575, 25745, 20.4);
INSERT INTO items (id, venue_id, name) VALUES (25746, 13958, 'Space20576');
INSERT INTO spaces (id, item_id, hour_price) VALUES (20576, 25746, 20.4);
INSERT INTO items (id, venue_id, name) VALUES (25747, 13958, 'Space20577');
INSERT INTO spaces (id, item_id, hour_price) VALUES (20577, 25747, 112.2);
INSERT INTO items (id, venue_id, name) VALUES (25748, 13958, 'Product15163');
INSERT INTO products (id, item_id, price) VALUES (15163, 25748, 1.7);
INSERT INTO items (id, venue_id, name) VALUES (25749, 13958, 'Product15164');
INSERT INTO products (id, item_id, price) VALUES (15164, 25749, 1.7);
INSERT INTO items (id, venue_id, name) VALUES (25750, 13958, 'Product15165');
INSERT INTO products (id, item_id, price) VALUES (15165, 25750, 15.5);
INSERT INTO items (id, venue_id, name) VALUES (25751, 13958, 'Product15166');
INSERT INTO products (id, item_id, price) VALUES (15166, 25751, 15.5);
INSERT INTO items (id, venue_id, name) VALUES (25752, 13958, 'Product15167');
INSERT INTO products (id, item_id, price) VALUES (15167, 25752, 13);
INSERT INTO items (id, venue_id, name) VALUES (25753, 13958, 'Product15168');
INSERT INTO products (id, item_id, price) VALUES (15168, 25753, 65);
INSERT INTO items (id, venue_id, name) VALUES (25754, 13958, 'Product15169');
INSERT INTO products (id, item_id, price) VALUES (15169, 25754, 0);
INSERT INTO items (id, venue_id, name) VALUES (25755, 13958, 'Product15170');
INSERT INTO products (id, item_id, price) VALUES (15170, 25755, 10);
INSERT INTO items (id, venue_id, name) VALUES (25756, 13958, 'Product15171');
INSERT INTO products (id, item_id, price) VALUES (15171, 25756, 10);
INSERT INTO items (id, venue_id, name) VALUES (27367, 13958, 'Space21288');
INSERT INTO spaces (id, item_id, hour_price) VALUES (21288, 27367, 53.9);
INSERT INTO venues (id, name) VALUES (13959, 'Venue13959');
INSERT INTO items (id, venue_id, name) VALUES (25758, 13959, 'Space20578');
INSERT INTO spaces (id, item_id, hour_price) VALUES (20578, 25758, 0);
INSERT INTO items (id, venue_id, name) VALUES (25759, 13959, 'Space20579');
INSERT INTO spaces (id, item_id, hour_price) VALUES (20579, 25759, 0);
INSERT INTO items (id, venue_id, name) VALUES (25760, 13959, 'Space20580');
INSERT INTO spaces (id, item_id, hour_price) VALUES (20580, 25760, 0);
INSERT INTO items (id, venue_id, name) VALUES (25761, 13959, 'Space20581');
INSERT INTO spaces (id, item_id, hour_price) VALUES (20581, 25761, 0);
INSERT INTO items (id, venue_id, name) VALUES (25762, 13959, 'Space20582');
INSERT INTO spaces (id, item_id, hour_price) VALUES (20582, 25762, 0);
INSERT INTO items (id, venue_id, name) VALUES (25763, 13959, 'Space20583');
INSERT INTO spaces (id, item_id, hour_price) VALUES (20583, 25763, 0);
INSERT INTO items (id, venue_id, name) VALUES (25766, 13959, 'Space20584');
INSERT INTO spaces (id, item_id, hour_price) VALUES (20584, 25766, 38);
INSERT INTO items (id, venue_id, name) VALUES (25767, 13959, 'Space20585');
INSERT INTO spaces (id, item_id, hour_price) VALUES (20585, 25767, 27);
INSERT INTO venues (id, name) VALUES (13964, 'Venue13964');
INSERT INTO items (id, venue_id, name) VALUES (25772, 13964, 'Space20590');
INSERT INTO spaces (id, item_id, hour_price) VALUES (20590, 25772, 0);
INSERT INTO items (id, venue_id, name) VALUES (25773, 13964, 'Space20591');
INSERT INTO spaces (id, item_id, hour_price) VALUES (20591, 25773, 0);
INSERT INTO items (id, venue_id, name) VALUES (25774, 13964, 'Space20592');
INSERT INTO spaces (id, item_id, hour_price) VALUES (20592, 25774, 0);
INSERT INTO items (id, venue_id, name) VALUES (25775, 13964, 'Space20593');
INSERT INTO spaces (id, item_id, hour_price) VALUES (20593, 25775, 0);
INSERT INTO items (id, venue_id, name) VALUES (25776, 13964, 'Space20594');
INSERT INTO spaces (id, item_id, hour_price) VALUES (20594, 25776, 0);
INSERT INTO items (id, venue_id, name) VALUES (25777, 13964, 'Space20595');
INSERT INTO spaces (id, item_id, hour_price) VALUES (20595, 25777, 0);
INSERT INTO items (id, venue_id, name) VALUES (25778, 13964, 'Space20596');
INSERT INTO spaces (id, item_id, hour_price) VALUES (20596, 25778, 150);
INSERT INTO items (id, venue_id, name) VALUES (25779, 13964, 'Space20597');
INSERT INTO spaces (id, item_id, hour_price) VALUES (20597, 25779, 100);
INSERT INTO items (id, venue_id, name) VALUES (25780, 13964, 'Product15175');
INSERT INTO products (id, item_id, price) VALUES (15175, 25780, 0);
INSERT INTO items (id, venue_id, name) VALUES (25781, 13964, 'Product15176');
INSERT INTO products (id, item_id, price) VALUES (15176, 25781, 0);
INSERT INTO items (id, venue_id, name) VALUES (25782, 13964, 'Product15177');
INSERT INTO products (id, item_id, price) VALUES (15177, 25782, 10);
INSERT INTO items (id, venue_id, name) VALUES (25783, 13964, 'Product15178');
INSERT INTO products (id, item_id, price) VALUES (15178, 25783, 0);
INSERT INTO items (id, venue_id, name) VALUES (25784, 13964, 'Product15179');
INSERT INTO products (id, item_id, price) VALUES (15179, 25784, 0);
INSERT INTO items (id, venue_id, name) VALUES (25785, 13964, 'Product15180');
INSERT INTO products (id, item_id, price) VALUES (15180, 25785, 0);
INSERT INTO items (id, venue_id, name) VALUES (25786, 13964, 'Product15181');
INSERT INTO products (id, item_id, price) VALUES (15181, 25786, 0);
INSERT INTO items (id, venue_id, name) VALUES (25787, 13964, 'Product15182');
INSERT INTO products (id, item_id, price) VALUES (15182, 25787, 0);
INSERT INTO items (id, venue_id, name) VALUES (25788, 13964, 'Product15183');
INSERT INTO products (id, item_id, price) VALUES (15183, 25788, 0);
INSERT INTO venues (id, name) VALUES (13968, 'Venue13968');
INSERT INTO items (id, venue_id, name) VALUES (25789, 13968, 'Space20598');
INSERT INTO spaces (id, item_id, hour_price) VALUES (20598, 25789, 0);
INSERT INTO items (id, venue_id, name) VALUES (25790, 13968, 'Space20599');
INSERT INTO spaces (id, item_id, hour_price) VALUES (20599, 25790, 0);
INSERT INTO items (id, venue_id, name) VALUES (25791, 13968, 'Space20600');
INSERT INTO spaces (id, item_id, hour_price) VALUES (20600, 25791, 0);
INSERT INTO items (id, venue_id, name) VALUES (25792, 13968, 'Space20601');
INSERT INTO spaces (id, item_id, hour_price) VALUES (20601, 25792, 0);
INSERT INTO items (id, venue_id, name) VALUES (25793, 13968, 'Space20602');
INSERT INTO spaces (id, item_id, hour_price) VALUES (20602, 25793, 0);
INSERT INTO items (id, venue_id, name) VALUES (25794, 13968, 'Space20603');
INSERT INTO spaces (id, item_id, hour_price) VALUES (20603, 25794, 0);
INSERT INTO items (id, venue_id, name) VALUES (25795, 13968, 'Space20604');
INSERT INTO spaces (id, item_id, hour_price) VALUES (20604, 25795, 6.36);
INSERT INTO items (id, venue_id, name) VALUES (25796, 13968, 'Space20605');
INSERT INTO spaces (id, item_id, hour_price) VALUES (20605, 25796, 14.36);
INSERT INTO items (id, venue_id, name) VALUES (25799, 13968, 'Product15184');
INSERT INTO products (id, item_id, price) VALUES (15184, 25799, 2);
INSERT INTO items (id, venue_id, name) VALUES (25800, 13968, 'Product15185');
INSERT INTO products (id, item_id, price) VALUES (15185, 25800, 1.5);
INSERT INTO items (id, venue_id, name) VALUES (25801, 13968, 'Product15186');
INSERT INTO products (id, item_id, price) VALUES (15186, 25801, 1.25);
INSERT INTO items (id, venue_id, name) VALUES (25802, 13968, 'Product15187');
INSERT INTO products (id, item_id, price) VALUES (15187, 25802, 10);
INSERT INTO items (id, venue_id, name) VALUES (25803, 13968, 'Product15188');
INSERT INTO products (id, item_id, price) VALUES (15188, 25803, 9.95);
INSERT INTO items (id, venue_id, name) VALUES (25804, 13968, 'Product15189');
INSERT INTO products (id, item_id, price) VALUES (15189, 25804, 0);
INSERT INTO items (id, venue_id, name) VALUES (25805, 13968, 'Product15190');
INSERT INTO products (id, item_id, price) VALUES (15190, 25805, 0);
INSERT INTO items (id, venue_id, name) VALUES (25806, 13968, 'Product15191');
INSERT INTO products (id, item_id, price) VALUES (15191, 25806, 0);
INSERT INTO items (id, venue_id, name) VALUES (25807, 13968, 'Product15192');
INSERT INTO products (id, item_id, price) VALUES (15192, 25807, 0);
INSERT INTO items (id, venue_id, name) VALUES (25808, 13968, 'Product15193');
INSERT INTO products (id, item_id, price) VALUES (15193, 25808, 0);
INSERT INTO items (id, venue_id, name) VALUES (25809, 13968, 'Product15194');
INSERT INTO products (id, item_id, price) VALUES (15194, 25809, 0);
INSERT INTO items (id, venue_id, name) VALUES (25851, 13968, 'Space20609');
INSERT INTO spaces (id, item_id, hour_price) VALUES (20609, 25851, 0);
INSERT INTO venues (id, name) VALUES (13977, 'Venue13977');
INSERT INTO items (id, venue_id, name) VALUES (25864, 13977, 'Space20610');
INSERT INTO spaces (id, item_id, hour_price) VALUES (20610, 25864, 0);
INSERT INTO items (id, venue_id, name) VALUES (25865, 13977, 'Space20611');
INSERT INTO spaces (id, item_id, hour_price) VALUES (20611, 25865, 0);
INSERT INTO items (id, venue_id, name) VALUES (25866, 13977, 'Space20612');
INSERT INTO spaces (id, item_id, hour_price) VALUES (20612, 25866, 0);
INSERT INTO items (id, venue_id, name) VALUES (25867, 13977, 'Space20613');
INSERT INTO spaces (id, item_id, hour_price) VALUES (20613, 25867, 0);
INSERT INTO items (id, venue_id, name) VALUES (25868, 13977, 'Space20614');
INSERT INTO spaces (id, item_id, hour_price) VALUES (20614, 25868, 0);
INSERT INTO items (id, venue_id, name) VALUES (25869, 13977, 'Space20615');
INSERT INTO spaces (id, item_id, hour_price) VALUES (20615, 25869, 0);
INSERT INTO items (id, venue_id, name) VALUES (25870, 13977, 'Space20616');
INSERT INTO spaces (id, item_id, hour_price) VALUES (20616, 25870, 7);
INSERT INTO items (id, venue_id, name) VALUES (25871, 13977, 'Space20617');
INSERT INTO spaces (id, item_id, hour_price) VALUES (20617, 25871, 8);
INSERT INTO items (id, venue_id, name) VALUES (25872, 13977, 'Space20618');
INSERT INTO spaces (id, item_id, hour_price) VALUES (20618, 25872, 9);
INSERT INTO items (id, venue_id, name) VALUES (25873, 13977, 'Space20619');
INSERT INTO spaces (id, item_id, hour_price) VALUES (20619, 25873, 10);
INSERT INTO items (id, venue_id, name) VALUES (25874, 13977, 'Space20620');
INSERT INTO spaces (id, item_id, hour_price) VALUES (20620, 25874, 10);
INSERT INTO items (id, venue_id, name) VALUES (25875, 13977, 'Product15247');
INSERT INTO products (id, item_id, price) VALUES (15247, 25875, 0.5);
INSERT INTO items (id, venue_id, name) VALUES (25876, 13977, 'Product15248');
INSERT INTO products (id, item_id, price) VALUES (15248, 25876, 0.25);
INSERT INTO items (id, venue_id, name) VALUES (25877, 13977, 'Product15249');
INSERT INTO products (id, item_id, price) VALUES (15249, 25877, 4);
INSERT INTO items (id, venue_id, name) VALUES (25878, 13977, 'Product15250');
INSERT INTO products (id, item_id, price) VALUES (15250, 25878, 1.5);
INSERT INTO items (id, venue_id, name) VALUES (25879, 13977, 'Product15251');
INSERT INTO products (id, item_id, price) VALUES (15251, 25879, 7.5);
INSERT INTO venues (id, name) VALUES (13982, 'Venue13982');
INSERT INTO items (id, venue_id, name) VALUES (25884, 13982, 'Space20625');
INSERT INTO spaces (id, item_id, hour_price) VALUES (20625, 25884, 0);
INSERT INTO items (id, venue_id, name) VALUES (25885, 13982, 'Space20626');
INSERT INTO spaces (id, item_id, hour_price) VALUES (20626, 25885, 0);
INSERT INTO items (id, venue_id, name) VALUES (25886, 13982, 'Space20627');
INSERT INTO spaces (id, item_id, hour_price) VALUES (20627, 25886, 0);
INSERT INTO items (id, venue_id, name) VALUES (25887, 13982, 'Space20628');
INSERT INTO spaces (id, item_id, hour_price) VALUES (20628, 25887, 0);
INSERT INTO items (id, venue_id, name) VALUES (25888, 13982, 'Space20629');
INSERT INTO spaces (id, item_id, hour_price) VALUES (20629, 25888, 0);
INSERT INTO items (id, venue_id, name) VALUES (25889, 13982, 'Space20630');
INSERT INTO spaces (id, item_id, hour_price) VALUES (20630, 25889, 0);
INSERT INTO items (id, venue_id, name) VALUES (25890, 13982, 'Space20631');
INSERT INTO spaces (id, item_id, hour_price) VALUES (20631, 25890, 85);
INSERT INTO items (id, venue_id, name) VALUES (25891, 13982, 'Space20632');
INSERT INTO spaces (id, item_id, hour_price) VALUES (20632, 25891, 0);
INSERT INTO items (id, venue_id, name) VALUES (25892, 13982, 'Product15252');
INSERT INTO products (id, item_id, price) VALUES (15252, 25892, 1.5);
INSERT INTO items (id, venue_id, name) VALUES (25893, 13982, 'Product15253');
INSERT INTO products (id, item_id, price) VALUES (15253, 25893, 1.5);
INSERT INTO items (id, venue_id, name) VALUES (25894, 13982, 'Product15254');
INSERT INTO products (id, item_id, price) VALUES (15254, 25894, 25);
INSERT INTO items (id, venue_id, name) VALUES (25895, 13982, 'Product15255');
INSERT INTO products (id, item_id, price) VALUES (15255, 25895, 25);
INSERT INTO items (id, venue_id, name) VALUES (25896, 13982, 'Space20633');
INSERT INTO spaces (id, item_id, hour_price) VALUES (20633, 25896, 0);
INSERT INTO venues (id, name) VALUES (13987, 'Venue13987');
INSERT INTO items (id, venue_id, name) VALUES (25899, 13987, 'Space20634');
INSERT INTO spaces (id, item_id, hour_price) VALUES (20634, 25899, 0);
INSERT INTO items (id, venue_id, name) VALUES (25900, 13987, 'Space20635');
INSERT INTO spaces (id, item_id, hour_price) VALUES (20635, 25900, 0);
INSERT INTO items (id, venue_id, name) VALUES (25901, 13987, 'Space20636');
INSERT INTO spaces (id, item_id, hour_price) VALUES (20636, 25901, 0);
INSERT INTO items (id, venue_id, name) VALUES (25902, 13987, 'Space20637');
INSERT INTO spaces (id, item_id, hour_price) VALUES (20637, 25902, 0);
INSERT INTO items (id, venue_id, name) VALUES (25903, 13987, 'Space20638');
INSERT INTO spaces (id, item_id, hour_price) VALUES (20638, 25903, 0);
INSERT INTO items (id, venue_id, name) VALUES (25904, 13987, 'Space20639');
INSERT INTO spaces (id, item_id, hour_price) VALUES (20639, 25904, 0);
INSERT INTO items (id, venue_id, name) VALUES (25905, 13987, 'Space20640');
INSERT INTO spaces (id, item_id, hour_price) VALUES (20640, 25905, 2.75);
INSERT INTO items (id, venue_id, name) VALUES (25906, 13987, 'Product15258');
INSERT INTO products (id, item_id, price) VALUES (15258, 25906, 0);
INSERT INTO items (id, venue_id, name) VALUES (25907, 13987, 'Product15259');
INSERT INTO products (id, item_id, price) VALUES (15259, 25907, 0);
INSERT INTO items (id, venue_id, name) VALUES (25908, 13987, 'Product15260');
INSERT INTO products (id, item_id, price) VALUES (15260, 25908, 0);
INSERT INTO items (id, venue_id, name) VALUES (25909, 13987, 'Product15261');
INSERT INTO products (id, item_id, price) VALUES (15261, 25909, 0);
INSERT INTO items (id, venue_id, name) VALUES (25910, 13987, 'Product15262');
INSERT INTO products (id, item_id, price) VALUES (15262, 25910, 0);
INSERT INTO items (id, venue_id, name) VALUES (25911, 13987, 'Product15263');
INSERT INTO products (id, item_id, price) VALUES (15263, 25911, 0);
INSERT INTO items (id, venue_id, name) VALUES (25912, 13987, 'Product15264');
INSERT INTO products (id, item_id, price) VALUES (15264, 25912, 4.5);
INSERT INTO items (id, venue_id, name) VALUES (25913, 13987, 'Product15265');
INSERT INTO products (id, item_id, price) VALUES (15265, 25913, 0);
INSERT INTO items (id, venue_id, name) VALUES (25914, 13987, 'Product15266');
INSERT INTO products (id, item_id, price) VALUES (15266, 25914, 0);
INSERT INTO items (id, venue_id, name) VALUES (25915, 13987, 'Product15267');
INSERT INTO products (id, item_id, price) VALUES (15267, 25915, 0);
INSERT INTO items (id, venue_id, name) VALUES (25916, 13987, 'Product15268');
INSERT INTO products (id, item_id, price) VALUES (15268, 25916, 0);
INSERT INTO items (id, venue_id, name) VALUES (25917, 13987, 'Product15269');
INSERT INTO products (id, item_id, price) VALUES (15269, 25917, 0);
INSERT INTO items (id, venue_id, name) VALUES (25918, 13987, 'Product15270');
INSERT INTO products (id, item_id, price) VALUES (15270, 25918, 0);
INSERT INTO items (id, venue_id, name) VALUES (25919, 13987, 'Product15271');
INSERT INTO products (id, item_id, price) VALUES (15271, 25919, 0);
INSERT INTO items (id, venue_id, name) VALUES (25920, 13987, 'Product15272');
INSERT INTO products (id, item_id, price) VALUES (15272, 25920, 0);
INSERT INTO items (id, venue_id, name) VALUES (25921, 13987, 'Product15273');
INSERT INTO products (id, item_id, price) VALUES (15273, 25921, 0);
INSERT INTO items (id, venue_id, name) VALUES (25922, 13987, 'Product15274');
INSERT INTO products (id, item_id, price) VALUES (15274, 25922, 0);
INSERT INTO venues (id, name) VALUES (13991, 'Venue13991');
INSERT INTO items (id, venue_id, name) VALUES (25925, 13991, 'Space20642');
INSERT INTO spaces (id, item_id, hour_price) VALUES (20642, 25925, 0);
INSERT INTO items (id, venue_id, name) VALUES (25926, 13991, 'Space20643');
INSERT INTO spaces (id, item_id, hour_price) VALUES (20643, 25926, 0);
INSERT INTO items (id, venue_id, name) VALUES (25927, 13991, 'Space20644');
INSERT INTO spaces (id, item_id, hour_price) VALUES (20644, 25927, 0);
INSERT INTO items (id, venue_id, name) VALUES (25928, 13991, 'Space20645');
INSERT INTO spaces (id, item_id, hour_price) VALUES (20645, 25928, 0);
INSERT INTO items (id, venue_id, name) VALUES (25929, 13991, 'Space20646');
INSERT INTO spaces (id, item_id, hour_price) VALUES (20646, 25929, 0);
INSERT INTO items (id, venue_id, name) VALUES (25930, 13991, 'Space20647');
INSERT INTO spaces (id, item_id, hour_price) VALUES (20647, 25930, 0);
INSERT INTO items (id, venue_id, name) VALUES (25931, 13991, 'Space20648');
INSERT INTO spaces (id, item_id, hour_price) VALUES (20648, 25931, 62.5);
INSERT INTO items (id, venue_id, name) VALUES (25932, 13991, 'Product15276');
INSERT INTO products (id, item_id, price) VALUES (15276, 25932, 0);
INSERT INTO items (id, venue_id, name) VALUES (25933, 13991, 'Product15277');
INSERT INTO products (id, item_id, price) VALUES (15277, 25933, 0);
INSERT INTO items (id, venue_id, name) VALUES (25934, 13991, 'Product15278');
INSERT INTO products (id, item_id, price) VALUES (15278, 25934, 0);
INSERT INTO items (id, venue_id, name) VALUES (25935, 13991, 'Product15279');
INSERT INTO products (id, item_id, price) VALUES (15279, 25935, 0);
INSERT INTO items (id, venue_id, name) VALUES (25936, 13991, 'Product15280');
INSERT INTO products (id, item_id, price) VALUES (15280, 25936, 0);
INSERT INTO items (id, venue_id, name) VALUES (25937, 13991, 'Product15281');
INSERT INTO products (id, item_id, price) VALUES (15281, 25937, 0);
INSERT INTO items (id, venue_id, name) VALUES (25938, 13991, 'Product15282');
INSERT INTO products (id, item_id, price) VALUES (15282, 25938, 15.5);
INSERT INTO items (id, venue_id, name) VALUES (25939, 13991, 'Product15283');
INSERT INTO products (id, item_id, price) VALUES (15283, 25939, 0);
INSERT INTO items (id, venue_id, name) VALUES (25940, 13991, 'Product15284');
INSERT INTO products (id, item_id, price) VALUES (15284, 25940, 0);
INSERT INTO items (id, venue_id, name) VALUES (25941, 13991, 'Product15285');
INSERT INTO products (id, item_id, price) VALUES (15285, 25941, 0);
INSERT INTO items (id, venue_id, name) VALUES (25942, 13991, 'Product15286');
INSERT INTO products (id, item_id, price) VALUES (15286, 25942, 0);
INSERT INTO items (id, venue_id, name) VALUES (25943, 13991, 'Product15287');
INSERT INTO products (id, item_id, price) VALUES (15287, 25943, 0);
INSERT INTO items (id, venue_id, name) VALUES (25944, 13991, 'Product15288');
INSERT INTO products (id, item_id, price) VALUES (15288, 25944, 0);
INSERT INTO items (id, venue_id, name) VALUES (25945, 13991, 'Product15289');
INSERT INTO products (id, item_id, price) VALUES (15289, 25945, 0);
INSERT INTO items (id, venue_id, name) VALUES (25946, 13991, 'Product15290');
INSERT INTO products (id, item_id, price) VALUES (15290, 25946, 0);
INSERT INTO venues (id, name) VALUES (13996, 'Venue13996');
INSERT INTO items (id, venue_id, name) VALUES (25948, 13996, 'Space20649');
INSERT INTO spaces (id, item_id, hour_price) VALUES (20649, 25948, 0);
INSERT INTO items (id, venue_id, name) VALUES (25949, 13996, 'Space20650');
INSERT INTO spaces (id, item_id, hour_price) VALUES (20650, 25949, 0);
INSERT INTO items (id, venue_id, name) VALUES (25950, 13996, 'Space20651');
INSERT INTO spaces (id, item_id, hour_price) VALUES (20651, 25950, 0);
INSERT INTO items (id, venue_id, name) VALUES (25951, 13996, 'Space20652');
INSERT INTO spaces (id, item_id, hour_price) VALUES (20652, 25951, 0);
INSERT INTO items (id, venue_id, name) VALUES (25952, 13996, 'Space20653');
INSERT INTO spaces (id, item_id, hour_price) VALUES (20653, 25952, 0);
INSERT INTO items (id, venue_id, name) VALUES (25953, 13996, 'Space20654');
INSERT INTO spaces (id, item_id, hour_price) VALUES (20654, 25953, 0);
INSERT INTO items (id, venue_id, name) VALUES (25954, 13996, 'Space20655');
INSERT INTO spaces (id, item_id, hour_price) VALUES (20655, 25954, 11);
INSERT INTO items (id, venue_id, name) VALUES (25955, 13996, 'Space20656');
INSERT INTO spaces (id, item_id, hour_price) VALUES (20656, 25955, 11);
INSERT INTO items (id, venue_id, name) VALUES (25956, 13996, 'Space20657');
INSERT INTO spaces (id, item_id, hour_price) VALUES (20657, 25956, 11);
INSERT INTO items (id, venue_id, name) VALUES (25957, 13996, 'Product15292');
INSERT INTO products (id, item_id, price) VALUES (15292, 25957, 0);
INSERT INTO items (id, venue_id, name) VALUES (25958, 13996, 'Product15293');
INSERT INTO products (id, item_id, price) VALUES (15293, 25958, 0);
INSERT INTO items (id, venue_id, name) VALUES (25959, 13996, 'Product15294');
INSERT INTO products (id, item_id, price) VALUES (15294, 25959, 0);
INSERT INTO items (id, venue_id, name) VALUES (25960, 13996, 'Product15295');
INSERT INTO products (id, item_id, price) VALUES (15295, 25960, 0);
INSERT INTO items (id, venue_id, name) VALUES (25961, 13996, 'Product15296');
INSERT INTO products (id, item_id, price) VALUES (15296, 25961, 0);
INSERT INTO items (id, venue_id, name) VALUES (25962, 13996, 'Product15297');
INSERT INTO products (id, item_id, price) VALUES (15297, 25962, 0);
INSERT INTO items (id, venue_id, name) VALUES (25963, 13996, 'Product15298');
INSERT INTO products (id, item_id, price) VALUES (15298, 25963, 0);
INSERT INTO items (id, venue_id, name) VALUES (25964, 13996, 'Product15299');
INSERT INTO products (id, item_id, price) VALUES (15299, 25964, 0);
INSERT INTO items (id, venue_id, name) VALUES (25965, 13996, 'Product15300');
INSERT INTO products (id, item_id, price) VALUES (15300, 25965, 0);
INSERT INTO items (id, venue_id, name) VALUES (25966, 13996, 'Product15301');
INSERT INTO products (id, item_id, price) VALUES (15301, 25966, 0);
INSERT INTO venues (id, name) VALUES (13998, 'Venue13998');
INSERT INTO items (id, venue_id, name) VALUES (25975, 13998, 'Space20663');
INSERT INTO spaces (id, item_id, hour_price) VALUES (20663, 25975, 0);
INSERT INTO items (id, venue_id, name) VALUES (25976, 13998, 'Space20664');
INSERT INTO spaces (id, item_id, hour_price) VALUES (20664, 25976, 0);
INSERT INTO items (id, venue_id, name) VALUES (25977, 13998, 'Space20665');
INSERT INTO spaces (id, item_id, hour_price) VALUES (20665, 25977, 0);
INSERT INTO items (id, venue_id, name) VALUES (25978, 13998, 'Space20666');
INSERT INTO spaces (id, item_id, hour_price) VALUES (20666, 25978, 0);
INSERT INTO items (id, venue_id, name) VALUES (25979, 13998, 'Space20667');
INSERT INTO spaces (id, item_id, hour_price) VALUES (20667, 25979, 0);
INSERT INTO items (id, venue_id, name) VALUES (25980, 13998, 'Space20668');
INSERT INTO spaces (id, item_id, hour_price) VALUES (20668, 25980, 0);
INSERT INTO items (id, venue_id, name) VALUES (25981, 13998, 'Space20669');
INSERT INTO spaces (id, item_id, hour_price) VALUES (20669, 25981, 2.75);
INSERT INTO items (id, venue_id, name) VALUES (25982, 13998, 'Space20670');
INSERT INTO spaces (id, item_id, hour_price) VALUES (20670, 25982, 4.5);
INSERT INTO items (id, venue_id, name) VALUES (25983, 13998, 'Space20671');
INSERT INTO spaces (id, item_id, hour_price) VALUES (20671, 25983, 42.5);
INSERT INTO items (id, venue_id, name) VALUES (25984, 13998, 'Space20672');
INSERT INTO spaces (id, item_id, hour_price) VALUES (20672, 25984, 57.5);
INSERT INTO items (id, venue_id, name) VALUES (25985, 13998, 'Space20673');
INSERT INTO spaces (id, item_id, hour_price) VALUES (20673, 25985, 57.5);
INSERT INTO items (id, venue_id, name) VALUES (25986, 13998, 'Space20674');
INSERT INTO spaces (id, item_id, hour_price) VALUES (20674, 25986, 37.5);
INSERT INTO items (id, venue_id, name) VALUES (25987, 13998, 'Space20675');
INSERT INTO spaces (id, item_id, hour_price) VALUES (20675, 25987, 37.5);
INSERT INTO items (id, venue_id, name) VALUES (25988, 13998, 'Space20676');
INSERT INTO spaces (id, item_id, hour_price) VALUES (20676, 25988, 22.5);
INSERT INTO items (id, venue_id, name) VALUES (25989, 13998, 'Space20677');
INSERT INTO spaces (id, item_id, hour_price) VALUES (20677, 25989, 42.5);
INSERT INTO items (id, venue_id, name) VALUES (25990, 13998, 'Space20678');
INSERT INTO spaces (id, item_id, hour_price) VALUES (20678, 25990, 75);
INSERT INTO items (id, venue_id, name) VALUES (25991, 13998, 'Product15305');
INSERT INTO products (id, item_id, price) VALUES (15305, 25991, 75);
INSERT INTO items (id, venue_id, name) VALUES (25992, 13998, 'Product15306');
INSERT INTO products (id, item_id, price) VALUES (15306, 25992, 75);
INSERT INTO items (id, venue_id, name) VALUES (25993, 13998, 'Product15307');
INSERT INTO products (id, item_id, price) VALUES (15307, 25993, 15);
INSERT INTO items (id, venue_id, name) VALUES (25996, 13998, 'Product15310');
INSERT INTO products (id, item_id, price) VALUES (15310, 25996, 40);
INSERT INTO items (id, venue_id, name) VALUES (25997, 13998, 'Product15311');
INSERT INTO products (id, item_id, price) VALUES (15311, 25997, 3.5);
INSERT INTO items (id, venue_id, name) VALUES (25998, 13998, 'Product15312');
INSERT INTO products (id, item_id, price) VALUES (15312, 25998, 0.5);
INSERT INTO items (id, venue_id, name) VALUES (25999, 13998, 'Product15313');
INSERT INTO products (id, item_id, price) VALUES (15313, 25999, 15);
INSERT INTO items (id, venue_id, name) VALUES (26000, 13998, 'Product15314');
INSERT INTO products (id, item_id, price) VALUES (15314, 26000, 25);
INSERT INTO items (id, venue_id, name) VALUES (26004, 13998, 'Product15317');
INSERT INTO products (id, item_id, price) VALUES (15317, 26004, 0.2);
INSERT INTO items (id, venue_id, name) VALUES (26005, 13998, 'Product15318');
INSERT INTO products (id, item_id, price) VALUES (15318, 26005, 0.1);
INSERT INTO items (id, venue_id, name) VALUES (26006, 13998, 'Product15319');
INSERT INTO products (id, item_id, price) VALUES (15319, 26006, 0.1);
INSERT INTO items (id, venue_id, name) VALUES (26007, 13998, 'Product15320');
INSERT INTO products (id, item_id, price) VALUES (15320, 26007, 0.05);
INSERT INTO items (id, venue_id, name) VALUES (26008, 13998, 'Product15321');
INSERT INTO products (id, item_id, price) VALUES (15321, 26008, 2);
INSERT INTO items (id, venue_id, name) VALUES (26010, 13998, 'Product15323');
INSERT INTO products (id, item_id, price) VALUES (15323, 26010, 7.5);
INSERT INTO items (id, venue_id, name) VALUES (26011, 13998, 'Product15324');
INSERT INTO products (id, item_id, price) VALUES (15324, 26011, 4);
INSERT INTO items (id, venue_id, name) VALUES (26012, 13998, 'Product15325');
INSERT INTO products (id, item_id, price) VALUES (15325, 26012, 1.65);
INSERT INTO items (id, venue_id, name) VALUES (26013, 13998, 'Product15326');
INSERT INTO products (id, item_id, price) VALUES (15326, 26013, 180);
INSERT INTO items (id, venue_id, name) VALUES (26014, 13998, 'Product15327');
INSERT INTO products (id, item_id, price) VALUES (15327, 26014, 12.5);
INSERT INTO items (id, venue_id, name) VALUES (26102, 13998, 'Product15377');
INSERT INTO products (id, item_id, price) VALUES (15377, 26102, 8.95);
INSERT INTO items (id, venue_id, name) VALUES (26103, 13998, 'Product15378');
INSERT INTO products (id, item_id, price) VALUES (15378, 26103, 4.75);
INSERT INTO items (id, venue_id, name) VALUES (26104, 13998, 'Product15379');
INSERT INTO products (id, item_id, price) VALUES (15379, 26104, 9.25);
INSERT INTO items (id, venue_id, name) VALUES (26105, 13998, 'Product15380');
INSERT INTO products (id, item_id, price) VALUES (15380, 26105, 23.75);
INSERT INTO items (id, venue_id, name) VALUES (26106, 13998, 'Product15381');
INSERT INTO products (id, item_id, price) VALUES (15381, 26106, 28.5);
INSERT INTO items (id, venue_id, name) VALUES (26107, 13998, 'Product15382');
INSERT INTO products (id, item_id, price) VALUES (15382, 26107, 35.75);
INSERT INTO items (id, venue_id, name) VALUES (27001, 13998, 'Product15863');
INSERT INTO products (id, item_id, price) VALUES (15863, 27001, 4.75);
INSERT INTO items (id, venue_id, name) VALUES (27002, 13998, 'Product15864');
INSERT INTO products (id, item_id, price) VALUES (15864, 27002, 3.75);
INSERT INTO items (id, venue_id, name) VALUES (27003, 13998, 'Product15865');
INSERT INTO products (id, item_id, price) VALUES (15865, 27003, 3.5);
INSERT INTO items (id, venue_id, name) VALUES (27004, 13998, 'Product15866');
INSERT INTO products (id, item_id, price) VALUES (15866, 27004, 4.25);
INSERT INTO items (id, venue_id, name) VALUES (27005, 13998, 'Product15867');
INSERT INTO products (id, item_id, price) VALUES (15867, 27005, 1.85);
INSERT INTO items (id, venue_id, name) VALUES (27006, 13998, 'Product15868');
INSERT INTO products (id, item_id, price) VALUES (15868, 27006, 2.25);
INSERT INTO items (id, venue_id, name) VALUES (27007, 13998, 'Product15869');
INSERT INTO products (id, item_id, price) VALUES (15869, 27007, 1.95);
INSERT INTO items (id, venue_id, name) VALUES (27008, 13998, 'Product15870');
INSERT INTO products (id, item_id, price) VALUES (15870, 27008, 3.25);
INSERT INTO items (id, venue_id, name) VALUES (27009, 13998, 'Product15871');
INSERT INTO products (id, item_id, price) VALUES (15871, 27009, 13.75);
INSERT INTO items (id, venue_id, name) VALUES (27010, 13998, 'Product15872');
INSERT INTO products (id, item_id, price) VALUES (15872, 27010, 18.25);
INSERT INTO items (id, venue_id, name) VALUES (27011, 13998, 'Product15873');
INSERT INTO products (id, item_id, price) VALUES (15873, 27011, 22);
INSERT INTO items (id, venue_id, name) VALUES (27291, 13998, 'Product16024');
INSERT INTO products (id, item_id, price) VALUES (16024, 27291, 17.5);
INSERT INTO items (id, venue_id, name) VALUES (27292, 13998, 'Product16025');
INSERT INTO products (id, item_id, price) VALUES (16025, 27292, 12.5);
INSERT INTO venues (id, name) VALUES (14002, 'Venue14002');
INSERT INTO items (id, venue_id, name) VALUES (26049, 14002, 'Space20691');
INSERT INTO spaces (id, item_id, hour_price) VALUES (20691, 26049, 0);
INSERT INTO items (id, venue_id, name) VALUES (26050, 14002, 'Space20692');
INSERT INTO spaces (id, item_id, hour_price) VALUES (20692, 26050, 0);
INSERT INTO items (id, venue_id, name) VALUES (26051, 14002, 'Space20693');
INSERT INTO spaces (id, item_id, hour_price) VALUES (20693, 26051, 0);
INSERT INTO items (id, venue_id, name) VALUES (26052, 14002, 'Space20694');
INSERT INTO spaces (id, item_id, hour_price) VALUES (20694, 26052, 0);
INSERT INTO items (id, venue_id, name) VALUES (26053, 14002, 'Space20695');
INSERT INTO spaces (id, item_id, hour_price) VALUES (20695, 26053, 0);
INSERT INTO items (id, venue_id, name) VALUES (26054, 14002, 'Space20696');
INSERT INTO spaces (id, item_id, hour_price) VALUES (20696, 26054, 0);
INSERT INTO items (id, venue_id, name) VALUES (26055, 14002, 'Space20697');
INSERT INTO spaces (id, item_id, hour_price) VALUES (20697, 26055, 10);
INSERT INTO items (id, venue_id, name) VALUES (26056, 14002, 'Space20698');
INSERT INTO spaces (id, item_id, hour_price) VALUES (20698, 26056, 20);
INSERT INTO items (id, venue_id, name) VALUES (26057, 14002, 'Space20699');
INSERT INTO spaces (id, item_id, hour_price) VALUES (20699, 26057, 30);
INSERT INTO items (id, venue_id, name) VALUES (26058, 14002, 'Space20700');
INSERT INTO spaces (id, item_id, hour_price) VALUES (20700, 26058, 60);
INSERT INTO items (id, venue_id, name) VALUES (26059, 14002, 'Product15351');
INSERT INTO products (id, item_id, price) VALUES (15351, 26059, 1.7);
INSERT INTO items (id, venue_id, name) VALUES (26060, 14002, 'Product15352');
INSERT INTO products (id, item_id, price) VALUES (15352, 26060, 1.7);
INSERT INTO items (id, venue_id, name) VALUES (26061, 14002, 'Product15353');
INSERT INTO products (id, item_id, price) VALUES (15353, 26061, 17.5);
INSERT INTO items (id, venue_id, name) VALUES (26062, 14002, 'Product15354');
INSERT INTO products (id, item_id, price) VALUES (15354, 26062, 17.5);
INSERT INTO items (id, venue_id, name) VALUES (26063, 14002, 'Product15355');
INSERT INTO products (id, item_id, price) VALUES (15355, 26063, 12.5);
INSERT INTO items (id, venue_id, name) VALUES (26064, 14002, 'Product15356');
INSERT INTO products (id, item_id, price) VALUES (15356, 26064, 40);
INSERT INTO items (id, venue_id, name) VALUES (26065, 14002, 'Product15357');
INSERT INTO products (id, item_id, price) VALUES (15357, 26065, 50);
INSERT INTO items (id, venue_id, name) VALUES (26066, 14002, 'Product15358');
INSERT INTO products (id, item_id, price) VALUES (15358, 26066, 0);
INSERT INTO items (id, venue_id, name) VALUES (26067, 14002, 'Product15359');
INSERT INTO products (id, item_id, price) VALUES (15359, 26067, 0);
INSERT INTO items (id, venue_id, name) VALUES (26068, 14002, 'Product15360');
INSERT INTO products (id, item_id, price) VALUES (15360, 26068, 10);
INSERT INTO items (id, venue_id, name) VALUES (26069, 14002, 'Product15361');
INSERT INTO products (id, item_id, price) VALUES (15361, 26069, 15);
INSERT INTO items (id, venue_id, name) VALUES (26070, 14002, 'Product15362');
INSERT INTO products (id, item_id, price) VALUES (15362, 26070, 0);
INSERT INTO items (id, venue_id, name) VALUES (26071, 14002, 'Product15363');
INSERT INTO products (id, item_id, price) VALUES (15363, 26071, 0);
INSERT INTO items (id, venue_id, name) VALUES (26072, 14002, 'Product15364');
INSERT INTO products (id, item_id, price) VALUES (15364, 26072, 15);
INSERT INTO items (id, venue_id, name) VALUES (26073, 14002, 'Product15365');
INSERT INTO products (id, item_id, price) VALUES (15365, 26073, 20);
INSERT INTO venues (id, name) VALUES (14006, 'Venue14006');
INSERT INTO items (id, venue_id, name) VALUES (26077, 14006, 'Space20702');
INSERT INTO spaces (id, item_id, hour_price) VALUES (20702, 26077, 0);
INSERT INTO items (id, venue_id, name) VALUES (26078, 14006, 'Space20703');
INSERT INTO spaces (id, item_id, hour_price) VALUES (20703, 26078, 0);
INSERT INTO items (id, venue_id, name) VALUES (26079, 14006, 'Space20704');
INSERT INTO spaces (id, item_id, hour_price) VALUES (20704, 26079, 0);
INSERT INTO items (id, venue_id, name) VALUES (26080, 14006, 'Space20705');
INSERT INTO spaces (id, item_id, hour_price) VALUES (20705, 26080, 0);
INSERT INTO items (id, venue_id, name) VALUES (26081, 14006, 'Space20706');
INSERT INTO spaces (id, item_id, hour_price) VALUES (20706, 26081, 0);
INSERT INTO items (id, venue_id, name) VALUES (26082, 14006, 'Space20707');
INSERT INTO spaces (id, item_id, hour_price) VALUES (20707, 26082, 0);
INSERT INTO items (id, venue_id, name) VALUES (26083, 14006, 'Space20708');
INSERT INTO spaces (id, item_id, hour_price) VALUES (20708, 26083, 2.5);
INSERT INTO items (id, venue_id, name) VALUES (26084, 14006, 'Product15368');
INSERT INTO products (id, item_id, price) VALUES (15368, 26084, 2.2);
INSERT INTO items (id, venue_id, name) VALUES (26085, 14006, 'Product15369');
INSERT INTO products (id, item_id, price) VALUES (15369, 26085, 2);
INSERT INTO items (id, venue_id, name) VALUES (26086, 14006, 'Product15370');
INSERT INTO products (id, item_id, price) VALUES (15370, 26086, 5);
INSERT INTO items (id, venue_id, name) VALUES (26087, 14006, 'Product15371');
INSERT INTO products (id, item_id, price) VALUES (15371, 26087, 2);
INSERT INTO items (id, venue_id, name) VALUES (26088, 14006, 'Product15372');
INSERT INTO products (id, item_id, price) VALUES (15372, 26088, 5);
INSERT INTO items (id, venue_id, name) VALUES (26089, 14006, 'Product15373');
INSERT INTO products (id, item_id, price) VALUES (15373, 26089, 15);
INSERT INTO items (id, venue_id, name) VALUES (26090, 14006, 'Product15374');
INSERT INTO products (id, item_id, price) VALUES (15374, 26090, 5);
INSERT INTO venues (id, name) VALUES (14010, 'Venue14010');
INSERT INTO items (id, venue_id, name) VALUES (26093, 14010, 'Space20711');
INSERT INTO spaces (id, item_id, hour_price) VALUES (20711, 26093, 0);
INSERT INTO items (id, venue_id, name) VALUES (26094, 14010, 'Space20712');
INSERT INTO spaces (id, item_id, hour_price) VALUES (20712, 26094, 0);
INSERT INTO items (id, venue_id, name) VALUES (26095, 14010, 'Space20713');
INSERT INTO spaces (id, item_id, hour_price) VALUES (20713, 26095, 0);
INSERT INTO items (id, venue_id, name) VALUES (26096, 14010, 'Space20714');
INSERT INTO spaces (id, item_id, hour_price) VALUES (20714, 26096, 0);
INSERT INTO items (id, venue_id, name) VALUES (26097, 14010, 'Space20715');
INSERT INTO spaces (id, item_id, hour_price) VALUES (20715, 26097, 0);
INSERT INTO items (id, venue_id, name) VALUES (26098, 14010, 'Space20716');
INSERT INTO spaces (id, item_id, hour_price) VALUES (20716, 26098, 0);
INSERT INTO items (id, venue_id, name) VALUES (26099, 14010, 'Space20717');
INSERT INTO spaces (id, item_id, hour_price) VALUES (20717, 26099, 12.5);
INSERT INTO items (id, venue_id, name) VALUES (26100, 14010, 'Product15375');
INSERT INTO products (id, item_id, price) VALUES (15375, 26100, 0);
INSERT INTO items (id, venue_id, name) VALUES (26101, 14010, 'Product15376');
INSERT INTO products (id, item_id, price) VALUES (15376, 26101, 0);
INSERT INTO venues (id, name) VALUES (14015, 'Venue14015');
INSERT INTO items (id, venue_id, name) VALUES (26120, 14015, 'Space20723');
INSERT INTO spaces (id, item_id, hour_price) VALUES (20723, 26120, 0);
INSERT INTO items (id, venue_id, name) VALUES (26121, 14015, 'Space20724');
INSERT INTO spaces (id, item_id, hour_price) VALUES (20724, 26121, 0);
INSERT INTO items (id, venue_id, name) VALUES (26122, 14015, 'Space20725');
INSERT INTO spaces (id, item_id, hour_price) VALUES (20725, 26122, 0);
INSERT INTO items (id, venue_id, name) VALUES (26123, 14015, 'Space20726');
INSERT INTO spaces (id, item_id, hour_price) VALUES (20726, 26123, 0);
INSERT INTO items (id, venue_id, name) VALUES (26124, 14015, 'Space20727');
INSERT INTO spaces (id, item_id, hour_price) VALUES (20727, 26124, 0);
INSERT INTO items (id, venue_id, name) VALUES (26125, 14015, 'Space20728');
INSERT INTO spaces (id, item_id, hour_price) VALUES (20728, 26125, 0);
INSERT INTO items (id, venue_id, name) VALUES (26126, 14015, 'Space20729');
INSERT INTO spaces (id, item_id, hour_price) VALUES (20729, 26126, 125);
INSERT INTO items (id, venue_id, name) VALUES (26127, 14015, 'Product15390');
INSERT INTO products (id, item_id, price) VALUES (15390, 26127, 0);
INSERT INTO items (id, venue_id, name) VALUES (26128, 14015, 'Product15391');
INSERT INTO products (id, item_id, price) VALUES (15391, 26128, 0);
INSERT INTO items (id, venue_id, name) VALUES (26129, 14015, 'Product15392');
INSERT INTO products (id, item_id, price) VALUES (15392, 26129, 0);
INSERT INTO items (id, venue_id, name) VALUES (26130, 14015, 'Product15393');
INSERT INTO products (id, item_id, price) VALUES (15393, 26130, 0);
INSERT INTO items (id, venue_id, name) VALUES (26131, 14015, 'Product15394');
INSERT INTO products (id, item_id, price) VALUES (15394, 26131, 0);
INSERT INTO items (id, venue_id, name) VALUES (26132, 14015, 'Product15395');
INSERT INTO products (id, item_id, price) VALUES (15395, 26132, 0);
INSERT INTO items (id, venue_id, name) VALUES (26133, 14015, 'Product15396');
INSERT INTO products (id, item_id, price) VALUES (15396, 26133, 0);
INSERT INTO items (id, venue_id, name) VALUES (26134, 14015, 'Product15397');
INSERT INTO products (id, item_id, price) VALUES (15397, 26134, 0);
INSERT INTO venues (id, name) VALUES (14019, 'Venue14019');
INSERT INTO items (id, venue_id, name) VALUES (26178, 14019, 'Space20730');
INSERT INTO spaces (id, item_id, hour_price) VALUES (20730, 26178, 0);
INSERT INTO items (id, venue_id, name) VALUES (26179, 14019, 'Space20731');
INSERT INTO spaces (id, item_id, hour_price) VALUES (20731, 26179, 0);
INSERT INTO items (id, venue_id, name) VALUES (26180, 14019, 'Space20732');
INSERT INTO spaces (id, item_id, hour_price) VALUES (20732, 26180, 0);
INSERT INTO items (id, venue_id, name) VALUES (26181, 14019, 'Space20733');
INSERT INTO spaces (id, item_id, hour_price) VALUES (20733, 26181, 0);
INSERT INTO items (id, venue_id, name) VALUES (26182, 14019, 'Space20734');
INSERT INTO spaces (id, item_id, hour_price) VALUES (20734, 26182, 0);
INSERT INTO items (id, venue_id, name) VALUES (26183, 14019, 'Space20735');
INSERT INTO spaces (id, item_id, hour_price) VALUES (20735, 26183, 0);
INSERT INTO items (id, venue_id, name) VALUES (26184, 14019, 'Space20736');
INSERT INTO spaces (id, item_id, hour_price) VALUES (20736, 26184, 67.5);
INSERT INTO items (id, venue_id, name) VALUES (26185, 14019, 'Space20737');
INSERT INTO spaces (id, item_id, hour_price) VALUES (20737, 26185, 67.5);
INSERT INTO items (id, venue_id, name) VALUES (26186, 14019, 'Product15441');
INSERT INTO products (id, item_id, price) VALUES (15441, 26186, 7.5);
INSERT INTO items (id, venue_id, name) VALUES (26187, 14019, 'Product15442');
INSERT INTO products (id, item_id, price) VALUES (15442, 26187, 17.5);
INSERT INTO items (id, venue_id, name) VALUES (26188, 14019, 'Product15443');
INSERT INTO products (id, item_id, price) VALUES (15443, 26188, 10);
INSERT INTO items (id, venue_id, name) VALUES (26189, 14019, 'Product15444');
INSERT INTO products (id, item_id, price) VALUES (15444, 26189, 33.5);
INSERT INTO venues (id, name) VALUES (14024, 'Venue14024');
INSERT INTO items (id, venue_id, name) VALUES (26194, 14024, 'Space20739');
INSERT INTO spaces (id, item_id, hour_price) VALUES (20739, 26194, 0);
INSERT INTO items (id, venue_id, name) VALUES (26195, 14024, 'Space20740');
INSERT INTO spaces (id, item_id, hour_price) VALUES (20740, 26195, 0);
INSERT INTO items (id, venue_id, name) VALUES (26196, 14024, 'Space20741');
INSERT INTO spaces (id, item_id, hour_price) VALUES (20741, 26196, 0);
INSERT INTO items (id, venue_id, name) VALUES (26197, 14024, 'Space20742');
INSERT INTO spaces (id, item_id, hour_price) VALUES (20742, 26197, 0);
INSERT INTO items (id, venue_id, name) VALUES (26198, 14024, 'Space20743');
INSERT INTO spaces (id, item_id, hour_price) VALUES (20743, 26198, 0);
INSERT INTO items (id, venue_id, name) VALUES (26199, 14024, 'Space20744');
INSERT INTO spaces (id, item_id, hour_price) VALUES (20744, 26199, 0);
INSERT INTO items (id, venue_id, name) VALUES (26200, 14024, 'Space20745');
INSERT INTO spaces (id, item_id, hour_price) VALUES (20745, 26200, 80);
INSERT INTO items (id, venue_id, name) VALUES (26201, 14024, 'Product15448');
INSERT INTO products (id, item_id, price) VALUES (15448, 26201, 2);
INSERT INTO items (id, venue_id, name) VALUES (26202, 14024, 'Product15449');
INSERT INTO products (id, item_id, price) VALUES (15449, 26202, 2.4);
INSERT INTO items (id, venue_id, name) VALUES (26203, 14024, 'Product15450');
INSERT INTO products (id, item_id, price) VALUES (15450, 26203, 6);
INSERT INTO items (id, venue_id, name) VALUES (26204, 14024, 'Product15451');
INSERT INTO products (id, item_id, price) VALUES (15451, 26204, 50);
INSERT INTO items (id, venue_id, name) VALUES (26205, 14024, 'Product15452');
INSERT INTO products (id, item_id, price) VALUES (15452, 26205, 10);
INSERT INTO items (id, venue_id, name) VALUES (26206, 14024, 'Product15453');
INSERT INTO products (id, item_id, price) VALUES (15453, 26206, 20);
INSERT INTO venues (id, name) VALUES (14027, 'Venue14027');
INSERT INTO items (id, venue_id, name) VALUES (26209, 14027, 'Space20747');
INSERT INTO spaces (id, item_id, hour_price) VALUES (20747, 26209, 0);
INSERT INTO items (id, venue_id, name) VALUES (26210, 14027, 'Space20748');
INSERT INTO spaces (id, item_id, hour_price) VALUES (20748, 26210, 0);
INSERT INTO items (id, venue_id, name) VALUES (26211, 14027, 'Space20749');
INSERT INTO spaces (id, item_id, hour_price) VALUES (20749, 26211, 0);
INSERT INTO items (id, venue_id, name) VALUES (26212, 14027, 'Space20750');
INSERT INTO spaces (id, item_id, hour_price) VALUES (20750, 26212, 0);
INSERT INTO items (id, venue_id, name) VALUES (26213, 14027, 'Space20751');
INSERT INTO spaces (id, item_id, hour_price) VALUES (20751, 26213, 0);
INSERT INTO items (id, venue_id, name) VALUES (26214, 14027, 'Space20752');
INSERT INTO spaces (id, item_id, hour_price) VALUES (20752, 26214, 0);
INSERT INTO items (id, venue_id, name) VALUES (27095, 14027, 'Space21179');
INSERT INTO spaces (id, item_id, hour_price) VALUES (21179, 27095, 18);
INSERT INTO items (id, venue_id, name) VALUES (27096, 14027, 'Space21180');
INSERT INTO spaces (id, item_id, hour_price) VALUES (21180, 27096, 18);
INSERT INTO items (id, venue_id, name) VALUES (27097, 14027, 'Space21181');
INSERT INTO spaces (id, item_id, hour_price) VALUES (21181, 27097, 18);
INSERT INTO items (id, venue_id, name) VALUES (27098, 14027, 'Space21182');
INSERT INTO spaces (id, item_id, hour_price) VALUES (21182, 27098, 30);
INSERT INTO items (id, venue_id, name) VALUES (27099, 14027, 'Space21183');
INSERT INTO spaces (id, item_id, hour_price) VALUES (21183, 27099, 35);
INSERT INTO items (id, venue_id, name) VALUES (27100, 14027, 'Product15909');
INSERT INTO products (id, item_id, price) VALUES (15909, 27100, 10);
INSERT INTO items (id, venue_id, name) VALUES (27101, 14027, 'Product15910');
INSERT INTO products (id, item_id, price) VALUES (15910, 27101, 8);
INSERT INTO items (id, venue_id, name) VALUES (27102, 14027, 'Product15911');
INSERT INTO products (id, item_id, price) VALUES (15911, 27102, 8);
INSERT INTO items (id, venue_id, name) VALUES (27103, 14027, 'Product15912');
INSERT INTO products (id, item_id, price) VALUES (15912, 27103, 1.5);
INSERT INTO items (id, venue_id, name) VALUES (27104, 14027, 'Product15913');
INSERT INTO products (id, item_id, price) VALUES (15913, 27104, 1.5);
INSERT INTO items (id, venue_id, name) VALUES (27105, 14027, 'Product15914');
INSERT INTO products (id, item_id, price) VALUES (15914, 27105, 0);
INSERT INTO items (id, venue_id, name) VALUES (27106, 14027, 'Product15915');
INSERT INTO products (id, item_id, price) VALUES (15915, 27106, 0.25);
INSERT INTO items (id, venue_id, name) VALUES (27107, 14027, 'Product15916');
INSERT INTO products (id, item_id, price) VALUES (15916, 27107, 0.1);
INSERT INTO items (id, venue_id, name) VALUES (27108, 14027, 'Product15917');
INSERT INTO products (id, item_id, price) VALUES (15917, 27108, 15);
INSERT INTO venues (id, name) VALUES (14029, 'Venue14029');
INSERT INTO items (id, venue_id, name) VALUES (26215, 14029, 'Space20753');
INSERT INTO spaces (id, item_id, hour_price) VALUES (20753, 26215, 0);
INSERT INTO items (id, venue_id, name) VALUES (26216, 14029, 'Space20754');
INSERT INTO spaces (id, item_id, hour_price) VALUES (20754, 26216, 0);
INSERT INTO items (id, venue_id, name) VALUES (26217, 14029, 'Space20755');
INSERT INTO spaces (id, item_id, hour_price) VALUES (20755, 26217, 0);
INSERT INTO items (id, venue_id, name) VALUES (26218, 14029, 'Space20756');
INSERT INTO spaces (id, item_id, hour_price) VALUES (20756, 26218, 0);
INSERT INTO items (id, venue_id, name) VALUES (26219, 14029, 'Space20757');
INSERT INTO spaces (id, item_id, hour_price) VALUES (20757, 26219, 0);
INSERT INTO items (id, venue_id, name) VALUES (26220, 14029, 'Space20758');
INSERT INTO spaces (id, item_id, hour_price) VALUES (20758, 26220, 0);
INSERT INTO items (id, venue_id, name) VALUES (27510, 14029, 'Product16119');
INSERT INTO products (id, item_id, price) VALUES (16119, 27510, 10);
INSERT INTO items (id, venue_id, name) VALUES (27511, 14029, 'Product16120');
INSERT INTO products (id, item_id, price) VALUES (16120, 27511, 8);
INSERT INTO items (id, venue_id, name) VALUES (27512, 14029, 'Product16121');
INSERT INTO products (id, item_id, price) VALUES (16121, 27512, 1.5);
INSERT INTO items (id, venue_id, name) VALUES (27513, 14029, 'Product16122');
INSERT INTO products (id, item_id, price) VALUES (16122, 27513, 0.25);
INSERT INTO items (id, venue_id, name) VALUES (27514, 14029, 'Product16123');
INSERT INTO products (id, item_id, price) VALUES (16123, 27514, 0.1);
INSERT INTO items (id, venue_id, name) VALUES (27515, 14029, 'Product16124');
INSERT INTO products (id, item_id, price) VALUES (16124, 27515, 8);
INSERT INTO items (id, venue_id, name) VALUES (27516, 14029, 'Product16125');
INSERT INTO products (id, item_id, price) VALUES (16125, 27516, 1.5);
INSERT INTO items (id, venue_id, name) VALUES (27517, 14029, 'Product16126');
INSERT INTO products (id, item_id, price) VALUES (16126, 27517, 15);
INSERT INTO items (id, venue_id, name) VALUES (27518, 14029, 'Product16127');
INSERT INTO products (id, item_id, price) VALUES (16127, 27518, 17.5);
INSERT INTO items (id, venue_id, name) VALUES (27519, 14029, 'Product16128');
INSERT INTO products (id, item_id, price) VALUES (16128, 27519, 8.75);
INSERT INTO items (id, venue_id, name) VALUES (27520, 14029, 'Space21384');
INSERT INTO spaces (id, item_id, hour_price) VALUES (21384, 27520, 18);
INSERT INTO items (id, venue_id, name) VALUES (27521, 14029, 'Space21385');
INSERT INTO spaces (id, item_id, hour_price) VALUES (21385, 27521, 30);
INSERT INTO items (id, venue_id, name) VALUES (27522, 14029, 'Space21386');
INSERT INTO spaces (id, item_id, hour_price) VALUES (21386, 27522, 40);
INSERT INTO venues (id, name) VALUES (14033, 'Venue14033');
INSERT INTO items (id, venue_id, name) VALUES (26221, 14033, 'Space20759');
INSERT INTO spaces (id, item_id, hour_price) VALUES (20759, 26221, 0);
INSERT INTO items (id, venue_id, name) VALUES (26222, 14033, 'Space20760');
INSERT INTO spaces (id, item_id, hour_price) VALUES (20760, 26222, 0);
INSERT INTO items (id, venue_id, name) VALUES (26223, 14033, 'Space20761');
INSERT INTO spaces (id, item_id, hour_price) VALUES (20761, 26223, 0);
INSERT INTO items (id, venue_id, name) VALUES (26224, 14033, 'Space20762');
INSERT INTO spaces (id, item_id, hour_price) VALUES (20762, 26224, 0);
INSERT INTO items (id, venue_id, name) VALUES (26225, 14033, 'Space20763');
INSERT INTO spaces (id, item_id, hour_price) VALUES (20763, 26225, 0);
INSERT INTO items (id, venue_id, name) VALUES (26226, 14033, 'Space20764');
INSERT INTO spaces (id, item_id, hour_price) VALUES (20764, 26226, 0);
INSERT INTO items (id, venue_id, name) VALUES (26227, 14033, 'Space20765');
INSERT INTO spaces (id, item_id, hour_price) VALUES (20765, 26227, 7);
INSERT INTO items (id, venue_id, name) VALUES (26228, 14033, 'Space20766');
INSERT INTO spaces (id, item_id, hour_price) VALUES (20766, 26228, 12.5);
INSERT INTO items (id, venue_id, name) VALUES (26229, 14033, 'Product15455');
INSERT INTO products (id, item_id, price) VALUES (15455, 26229, 0);
INSERT INTO items (id, venue_id, name) VALUES (26230, 14033, 'Product15456');
INSERT INTO products (id, item_id, price) VALUES (15456, 26230, 0);
INSERT INTO items (id, venue_id, name) VALUES (26231, 14033, 'Product15457');
INSERT INTO products (id, item_id, price) VALUES (15457, 26231, 0);
INSERT INTO items (id, venue_id, name) VALUES (26232, 14033, 'Product15458');
INSERT INTO products (id, item_id, price) VALUES (15458, 26232, 0);
INSERT INTO items (id, venue_id, name) VALUES (26233, 14033, 'Product15459');
INSERT INTO products (id, item_id, price) VALUES (15459, 26233, 0);
INSERT INTO items (id, venue_id, name) VALUES (26234, 14033, 'Product15460');
INSERT INTO products (id, item_id, price) VALUES (15460, 26234, 0);
INSERT INTO items (id, venue_id, name) VALUES (26236, 14033, 'Product15462');
INSERT INTO products (id, item_id, price) VALUES (15462, 26236, 0);
INSERT INTO items (id, venue_id, name) VALUES (26237, 14033, 'Product15463');
INSERT INTO products (id, item_id, price) VALUES (15463, 26237, 0);
INSERT INTO items (id, venue_id, name) VALUES (26238, 14033, 'Product15464');
INSERT INTO products (id, item_id, price) VALUES (15464, 26238, 0);
INSERT INTO items (id, venue_id, name) VALUES (26239, 14033, 'Product15465');
INSERT INTO products (id, item_id, price) VALUES (15465, 26239, 0);
INSERT INTO items (id, venue_id, name) VALUES (26240, 14033, 'Product15466');
INSERT INTO products (id, item_id, price) VALUES (15466, 26240, 0);
INSERT INTO items (id, venue_id, name) VALUES (26241, 14033, 'Product15467');
INSERT INTO products (id, item_id, price) VALUES (15467, 26241, 0);
INSERT INTO items (id, venue_id, name) VALUES (26242, 14033, 'Product15468');
INSERT INTO products (id, item_id, price) VALUES (15468, 26242, 0);
INSERT INTO items (id, venue_id, name) VALUES (26243, 14033, 'Product15469');
INSERT INTO products (id, item_id, price) VALUES (15469, 26243, 0);
INSERT INTO items (id, venue_id, name) VALUES (26244, 14033, 'Product15470');
INSERT INTO products (id, item_id, price) VALUES (15470, 26244, 0);
INSERT INTO items (id, venue_id, name) VALUES (26245, 14033, 'Product15471');
INSERT INTO products (id, item_id, price) VALUES (15471, 26245, 0);
INSERT INTO items (id, venue_id, name) VALUES (26246, 14033, 'Product15472');
INSERT INTO products (id, item_id, price) VALUES (15472, 26246, 50);
INSERT INTO items (id, venue_id, name) VALUES (26247, 14033, 'Product15473');
INSERT INTO products (id, item_id, price) VALUES (15473, 26247, 10);
INSERT INTO items (id, venue_id, name) VALUES (26248, 14033, 'Product15474');
INSERT INTO products (id, item_id, price) VALUES (15474, 26248, 8);
INSERT INTO items (id, venue_id, name) VALUES (26249, 14033, 'Product15475');
INSERT INTO products (id, item_id, price) VALUES (15475, 26249, 15);
INSERT INTO items (id, venue_id, name) VALUES (26250, 14033, 'Product15476');
INSERT INTO products (id, item_id, price) VALUES (15476, 26250, 15.5);
INSERT INTO items (id, venue_id, name) VALUES (26252, 14033, 'Product15478');
INSERT INTO products (id, item_id, price) VALUES (15478, 26252, 22.5);
INSERT INTO items (id, venue_id, name) VALUES (26253, 14033, 'Product15479');
INSERT INTO products (id, item_id, price) VALUES (15479, 26253, 8);
INSERT INTO items (id, venue_id, name) VALUES (26298, 14033, 'Space20785');
INSERT INTO spaces (id, item_id, hour_price) VALUES (20785, 26298, 25);
INSERT INTO venues (id, name) VALUES (14037, 'Venue14037');
INSERT INTO items (id, venue_id, name) VALUES (26267, 14037, 'Space20767');
INSERT INTO spaces (id, item_id, hour_price) VALUES (20767, 26267, 0);
INSERT INTO items (id, venue_id, name) VALUES (26268, 14037, 'Space20768');
INSERT INTO spaces (id, item_id, hour_price) VALUES (20768, 26268, 0);
INSERT INTO items (id, venue_id, name) VALUES (26269, 14037, 'Space20769');
INSERT INTO spaces (id, item_id, hour_price) VALUES (20769, 26269, 0);
INSERT INTO items (id, venue_id, name) VALUES (26270, 14037, 'Space20770');
INSERT INTO spaces (id, item_id, hour_price) VALUES (20770, 26270, 0);
INSERT INTO items (id, venue_id, name) VALUES (26271, 14037, 'Space20771');
INSERT INTO spaces (id, item_id, hour_price) VALUES (20771, 26271, 0);
INSERT INTO items (id, venue_id, name) VALUES (26272, 14037, 'Space20772');
INSERT INTO spaces (id, item_id, hour_price) VALUES (20772, 26272, 0);
INSERT INTO items (id, venue_id, name) VALUES (26273, 14037, 'Space20773');
INSERT INTO spaces (id, item_id, hour_price) VALUES (20773, 26273, 125);
INSERT INTO items (id, venue_id, name) VALUES (26274, 14037, 'Space20774');
INSERT INTO spaces (id, item_id, hour_price) VALUES (20774, 26274, 30);
INSERT INTO items (id, venue_id, name) VALUES (26275, 14037, 'Space20775');
INSERT INTO spaces (id, item_id, hour_price) VALUES (20775, 26275, 20);
INSERT INTO items (id, venue_id, name) VALUES (26276, 14037, 'Product15493');
INSERT INTO products (id, item_id, price) VALUES (15493, 26276, 2);
INSERT INTO items (id, venue_id, name) VALUES (26277, 14037, 'Product15494');
INSERT INTO products (id, item_id, price) VALUES (15494, 26277, 2);
INSERT INTO items (id, venue_id, name) VALUES (26278, 14037, 'Product15495');
INSERT INTO products (id, item_id, price) VALUES (15495, 26278, 15);
INSERT INTO items (id, venue_id, name) VALUES (26279, 14037, 'Product15496');
INSERT INTO products (id, item_id, price) VALUES (15496, 26279, 0);
INSERT INTO items (id, venue_id, name) VALUES (26280, 14037, 'Product15497');
INSERT INTO products (id, item_id, price) VALUES (15497, 26280, 0);
INSERT INTO items (id, venue_id, name) VALUES (26281, 14037, 'Product15498');
INSERT INTO products (id, item_id, price) VALUES (15498, 26281, 0);
INSERT INTO items (id, venue_id, name) VALUES (26282, 14037, 'Product15499');
INSERT INTO products (id, item_id, price) VALUES (15499, 26282, 0);
INSERT INTO items (id, venue_id, name) VALUES (26283, 14037, 'Product15500');
INSERT INTO products (id, item_id, price) VALUES (15500, 26283, 0);
INSERT INTO items (id, venue_id, name) VALUES (26284, 14037, 'Product15501');
INSERT INTO products (id, item_id, price) VALUES (15501, 26284, 0);
INSERT INTO items (id, venue_id, name) VALUES (26285, 14037, 'Product15502');
INSERT INTO products (id, item_id, price) VALUES (15502, 26285, 0);
INSERT INTO items (id, venue_id, name) VALUES (26286, 14037, 'Product15503');
INSERT INTO products (id, item_id, price) VALUES (15503, 26286, 0);
INSERT INTO items (id, venue_id, name) VALUES (26295, 14037, 'Space20784');
INSERT INTO spaces (id, item_id, hour_price) VALUES (20784, 26295, 10);
INSERT INTO venues (id, name) VALUES (14042, 'Venue14042');
INSERT INTO items (id, venue_id, name) VALUES (26299, 14042, 'Space20786');
INSERT INTO spaces (id, item_id, hour_price) VALUES (20786, 26299, 0);
INSERT INTO items (id, venue_id, name) VALUES (26300, 14042, 'Space20787');
INSERT INTO spaces (id, item_id, hour_price) VALUES (20787, 26300, 0);
INSERT INTO items (id, venue_id, name) VALUES (26301, 14042, 'Space20788');
INSERT INTO spaces (id, item_id, hour_price) VALUES (20788, 26301, 0);
INSERT INTO items (id, venue_id, name) VALUES (26302, 14042, 'Space20789');
INSERT INTO spaces (id, item_id, hour_price) VALUES (20789, 26302, 0);
INSERT INTO items (id, venue_id, name) VALUES (26303, 14042, 'Space20790');
INSERT INTO spaces (id, item_id, hour_price) VALUES (20790, 26303, 0);
INSERT INTO items (id, venue_id, name) VALUES (26304, 14042, 'Space20791');
INSERT INTO spaces (id, item_id, hour_price) VALUES (20791, 26304, 0);
INSERT INTO items (id, venue_id, name) VALUES (26305, 14042, 'Space20792');
INSERT INTO spaces (id, item_id, hour_price) VALUES (20792, 26305, 70);
INSERT INTO items (id, venue_id, name) VALUES (26306, 14042, 'Space20793');
INSERT INTO spaces (id, item_id, hour_price) VALUES (20793, 26306, 125);
INSERT INTO items (id, venue_id, name) VALUES (26307, 14042, 'Space20794');
INSERT INTO spaces (id, item_id, hour_price) VALUES (20794, 26307, 60);
INSERT INTO items (id, venue_id, name) VALUES (26308, 14042, 'Space20795');
INSERT INTO spaces (id, item_id, hour_price) VALUES (20795, 26308, 90);
INSERT INTO items (id, venue_id, name) VALUES (26309, 14042, 'Space20796');
INSERT INTO spaces (id, item_id, hour_price) VALUES (20796, 26309, 60);
INSERT INTO items (id, venue_id, name) VALUES (26310, 14042, 'Product15506');
INSERT INTO products (id, item_id, price) VALUES (15506, 26310, 2);
INSERT INTO items (id, venue_id, name) VALUES (26311, 14042, 'Product15507');
INSERT INTO products (id, item_id, price) VALUES (15507, 26311, 2);
INSERT INTO items (id, venue_id, name) VALUES (26312, 14042, 'Product15508');
INSERT INTO products (id, item_id, price) VALUES (15508, 26312, 24);
INSERT INTO items (id, venue_id, name) VALUES (26313, 14042, 'Product15509');
INSERT INTO products (id, item_id, price) VALUES (15509, 26313, 24);
INSERT INTO items (id, venue_id, name) VALUES (26314, 14042, 'Product15510');
INSERT INTO products (id, item_id, price) VALUES (15510, 26314, 6);
INSERT INTO items (id, venue_id, name) VALUES (26315, 14042, 'Product15511');
INSERT INTO products (id, item_id, price) VALUES (15511, 26315, 19);
INSERT INTO items (id, venue_id, name) VALUES (26316, 14042, 'Product15512');
INSERT INTO products (id, item_id, price) VALUES (15512, 26316, 13.5);
INSERT INTO items (id, venue_id, name) VALUES (26317, 14042, 'Product15513');
INSERT INTO products (id, item_id, price) VALUES (15513, 26317, 50);
INSERT INTO items (id, venue_id, name) VALUES (26318, 14042, 'Product15514');
INSERT INTO products (id, item_id, price) VALUES (15514, 26318, 200);
INSERT INTO items (id, venue_id, name) VALUES (26319, 14042, 'Product15515');
INSERT INTO products (id, item_id, price) VALUES (15515, 26319, 10);
INSERT INTO items (id, venue_id, name) VALUES (26320, 14042, 'Product15516');
INSERT INTO products (id, item_id, price) VALUES (15516, 26320, 60);
INSERT INTO items (id, venue_id, name) VALUES (26321, 14042, 'Product15517');
INSERT INTO products (id, item_id, price) VALUES (15517, 26321, 5);
INSERT INTO items (id, venue_id, name) VALUES (26322, 14042, 'Product15518');
INSERT INTO products (id, item_id, price) VALUES (15518, 26322, 15);
INSERT INTO items (id, venue_id, name) VALUES (26323, 14042, 'Product15519');
INSERT INTO products (id, item_id, price) VALUES (15519, 26323, 165);
INSERT INTO items (id, venue_id, name) VALUES (26324, 14042, 'Product15520');
INSERT INTO products (id, item_id, price) VALUES (15520, 26324, 85);
INSERT INTO items (id, venue_id, name) VALUES (26325, 14042, 'Product15521');
INSERT INTO products (id, item_id, price) VALUES (15521, 26325, 150);
INSERT INTO items (id, venue_id, name) VALUES (26326, 14042, 'Product15522');
INSERT INTO products (id, item_id, price) VALUES (15522, 26326, 17.5);
INSERT INTO items (id, venue_id, name) VALUES (26328, 14042, 'Product15524');
INSERT INTO products (id, item_id, price) VALUES (15524, 26328, 31.95);
INSERT INTO venues (id, name) VALUES (14047, 'Venue14047');
INSERT INTO items (id, venue_id, name) VALUES (26329, 14047, 'Space20797');
INSERT INTO spaces (id, item_id, hour_price) VALUES (20797, 26329, 0);
INSERT INTO items (id, venue_id, name) VALUES (26330, 14047, 'Space20798');
INSERT INTO spaces (id, item_id, hour_price) VALUES (20798, 26330, 0);
INSERT INTO items (id, venue_id, name) VALUES (26331, 14047, 'Space20799');
INSERT INTO spaces (id, item_id, hour_price) VALUES (20799, 26331, 0);
INSERT INTO items (id, venue_id, name) VALUES (26332, 14047, 'Space20800');
INSERT INTO spaces (id, item_id, hour_price) VALUES (20800, 26332, 0);
INSERT INTO items (id, venue_id, name) VALUES (26333, 14047, 'Space20801');
INSERT INTO spaces (id, item_id, hour_price) VALUES (20801, 26333, 0);
INSERT INTO items (id, venue_id, name) VALUES (26334, 14047, 'Space20802');
INSERT INTO spaces (id, item_id, hour_price) VALUES (20802, 26334, 0);
INSERT INTO items (id, venue_id, name) VALUES (26335, 14047, 'Space20803');
INSERT INTO spaces (id, item_id, hour_price) VALUES (20803, 26335, 3);
INSERT INTO items (id, venue_id, name) VALUES (26336, 14047, 'Space20804');
INSERT INTO spaces (id, item_id, hour_price) VALUES (20804, 26336, 35);
INSERT INTO items (id, venue_id, name) VALUES (26338, 14047, 'Product15525');
INSERT INTO products (id, item_id, price) VALUES (15525, 26338, 1.8);
INSERT INTO items (id, venue_id, name) VALUES (26339, 14047, 'Product15526');
INSERT INTO products (id, item_id, price) VALUES (15526, 26339, 1.8);
INSERT INTO items (id, venue_id, name) VALUES (26340, 14047, 'Product15527');
INSERT INTO products (id, item_id, price) VALUES (15527, 26340, 5);
INSERT INTO items (id, venue_id, name) VALUES (26341, 14047, 'Product15528');
INSERT INTO products (id, item_id, price) VALUES (15528, 26341, 5);
INSERT INTO items (id, venue_id, name) VALUES (26342, 14047, 'Product15529');
INSERT INTO products (id, item_id, price) VALUES (15529, 26342, 3);
INSERT INTO items (id, venue_id, name) VALUES (26343, 14047, 'Product15530');
INSERT INTO products (id, item_id, price) VALUES (15530, 26343, 8);
INSERT INTO items (id, venue_id, name) VALUES (26344, 14047, 'Product15531');
INSERT INTO products (id, item_id, price) VALUES (15531, 26344, 13);
INSERT INTO items (id, venue_id, name) VALUES (26345, 14047, 'Product15532');
INSERT INTO products (id, item_id, price) VALUES (15532, 26345, 0);
INSERT INTO items (id, venue_id, name) VALUES (26346, 14047, 'Product15533');
INSERT INTO products (id, item_id, price) VALUES (15533, 26346, 0);
INSERT INTO items (id, venue_id, name) VALUES (26347, 14047, 'Product15534');
INSERT INTO products (id, item_id, price) VALUES (15534, 26347, 0);
INSERT INTO items (id, venue_id, name) VALUES (26348, 14047, 'Product15535');
INSERT INTO products (id, item_id, price) VALUES (15535, 26348, 0);
INSERT INTO items (id, venue_id, name) VALUES (26349, 14047, 'Product15536');
INSERT INTO products (id, item_id, price) VALUES (15536, 26349, 0);
INSERT INTO items (id, venue_id, name) VALUES (26350, 14047, 'Product15537');
INSERT INTO products (id, item_id, price) VALUES (15537, 26350, 0);
INSERT INTO items (id, venue_id, name) VALUES (26351, 14047, 'Product15538');
INSERT INTO products (id, item_id, price) VALUES (15538, 26351, 0);
INSERT INTO items (id, venue_id, name) VALUES (26352, 14047, 'Product15539');
INSERT INTO products (id, item_id, price) VALUES (15539, 26352, 0);
INSERT INTO items (id, venue_id, name) VALUES (26353, 14047, 'Product15540');
INSERT INTO products (id, item_id, price) VALUES (15540, 26353, 2);
INSERT INTO items (id, venue_id, name) VALUES (26354, 14047, 'Product15541');
INSERT INTO products (id, item_id, price) VALUES (15541, 26354, 6);
INSERT INTO venues (id, name) VALUES (14051, 'Venue14051');
INSERT INTO items (id, venue_id, name) VALUES (26355, 14051, 'Space20806');
INSERT INTO spaces (id, item_id, hour_price) VALUES (20806, 26355, 0);
INSERT INTO items (id, venue_id, name) VALUES (26356, 14051, 'Space20807');
INSERT INTO spaces (id, item_id, hour_price) VALUES (20807, 26356, 0);
INSERT INTO items (id, venue_id, name) VALUES (26357, 14051, 'Space20808');
INSERT INTO spaces (id, item_id, hour_price) VALUES (20808, 26357, 0);
INSERT INTO items (id, venue_id, name) VALUES (26358, 14051, 'Space20809');
INSERT INTO spaces (id, item_id, hour_price) VALUES (20809, 26358, 0);
INSERT INTO items (id, venue_id, name) VALUES (26359, 14051, 'Space20810');
INSERT INTO spaces (id, item_id, hour_price) VALUES (20810, 26359, 0);
INSERT INTO items (id, venue_id, name) VALUES (26360, 14051, 'Space20811');
INSERT INTO spaces (id, item_id, hour_price) VALUES (20811, 26360, 0);
INSERT INTO items (id, venue_id, name) VALUES (26361, 14051, 'Space20812');
INSERT INTO spaces (id, item_id, hour_price) VALUES (20812, 26361, 55);
INSERT INTO items (id, venue_id, name) VALUES (26362, 14051, 'Space20813');
INSERT INTO spaces (id, item_id, hour_price) VALUES (20813, 26362, 25);
INSERT INTO items (id, venue_id, name) VALUES (26363, 14051, 'Space20814');
INSERT INTO spaces (id, item_id, hour_price) VALUES (20814, 26363, 5);
INSERT INTO items (id, venue_id, name) VALUES (26364, 14051, 'Space20815');
INSERT INTO spaces (id, item_id, hour_price) VALUES (20815, 26364, 20);
INSERT INTO items (id, venue_id, name) VALUES (26365, 14051, 'Product15542');
INSERT INTO products (id, item_id, price) VALUES (15542, 26365, 0);
INSERT INTO items (id, venue_id, name) VALUES (26366, 14051, 'Product15543');
INSERT INTO products (id, item_id, price) VALUES (15543, 26366, 0);
INSERT INTO items (id, venue_id, name) VALUES (26367, 14051, 'Product15544');
INSERT INTO products (id, item_id, price) VALUES (15544, 26367, 0);
INSERT INTO items (id, venue_id, name) VALUES (26368, 14051, 'Product15545');
INSERT INTO products (id, item_id, price) VALUES (15545, 26368, 0);
INSERT INTO items (id, venue_id, name) VALUES (26369, 14051, 'Product15546');
INSERT INTO products (id, item_id, price) VALUES (15546, 26369, 0);
INSERT INTO items (id, venue_id, name) VALUES (26370, 14051, 'Product15547');
INSERT INTO products (id, item_id, price) VALUES (15547, 26370, 0);
INSERT INTO items (id, venue_id, name) VALUES (26371, 14051, 'Product15548');
INSERT INTO products (id, item_id, price) VALUES (15548, 26371, 12.5);
INSERT INTO items (id, venue_id, name) VALUES (26372, 14051, 'Product15549');
INSERT INTO products (id, item_id, price) VALUES (15549, 26372, 0);
INSERT INTO items (id, venue_id, name) VALUES (26373, 14051, 'Product15550');
INSERT INTO products (id, item_id, price) VALUES (15550, 26373, 0);
INSERT INTO items (id, venue_id, name) VALUES (26374, 14051, 'Product15551');
INSERT INTO products (id, item_id, price) VALUES (15551, 26374, 0);
INSERT INTO items (id, venue_id, name) VALUES (26375, 14051, 'Product15552');
INSERT INTO products (id, item_id, price) VALUES (15552, 26375, 0);
INSERT INTO items (id, venue_id, name) VALUES (26376, 14051, 'Product15553');
INSERT INTO products (id, item_id, price) VALUES (15553, 26376, 0);
INSERT INTO items (id, venue_id, name) VALUES (26377, 14051, 'Product15554');
INSERT INTO products (id, item_id, price) VALUES (15554, 26377, 0);
INSERT INTO items (id, venue_id, name) VALUES (26494, 14051, 'Product15614');
INSERT INTO products (id, item_id, price) VALUES (15614, 26494, 2.5);
INSERT INTO items (id, venue_id, name) VALUES (26495, 14051, 'Product15615');
INSERT INTO products (id, item_id, price) VALUES (15615, 26495, 1.75);
INSERT INTO venues (id, name) VALUES (14059, 'Venue14059');
INSERT INTO items (id, venue_id, name) VALUES (26391, 14059, 'Space20823');
INSERT INTO spaces (id, item_id, hour_price) VALUES (20823, 26391, 0);
INSERT INTO items (id, venue_id, name) VALUES (26392, 14059, 'Space20824');
INSERT INTO spaces (id, item_id, hour_price) VALUES (20824, 26392, 0);
INSERT INTO items (id, venue_id, name) VALUES (26393, 14059, 'Space20825');
INSERT INTO spaces (id, item_id, hour_price) VALUES (20825, 26393, 0);
INSERT INTO items (id, venue_id, name) VALUES (26394, 14059, 'Space20826');
INSERT INTO spaces (id, item_id, hour_price) VALUES (20826, 26394, 0);
INSERT INTO items (id, venue_id, name) VALUES (26395, 14059, 'Space20827');
INSERT INTO spaces (id, item_id, hour_price) VALUES (20827, 26395, 0);
INSERT INTO items (id, venue_id, name) VALUES (26396, 14059, 'Space20828');
INSERT INTO spaces (id, item_id, hour_price) VALUES (20828, 26396, 0);
INSERT INTO items (id, venue_id, name) VALUES (26397, 14059, 'Space20829');
INSERT INTO spaces (id, item_id, hour_price) VALUES (20829, 26397, 15);
INSERT INTO items (id, venue_id, name) VALUES (26398, 14059, 'Space20830');
INSERT INTO spaces (id, item_id, hour_price) VALUES (20830, 26398, 15);
INSERT INTO items (id, venue_id, name) VALUES (26399, 14059, 'Product15561');
INSERT INTO products (id, item_id, price) VALUES (15561, 26399, 2.3);
INSERT INTO items (id, venue_id, name) VALUES (26400, 14059, 'Product15562');
INSERT INTO products (id, item_id, price) VALUES (15562, 26400, 2);
INSERT INTO items (id, venue_id, name) VALUES (26401, 14059, 'Product15563');
INSERT INTO products (id, item_id, price) VALUES (15563, 26401, 15);
INSERT INTO items (id, venue_id, name) VALUES (26402, 14059, 'Product15564');
INSERT INTO products (id, item_id, price) VALUES (15564, 26402, 15);
INSERT INTO items (id, venue_id, name) VALUES (26403, 14059, 'Product15565');
INSERT INTO products (id, item_id, price) VALUES (15565, 26403, 15);
INSERT INTO items (id, venue_id, name) VALUES (26404, 14059, 'Product15566');
INSERT INTO products (id, item_id, price) VALUES (15566, 26404, 50);
INSERT INTO items (id, venue_id, name) VALUES (26405, 14059, 'Product15567');
INSERT INTO products (id, item_id, price) VALUES (15567, 26405, 50);
INSERT INTO items (id, venue_id, name) VALUES (26406, 14059, 'Product15568');
INSERT INTO products (id, item_id, price) VALUES (15568, 26406, 25);
INSERT INTO items (id, venue_id, name) VALUES (26407, 14059, 'Product15569');
INSERT INTO products (id, item_id, price) VALUES (15569, 26407, 27.5);
INSERT INTO items (id, venue_id, name) VALUES (26408, 14059, 'Product15570');
INSERT INTO products (id, item_id, price) VALUES (15570, 26408, 15);
INSERT INTO items (id, venue_id, name) VALUES (26409, 14059, 'Product15571');
INSERT INTO products (id, item_id, price) VALUES (15571, 26409, 9);
INSERT INTO items (id, venue_id, name) VALUES (26410, 14059, 'Product15572');
INSERT INTO products (id, item_id, price) VALUES (15572, 26410, 16);
INSERT INTO items (id, venue_id, name) VALUES (26411, 14059, 'Product15573');
INSERT INTO products (id, item_id, price) VALUES (15573, 26411, 0);
INSERT INTO venues (id, name) VALUES (14064, 'Venue14064');
INSERT INTO items (id, venue_id, name) VALUES (26412, 14064, 'Space20831');
INSERT INTO spaces (id, item_id, hour_price) VALUES (20831, 26412, 0);
INSERT INTO items (id, venue_id, name) VALUES (26413, 14064, 'Space20832');
INSERT INTO spaces (id, item_id, hour_price) VALUES (20832, 26413, 0);
INSERT INTO items (id, venue_id, name) VALUES (26414, 14064, 'Space20833');
INSERT INTO spaces (id, item_id, hour_price) VALUES (20833, 26414, 0);
INSERT INTO items (id, venue_id, name) VALUES (26415, 14064, 'Space20834');
INSERT INTO spaces (id, item_id, hour_price) VALUES (20834, 26415, 0);
INSERT INTO items (id, venue_id, name) VALUES (26416, 14064, 'Space20835');
INSERT INTO spaces (id, item_id, hour_price) VALUES (20835, 26416, 0);
INSERT INTO items (id, venue_id, name) VALUES (26417, 14064, 'Space20836');
INSERT INTO spaces (id, item_id, hour_price) VALUES (20836, 26417, 0);
INSERT INTO items (id, venue_id, name) VALUES (26418, 14064, 'Space20837');
INSERT INTO spaces (id, item_id, hour_price) VALUES (20837, 26418, 223);
INSERT INTO items (id, venue_id, name) VALUES (26419, 14064, 'Space20838');
INSERT INTO spaces (id, item_id, hour_price) VALUES (20838, 26419, 81.25);
INSERT INTO items (id, venue_id, name) VALUES (26420, 14064, 'Space20839');
INSERT INTO spaces (id, item_id, hour_price) VALUES (20839, 26420, 131.25);
INSERT INTO items (id, venue_id, name) VALUES (26421, 14064, 'Space20840');
INSERT INTO spaces (id, item_id, hour_price) VALUES (20840, 26421, 48.75);
INSERT INTO items (id, venue_id, name) VALUES (26422, 14064, 'Product15574');
INSERT INTO products (id, item_id, price) VALUES (15574, 26422, 1.7);
INSERT INTO items (id, venue_id, name) VALUES (26423, 14064, 'Product15575');
INSERT INTO products (id, item_id, price) VALUES (15575, 26423, 1.7);
INSERT INTO items (id, venue_id, name) VALUES (26424, 14064, 'Product15576');
INSERT INTO products (id, item_id, price) VALUES (15576, 26424, 8.5);
INSERT INTO items (id, venue_id, name) VALUES (26425, 14064, 'Product15577');
INSERT INTO products (id, item_id, price) VALUES (15577, 26425, 8.5);
INSERT INTO items (id, venue_id, name) VALUES (26426, 14064, 'Product15578');
INSERT INTO products (id, item_id, price) VALUES (15578, 26426, 3.4);
INSERT INTO items (id, venue_id, name) VALUES (26427, 14064, 'Product15579');
INSERT INTO products (id, item_id, price) VALUES (15579, 26427, 3.4);
INSERT INTO items (id, venue_id, name) VALUES (26428, 14064, 'Product15580');
INSERT INTO products (id, item_id, price) VALUES (15580, 26428, 9.5);
INSERT INTO items (id, venue_id, name) VALUES (26429, 14064, 'Product15581');
INSERT INTO products (id, item_id, price) VALUES (15581, 26429, 0);
INSERT INTO items (id, venue_id, name) VALUES (26430, 14064, 'Product15582');
INSERT INTO products (id, item_id, price) VALUES (15582, 26430, 0);
INSERT INTO items (id, venue_id, name) VALUES (26431, 14064, 'Product15583');
INSERT INTO products (id, item_id, price) VALUES (15583, 26431, 15);
INSERT INTO venues (id, name) VALUES (14065, 'Venue14065');
INSERT INTO items (id, venue_id, name) VALUES (26432, 14065, 'Space20841');
INSERT INTO spaces (id, item_id, hour_price) VALUES (20841, 26432, 0);
INSERT INTO items (id, venue_id, name) VALUES (26433, 14065, 'Space20842');
INSERT INTO spaces (id, item_id, hour_price) VALUES (20842, 26433, 0);
INSERT INTO items (id, venue_id, name) VALUES (26434, 14065, 'Space20843');
INSERT INTO spaces (id, item_id, hour_price) VALUES (20843, 26434, 0);
INSERT INTO items (id, venue_id, name) VALUES (26435, 14065, 'Space20844');
INSERT INTO spaces (id, item_id, hour_price) VALUES (20844, 26435, 0);
INSERT INTO items (id, venue_id, name) VALUES (26436, 14065, 'Space20845');
INSERT INTO spaces (id, item_id, hour_price) VALUES (20845, 26436, 0);
INSERT INTO items (id, venue_id, name) VALUES (26437, 14065, 'Space20846');
INSERT INTO spaces (id, item_id, hour_price) VALUES (20846, 26437, 0);
INSERT INTO items (id, venue_id, name) VALUES (26438, 14065, 'Space20847');
INSERT INTO spaces (id, item_id, hour_price) VALUES (20847, 26438, 0);
INSERT INTO venues (id, name) VALUES (14070, 'Venue14070');
INSERT INTO items (id, venue_id, name) VALUES (26440, 14070, 'Space20848');
INSERT INTO spaces (id, item_id, hour_price) VALUES (20848, 26440, 0);
INSERT INTO items (id, venue_id, name) VALUES (26441, 14070, 'Space20849');
INSERT INTO spaces (id, item_id, hour_price) VALUES (20849, 26441, 0);
INSERT INTO items (id, venue_id, name) VALUES (26442, 14070, 'Space20850');
INSERT INTO spaces (id, item_id, hour_price) VALUES (20850, 26442, 0);
INSERT INTO items (id, venue_id, name) VALUES (26443, 14070, 'Space20851');
INSERT INTO spaces (id, item_id, hour_price) VALUES (20851, 26443, 0);
INSERT INTO items (id, venue_id, name) VALUES (26444, 14070, 'Space20852');
INSERT INTO spaces (id, item_id, hour_price) VALUES (20852, 26444, 0);
INSERT INTO items (id, venue_id, name) VALUES (26445, 14070, 'Space20853');
INSERT INTO spaces (id, item_id, hour_price) VALUES (20853, 26445, 0);
INSERT INTO items (id, venue_id, name) VALUES (26446, 14070, 'Space20854');
INSERT INTO spaces (id, item_id, hour_price) VALUES (20854, 26446, 40);
INSERT INTO items (id, venue_id, name) VALUES (26447, 14070, 'Space20855');
INSERT INTO spaces (id, item_id, hour_price) VALUES (20855, 26447, 20);
INSERT INTO items (id, venue_id, name) VALUES (26448, 14070, 'Space20856');
INSERT INTO spaces (id, item_id, hour_price) VALUES (20856, 26448, 2.5);
INSERT INTO items (id, venue_id, name) VALUES (26449, 14070, 'Space20857');
INSERT INTO spaces (id, item_id, hour_price) VALUES (20857, 26449, 0);
INSERT INTO items (id, venue_id, name) VALUES (26450, 14070, 'Product15585');
INSERT INTO products (id, item_id, price) VALUES (15585, 26450, 0);
INSERT INTO items (id, venue_id, name) VALUES (26451, 14070, 'Product15586');
INSERT INTO products (id, item_id, price) VALUES (15586, 26451, 0);
INSERT INTO items (id, venue_id, name) VALUES (26452, 14070, 'Product15587');
INSERT INTO products (id, item_id, price) VALUES (15587, 26452, 0);
INSERT INTO items (id, venue_id, name) VALUES (26453, 14070, 'Product15588');
INSERT INTO products (id, item_id, price) VALUES (15588, 26453, 0);
INSERT INTO items (id, venue_id, name) VALUES (26454, 14070, 'Product15589');
INSERT INTO products (id, item_id, price) VALUES (15589, 26454, 7.2);
INSERT INTO items (id, venue_id, name) VALUES (26455, 14070, 'Product15590');
INSERT INTO products (id, item_id, price) VALUES (15590, 26455, 0);
INSERT INTO items (id, venue_id, name) VALUES (26456, 14070, 'Product15591');
INSERT INTO products (id, item_id, price) VALUES (15591, 26456, 0);
INSERT INTO items (id, venue_id, name) VALUES (26457, 14070, 'Product15592');
INSERT INTO products (id, item_id, price) VALUES (15592, 26457, 0);
INSERT INTO items (id, venue_id, name) VALUES (26458, 14070, 'Product15593');
INSERT INTO products (id, item_id, price) VALUES (15593, 26458, 0);
INSERT INTO items (id, venue_id, name) VALUES (26459, 14070, 'Product15594');
INSERT INTO products (id, item_id, price) VALUES (15594, 26459, 0);
INSERT INTO items (id, venue_id, name) VALUES (26460, 14070, 'Product15595');
INSERT INTO products (id, item_id, price) VALUES (15595, 26460, 0);
INSERT INTO items (id, venue_id, name) VALUES (26461, 14070, 'Product15596');
INSERT INTO products (id, item_id, price) VALUES (15596, 26461, 0);
INSERT INTO items (id, venue_id, name) VALUES (26462, 14070, 'Product15597');
INSERT INTO products (id, item_id, price) VALUES (15597, 26462, 0);
INSERT INTO items (id, venue_id, name) VALUES (26463, 14070, 'Product15598');
INSERT INTO products (id, item_id, price) VALUES (15598, 26463, 9);
INSERT INTO venues (id, name) VALUES (14074, 'Venue14074');
INSERT INTO items (id, venue_id, name) VALUES (26464, 14074, 'Space20858');
INSERT INTO spaces (id, item_id, hour_price) VALUES (20858, 26464, 0);
INSERT INTO items (id, venue_id, name) VALUES (26465, 14074, 'Space20859');
INSERT INTO spaces (id, item_id, hour_price) VALUES (20859, 26465, 0);
INSERT INTO items (id, venue_id, name) VALUES (26466, 14074, 'Space20860');
INSERT INTO spaces (id, item_id, hour_price) VALUES (20860, 26466, 0);
INSERT INTO items (id, venue_id, name) VALUES (26467, 14074, 'Space20861');
INSERT INTO spaces (id, item_id, hour_price) VALUES (20861, 26467, 0);
INSERT INTO items (id, venue_id, name) VALUES (26468, 14074, 'Space20862');
INSERT INTO spaces (id, item_id, hour_price) VALUES (20862, 26468, 0);
INSERT INTO items (id, venue_id, name) VALUES (26469, 14074, 'Space20863');
INSERT INTO spaces (id, item_id, hour_price) VALUES (20863, 26469, 0);
INSERT INTO items (id, venue_id, name) VALUES (26470, 14074, 'Space20864');
INSERT INTO spaces (id, item_id, hour_price) VALUES (20864, 26470, 25);
INSERT INTO items (id, venue_id, name) VALUES (28484, 14074, 'Product16662');
INSERT INTO products (id, item_id, price) VALUES (16662, 28484, 1.4);
INSERT INTO venues (id, name) VALUES (14079, 'Venue14079');
INSERT INTO items (id, venue_id, name) VALUES (26471, 14079, 'Space20865');
INSERT INTO spaces (id, item_id, hour_price) VALUES (20865, 26471, 0);
INSERT INTO items (id, venue_id, name) VALUES (26472, 14079, 'Space20866');
INSERT INTO spaces (id, item_id, hour_price) VALUES (20866, 26472, 0);
INSERT INTO items (id, venue_id, name) VALUES (26473, 14079, 'Space20867');
INSERT INTO spaces (id, item_id, hour_price) VALUES (20867, 26473, 0);
INSERT INTO items (id, venue_id, name) VALUES (26474, 14079, 'Space20868');
INSERT INTO spaces (id, item_id, hour_price) VALUES (20868, 26474, 0);
INSERT INTO items (id, venue_id, name) VALUES (26475, 14079, 'Space20869');
INSERT INTO spaces (id, item_id, hour_price) VALUES (20869, 26475, 0);
INSERT INTO items (id, venue_id, name) VALUES (26476, 14079, 'Space20870');
INSERT INTO spaces (id, item_id, hour_price) VALUES (20870, 26476, 0);
INSERT INTO items (id, venue_id, name) VALUES (26477, 14079, 'Space20871');
INSERT INTO spaces (id, item_id, hour_price) VALUES (20871, 26477, 6);
INSERT INTO items (id, venue_id, name) VALUES (26478, 14079, 'Space20872');
INSERT INTO spaces (id, item_id, hour_price) VALUES (20872, 26478, 6);
INSERT INTO items (id, venue_id, name) VALUES (26479, 14079, 'Product15599');
INSERT INTO products (id, item_id, price) VALUES (15599, 26479, 0);
INSERT INTO items (id, venue_id, name) VALUES (26480, 14079, 'Product15600');
INSERT INTO products (id, item_id, price) VALUES (15600, 26480, 0);
INSERT INTO items (id, venue_id, name) VALUES (26481, 14079, 'Product15601');
INSERT INTO products (id, item_id, price) VALUES (15601, 26481, 0);
INSERT INTO items (id, venue_id, name) VALUES (26482, 14079, 'Product15602');
INSERT INTO products (id, item_id, price) VALUES (15602, 26482, 0);
INSERT INTO items (id, venue_id, name) VALUES (26483, 14079, 'Product15603');
INSERT INTO products (id, item_id, price) VALUES (15603, 26483, 0);
INSERT INTO items (id, venue_id, name) VALUES (26484, 14079, 'Product15604');
INSERT INTO products (id, item_id, price) VALUES (15604, 26484, 0);
INSERT INTO items (id, venue_id, name) VALUES (26485, 14079, 'Product15605');
INSERT INTO products (id, item_id, price) VALUES (15605, 26485, 3);
INSERT INTO items (id, venue_id, name) VALUES (26486, 14079, 'Product15606');
INSERT INTO products (id, item_id, price) VALUES (15606, 26486, 0);
INSERT INTO items (id, venue_id, name) VALUES (26487, 14079, 'Product15607');
INSERT INTO products (id, item_id, price) VALUES (15607, 26487, 0);
INSERT INTO items (id, venue_id, name) VALUES (26488, 14079, 'Product15608');
INSERT INTO products (id, item_id, price) VALUES (15608, 26488, 0);
INSERT INTO items (id, venue_id, name) VALUES (26489, 14079, 'Product15609');
INSERT INTO products (id, item_id, price) VALUES (15609, 26489, 0);
INSERT INTO venues (id, name) VALUES (14083, 'Venue14083');
INSERT INTO items (id, venue_id, name) VALUES (26496, 14083, 'Space20873');
INSERT INTO spaces (id, item_id, hour_price) VALUES (20873, 26496, 0);
INSERT INTO items (id, venue_id, name) VALUES (26497, 14083, 'Space20874');
INSERT INTO spaces (id, item_id, hour_price) VALUES (20874, 26497, 0);
INSERT INTO items (id, venue_id, name) VALUES (26498, 14083, 'Space20875');
INSERT INTO spaces (id, item_id, hour_price) VALUES (20875, 26498, 0);
INSERT INTO items (id, venue_id, name) VALUES (26499, 14083, 'Space20876');
INSERT INTO spaces (id, item_id, hour_price) VALUES (20876, 26499, 0);
INSERT INTO items (id, venue_id, name) VALUES (26500, 14083, 'Space20877');
INSERT INTO spaces (id, item_id, hour_price) VALUES (20877, 26500, 0);
INSERT INTO items (id, venue_id, name) VALUES (26501, 14083, 'Space20878');
INSERT INTO spaces (id, item_id, hour_price) VALUES (20878, 26501, 0);
INSERT INTO items (id, venue_id, name) VALUES (26502, 14083, 'Space20879');
INSERT INTO spaces (id, item_id, hour_price) VALUES (20879, 26502, 10);
INSERT INTO items (id, venue_id, name) VALUES (26503, 14083, 'Space20880');
INSERT INTO spaces (id, item_id, hour_price) VALUES (20880, 26503, 10);
INSERT INTO items (id, venue_id, name) VALUES (26504, 14083, 'Product15616');
INSERT INTO products (id, item_id, price) VALUES (15616, 26504, 1.8);
INSERT INTO items (id, venue_id, name) VALUES (26505, 14083, 'Product15617');
INSERT INTO products (id, item_id, price) VALUES (15617, 26505, 1.8);
INSERT INTO items (id, venue_id, name) VALUES (26506, 14083, 'Product15618');
INSERT INTO products (id, item_id, price) VALUES (15618, 26506, 18);
INSERT INTO items (id, venue_id, name) VALUES (26507, 14083, 'Product15619');
INSERT INTO products (id, item_id, price) VALUES (15619, 26507, 18);
INSERT INTO items (id, venue_id, name) VALUES (26508, 14083, 'Product15620');
INSERT INTO products (id, item_id, price) VALUES (15620, 26508, 5);
INSERT INTO items (id, venue_id, name) VALUES (26509, 14083, 'Product15621');
INSERT INTO products (id, item_id, price) VALUES (15621, 26509, 20);
INSERT INTO items (id, venue_id, name) VALUES (26510, 14083, 'Product15622');
INSERT INTO products (id, item_id, price) VALUES (15622, 26510, 3);
INSERT INTO items (id, venue_id, name) VALUES (26511, 14083, 'Product15623');
INSERT INTO products (id, item_id, price) VALUES (15623, 26511, 15);
INSERT INTO items (id, venue_id, name) VALUES (26512, 14083, 'Product15624');
INSERT INTO products (id, item_id, price) VALUES (15624, 26512, 3);
INSERT INTO items (id, venue_id, name) VALUES (26513, 14083, 'Product15625');
INSERT INTO products (id, item_id, price) VALUES (15625, 26513, 15);
INSERT INTO venues (id, name) VALUES (14085, 'Venue14085');
INSERT INTO items (id, venue_id, name) VALUES (26517, 14085, 'Space20881');
INSERT INTO spaces (id, item_id, hour_price) VALUES (20881, 26517, 0);
INSERT INTO items (id, venue_id, name) VALUES (26518, 14085, 'Space20882');
INSERT INTO spaces (id, item_id, hour_price) VALUES (20882, 26518, 0);
INSERT INTO items (id, venue_id, name) VALUES (26519, 14085, 'Space20883');
INSERT INTO spaces (id, item_id, hour_price) VALUES (20883, 26519, 0);
INSERT INTO items (id, venue_id, name) VALUES (26520, 14085, 'Space20884');
INSERT INTO spaces (id, item_id, hour_price) VALUES (20884, 26520, 0);
INSERT INTO items (id, venue_id, name) VALUES (26521, 14085, 'Space20885');
INSERT INTO spaces (id, item_id, hour_price) VALUES (20885, 26521, 0);
INSERT INTO items (id, venue_id, name) VALUES (26522, 14085, 'Space20886');
INSERT INTO spaces (id, item_id, hour_price) VALUES (20886, 26522, 0);
INSERT INTO items (id, venue_id, name) VALUES (26523, 14085, 'Space20887');
INSERT INTO spaces (id, item_id, hour_price) VALUES (20887, 26523, 2.99);
INSERT INTO venues (id, name) VALUES (14089, 'Venue14089');
INSERT INTO items (id, venue_id, name) VALUES (26524, 14089, 'Space20888');
INSERT INTO spaces (id, item_id, hour_price) VALUES (20888, 26524, 0);
INSERT INTO items (id, venue_id, name) VALUES (26525, 14089, 'Space20889');
INSERT INTO spaces (id, item_id, hour_price) VALUES (20889, 26525, 0);
INSERT INTO items (id, venue_id, name) VALUES (26526, 14089, 'Space20890');
INSERT INTO spaces (id, item_id, hour_price) VALUES (20890, 26526, 0);
INSERT INTO items (id, venue_id, name) VALUES (26527, 14089, 'Space20891');
INSERT INTO spaces (id, item_id, hour_price) VALUES (20891, 26527, 0);
INSERT INTO items (id, venue_id, name) VALUES (26528, 14089, 'Space20892');
INSERT INTO spaces (id, item_id, hour_price) VALUES (20892, 26528, 0);
INSERT INTO items (id, venue_id, name) VALUES (26529, 14089, 'Space20893');
INSERT INTO spaces (id, item_id, hour_price) VALUES (20893, 26529, 0);
INSERT INTO items (id, venue_id, name) VALUES (26530, 14089, 'Space20894');
INSERT INTO spaces (id, item_id, hour_price) VALUES (20894, 26530, 30.25);
INSERT INTO items (id, venue_id, name) VALUES (26531, 14089, 'Space20895');
INSERT INTO spaces (id, item_id, hour_price) VALUES (20895, 26531, 34.8);
INSERT INTO items (id, venue_id, name) VALUES (26532, 14089, 'Space20896');
INSERT INTO spaces (id, item_id, hour_price) VALUES (20896, 26532, 34.8);
INSERT INTO items (id, venue_id, name) VALUES (26533, 14089, 'Space20897');
INSERT INTO spaces (id, item_id, hour_price) VALUES (20897, 26533, 45.4);
INSERT INTO items (id, venue_id, name) VALUES (26534, 14089, 'Space20898');
INSERT INTO spaces (id, item_id, hour_price) VALUES (20898, 26534, 45.4);
INSERT INTO items (id, venue_id, name) VALUES (26535, 14089, 'Product15629');
INSERT INTO products (id, item_id, price) VALUES (15629, 26535, 2.3);
INSERT INTO items (id, venue_id, name) VALUES (26536, 14089, 'Product15630');
INSERT INTO products (id, item_id, price) VALUES (15630, 26536, 2);
INSERT INTO items (id, venue_id, name) VALUES (26537, 14089, 'Product15631');
INSERT INTO products (id, item_id, price) VALUES (15631, 26537, 14.5);
INSERT INTO items (id, venue_id, name) VALUES (26538, 14089, 'Product15632');
INSERT INTO products (id, item_id, price) VALUES (15632, 26538, 9.5);
INSERT INTO items (id, venue_id, name) VALUES (26539, 14089, 'Product15633');
INSERT INTO products (id, item_id, price) VALUES (15633, 26539, 4.75);
INSERT INTO items (id, venue_id, name) VALUES (26540, 14089, 'Product15634');
INSERT INTO products (id, item_id, price) VALUES (15634, 26540, 18.5);
INSERT INTO items (id, venue_id, name) VALUES (26541, 14089, 'Product15635');
INSERT INTO products (id, item_id, price) VALUES (15635, 26541, 14.75);
INSERT INTO items (id, venue_id, name) VALUES (26542, 14089, 'Product15636');
INSERT INTO products (id, item_id, price) VALUES (15636, 26542, 65);
INSERT INTO items (id, venue_id, name) VALUES (26543, 14089, 'Product15637');
INSERT INTO products (id, item_id, price) VALUES (15637, 26543, 10);
INSERT INTO items (id, venue_id, name) VALUES (26544, 14089, 'Product15638');
INSERT INTO products (id, item_id, price) VALUES (15638, 26544, 20);
INSERT INTO items (id, venue_id, name) VALUES (26545, 14089, 'Product15639');
INSERT INTO products (id, item_id, price) VALUES (15639, 26545, 20);
INSERT INTO items (id, venue_id, name) VALUES (26546, 14089, 'Product15640');
INSERT INTO products (id, item_id, price) VALUES (15640, 26546, 40);
INSERT INTO items (id, venue_id, name) VALUES (26547, 14089, 'Product15641');
INSERT INTO products (id, item_id, price) VALUES (15641, 26547, 32.5);
INSERT INTO items (id, venue_id, name) VALUES (26548, 14089, 'Product15642');
INSERT INTO products (id, item_id, price) VALUES (15642, 26548, 0.2);
INSERT INTO venues (id, name) VALUES (14098, 'Venue14098');
INSERT INTO items (id, venue_id, name) VALUES (26549, 14098, 'Space20899');
INSERT INTO spaces (id, item_id, hour_price) VALUES (20899, 26549, 0);
INSERT INTO items (id, venue_id, name) VALUES (26550, 14098, 'Space20900');
INSERT INTO spaces (id, item_id, hour_price) VALUES (20900, 26550, 0);
INSERT INTO items (id, venue_id, name) VALUES (26551, 14098, 'Space20901');
INSERT INTO spaces (id, item_id, hour_price) VALUES (20901, 26551, 0);
INSERT INTO items (id, venue_id, name) VALUES (26552, 14098, 'Space20902');
INSERT INTO spaces (id, item_id, hour_price) VALUES (20902, 26552, 0);
INSERT INTO items (id, venue_id, name) VALUES (26553, 14098, 'Space20903');
INSERT INTO spaces (id, item_id, hour_price) VALUES (20903, 26553, 0);
INSERT INTO items (id, venue_id, name) VALUES (26554, 14098, 'Space20904');
INSERT INTO spaces (id, item_id, hour_price) VALUES (20904, 26554, 0);
INSERT INTO items (id, venue_id, name) VALUES (26555, 14098, 'Space20905');
INSERT INTO spaces (id, item_id, hour_price) VALUES (20905, 26555, 35);
INSERT INTO items (id, venue_id, name) VALUES (26556, 14098, 'Space20906');
INSERT INTO spaces (id, item_id, hour_price) VALUES (20906, 26556, 30);
INSERT INTO items (id, venue_id, name) VALUES (26559, 14098, 'Product15643');
INSERT INTO products (id, item_id, price) VALUES (15643, 26559, 2);
INSERT INTO items (id, venue_id, name) VALUES (26560, 14098, 'Product15644');
INSERT INTO products (id, item_id, price) VALUES (15644, 26560, 2);
INSERT INTO items (id, venue_id, name) VALUES (26561, 14098, 'Product15645');
INSERT INTO products (id, item_id, price) VALUES (15645, 26561, 11.5);
INSERT INTO items (id, venue_id, name) VALUES (26562, 14098, 'Product15646');
INSERT INTO products (id, item_id, price) VALUES (15646, 26562, 25);
INSERT INTO items (id, venue_id, name) VALUES (26563, 14098, 'Product15647');
INSERT INTO products (id, item_id, price) VALUES (15647, 26563, 12.5);
INSERT INTO items (id, venue_id, name) VALUES (26564, 14098, 'Product15648');
INSERT INTO products (id, item_id, price) VALUES (15648, 26564, 0);
INSERT INTO items (id, venue_id, name) VALUES (26565, 14098, 'Product15649');
INSERT INTO products (id, item_id, price) VALUES (15649, 26565, 0);
INSERT INTO items (id, venue_id, name) VALUES (27115, 14098, 'Product15921');
INSERT INTO products (id, item_id, price) VALUES (15921, 27115, 19.5);
INSERT INTO items (id, venue_id, name) VALUES (27120, 14098, 'Product15926');
INSERT INTO products (id, item_id, price) VALUES (15926, 27120, 39.5);
INSERT INTO items (id, venue_id, name) VALUES (27121, 14098, 'Product15927');
INSERT INTO products (id, item_id, price) VALUES (15927, 27121, 42.5);
INSERT INTO venues (id, name) VALUES (14103, 'Venue14103');
INSERT INTO items (id, venue_id, name) VALUES (26574, 14103, 'Space20917');
INSERT INTO spaces (id, item_id, hour_price) VALUES (20917, 26574, 0);
INSERT INTO items (id, venue_id, name) VALUES (26575, 14103, 'Space20918');
INSERT INTO spaces (id, item_id, hour_price) VALUES (20918, 26575, 0);
INSERT INTO items (id, venue_id, name) VALUES (26576, 14103, 'Space20919');
INSERT INTO spaces (id, item_id, hour_price) VALUES (20919, 26576, 0);
INSERT INTO items (id, venue_id, name) VALUES (26577, 14103, 'Space20920');
INSERT INTO spaces (id, item_id, hour_price) VALUES (20920, 26577, 0);
INSERT INTO items (id, venue_id, name) VALUES (26578, 14103, 'Space20921');
INSERT INTO spaces (id, item_id, hour_price) VALUES (20921, 26578, 0);
INSERT INTO items (id, venue_id, name) VALUES (26579, 14103, 'Space20922');
INSERT INTO spaces (id, item_id, hour_price) VALUES (20922, 26579, 0);
INSERT INTO items (id, venue_id, name) VALUES (26580, 14103, 'Space20923');
INSERT INTO spaces (id, item_id, hour_price) VALUES (20923, 26580, 9);
INSERT INTO items (id, venue_id, name) VALUES (26581, 14103, 'Space20924');
INSERT INTO spaces (id, item_id, hour_price) VALUES (20924, 26581, 45);
INSERT INTO items (id, venue_id, name) VALUES (26582, 14103, 'Space20925');
INSERT INTO spaces (id, item_id, hour_price) VALUES (20925, 26582, 40);
INSERT INTO items (id, venue_id, name) VALUES (26583, 14103, 'Product15650');
INSERT INTO products (id, item_id, price) VALUES (15650, 26583, 3);
INSERT INTO items (id, venue_id, name) VALUES (26584, 14103, 'Product15651');
INSERT INTO products (id, item_id, price) VALUES (15651, 26584, 1.5);
INSERT INTO items (id, venue_id, name) VALUES (26585, 14103, 'Product15652');
INSERT INTO products (id, item_id, price) VALUES (15652, 26585, 2.5);
INSERT INTO items (id, venue_id, name) VALUES (26586, 14103, 'Product15653');
INSERT INTO products (id, item_id, price) VALUES (15653, 26586, 10);
INSERT INTO items (id, venue_id, name) VALUES (26587, 14103, 'Product15654');
INSERT INTO products (id, item_id, price) VALUES (15654, 26587, 25);
INSERT INTO items (id, venue_id, name) VALUES (26588, 14103, 'Product15655');
INSERT INTO products (id, item_id, price) VALUES (15655, 26588, 6);
INSERT INTO items (id, venue_id, name) VALUES (26589, 14103, 'Product15656');
INSERT INTO products (id, item_id, price) VALUES (15656, 26589, 0);
INSERT INTO items (id, venue_id, name) VALUES (26590, 14103, 'Product15657');
INSERT INTO products (id, item_id, price) VALUES (15657, 26590, 0);
INSERT INTO venues (id, name) VALUES (14107, 'Venue14107');
INSERT INTO items (id, venue_id, name) VALUES (26591, 14107, 'Space20926');
INSERT INTO spaces (id, item_id, hour_price) VALUES (20926, 26591, 0);
INSERT INTO items (id, venue_id, name) VALUES (26592, 14107, 'Space20927');
INSERT INTO spaces (id, item_id, hour_price) VALUES (20927, 26592, 0);
INSERT INTO items (id, venue_id, name) VALUES (26593, 14107, 'Space20928');
INSERT INTO spaces (id, item_id, hour_price) VALUES (20928, 26593, 0);
INSERT INTO items (id, venue_id, name) VALUES (26594, 14107, 'Space20929');
INSERT INTO spaces (id, item_id, hour_price) VALUES (20929, 26594, 0);
INSERT INTO items (id, venue_id, name) VALUES (26595, 14107, 'Space20930');
INSERT INTO spaces (id, item_id, hour_price) VALUES (20930, 26595, 0);
INSERT INTO items (id, venue_id, name) VALUES (26596, 14107, 'Space20931');
INSERT INTO spaces (id, item_id, hour_price) VALUES (20931, 26596, 0);
INSERT INTO items (id, venue_id, name) VALUES (26597, 14107, 'Space20932');
INSERT INTO spaces (id, item_id, hour_price) VALUES (20932, 26597, 25);
INSERT INTO items (id, venue_id, name) VALUES (26598, 14107, 'Product15658');
INSERT INTO products (id, item_id, price) VALUES (15658, 26598, 0);
INSERT INTO items (id, venue_id, name) VALUES (26599, 14107, 'Product15659');
INSERT INTO products (id, item_id, price) VALUES (15659, 26599, 0);
INSERT INTO items (id, venue_id, name) VALUES (26600, 14107, 'Product15660');
INSERT INTO products (id, item_id, price) VALUES (15660, 26600, 0);
INSERT INTO items (id, venue_id, name) VALUES (26601, 14107, 'Product15661');
INSERT INTO products (id, item_id, price) VALUES (15661, 26601, 0);
INSERT INTO items (id, venue_id, name) VALUES (26602, 14107, 'Product15662');
INSERT INTO products (id, item_id, price) VALUES (15662, 26602, 0);
INSERT INTO items (id, venue_id, name) VALUES (26603, 14107, 'Product15663');
INSERT INTO products (id, item_id, price) VALUES (15663, 26603, 0);
INSERT INTO venues (id, name) VALUES (14111, 'Venue14111');
INSERT INTO items (id, venue_id, name) VALUES (26605, 14111, 'Space20933');
INSERT INTO spaces (id, item_id, hour_price) VALUES (20933, 26605, 0);
INSERT INTO items (id, venue_id, name) VALUES (26606, 14111, 'Space20934');
INSERT INTO spaces (id, item_id, hour_price) VALUES (20934, 26606, 0);
INSERT INTO items (id, venue_id, name) VALUES (26607, 14111, 'Space20935');
INSERT INTO spaces (id, item_id, hour_price) VALUES (20935, 26607, 0);
INSERT INTO items (id, venue_id, name) VALUES (26608, 14111, 'Space20936');
INSERT INTO spaces (id, item_id, hour_price) VALUES (20936, 26608, 0);
INSERT INTO items (id, venue_id, name) VALUES (26609, 14111, 'Space20937');
INSERT INTO spaces (id, item_id, hour_price) VALUES (20937, 26609, 0);
INSERT INTO items (id, venue_id, name) VALUES (26610, 14111, 'Space20938');
INSERT INTO spaces (id, item_id, hour_price) VALUES (20938, 26610, 0);
INSERT INTO items (id, venue_id, name) VALUES (26611, 14111, 'Space20939');
INSERT INTO spaces (id, item_id, hour_price) VALUES (20939, 26611, 5);
INSERT INTO items (id, venue_id, name) VALUES (26612, 14111, 'Space20940');
INSERT INTO spaces (id, item_id, hour_price) VALUES (20940, 26612, 25);
INSERT INTO items (id, venue_id, name) VALUES (26615, 14111, 'Product15667');
INSERT INTO products (id, item_id, price) VALUES (15667, 26615, 1);
INSERT INTO items (id, venue_id, name) VALUES (26616, 14111, 'Product15668');
INSERT INTO products (id, item_id, price) VALUES (15668, 26616, 5);
INSERT INTO items (id, venue_id, name) VALUES (26617, 14111, 'Product15669');
INSERT INTO products (id, item_id, price) VALUES (15669, 26617, 9.5);
INSERT INTO items (id, venue_id, name) VALUES (26618, 14111, 'Product15670');
INSERT INTO products (id, item_id, price) VALUES (15670, 26618, 5);
INSERT INTO items (id, venue_id, name) VALUES (26619, 14111, 'Product15671');
INSERT INTO products (id, item_id, price) VALUES (15671, 26619, 15);
INSERT INTO items (id, venue_id, name) VALUES (26620, 14111, 'Product15672');
INSERT INTO products (id, item_id, price) VALUES (15672, 26620, 1);
INSERT INTO items (id, venue_id, name) VALUES (26621, 14111, 'Product15673');
INSERT INTO products (id, item_id, price) VALUES (15673, 26621, 2);
INSERT INTO items (id, venue_id, name) VALUES (26622, 14111, 'Product15674');
INSERT INTO products (id, item_id, price) VALUES (15674, 26622, 1);
INSERT INTO items (id, venue_id, name) VALUES (26623, 14111, 'Product15675');
INSERT INTO products (id, item_id, price) VALUES (15675, 26623, 2);
INSERT INTO items (id, venue_id, name) VALUES (26624, 14111, 'Product15676');
INSERT INTO products (id, item_id, price) VALUES (15676, 26624, 1);
INSERT INTO items (id, venue_id, name) VALUES (26625, 14111, 'Product15677');
INSERT INTO products (id, item_id, price) VALUES (15677, 26625, 2);
INSERT INTO items (id, venue_id, name) VALUES (26626, 14111, 'Product15678');
INSERT INTO products (id, item_id, price) VALUES (15678, 26626, 41.5);
INSERT INTO items (id, venue_id, name) VALUES (26627, 14111, 'Product15679');
INSERT INTO products (id, item_id, price) VALUES (15679, 26627, 37.5);
INSERT INTO items (id, venue_id, name) VALUES (26628, 14111, 'Product15680');
INSERT INTO products (id, item_id, price) VALUES (15680, 26628, 25);
INSERT INTO items (id, venue_id, name) VALUES (26629, 14111, 'Product15681');
INSERT INTO products (id, item_id, price) VALUES (15681, 26629, 3.75);
INSERT INTO items (id, venue_id, name) VALUES (27128, 14111, 'Space21193');
INSERT INTO spaces (id, item_id, hour_price) VALUES (21193, 27128, 25);
INSERT INTO venues (id, name) VALUES (14116, 'Venue14116');
INSERT INTO items (id, venue_id, name) VALUES (26636, 14116, 'Space20941');
INSERT INTO spaces (id, item_id, hour_price) VALUES (20941, 26636, 0);
INSERT INTO items (id, venue_id, name) VALUES (26637, 14116, 'Space20942');
INSERT INTO spaces (id, item_id, hour_price) VALUES (20942, 26637, 0);
INSERT INTO items (id, venue_id, name) VALUES (26638, 14116, 'Space20943');
INSERT INTO spaces (id, item_id, hour_price) VALUES (20943, 26638, 0);
INSERT INTO items (id, venue_id, name) VALUES (26639, 14116, 'Space20944');
INSERT INTO spaces (id, item_id, hour_price) VALUES (20944, 26639, 0);
INSERT INTO items (id, venue_id, name) VALUES (26640, 14116, 'Space20945');
INSERT INTO spaces (id, item_id, hour_price) VALUES (20945, 26640, 0);
INSERT INTO items (id, venue_id, name) VALUES (26641, 14116, 'Space20946');
INSERT INTO spaces (id, item_id, hour_price) VALUES (20946, 26641, 0);
INSERT INTO items (id, venue_id, name) VALUES (26642, 14116, 'Space20947');
INSERT INTO spaces (id, item_id, hour_price) VALUES (20947, 26642, 125);
INSERT INTO items (id, venue_id, name) VALUES (26643, 14116, 'Product15688');
INSERT INTO products (id, item_id, price) VALUES (15688, 26643, 0);
INSERT INTO items (id, venue_id, name) VALUES (26644, 14116, 'Product15689');
INSERT INTO products (id, item_id, price) VALUES (15689, 26644, 0);
INSERT INTO items (id, venue_id, name) VALUES (26645, 14116, 'Product15690');
INSERT INTO products (id, item_id, price) VALUES (15690, 26645, 0);
INSERT INTO items (id, venue_id, name) VALUES (26646, 14116, 'Product15691');
INSERT INTO products (id, item_id, price) VALUES (15691, 26646, 0);
INSERT INTO items (id, venue_id, name) VALUES (26647, 14116, 'Product15692');
INSERT INTO products (id, item_id, price) VALUES (15692, 26647, 0);
INSERT INTO items (id, venue_id, name) VALUES (26648, 14116, 'Product15693');
INSERT INTO products (id, item_id, price) VALUES (15693, 26648, 0);
INSERT INTO items (id, venue_id, name) VALUES (26649, 14116, 'Product15694');
INSERT INTO products (id, item_id, price) VALUES (15694, 26649, 10);
INSERT INTO items (id, venue_id, name) VALUES (26650, 14116, 'Product15695');
INSERT INTO products (id, item_id, price) VALUES (15695, 26650, 0);
INSERT INTO items (id, venue_id, name) VALUES (26651, 14116, 'Product15696');
INSERT INTO products (id, item_id, price) VALUES (15696, 26651, 0);
INSERT INTO items (id, venue_id, name) VALUES (26652, 14116, 'Product15697');
INSERT INTO products (id, item_id, price) VALUES (15697, 26652, 0);
INSERT INTO items (id, venue_id, name) VALUES (26653, 14116, 'Product15698');
INSERT INTO products (id, item_id, price) VALUES (15698, 26653, 0);
INSERT INTO items (id, venue_id, name) VALUES (26654, 14116, 'Product15699');
INSERT INTO products (id, item_id, price) VALUES (15699, 26654, 0);
INSERT INTO items (id, venue_id, name) VALUES (26655, 14116, 'Product15700');
INSERT INTO products (id, item_id, price) VALUES (15700, 26655, 0);
INSERT INTO venues (id, name) VALUES (14121, 'Venue14121');
INSERT INTO items (id, venue_id, name) VALUES (26666, 14121, 'Space20948');
INSERT INTO spaces (id, item_id, hour_price) VALUES (20948, 26666, 0);
INSERT INTO items (id, venue_id, name) VALUES (26667, 14121, 'Space20949');
INSERT INTO spaces (id, item_id, hour_price) VALUES (20949, 26667, 0);
INSERT INTO items (id, venue_id, name) VALUES (26668, 14121, 'Space20950');
INSERT INTO spaces (id, item_id, hour_price) VALUES (20950, 26668, 0);
INSERT INTO items (id, venue_id, name) VALUES (26669, 14121, 'Space20951');
INSERT INTO spaces (id, item_id, hour_price) VALUES (20951, 26669, 0);
INSERT INTO items (id, venue_id, name) VALUES (26670, 14121, 'Space20952');
INSERT INTO spaces (id, item_id, hour_price) VALUES (20952, 26670, 0);
INSERT INTO items (id, venue_id, name) VALUES (26671, 14121, 'Space20953');
INSERT INTO spaces (id, item_id, hour_price) VALUES (20953, 26671, 0);
INSERT INTO items (id, venue_id, name) VALUES (26672, 14121, 'Space20954');
INSERT INTO spaces (id, item_id, hour_price) VALUES (20954, 26672, 40);
INSERT INTO items (id, venue_id, name) VALUES (26673, 14121, 'Space20955');
INSERT INTO spaces (id, item_id, hour_price) VALUES (20955, 26673, 40);
INSERT INTO items (id, venue_id, name) VALUES (26674, 14121, 'Space20956');
INSERT INTO spaces (id, item_id, hour_price) VALUES (20956, 26674, 40);
INSERT INTO items (id, venue_id, name) VALUES (26675, 14121, 'Product15711');
INSERT INTO products (id, item_id, price) VALUES (15711, 26675, 1);
INSERT INTO items (id, venue_id, name) VALUES (26676, 14121, 'Product15712');
INSERT INTO products (id, item_id, price) VALUES (15712, 26676, 1);
INSERT INTO items (id, venue_id, name) VALUES (26677, 14121, 'Product15713');
INSERT INTO products (id, item_id, price) VALUES (15713, 26677, 5);
INSERT INTO items (id, venue_id, name) VALUES (26678, 14121, 'Product15714');
INSERT INTO products (id, item_id, price) VALUES (15714, 26678, 5);
INSERT INTO items (id, venue_id, name) VALUES (26679, 14121, 'Product15715');
INSERT INTO products (id, item_id, price) VALUES (15715, 26679, 1);
INSERT INTO items (id, venue_id, name) VALUES (26680, 14121, 'Product15716');
INSERT INTO products (id, item_id, price) VALUES (15716, 26680, 7.5);
INSERT INTO items (id, venue_id, name) VALUES (26681, 14121, 'Product15717');
INSERT INTO products (id, item_id, price) VALUES (15717, 26681, 12.5);
INSERT INTO items (id, venue_id, name) VALUES (26682, 14121, 'Product15718');
INSERT INTO products (id, item_id, price) VALUES (15718, 26682, 10);
INSERT INTO items (id, venue_id, name) VALUES (26683, 14121, 'Product15719');
INSERT INTO products (id, item_id, price) VALUES (15719, 26683, 80);
INSERT INTO items (id, venue_id, name) VALUES (26684, 14121, 'Product15720');
INSERT INTO products (id, item_id, price) VALUES (15720, 26684, 0);
INSERT INTO items (id, venue_id, name) VALUES (26685, 14121, 'Product15721');
INSERT INTO products (id, item_id, price) VALUES (15721, 26685, 0);
INSERT INTO items (id, venue_id, name) VALUES (26686, 14121, 'Product15722');
INSERT INTO products (id, item_id, price) VALUES (15722, 26686, 5);
INSERT INTO items (id, venue_id, name) VALUES (26687, 14121, 'Product15723');
INSERT INTO products (id, item_id, price) VALUES (15723, 26687, 20);
INSERT INTO items (id, venue_id, name) VALUES (26688, 14121, 'Product15724');
INSERT INTO products (id, item_id, price) VALUES (15724, 26688, 2);
INSERT INTO items (id, venue_id, name) VALUES (26689, 14121, 'Product15725');
INSERT INTO products (id, item_id, price) VALUES (15725, 26689, 10);
INSERT INTO items (id, venue_id, name) VALUES (26690, 14121, 'Product15726');
INSERT INTO products (id, item_id, price) VALUES (15726, 26690, 1.5);
INSERT INTO items (id, venue_id, name) VALUES (26691, 14121, 'Product15727');
INSERT INTO products (id, item_id, price) VALUES (15727, 26691, 20);
INSERT INTO venues (id, name) VALUES (14127, 'Venue14127');
INSERT INTO items (id, venue_id, name) VALUES (26695, 14127, 'Space20960');
INSERT INTO spaces (id, item_id, hour_price) VALUES (20960, 26695, 0);
INSERT INTO items (id, venue_id, name) VALUES (26696, 14127, 'Space20961');
INSERT INTO spaces (id, item_id, hour_price) VALUES (20961, 26696, 0);
INSERT INTO items (id, venue_id, name) VALUES (26697, 14127, 'Space20962');
INSERT INTO spaces (id, item_id, hour_price) VALUES (20962, 26697, 0);
INSERT INTO items (id, venue_id, name) VALUES (26698, 14127, 'Space20963');
INSERT INTO spaces (id, item_id, hour_price) VALUES (20963, 26698, 0);
INSERT INTO items (id, venue_id, name) VALUES (26699, 14127, 'Space20964');
INSERT INTO spaces (id, item_id, hour_price) VALUES (20964, 26699, 0);
INSERT INTO items (id, venue_id, name) VALUES (26700, 14127, 'Space20965');
INSERT INTO spaces (id, item_id, hour_price) VALUES (20965, 26700, 0);
INSERT INTO items (id, venue_id, name) VALUES (26701, 14127, 'Space20966');
INSERT INTO spaces (id, item_id, hour_price) VALUES (20966, 26701, 50);
INSERT INTO items (id, venue_id, name) VALUES (26702, 14127, 'Product15728');
INSERT INTO products (id, item_id, price) VALUES (15728, 26702, 0);
INSERT INTO items (id, venue_id, name) VALUES (26703, 14127, 'Product15729');
INSERT INTO products (id, item_id, price) VALUES (15729, 26703, 0);
INSERT INTO items (id, venue_id, name) VALUES (26704, 14127, 'Product15730');
INSERT INTO products (id, item_id, price) VALUES (15730, 26704, 0);
INSERT INTO items (id, venue_id, name) VALUES (26705, 14127, 'Product15731');
INSERT INTO products (id, item_id, price) VALUES (15731, 26705, 0);
INSERT INTO items (id, venue_id, name) VALUES (26706, 14127, 'Product15732');
INSERT INTO products (id, item_id, price) VALUES (15732, 26706, 0);
INSERT INTO items (id, venue_id, name) VALUES (26707, 14127, 'Product15733');
INSERT INTO products (id, item_id, price) VALUES (15733, 26707, 0);
INSERT INTO items (id, venue_id, name) VALUES (26708, 14127, 'Product15734');
INSERT INTO products (id, item_id, price) VALUES (15734, 26708, 0);
INSERT INTO items (id, venue_id, name) VALUES (26709, 14127, 'Product15735');
INSERT INTO products (id, item_id, price) VALUES (15735, 26709, 0);
INSERT INTO items (id, venue_id, name) VALUES (26710, 14127, 'Product15736');
INSERT INTO products (id, item_id, price) VALUES (15736, 26710, 0);
INSERT INTO items (id, venue_id, name) VALUES (26711, 14127, 'Product15737');
INSERT INTO products (id, item_id, price) VALUES (15737, 26711, 0);
INSERT INTO items (id, venue_id, name) VALUES (26712, 14127, 'Product15738');
INSERT INTO products (id, item_id, price) VALUES (15738, 26712, 0);
INSERT INTO items (id, venue_id, name) VALUES (26713, 14127, 'Product15739');
INSERT INTO products (id, item_id, price) VALUES (15739, 26713, 0);
INSERT INTO items (id, venue_id, name) VALUES (26714, 14127, 'Product15740');
INSERT INTO products (id, item_id, price) VALUES (15740, 26714, 0);
INSERT INTO items (id, venue_id, name) VALUES (26715, 14127, 'Product15741');
INSERT INTO products (id, item_id, price) VALUES (15741, 26715, 0);
INSERT INTO items (id, venue_id, name) VALUES (26716, 14127, 'Product15742');
INSERT INTO products (id, item_id, price) VALUES (15742, 26716, 0);
INSERT INTO items (id, venue_id, name) VALUES (26717, 14127, 'Product15743');
INSERT INTO products (id, item_id, price) VALUES (15743, 26717, 0);
INSERT INTO items (id, venue_id, name) VALUES (26718, 14127, 'Product15744');
INSERT INTO products (id, item_id, price) VALUES (15744, 26718, 0);
INSERT INTO venues (id, name) VALUES (14129, 'Venue14129');
INSERT INTO items (id, venue_id, name) VALUES (26719, 14129, 'Space20967');
INSERT INTO spaces (id, item_id, hour_price) VALUES (20967, 26719, 0);
INSERT INTO items (id, venue_id, name) VALUES (26720, 14129, 'Space20968');
INSERT INTO spaces (id, item_id, hour_price) VALUES (20968, 26720, 0);
INSERT INTO items (id, venue_id, name) VALUES (26721, 14129, 'Space20969');
INSERT INTO spaces (id, item_id, hour_price) VALUES (20969, 26721, 0);
INSERT INTO items (id, venue_id, name) VALUES (26722, 14129, 'Space20970');
INSERT INTO spaces (id, item_id, hour_price) VALUES (20970, 26722, 0);
INSERT INTO items (id, venue_id, name) VALUES (26723, 14129, 'Space20971');
INSERT INTO spaces (id, item_id, hour_price) VALUES (20971, 26723, 0);
INSERT INTO items (id, venue_id, name) VALUES (26724, 14129, 'Space20972');
INSERT INTO spaces (id, item_id, hour_price) VALUES (20972, 26724, 0);
INSERT INTO items (id, venue_id, name) VALUES (26725, 14129, 'Space20973');
INSERT INTO spaces (id, item_id, hour_price) VALUES (20973, 26725, 6.5);
INSERT INTO items (id, venue_id, name) VALUES (26726, 14129, 'Product15745');
INSERT INTO products (id, item_id, price) VALUES (15745, 26726, 49);
INSERT INTO items (id, venue_id, name) VALUES (26727, 14129, 'Product15746');
INSERT INTO products (id, item_id, price) VALUES (15746, 26727, 60);
INSERT INTO items (id, venue_id, name) VALUES (26728, 14129, 'Product15747');
INSERT INTO products (id, item_id, price) VALUES (15747, 26728, 14.5);
INSERT INTO items (id, venue_id, name) VALUES (26729, 14129, 'Product15748');
INSERT INTO products (id, item_id, price) VALUES (15748, 26729, 0);
INSERT INTO items (id, venue_id, name) VALUES (26730, 14129, 'Product15749');
INSERT INTO products (id, item_id, price) VALUES (15749, 26730, 10);
INSERT INTO items (id, venue_id, name) VALUES (26731, 14129, 'Product15750');
INSERT INTO products (id, item_id, price) VALUES (15750, 26731, 2.5);
INSERT INTO items (id, venue_id, name) VALUES (26732, 14129, 'Space20974');
INSERT INTO spaces (id, item_id, hour_price) VALUES (20974, 26732, 6.5);
INSERT INTO items (id, venue_id, name) VALUES (26754, 14129, 'Space20983');
INSERT INTO spaces (id, item_id, hour_price) VALUES (20983, 26754, 0);
INSERT INTO items (id, venue_id, name) VALUES (26755, 14129, 'Space20984');
INSERT INTO spaces (id, item_id, hour_price) VALUES (20984, 26755, 6.5);
INSERT INTO venues (id, name) VALUES (14135, 'Venue14135');
INSERT INTO items (id, venue_id, name) VALUES (26733, 14135, 'Space20975');
INSERT INTO spaces (id, item_id, hour_price) VALUES (20975, 26733, 0);
INSERT INTO items (id, venue_id, name) VALUES (26734, 14135, 'Space20976');
INSERT INTO spaces (id, item_id, hour_price) VALUES (20976, 26734, 0);
INSERT INTO items (id, venue_id, name) VALUES (26735, 14135, 'Space20977');
INSERT INTO spaces (id, item_id, hour_price) VALUES (20977, 26735, 0);
INSERT INTO items (id, venue_id, name) VALUES (26736, 14135, 'Space20978');
INSERT INTO spaces (id, item_id, hour_price) VALUES (20978, 26736, 0);
INSERT INTO items (id, venue_id, name) VALUES (26737, 14135, 'Space20979');
INSERT INTO spaces (id, item_id, hour_price) VALUES (20979, 26737, 0);
INSERT INTO items (id, venue_id, name) VALUES (26738, 14135, 'Space20980');
INSERT INTO spaces (id, item_id, hour_price) VALUES (20980, 26738, 0);
INSERT INTO items (id, venue_id, name) VALUES (26739, 14135, 'Space20981');
INSERT INTO spaces (id, item_id, hour_price) VALUES (20981, 26739, 59);
INSERT INTO items (id, venue_id, name) VALUES (26740, 14135, 'Product15751');
INSERT INTO products (id, item_id, price) VALUES (15751, 26740, 2);
INSERT INTO items (id, venue_id, name) VALUES (26741, 14135, 'Product15752');
INSERT INTO products (id, item_id, price) VALUES (15752, 26741, 2);
INSERT INTO items (id, venue_id, name) VALUES (26742, 14135, 'Product15753');
INSERT INTO products (id, item_id, price) VALUES (15753, 26742, 0);
INSERT INTO items (id, venue_id, name) VALUES (26743, 14135, 'Product15754');
INSERT INTO products (id, item_id, price) VALUES (15754, 26743, 25);
INSERT INTO items (id, venue_id, name) VALUES (26744, 14135, 'Product15755');
INSERT INTO products (id, item_id, price) VALUES (15755, 26744, 99);
INSERT INTO items (id, venue_id, name) VALUES (26745, 14135, 'Product15756');
INSERT INTO products (id, item_id, price) VALUES (15756, 26745, 0);
INSERT INTO items (id, venue_id, name) VALUES (26746, 14135, 'Product15757');
INSERT INTO products (id, item_id, price) VALUES (15757, 26746, 0);
INSERT INTO items (id, venue_id, name) VALUES (26747, 14135, 'Product15758');
INSERT INTO products (id, item_id, price) VALUES (15758, 26747, 0);
INSERT INTO items (id, venue_id, name) VALUES (26748, 14135, 'Product15759');
INSERT INTO products (id, item_id, price) VALUES (15759, 26748, 0);
INSERT INTO items (id, venue_id, name) VALUES (26749, 14135, 'Product15760');
INSERT INTO products (id, item_id, price) VALUES (15760, 26749, 0);
INSERT INTO items (id, venue_id, name) VALUES (26750, 14135, 'Product15761');
INSERT INTO products (id, item_id, price) VALUES (15761, 26750, 0);
INSERT INTO items (id, venue_id, name) VALUES (26751, 14135, 'Product15762');
INSERT INTO products (id, item_id, price) VALUES (15762, 26751, 10);
INSERT INTO items (id, venue_id, name) VALUES (26752, 14135, 'Product15763');
INSERT INTO products (id, item_id, price) VALUES (15763, 26752, 30);
INSERT INTO venues (id, name) VALUES (14141, 'Venue14141');
INSERT INTO items (id, venue_id, name) VALUES (26758, 14141, 'Space20986');
INSERT INTO spaces (id, item_id, hour_price) VALUES (20986, 26758, 0);
INSERT INTO items (id, venue_id, name) VALUES (26759, 14141, 'Space20987');
INSERT INTO spaces (id, item_id, hour_price) VALUES (20987, 26759, 0);
INSERT INTO items (id, venue_id, name) VALUES (26760, 14141, 'Space20988');
INSERT INTO spaces (id, item_id, hour_price) VALUES (20988, 26760, 0);
INSERT INTO items (id, venue_id, name) VALUES (26761, 14141, 'Space20989');
INSERT INTO spaces (id, item_id, hour_price) VALUES (20989, 26761, 0);
INSERT INTO items (id, venue_id, name) VALUES (26762, 14141, 'Space20990');
INSERT INTO spaces (id, item_id, hour_price) VALUES (20990, 26762, 0);
INSERT INTO items (id, venue_id, name) VALUES (26763, 14141, 'Space20991');
INSERT INTO spaces (id, item_id, hour_price) VALUES (20991, 26763, 0);
INSERT INTO items (id, venue_id, name) VALUES (26764, 14141, 'Space20992');
INSERT INTO spaces (id, item_id, hour_price) VALUES (20992, 26764, 61);
INSERT INTO items (id, venue_id, name) VALUES (26765, 14141, 'Space20993');
INSERT INTO spaces (id, item_id, hour_price) VALUES (20993, 26765, 50);
INSERT INTO items (id, venue_id, name) VALUES (26766, 14141, 'Product15765');
INSERT INTO products (id, item_id, price) VALUES (15765, 26766, 0);
INSERT INTO items (id, venue_id, name) VALUES (26767, 14141, 'Product15766');
INSERT INTO products (id, item_id, price) VALUES (15766, 26767, 0);
INSERT INTO items (id, venue_id, name) VALUES (26768, 14141, 'Product15767');
INSERT INTO products (id, item_id, price) VALUES (15767, 26768, 0);
INSERT INTO items (id, venue_id, name) VALUES (26769, 14141, 'Product15768');
INSERT INTO products (id, item_id, price) VALUES (15768, 26769, 0);
INSERT INTO items (id, venue_id, name) VALUES (26770, 14141, 'Product15769');
INSERT INTO products (id, item_id, price) VALUES (15769, 26770, 0);
INSERT INTO items (id, venue_id, name) VALUES (26771, 14141, 'Product15770');
INSERT INTO products (id, item_id, price) VALUES (15770, 26771, 0);
INSERT INTO items (id, venue_id, name) VALUES (26772, 14141, 'Product15771');
INSERT INTO products (id, item_id, price) VALUES (15771, 26772, 0);
INSERT INTO items (id, venue_id, name) VALUES (26773, 14141, 'Product15772');
INSERT INTO products (id, item_id, price) VALUES (15772, 26773, 0);
INSERT INTO items (id, venue_id, name) VALUES (26774, 14141, 'Product15773');
INSERT INTO products (id, item_id, price) VALUES (15773, 26774, 0);
INSERT INTO items (id, venue_id, name) VALUES (26775, 14141, 'Product15774');
INSERT INTO products (id, item_id, price) VALUES (15774, 26775, 0);
INSERT INTO items (id, venue_id, name) VALUES (26776, 14141, 'Product15775');
INSERT INTO products (id, item_id, price) VALUES (15775, 26776, 0);
INSERT INTO items (id, venue_id, name) VALUES (26777, 14141, 'Product15776');
INSERT INTO products (id, item_id, price) VALUES (15776, 26777, 0);
INSERT INTO items (id, venue_id, name) VALUES (26778, 14141, 'Product15777');
INSERT INTO products (id, item_id, price) VALUES (15777, 26778, 0);
INSERT INTO items (id, venue_id, name) VALUES (26779, 14141, 'Product15778');
INSERT INTO products (id, item_id, price) VALUES (15778, 26779, 0);
INSERT INTO venues (id, name) VALUES (14147, 'Venue14147');
INSERT INTO items (id, venue_id, name) VALUES (26780, 14147, 'Space20994');
INSERT INTO spaces (id, item_id, hour_price) VALUES (20994, 26780, 0);
INSERT INTO items (id, venue_id, name) VALUES (26781, 14147, 'Space20995');
INSERT INTO spaces (id, item_id, hour_price) VALUES (20995, 26781, 0);
INSERT INTO items (id, venue_id, name) VALUES (26782, 14147, 'Space20996');
INSERT INTO spaces (id, item_id, hour_price) VALUES (20996, 26782, 0);
INSERT INTO items (id, venue_id, name) VALUES (26783, 14147, 'Space20997');
INSERT INTO spaces (id, item_id, hour_price) VALUES (20997, 26783, 0);
INSERT INTO items (id, venue_id, name) VALUES (26784, 14147, 'Space20998');
INSERT INTO spaces (id, item_id, hour_price) VALUES (20998, 26784, 0);
INSERT INTO items (id, venue_id, name) VALUES (26785, 14147, 'Space20999');
INSERT INTO spaces (id, item_id, hour_price) VALUES (20999, 26785, 0);
INSERT INTO items (id, venue_id, name) VALUES (26787, 14147, 'Product15779');
INSERT INTO products (id, item_id, price) VALUES (15779, 26787, 15);
INSERT INTO items (id, venue_id, name) VALUES (26920, 14147, 'Space21087');
INSERT INTO spaces (id, item_id, hour_price) VALUES (21087, 26920, 56);
INSERT INTO items (id, venue_id, name) VALUES (27248, 14147, 'Space21245');
INSERT INTO spaces (id, item_id, hour_price) VALUES (21245, 27248, 290);
INSERT INTO items (id, venue_id, name) VALUES (27320, 14147, 'Space21267');
INSERT INTO spaces (id, item_id, hour_price) VALUES (21267, 27320, 24);
INSERT INTO items (id, venue_id, name) VALUES (27321, 14147, 'Space21268');
INSERT INTO spaces (id, item_id, hour_price) VALUES (21268, 27321, 24);
INSERT INTO items (id, venue_id, name) VALUES (27322, 14147, 'Space21269');
INSERT INTO spaces (id, item_id, hour_price) VALUES (21269, 27322, 50);
INSERT INTO venues (id, name) VALUES (14153, 'Venue14153');
INSERT INTO items (id, venue_id, name) VALUES (26788, 14153, 'Space21001');
INSERT INTO spaces (id, item_id, hour_price) VALUES (21001, 26788, 0);
INSERT INTO items (id, venue_id, name) VALUES (26789, 14153, 'Space21002');
INSERT INTO spaces (id, item_id, hour_price) VALUES (21002, 26789, 0);
INSERT INTO items (id, venue_id, name) VALUES (26790, 14153, 'Space21003');
INSERT INTO spaces (id, item_id, hour_price) VALUES (21003, 26790, 0);
INSERT INTO items (id, venue_id, name) VALUES (26791, 14153, 'Space21004');
INSERT INTO spaces (id, item_id, hour_price) VALUES (21004, 26791, 0);
INSERT INTO items (id, venue_id, name) VALUES (26792, 14153, 'Space21005');
INSERT INTO spaces (id, item_id, hour_price) VALUES (21005, 26792, 0);
INSERT INTO items (id, venue_id, name) VALUES (26793, 14153, 'Space21006');
INSERT INTO spaces (id, item_id, hour_price) VALUES (21006, 26793, 0);
INSERT INTO items (id, venue_id, name) VALUES (26794, 14153, 'Space21007');
INSERT INTO spaces (id, item_id, hour_price) VALUES (21007, 26794, 25);
INSERT INTO items (id, venue_id, name) VALUES (26795, 14153, 'Product15780');
INSERT INTO products (id, item_id, price) VALUES (15780, 26795, 2.5);
INSERT INTO items (id, venue_id, name) VALUES (26796, 14153, 'Product15781');
INSERT INTO products (id, item_id, price) VALUES (15781, 26796, 1.8);
INSERT INTO venues (id, name) VALUES (14159, 'Venue14159');
INSERT INTO items (id, venue_id, name) VALUES (26797, 14159, 'Space21008');
INSERT INTO spaces (id, item_id, hour_price) VALUES (21008, 26797, 0);
INSERT INTO items (id, venue_id, name) VALUES (26798, 14159, 'Space21009');
INSERT INTO spaces (id, item_id, hour_price) VALUES (21009, 26798, 0);
INSERT INTO items (id, venue_id, name) VALUES (26799, 14159, 'Space21010');
INSERT INTO spaces (id, item_id, hour_price) VALUES (21010, 26799, 0);
INSERT INTO items (id, venue_id, name) VALUES (26800, 14159, 'Space21011');
INSERT INTO spaces (id, item_id, hour_price) VALUES (21011, 26800, 0);
INSERT INTO items (id, venue_id, name) VALUES (26801, 14159, 'Space21012');
INSERT INTO spaces (id, item_id, hour_price) VALUES (21012, 26801, 0);
INSERT INTO items (id, venue_id, name) VALUES (26802, 14159, 'Space21013');
INSERT INTO spaces (id, item_id, hour_price) VALUES (21013, 26802, 0);
INSERT INTO items (id, venue_id, name) VALUES (26803, 14159, 'Space21014');
INSERT INTO spaces (id, item_id, hour_price) VALUES (21014, 26803, 12.5);
INSERT INTO venues (id, name) VALUES (14160, 'Venue14160');
INSERT INTO items (id, venue_id, name) VALUES (26809, 14160, 'Space21015');
INSERT INTO spaces (id, item_id, hour_price) VALUES (21015, 26809, 0);
INSERT INTO items (id, venue_id, name) VALUES (26810, 14160, 'Space21016');
INSERT INTO spaces (id, item_id, hour_price) VALUES (21016, 26810, 0);
INSERT INTO items (id, venue_id, name) VALUES (26811, 14160, 'Space21017');
INSERT INTO spaces (id, item_id, hour_price) VALUES (21017, 26811, 0);
INSERT INTO items (id, venue_id, name) VALUES (26812, 14160, 'Space21018');
INSERT INTO spaces (id, item_id, hour_price) VALUES (21018, 26812, 0);
INSERT INTO items (id, venue_id, name) VALUES (26813, 14160, 'Space21019');
INSERT INTO spaces (id, item_id, hour_price) VALUES (21019, 26813, 0);
INSERT INTO items (id, venue_id, name) VALUES (26814, 14160, 'Space21020');
INSERT INTO spaces (id, item_id, hour_price) VALUES (21020, 26814, 0);
INSERT INTO venues (id, name) VALUES (14166, 'Venue14166');
INSERT INTO items (id, venue_id, name) VALUES (26815, 14166, 'Space21021');
INSERT INTO spaces (id, item_id, hour_price) VALUES (21021, 26815, 0);
INSERT INTO items (id, venue_id, name) VALUES (26816, 14166, 'Space21022');
INSERT INTO spaces (id, item_id, hour_price) VALUES (21022, 26816, 0);
INSERT INTO items (id, venue_id, name) VALUES (26817, 14166, 'Space21023');
INSERT INTO spaces (id, item_id, hour_price) VALUES (21023, 26817, 0);
INSERT INTO items (id, venue_id, name) VALUES (26818, 14166, 'Space21024');
INSERT INTO spaces (id, item_id, hour_price) VALUES (21024, 26818, 0);
INSERT INTO items (id, venue_id, name) VALUES (26819, 14166, 'Space21025');
INSERT INTO spaces (id, item_id, hour_price) VALUES (21025, 26819, 0);
INSERT INTO items (id, venue_id, name) VALUES (26820, 14166, 'Space21026');
INSERT INTO spaces (id, item_id, hour_price) VALUES (21026, 26820, 0);
INSERT INTO venues (id, name) VALUES (14172, 'Venue14172');
INSERT INTO items (id, venue_id, name) VALUES (26822, 14172, 'Space21028');
INSERT INTO spaces (id, item_id, hour_price) VALUES (21028, 26822, 0);
INSERT INTO items (id, venue_id, name) VALUES (26823, 14172, 'Space21029');
INSERT INTO spaces (id, item_id, hour_price) VALUES (21029, 26823, 0);
INSERT INTO items (id, venue_id, name) VALUES (26824, 14172, 'Space21030');
INSERT INTO spaces (id, item_id, hour_price) VALUES (21030, 26824, 0);
INSERT INTO items (id, venue_id, name) VALUES (26825, 14172, 'Space21031');
INSERT INTO spaces (id, item_id, hour_price) VALUES (21031, 26825, 0);
INSERT INTO items (id, venue_id, name) VALUES (26826, 14172, 'Space21032');
INSERT INTO spaces (id, item_id, hour_price) VALUES (21032, 26826, 0);
INSERT INTO items (id, venue_id, name) VALUES (26827, 14172, 'Space21033');
INSERT INTO spaces (id, item_id, hour_price) VALUES (21033, 26827, 0);
INSERT INTO items (id, venue_id, name) VALUES (26828, 14172, 'Space21034');
INSERT INTO spaces (id, item_id, hour_price) VALUES (21034, 26828, 49);
INSERT INTO items (id, venue_id, name) VALUES (27110, 14172, 'Space21185');
INSERT INTO spaces (id, item_id, hour_price) VALUES (21185, 27110, 19);
INSERT INTO items (id, venue_id, name) VALUES (27297, 14172, 'Space21263');
INSERT INTO spaces (id, item_id, hour_price) VALUES (21263, 27297, 35);
INSERT INTO items (id, venue_id, name) VALUES (27298, 14172, 'Space21264');
INSERT INTO spaces (id, item_id, hour_price) VALUES (21264, 27298, 35);
INSERT INTO items (id, venue_id, name) VALUES (27299, 14172, 'Space21265');
INSERT INTO spaces (id, item_id, hour_price) VALUES (21265, 27299, 9.9);
INSERT INTO items (id, venue_id, name) VALUES (27300, 14172, 'Product16027');
INSERT INTO products (id, item_id, price) VALUES (16027, 27300, 1);
INSERT INTO items (id, venue_id, name) VALUES (27301, 14172, 'Product16028');
INSERT INTO products (id, item_id, price) VALUES (16028, 27301, 1.3);
INSERT INTO items (id, venue_id, name) VALUES (27303, 14172, 'Product16030');
INSERT INTO products (id, item_id, price) VALUES (16030, 27303, 1.3);
INSERT INTO items (id, venue_id, name) VALUES (27304, 14172, 'Product16031');
INSERT INTO products (id, item_id, price) VALUES (16031, 27304, 1.3);
INSERT INTO items (id, venue_id, name) VALUES (27305, 14172, 'Product16032');
INSERT INTO products (id, item_id, price) VALUES (16032, 27305, 1.3);
INSERT INTO items (id, venue_id, name) VALUES (27307, 14172, 'Product16033');
INSERT INTO products (id, item_id, price) VALUES (16033, 27307, 100);
INSERT INTO items (id, venue_id, name) VALUES (27308, 14172, 'Product16034');
INSERT INTO products (id, item_id, price) VALUES (16034, 27308, 9.9);
INSERT INTO venues (id, name) VALUES (14178, 'Venue14178');
INSERT INTO items (id, venue_id, name) VALUES (26830, 14178, 'Space21035');
INSERT INTO spaces (id, item_id, hour_price) VALUES (21035, 26830, 0);
INSERT INTO items (id, venue_id, name) VALUES (26831, 14178, 'Space21036');
INSERT INTO spaces (id, item_id, hour_price) VALUES (21036, 26831, 0);
INSERT INTO items (id, venue_id, name) VALUES (26832, 14178, 'Space21037');
INSERT INTO spaces (id, item_id, hour_price) VALUES (21037, 26832, 0);
INSERT INTO items (id, venue_id, name) VALUES (26833, 14178, 'Space21038');
INSERT INTO spaces (id, item_id, hour_price) VALUES (21038, 26833, 0);
INSERT INTO items (id, venue_id, name) VALUES (26834, 14178, 'Space21039');
INSERT INTO spaces (id, item_id, hour_price) VALUES (21039, 26834, 0);
INSERT INTO items (id, venue_id, name) VALUES (26835, 14178, 'Space21040');
INSERT INTO spaces (id, item_id, hour_price) VALUES (21040, 26835, 0);
INSERT INTO items (id, venue_id, name) VALUES (26919, 14178, 'Space21086');
INSERT INTO spaces (id, item_id, hour_price) VALUES (21086, 26919, 39);
INSERT INTO items (id, venue_id, name) VALUES (28647, 14178, 'Space21913');
INSERT INTO spaces (id, item_id, hour_price) VALUES (21913, 28647, 29);
INSERT INTO venues (id, name) VALUES (14184, 'Venue14184');
INSERT INTO items (id, venue_id, name) VALUES (26838, 14184, 'Space21043');
INSERT INTO spaces (id, item_id, hour_price) VALUES (21043, 26838, 0);
INSERT INTO items (id, venue_id, name) VALUES (26839, 14184, 'Space21044');
INSERT INTO spaces (id, item_id, hour_price) VALUES (21044, 26839, 0);
INSERT INTO items (id, venue_id, name) VALUES (26840, 14184, 'Space21045');
INSERT INTO spaces (id, item_id, hour_price) VALUES (21045, 26840, 0);
INSERT INTO items (id, venue_id, name) VALUES (26841, 14184, 'Space21046');
INSERT INTO spaces (id, item_id, hour_price) VALUES (21046, 26841, 0);
INSERT INTO items (id, venue_id, name) VALUES (26842, 14184, 'Space21047');
INSERT INTO spaces (id, item_id, hour_price) VALUES (21047, 26842, 0);
INSERT INTO items (id, venue_id, name) VALUES (26843, 14184, 'Space21048');
INSERT INTO spaces (id, item_id, hour_price) VALUES (21048, 26843, 0);
INSERT INTO items (id, venue_id, name) VALUES (26844, 14184, 'Space21049');
INSERT INTO spaces (id, item_id, hour_price) VALUES (21049, 26844, 100);
INSERT INTO items (id, venue_id, name) VALUES (26845, 14184, 'Space21050');
INSERT INTO spaces (id, item_id, hour_price) VALUES (21050, 26845, 50);
INSERT INTO items (id, venue_id, name) VALUES (26846, 14184, 'Product15788');
INSERT INTO products (id, item_id, price) VALUES (15788, 26846, 0);
INSERT INTO items (id, venue_id, name) VALUES (26847, 14184, 'Product15789');
INSERT INTO products (id, item_id, price) VALUES (15789, 26847, 0);
INSERT INTO items (id, venue_id, name) VALUES (26848, 14184, 'Product15790');
INSERT INTO products (id, item_id, price) VALUES (15790, 26848, 0);
INSERT INTO items (id, venue_id, name) VALUES (26849, 14184, 'Product15791');
INSERT INTO products (id, item_id, price) VALUES (15791, 26849, 0);
INSERT INTO items (id, venue_id, name) VALUES (26850, 14184, 'Product15792');
INSERT INTO products (id, item_id, price) VALUES (15792, 26850, 0);
INSERT INTO items (id, venue_id, name) VALUES (26851, 14184, 'Product15793');
INSERT INTO products (id, item_id, price) VALUES (15793, 26851, 0);
INSERT INTO items (id, venue_id, name) VALUES (26852, 14184, 'Product15794');
INSERT INTO products (id, item_id, price) VALUES (15794, 26852, 0);
INSERT INTO items (id, venue_id, name) VALUES (26853, 14184, 'Product15795');
INSERT INTO products (id, item_id, price) VALUES (15795, 26853, 0);
INSERT INTO items (id, venue_id, name) VALUES (26854, 14184, 'Product15796');
INSERT INTO products (id, item_id, price) VALUES (15796, 26854, 0);
INSERT INTO items (id, venue_id, name) VALUES (26855, 14184, 'Product15797');
INSERT INTO products (id, item_id, price) VALUES (15797, 26855, 0);
INSERT INTO items (id, venue_id, name) VALUES (26856, 14184, 'Product15798');
INSERT INTO products (id, item_id, price) VALUES (15798, 26856, 0);
INSERT INTO items (id, venue_id, name) VALUES (26857, 14184, 'Product15799');
INSERT INTO products (id, item_id, price) VALUES (15799, 26857, 0);
INSERT INTO items (id, venue_id, name) VALUES (26858, 14184, 'Product15800');
INSERT INTO products (id, item_id, price) VALUES (15800, 26858, 0);
INSERT INTO items (id, venue_id, name) VALUES (26859, 14184, 'Product15801');
INSERT INTO products (id, item_id, price) VALUES (15801, 26859, 0);
INSERT INTO items (id, venue_id, name) VALUES (26860, 14184, 'Product15802');
INSERT INTO products (id, item_id, price) VALUES (15802, 26860, 0);
INSERT INTO items (id, venue_id, name) VALUES (26861, 14184, 'Product15803');
INSERT INTO products (id, item_id, price) VALUES (15803, 26861, 0);
INSERT INTO items (id, venue_id, name) VALUES (26862, 14184, 'Product15804');
INSERT INTO products (id, item_id, price) VALUES (15804, 26862, 0);
INSERT INTO venues (id, name) VALUES (14189, 'Venue14189');
INSERT INTO items (id, venue_id, name) VALUES (26871, 14189, 'Space21059');
INSERT INTO spaces (id, item_id, hour_price) VALUES (21059, 26871, 0);
INSERT INTO items (id, venue_id, name) VALUES (26872, 14189, 'Space21060');
INSERT INTO spaces (id, item_id, hour_price) VALUES (21060, 26872, 0);
INSERT INTO items (id, venue_id, name) VALUES (26873, 14189, 'Space21061');
INSERT INTO spaces (id, item_id, hour_price) VALUES (21061, 26873, 0);
INSERT INTO items (id, venue_id, name) VALUES (26874, 14189, 'Space21062');
INSERT INTO spaces (id, item_id, hour_price) VALUES (21062, 26874, 0);
INSERT INTO items (id, venue_id, name) VALUES (26875, 14189, 'Space21063');
INSERT INTO spaces (id, item_id, hour_price) VALUES (21063, 26875, 0);
INSERT INTO items (id, venue_id, name) VALUES (26876, 14189, 'Space21064');
INSERT INTO spaces (id, item_id, hour_price) VALUES (21064, 26876, 0);
INSERT INTO items (id, venue_id, name) VALUES (26877, 14189, 'Space21065');
INSERT INTO spaces (id, item_id, hour_price) VALUES (21065, 26877, 2);
INSERT INTO items (id, venue_id, name) VALUES (26878, 14189, 'Space21066');
INSERT INTO spaces (id, item_id, hour_price) VALUES (21066, 26878, 72);
INSERT INTO items (id, venue_id, name) VALUES (26879, 14189, 'Product15805');
INSERT INTO products (id, item_id, price) VALUES (15805, 26879, 2);
INSERT INTO items (id, venue_id, name) VALUES (26880, 14189, 'Product15806');
INSERT INTO products (id, item_id, price) VALUES (15806, 26880, 2);
INSERT INTO items (id, venue_id, name) VALUES (26881, 14189, 'Product15807');
INSERT INTO products (id, item_id, price) VALUES (15807, 26881, 3);
INSERT INTO items (id, venue_id, name) VALUES (26882, 14189, 'Product15808');
INSERT INTO products (id, item_id, price) VALUES (15808, 26882, 7.5);
INSERT INTO items (id, venue_id, name) VALUES (26883, 14189, 'Product15809');
INSERT INTO products (id, item_id, price) VALUES (15809, 26883, 10);
INSERT INTO items (id, venue_id, name) VALUES (26884, 14189, 'Product15810');
INSERT INTO products (id, item_id, price) VALUES (15810, 26884, 0);
INSERT INTO items (id, venue_id, name) VALUES (26885, 14189, 'Product15811');
INSERT INTO products (id, item_id, price) VALUES (15811, 26885, 0);
INSERT INTO items (id, venue_id, name) VALUES (26886, 14189, 'Product15812');
INSERT INTO products (id, item_id, price) VALUES (15812, 26886, 0);
INSERT INTO items (id, venue_id, name) VALUES (26887, 14189, 'Product15813');
INSERT INTO products (id, item_id, price) VALUES (15813, 26887, 0);
INSERT INTO items (id, venue_id, name) VALUES (26888, 14189, 'Product15814');
INSERT INTO products (id, item_id, price) VALUES (15814, 26888, 0);
INSERT INTO items (id, venue_id, name) VALUES (26889, 14189, 'Product15815');
INSERT INTO products (id, item_id, price) VALUES (15815, 26889, 0);
INSERT INTO items (id, venue_id, name) VALUES (26890, 14189, 'Product15816');
INSERT INTO products (id, item_id, price) VALUES (15816, 26890, 0);
INSERT INTO items (id, venue_id, name) VALUES (27055, 14189, 'Product15889');
INSERT INTO products (id, item_id, price) VALUES (15889, 27055, 5);
INSERT INTO items (id, venue_id, name) VALUES (27056, 14189, 'Product15890');
INSERT INTO products (id, item_id, price) VALUES (15890, 27056, 9.5);
INSERT INTO items (id, venue_id, name) VALUES (27057, 14189, 'Product15891');
INSERT INTO products (id, item_id, price) VALUES (15891, 27057, 7);
INSERT INTO items (id, venue_id, name) VALUES (27058, 14189, 'Product15892');
INSERT INTO products (id, item_id, price) VALUES (15892, 27058, 5);
INSERT INTO venues (id, name) VALUES (14194, 'Venue14194');
INSERT INTO items (id, venue_id, name) VALUES (26891, 14194, 'Space21067');
INSERT INTO spaces (id, item_id, hour_price) VALUES (21067, 26891, 0);
INSERT INTO items (id, venue_id, name) VALUES (26892, 14194, 'Space21068');
INSERT INTO spaces (id, item_id, hour_price) VALUES (21068, 26892, 0);
INSERT INTO items (id, venue_id, name) VALUES (26893, 14194, 'Space21069');
INSERT INTO spaces (id, item_id, hour_price) VALUES (21069, 26893, 0);
INSERT INTO items (id, venue_id, name) VALUES (26894, 14194, 'Space21070');
INSERT INTO spaces (id, item_id, hour_price) VALUES (21070, 26894, 0);
INSERT INTO items (id, venue_id, name) VALUES (26895, 14194, 'Space21071');
INSERT INTO spaces (id, item_id, hour_price) VALUES (21071, 26895, 0);
INSERT INTO items (id, venue_id, name) VALUES (26896, 14194, 'Space21072');
INSERT INTO spaces (id, item_id, hour_price) VALUES (21072, 26896, 0);
INSERT INTO items (id, venue_id, name) VALUES (26897, 14194, 'Space21073');
INSERT INTO spaces (id, item_id, hour_price) VALUES (21073, 26897, 58);
INSERT INTO items (id, venue_id, name) VALUES (26898, 14194, 'Space21074');
INSERT INTO spaces (id, item_id, hour_price) VALUES (21074, 26898, 134);
INSERT INTO items (id, venue_id, name) VALUES (26899, 14194, 'Space21075');
INSERT INTO spaces (id, item_id, hour_price) VALUES (21075, 26899, 75);
INSERT INTO items (id, venue_id, name) VALUES (26900, 14194, 'Product15817');
INSERT INTO products (id, item_id, price) VALUES (15817, 26900, 1.01);
INSERT INTO items (id, venue_id, name) VALUES (26901, 14194, 'Product15818');
INSERT INTO products (id, item_id, price) VALUES (15818, 26901, 0.84);
INSERT INTO items (id, venue_id, name) VALUES (26902, 14194, 'Product15819');
INSERT INTO products (id, item_id, price) VALUES (15819, 26902, 3.03);
INSERT INTO items (id, venue_id, name) VALUES (26903, 14194, 'Product15820');
INSERT INTO products (id, item_id, price) VALUES (15820, 26903, 0);
INSERT INTO items (id, venue_id, name) VALUES (26904, 14194, 'Product15821');
INSERT INTO products (id, item_id, price) VALUES (15821, 26904, 0);
INSERT INTO items (id, venue_id, name) VALUES (26905, 14194, 'Product15822');
INSERT INTO products (id, item_id, price) VALUES (15822, 26905, 0);
INSERT INTO items (id, venue_id, name) VALUES (26906, 14194, 'Product15823');
INSERT INTO products (id, item_id, price) VALUES (15823, 26906, 0);
INSERT INTO items (id, venue_id, name) VALUES (26907, 14194, 'Product15824');
INSERT INTO products (id, item_id, price) VALUES (15824, 26907, 0);
INSERT INTO items (id, venue_id, name) VALUES (26908, 14194, 'Product15825');
INSERT INTO products (id, item_id, price) VALUES (15825, 26908, 0);
INSERT INTO items (id, venue_id, name) VALUES (26934, 14194, 'Product15832');
INSERT INTO products (id, item_id, price) VALUES (15832, 26934, 1.51);
INSERT INTO venues (id, name) VALUES (14201, 'Venue14201');
INSERT INTO items (id, venue_id, name) VALUES (26921, 14201, 'Space21088');
INSERT INTO spaces (id, item_id, hour_price) VALUES (21088, 26921, 0);
INSERT INTO items (id, venue_id, name) VALUES (26922, 14201, 'Space21089');
INSERT INTO spaces (id, item_id, hour_price) VALUES (21089, 26922, 0);
INSERT INTO items (id, venue_id, name) VALUES (26923, 14201, 'Space21090');
INSERT INTO spaces (id, item_id, hour_price) VALUES (21090, 26923, 0);
INSERT INTO items (id, venue_id, name) VALUES (26924, 14201, 'Space21091');
INSERT INTO spaces (id, item_id, hour_price) VALUES (21091, 26924, 0);
INSERT INTO items (id, venue_id, name) VALUES (26925, 14201, 'Space21092');
INSERT INTO spaces (id, item_id, hour_price) VALUES (21092, 26925, 0);
INSERT INTO items (id, venue_id, name) VALUES (26926, 14201, 'Space21093');
INSERT INTO spaces (id, item_id, hour_price) VALUES (21093, 26926, 0);
INSERT INTO items (id, venue_id, name) VALUES (26927, 14201, 'Space21094');
INSERT INTO spaces (id, item_id, hour_price) VALUES (21094, 26927, 25);
INSERT INTO items (id, venue_id, name) VALUES (26928, 14201, 'Product15826');
INSERT INTO products (id, item_id, price) VALUES (15826, 26928, 5);
INSERT INTO items (id, venue_id, name) VALUES (26929, 14201, 'Product15827');
INSERT INTO products (id, item_id, price) VALUES (15827, 26929, 20);
INSERT INTO items (id, venue_id, name) VALUES (26930, 14201, 'Product15828');
INSERT INTO products (id, item_id, price) VALUES (15828, 26930, 2);
INSERT INTO items (id, venue_id, name) VALUES (26931, 14201, 'Product15829');
INSERT INTO products (id, item_id, price) VALUES (15829, 26931, 5);
INSERT INTO venues (id, name) VALUES (14202, 'Venue14202');
INSERT INTO items (id, venue_id, name) VALUES (26938, 14202, 'Space21096');
INSERT INTO spaces (id, item_id, hour_price) VALUES (21096, 26938, 0);
INSERT INTO items (id, venue_id, name) VALUES (26939, 14202, 'Space21097');
INSERT INTO spaces (id, item_id, hour_price) VALUES (21097, 26939, 0);
INSERT INTO items (id, venue_id, name) VALUES (26940, 14202, 'Space21098');
INSERT INTO spaces (id, item_id, hour_price) VALUES (21098, 26940, 0);
INSERT INTO items (id, venue_id, name) VALUES (26941, 14202, 'Space21099');
INSERT INTO spaces (id, item_id, hour_price) VALUES (21099, 26941, 0);
INSERT INTO items (id, venue_id, name) VALUES (26942, 14202, 'Space21100');
INSERT INTO spaces (id, item_id, hour_price) VALUES (21100, 26942, 0);
INSERT INTO items (id, venue_id, name) VALUES (26943, 14202, 'Space21101');
INSERT INTO spaces (id, item_id, hour_price) VALUES (21101, 26943, 0);
INSERT INTO items (id, venue_id, name) VALUES (26945, 14202, 'Space21103');
INSERT INTO spaces (id, item_id, hour_price) VALUES (21103, 26945, 10);
INSERT INTO venues (id, name) VALUES (14207, 'Venue14207');
INSERT INTO items (id, venue_id, name) VALUES (26947, 14207, 'Space21104');
INSERT INTO spaces (id, item_id, hour_price) VALUES (21104, 26947, 0);
INSERT INTO items (id, venue_id, name) VALUES (26948, 14207, 'Space21105');
INSERT INTO spaces (id, item_id, hour_price) VALUES (21105, 26948, 0);
INSERT INTO items (id, venue_id, name) VALUES (26949, 14207, 'Space21106');
INSERT INTO spaces (id, item_id, hour_price) VALUES (21106, 26949, 0);
INSERT INTO items (id, venue_id, name) VALUES (26950, 14207, 'Space21107');
INSERT INTO spaces (id, item_id, hour_price) VALUES (21107, 26950, 0);
INSERT INTO items (id, venue_id, name) VALUES (26951, 14207, 'Space21108');
INSERT INTO spaces (id, item_id, hour_price) VALUES (21108, 26951, 0);
INSERT INTO items (id, venue_id, name) VALUES (26952, 14207, 'Space21109');
INSERT INTO spaces (id, item_id, hour_price) VALUES (21109, 26952, 0);
INSERT INTO items (id, venue_id, name) VALUES (26953, 14207, 'Space21110');
INSERT INTO spaces (id, item_id, hour_price) VALUES (21110, 26953, 30);
INSERT INTO items (id, venue_id, name) VALUES (26954, 14207, 'Space21111');
INSERT INTO spaces (id, item_id, hour_price) VALUES (21111, 26954, 15);
INSERT INTO items (id, venue_id, name) VALUES (26955, 14207, 'Space21112');
INSERT INTO spaces (id, item_id, hour_price) VALUES (21112, 26955, 45);
INSERT INTO items (id, venue_id, name) VALUES (26956, 14207, 'Space21113');
INSERT INTO spaces (id, item_id, hour_price) VALUES (21113, 26956, 30);
INSERT INTO items (id, venue_id, name) VALUES (26957, 14207, 'Product15836');
INSERT INTO products (id, item_id, price) VALUES (15836, 26957, 0);
INSERT INTO items (id, venue_id, name) VALUES (26958, 14207, 'Product15837');
INSERT INTO products (id, item_id, price) VALUES (15837, 26958, 0);
INSERT INTO items (id, venue_id, name) VALUES (26959, 14207, 'Product15838');
INSERT INTO products (id, item_id, price) VALUES (15838, 26959, 0);
INSERT INTO items (id, venue_id, name) VALUES (26960, 14207, 'Product15839');
INSERT INTO products (id, item_id, price) VALUES (15839, 26960, 0);
INSERT INTO items (id, venue_id, name) VALUES (26961, 14207, 'Product15840');
INSERT INTO products (id, item_id, price) VALUES (15840, 26961, 0);
INSERT INTO items (id, venue_id, name) VALUES (26962, 14207, 'Product15841');
INSERT INTO products (id, item_id, price) VALUES (15841, 26962, 0);
INSERT INTO items (id, venue_id, name) VALUES (26963, 14207, 'Product15842');
INSERT INTO products (id, item_id, price) VALUES (15842, 26963, 15);
INSERT INTO items (id, venue_id, name) VALUES (26964, 14207, 'Product15843');
INSERT INTO products (id, item_id, price) VALUES (15843, 26964, 0);
INSERT INTO items (id, venue_id, name) VALUES (26965, 14207, 'Product15844');
INSERT INTO products (id, item_id, price) VALUES (15844, 26965, 0);
INSERT INTO items (id, venue_id, name) VALUES (26966, 14207, 'Product15845');
INSERT INTO products (id, item_id, price) VALUES (15845, 26966, 0);
INSERT INTO items (id, venue_id, name) VALUES (26967, 14207, 'Product15846');
INSERT INTO products (id, item_id, price) VALUES (15846, 26967, 0);
INSERT INTO items (id, venue_id, name) VALUES (26968, 14207, 'Product15847');
INSERT INTO products (id, item_id, price) VALUES (15847, 26968, 0);
INSERT INTO items (id, venue_id, name) VALUES (26969, 14207, 'Product15848');
INSERT INTO products (id, item_id, price) VALUES (15848, 26969, 0);
INSERT INTO items (id, venue_id, name) VALUES (26970, 14207, 'Product15849');
INSERT INTO products (id, item_id, price) VALUES (15849, 26970, 0);
INSERT INTO items (id, venue_id, name) VALUES (26971, 14207, 'Product15850');
INSERT INTO products (id, item_id, price) VALUES (15850, 26971, 0);
INSERT INTO items (id, venue_id, name) VALUES (26972, 14207, 'Product15851');
INSERT INTO products (id, item_id, price) VALUES (15851, 26972, 0);
INSERT INTO items (id, venue_id, name) VALUES (26973, 14207, 'Product15852');
INSERT INTO products (id, item_id, price) VALUES (15852, 26973, 0);
INSERT INTO venues (id, name) VALUES (14211, 'Venue14211');
INSERT INTO items (id, venue_id, name) VALUES (26974, 14211, 'Space21114');
INSERT INTO spaces (id, item_id, hour_price) VALUES (21114, 26974, 0);
INSERT INTO items (id, venue_id, name) VALUES (26975, 14211, 'Space21115');
INSERT INTO spaces (id, item_id, hour_price) VALUES (21115, 26975, 0);
INSERT INTO items (id, venue_id, name) VALUES (26976, 14211, 'Space21116');
INSERT INTO spaces (id, item_id, hour_price) VALUES (21116, 26976, 0);
INSERT INTO items (id, venue_id, name) VALUES (26977, 14211, 'Space21117');
INSERT INTO spaces (id, item_id, hour_price) VALUES (21117, 26977, 0);
INSERT INTO items (id, venue_id, name) VALUES (26978, 14211, 'Space21118');
INSERT INTO spaces (id, item_id, hour_price) VALUES (21118, 26978, 0);
INSERT INTO items (id, venue_id, name) VALUES (26979, 14211, 'Space21119');
INSERT INTO spaces (id, item_id, hour_price) VALUES (21119, 26979, 0);
INSERT INTO items (id, venue_id, name) VALUES (26980, 14211, 'Space21120');
INSERT INTO spaces (id, item_id, hour_price) VALUES (21120, 26980, 15);
INSERT INTO items (id, venue_id, name) VALUES (26981, 14211, 'Product15853');
INSERT INTO products (id, item_id, price) VALUES (15853, 26981, 0);
INSERT INTO items (id, venue_id, name) VALUES (26982, 14211, 'Product15854');
INSERT INTO products (id, item_id, price) VALUES (15854, 26982, 0);
INSERT INTO items (id, venue_id, name) VALUES (26983, 14211, 'Product15855');
INSERT INTO products (id, item_id, price) VALUES (15855, 26983, 5);
INSERT INTO items (id, venue_id, name) VALUES (26984, 14211, 'Product15856');
INSERT INTO products (id, item_id, price) VALUES (15856, 26984, 20);
INSERT INTO items (id, venue_id, name) VALUES (26985, 14211, 'Product15857');
INSERT INTO products (id, item_id, price) VALUES (15857, 26985, 5);
INSERT INTO items (id, venue_id, name) VALUES (26986, 14211, 'Product15858');
INSERT INTO products (id, item_id, price) VALUES (15858, 26986, 5);
INSERT INTO items (id, venue_id, name) VALUES (26987, 14211, 'Product15859');
INSERT INTO products (id, item_id, price) VALUES (15859, 26987, 5);
INSERT INTO items (id, venue_id, name) VALUES (26988, 14211, 'Product15860');
INSERT INTO products (id, item_id, price) VALUES (15860, 26988, 15);
INSERT INTO items (id, venue_id, name) VALUES (27061, 14211, 'Space21160');
INSERT INTO spaces (id, item_id, hour_price) VALUES (21160, 27061, 15);
INSERT INTO venues (id, name) VALUES (14215, 'Venue14215');
INSERT INTO items (id, venue_id, name) VALUES (26989, 14215, 'Space21121');
INSERT INTO spaces (id, item_id, hour_price) VALUES (21121, 26989, 0);
INSERT INTO items (id, venue_id, name) VALUES (26990, 14215, 'Space21122');
INSERT INTO spaces (id, item_id, hour_price) VALUES (21122, 26990, 0);
INSERT INTO items (id, venue_id, name) VALUES (26991, 14215, 'Space21123');
INSERT INTO spaces (id, item_id, hour_price) VALUES (21123, 26991, 0);
INSERT INTO items (id, venue_id, name) VALUES (26992, 14215, 'Space21124');
INSERT INTO spaces (id, item_id, hour_price) VALUES (21124, 26992, 0);
INSERT INTO items (id, venue_id, name) VALUES (26993, 14215, 'Space21125');
INSERT INTO spaces (id, item_id, hour_price) VALUES (21125, 26993, 0);
INSERT INTO items (id, venue_id, name) VALUES (26994, 14215, 'Space21126');
INSERT INTO spaces (id, item_id, hour_price) VALUES (21126, 26994, 0);
INSERT INTO items (id, venue_id, name) VALUES (26995, 14215, 'Space21127');
INSERT INTO spaces (id, item_id, hour_price) VALUES (21127, 26995, 4);
INSERT INTO items (id, venue_id, name) VALUES (26996, 14215, 'Space21128');
INSERT INTO spaces (id, item_id, hour_price) VALUES (21128, 26996, 4);
INSERT INTO items (id, venue_id, name) VALUES (26997, 14215, 'Space21129');
INSERT INTO spaces (id, item_id, hour_price) VALUES (21129, 26997, 10);
INSERT INTO items (id, venue_id, name) VALUES (26998, 14215, 'Space21130');
INSERT INTO spaces (id, item_id, hour_price) VALUES (21130, 26998, 25);
INSERT INTO venues (id, name) VALUES (14221, 'Venue14221');
INSERT INTO items (id, venue_id, name) VALUES (27019, 14221, 'Space21138');
INSERT INTO spaces (id, item_id, hour_price) VALUES (21138, 27019, 0);
INSERT INTO items (id, venue_id, name) VALUES (27020, 14221, 'Space21139');
INSERT INTO spaces (id, item_id, hour_price) VALUES (21139, 27020, 0);
INSERT INTO items (id, venue_id, name) VALUES (27021, 14221, 'Space21140');
INSERT INTO spaces (id, item_id, hour_price) VALUES (21140, 27021, 0);
INSERT INTO items (id, venue_id, name) VALUES (27022, 14221, 'Space21141');
INSERT INTO spaces (id, item_id, hour_price) VALUES (21141, 27022, 0);
INSERT INTO items (id, venue_id, name) VALUES (27023, 14221, 'Space21142');
INSERT INTO spaces (id, item_id, hour_price) VALUES (21142, 27023, 0);
INSERT INTO items (id, venue_id, name) VALUES (27024, 14221, 'Space21143');
INSERT INTO spaces (id, item_id, hour_price) VALUES (21143, 27024, 0);
INSERT INTO items (id, venue_id, name) VALUES (27025, 14221, 'Space21144');
INSERT INTO spaces (id, item_id, hour_price) VALUES (21144, 27025, 22.5);
INSERT INTO items (id, venue_id, name) VALUES (27026, 14221, 'Space21145');
INSERT INTO spaces (id, item_id, hour_price) VALUES (21145, 27026, 45);
INSERT INTO items (id, venue_id, name) VALUES (27028, 14221, 'Product15875');
INSERT INTO products (id, item_id, price) VALUES (15875, 27028, 140);
INSERT INTO items (id, venue_id, name) VALUES (27029, 14221, 'Product15876');
INSERT INTO products (id, item_id, price) VALUES (15876, 27029, 140);
INSERT INTO items (id, venue_id, name) VALUES (28287, 14221, 'Product16533');
INSERT INTO products (id, item_id, price) VALUES (16533, 28287, 95);
INSERT INTO venues (id, name) VALUES (14225, 'Venue14225');
INSERT INTO items (id, venue_id, name) VALUES (27030, 14225, 'Space21146');
INSERT INTO spaces (id, item_id, hour_price) VALUES (21146, 27030, 0);
INSERT INTO items (id, venue_id, name) VALUES (27031, 14225, 'Space21147');
INSERT INTO spaces (id, item_id, hour_price) VALUES (21147, 27031, 0);
INSERT INTO items (id, venue_id, name) VALUES (27032, 14225, 'Space21148');
INSERT INTO spaces (id, item_id, hour_price) VALUES (21148, 27032, 0);
INSERT INTO items (id, venue_id, name) VALUES (27033, 14225, 'Space21149');
INSERT INTO spaces (id, item_id, hour_price) VALUES (21149, 27033, 0);
INSERT INTO items (id, venue_id, name) VALUES (27034, 14225, 'Space21150');
INSERT INTO spaces (id, item_id, hour_price) VALUES (21150, 27034, 0);
INSERT INTO items (id, venue_id, name) VALUES (27035, 14225, 'Space21151');
INSERT INTO spaces (id, item_id, hour_price) VALUES (21151, 27035, 0);
INSERT INTO items (id, venue_id, name) VALUES (27036, 14225, 'Space21152');
INSERT INTO spaces (id, item_id, hour_price) VALUES (21152, 27036, 40.63);
INSERT INTO items (id, venue_id, name) VALUES (27037, 14225, 'Space21153');
INSERT INTO spaces (id, item_id, hour_price) VALUES (21153, 27037, 59.38);
INSERT INTO items (id, venue_id, name) VALUES (27038, 14225, 'Space21154');
INSERT INTO spaces (id, item_id, hour_price) VALUES (21154, 27038, 24.38);
INSERT INTO items (id, venue_id, name) VALUES (27039, 14225, 'Space21155');
INSERT INTO spaces (id, item_id, hour_price) VALUES (21155, 27039, 43.13);
INSERT INTO items (id, venue_id, name) VALUES (27040, 14225, 'Space21156');
INSERT INTO spaces (id, item_id, hour_price) VALUES (21156, 27040, 30.63);
INSERT INTO items (id, venue_id, name) VALUES (27041, 14225, 'Space21157');
INSERT INTO spaces (id, item_id, hour_price) VALUES (21157, 27041, 46.88);
INSERT INTO items (id, venue_id, name) VALUES (27042, 14225, 'Space21158');
INSERT INTO spaces (id, item_id, hour_price) VALUES (21158, 27042, 36.88);
INSERT INTO items (id, venue_id, name) VALUES (27043, 14225, 'Product15877');
INSERT INTO products (id, item_id, price) VALUES (15877, 27043, 275);
INSERT INTO items (id, venue_id, name) VALUES (27044, 14225, 'Product15878');
INSERT INTO products (id, item_id, price) VALUES (15878, 27044, 375);
INSERT INTO items (id, venue_id, name) VALUES (27045, 14225, 'Product15879');
INSERT INTO products (id, item_id, price) VALUES (15879, 27045, 4.75);
INSERT INTO items (id, venue_id, name) VALUES (27046, 14225, 'Product15880');
INSERT INTO products (id, item_id, price) VALUES (15880, 27046, 9.5);
INSERT INTO items (id, venue_id, name) VALUES (27047, 14225, 'Product15881');
INSERT INTO products (id, item_id, price) VALUES (15881, 27047, 29.5);
INSERT INTO items (id, venue_id, name) VALUES (27048, 14225, 'Product15882');
INSERT INTO products (id, item_id, price) VALUES (15882, 27048, 38.5);
INSERT INTO items (id, venue_id, name) VALUES (27049, 14225, 'Product15883');
INSERT INTO products (id, item_id, price) VALUES (15883, 27049, 39.5);
INSERT INTO items (id, venue_id, name) VALUES (27050, 14225, 'Product15884');
INSERT INTO products (id, item_id, price) VALUES (15884, 27050, 42.5);
INSERT INTO items (id, venue_id, name) VALUES (27051, 14225, 'Product15885');
INSERT INTO products (id, item_id, price) VALUES (15885, 27051, 47.5);
INSERT INTO items (id, venue_id, name) VALUES (27052, 14225, 'Product15886');
INSERT INTO products (id, item_id, price) VALUES (15886, 27052, 33.5);
INSERT INTO items (id, venue_id, name) VALUES (27053, 14225, 'Product15887');
INSERT INTO products (id, item_id, price) VALUES (15887, 27053, 53.5);
INSERT INTO venues (id, name) VALUES (14230, 'Venue14230');
INSERT INTO items (id, venue_id, name) VALUES (27062, 14230, 'Space21161');
INSERT INTO spaces (id, item_id, hour_price) VALUES (21161, 27062, 0);
INSERT INTO items (id, venue_id, name) VALUES (27063, 14230, 'Space21162');
INSERT INTO spaces (id, item_id, hour_price) VALUES (21162, 27063, 0);
INSERT INTO items (id, venue_id, name) VALUES (27064, 14230, 'Space21163');
INSERT INTO spaces (id, item_id, hour_price) VALUES (21163, 27064, 0);
INSERT INTO items (id, venue_id, name) VALUES (27065, 14230, 'Space21164');
INSERT INTO spaces (id, item_id, hour_price) VALUES (21164, 27065, 0);
INSERT INTO items (id, venue_id, name) VALUES (27066, 14230, 'Space21165');
INSERT INTO spaces (id, item_id, hour_price) VALUES (21165, 27066, 0);
INSERT INTO items (id, venue_id, name) VALUES (27067, 14230, 'Space21166');
INSERT INTO spaces (id, item_id, hour_price) VALUES (21166, 27067, 0);
INSERT INTO items (id, venue_id, name) VALUES (27069, 14230, 'Product15894');
INSERT INTO products (id, item_id, price) VALUES (15894, 27069, 3.25);
INSERT INTO items (id, venue_id, name) VALUES (27070, 14230, 'Product15895');
INSERT INTO products (id, item_id, price) VALUES (15895, 27070, 3.25);
INSERT INTO items (id, venue_id, name) VALUES (27071, 14230, 'Product15896');
INSERT INTO products (id, item_id, price) VALUES (15896, 27071, 17.5);
INSERT INTO items (id, venue_id, name) VALUES (27072, 14230, 'Product15897');
INSERT INTO products (id, item_id, price) VALUES (15897, 27072, 17.5);
INSERT INTO items (id, venue_id, name) VALUES (27073, 14230, 'Product15898');
INSERT INTO products (id, item_id, price) VALUES (15898, 27073, 6.5);
INSERT INTO items (id, venue_id, name) VALUES (27074, 14230, 'Product15899');
INSERT INTO products (id, item_id, price) VALUES (15899, 27074, 25.5);
INSERT INTO items (id, venue_id, name) VALUES (27075, 14230, 'Product15900');
INSERT INTO products (id, item_id, price) VALUES (15900, 27075, 325);
INSERT INTO items (id, venue_id, name) VALUES (27076, 14230, 'Product15901');
INSERT INTO products (id, item_id, price) VALUES (15901, 27076, 0);
INSERT INTO items (id, venue_id, name) VALUES (27077, 14230, 'Product15902');
INSERT INTO products (id, item_id, price) VALUES (15902, 27077, 0);
INSERT INTO items (id, venue_id, name) VALUES (27078, 14230, 'Product15903');
INSERT INTO products (id, item_id, price) VALUES (15903, 27078, 25);
INSERT INTO items (id, venue_id, name) VALUES (27079, 14230, 'Product15904');
INSERT INTO products (id, item_id, price) VALUES (15904, 27079, 25);
INSERT INTO items (id, venue_id, name) VALUES (27080, 14230, 'Product15905');
INSERT INTO products (id, item_id, price) VALUES (15905, 27080, 25);
INSERT INTO items (id, venue_id, name) VALUES (27081, 14230, 'Product15906');
INSERT INTO products (id, item_id, price) VALUES (15906, 27081, 25);
INSERT INTO items (id, venue_id, name) VALUES (27082, 14230, 'Product15907');
INSERT INTO products (id, item_id, price) VALUES (15907, 27082, 0);
INSERT INTO items (id, venue_id, name) VALUES (27083, 14230, 'Product15908');
INSERT INTO products (id, item_id, price) VALUES (15908, 27083, 0);
INSERT INTO items (id, venue_id, name) VALUES (27084, 14230, 'Space21168');
INSERT INTO spaces (id, item_id, hour_price) VALUES (21168, 27084, 60);
INSERT INTO items (id, venue_id, name) VALUES (27092, 14230, 'Space21176');
INSERT INTO spaces (id, item_id, hour_price) VALUES (21176, 27092, 70);
INSERT INTO items (id, venue_id, name) VALUES (27093, 14230, 'Space21177');
INSERT INTO spaces (id, item_id, hour_price) VALUES (21177, 27093, 55);
INSERT INTO items (id, venue_id, name) VALUES (27094, 14230, 'Space21178');
INSERT INTO spaces (id, item_id, hour_price) VALUES (21178, 27094, 80);
INSERT INTO items (id, venue_id, name) VALUES (27109, 14230, 'Space21184');
INSERT INTO spaces (id, item_id, hour_price) VALUES (21184, 27109, 100);
INSERT INTO items (id, venue_id, name) VALUES (27111, 14230, 'Space21186');
INSERT INTO spaces (id, item_id, hour_price) VALUES (21186, 27111, 420);
INSERT INTO venues (id, name) VALUES (14231, 'Venue14231');
INSERT INTO items (id, venue_id, name) VALUES (27085, 14231, 'Space21169');
INSERT INTO spaces (id, item_id, hour_price) VALUES (21169, 27085, 0);
INSERT INTO items (id, venue_id, name) VALUES (27086, 14231, 'Space21170');
INSERT INTO spaces (id, item_id, hour_price) VALUES (21170, 27086, 0);
INSERT INTO items (id, venue_id, name) VALUES (27087, 14231, 'Space21171');
INSERT INTO spaces (id, item_id, hour_price) VALUES (21171, 27087, 0);
INSERT INTO items (id, venue_id, name) VALUES (27088, 14231, 'Space21172');
INSERT INTO spaces (id, item_id, hour_price) VALUES (21172, 27088, 0);
INSERT INTO items (id, venue_id, name) VALUES (27089, 14231, 'Space21173');
INSERT INTO spaces (id, item_id, hour_price) VALUES (21173, 27089, 0);
INSERT INTO items (id, venue_id, name) VALUES (27090, 14231, 'Space21174');
INSERT INTO spaces (id, item_id, hour_price) VALUES (21174, 27090, 0);
INSERT INTO items (id, venue_id, name) VALUES (27091, 14231, 'Space21175');
INSERT INTO spaces (id, item_id, hour_price) VALUES (21175, 27091, 46.67);
INSERT INTO venues (id, name) VALUES (14233, 'Venue14233');
INSERT INTO items (id, venue_id, name) VALUES (27122, 14233, 'Space21187');
INSERT INTO spaces (id, item_id, hour_price) VALUES (21187, 27122, 0);
INSERT INTO items (id, venue_id, name) VALUES (27123, 14233, 'Space21188');
INSERT INTO spaces (id, item_id, hour_price) VALUES (21188, 27123, 0);
INSERT INTO items (id, venue_id, name) VALUES (27124, 14233, 'Space21189');
INSERT INTO spaces (id, item_id, hour_price) VALUES (21189, 27124, 0);
INSERT INTO items (id, venue_id, name) VALUES (27125, 14233, 'Space21190');
INSERT INTO spaces (id, item_id, hour_price) VALUES (21190, 27125, 0);
INSERT INTO items (id, venue_id, name) VALUES (27126, 14233, 'Space21191');
INSERT INTO spaces (id, item_id, hour_price) VALUES (21191, 27126, 0);
INSERT INTO items (id, venue_id, name) VALUES (27127, 14233, 'Space21192');
INSERT INTO spaces (id, item_id, hour_price) VALUES (21192, 27127, 0);
INSERT INTO venues (id, name) VALUES (14238, 'Venue14238');
INSERT INTO items (id, venue_id, name) VALUES (27130, 14238, 'Space21194');
INSERT INTO spaces (id, item_id, hour_price) VALUES (21194, 27130, 0);
INSERT INTO items (id, venue_id, name) VALUES (27131, 14238, 'Space21195');
INSERT INTO spaces (id, item_id, hour_price) VALUES (21195, 27131, 0);
INSERT INTO items (id, venue_id, name) VALUES (27132, 14238, 'Space21196');
INSERT INTO spaces (id, item_id, hour_price) VALUES (21196, 27132, 0);
INSERT INTO items (id, venue_id, name) VALUES (27133, 14238, 'Space21197');
INSERT INTO spaces (id, item_id, hour_price) VALUES (21197, 27133, 0);
INSERT INTO items (id, venue_id, name) VALUES (27134, 14238, 'Space21198');
INSERT INTO spaces (id, item_id, hour_price) VALUES (21198, 27134, 0);
INSERT INTO items (id, venue_id, name) VALUES (27135, 14238, 'Space21199');
INSERT INTO spaces (id, item_id, hour_price) VALUES (21199, 27135, 0);
INSERT INTO items (id, venue_id, name) VALUES (27136, 14238, 'Space21200');
INSERT INTO spaces (id, item_id, hour_price) VALUES (21200, 27136, 0);
INSERT INTO items (id, venue_id, name) VALUES (27137, 14238, 'Product15929');
INSERT INTO products (id, item_id, price) VALUES (15929, 27137, 0);
INSERT INTO items (id, venue_id, name) VALUES (27138, 14238, 'Product15930');
INSERT INTO products (id, item_id, price) VALUES (15930, 27138, 0);
INSERT INTO items (id, venue_id, name) VALUES (27139, 14238, 'Product15931');
INSERT INTO products (id, item_id, price) VALUES (15931, 27139, 0);
INSERT INTO items (id, venue_id, name) VALUES (27140, 14238, 'Product15932');
INSERT INTO products (id, item_id, price) VALUES (15932, 27140, 0);
INSERT INTO items (id, venue_id, name) VALUES (27141, 14238, 'Product15933');
INSERT INTO products (id, item_id, price) VALUES (15933, 27141, 0);
INSERT INTO items (id, venue_id, name) VALUES (27142, 14238, 'Product15934');
INSERT INTO products (id, item_id, price) VALUES (15934, 27142, 0);
INSERT INTO items (id, venue_id, name) VALUES (27143, 14238, 'Product15935');
INSERT INTO products (id, item_id, price) VALUES (15935, 27143, 0);
INSERT INTO items (id, venue_id, name) VALUES (27144, 14238, 'Product15936');
INSERT INTO products (id, item_id, price) VALUES (15936, 27144, 0);
INSERT INTO items (id, venue_id, name) VALUES (27145, 14238, 'Product15937');
INSERT INTO products (id, item_id, price) VALUES (15937, 27145, 0);
INSERT INTO items (id, venue_id, name) VALUES (27146, 14238, 'Product15938');
INSERT INTO products (id, item_id, price) VALUES (15938, 27146, 0);
INSERT INTO items (id, venue_id, name) VALUES (27147, 14238, 'Product15939');
INSERT INTO products (id, item_id, price) VALUES (15939, 27147, 0);
INSERT INTO items (id, venue_id, name) VALUES (27148, 14238, 'Product15940');
INSERT INTO products (id, item_id, price) VALUES (15940, 27148, 0);
INSERT INTO items (id, venue_id, name) VALUES (27149, 14238, 'Product15941');
INSERT INTO products (id, item_id, price) VALUES (15941, 27149, 0);
INSERT INTO items (id, venue_id, name) VALUES (27150, 14238, 'Product15942');
INSERT INTO products (id, item_id, price) VALUES (15942, 27150, 0);
INSERT INTO items (id, venue_id, name) VALUES (27151, 14238, 'Product15943');
INSERT INTO products (id, item_id, price) VALUES (15943, 27151, 0);
INSERT INTO venues (id, name) VALUES (14243, 'Venue14243');
INSERT INTO items (id, venue_id, name) VALUES (27152, 14243, 'Space21201');
INSERT INTO spaces (id, item_id, hour_price) VALUES (21201, 27152, 0);
INSERT INTO items (id, venue_id, name) VALUES (27153, 14243, 'Space21202');
INSERT INTO spaces (id, item_id, hour_price) VALUES (21202, 27153, 0);
INSERT INTO items (id, venue_id, name) VALUES (27154, 14243, 'Space21203');
INSERT INTO spaces (id, item_id, hour_price) VALUES (21203, 27154, 0);
INSERT INTO items (id, venue_id, name) VALUES (27155, 14243, 'Space21204');
INSERT INTO spaces (id, item_id, hour_price) VALUES (21204, 27155, 0);
INSERT INTO items (id, venue_id, name) VALUES (27156, 14243, 'Space21205');
INSERT INTO spaces (id, item_id, hour_price) VALUES (21205, 27156, 0);
INSERT INTO items (id, venue_id, name) VALUES (27157, 14243, 'Space21206');
INSERT INTO spaces (id, item_id, hour_price) VALUES (21206, 27157, 0);
INSERT INTO items (id, venue_id, name) VALUES (27158, 14243, 'Space21207');
INSERT INTO spaces (id, item_id, hour_price) VALUES (21207, 27158, 225);
INSERT INTO items (id, venue_id, name) VALUES (27159, 14243, 'Product15944');
INSERT INTO products (id, item_id, price) VALUES (15944, 27159, 0);
INSERT INTO items (id, venue_id, name) VALUES (27160, 14243, 'Product15945');
INSERT INTO products (id, item_id, price) VALUES (15945, 27160, 0);
INSERT INTO items (id, venue_id, name) VALUES (27161, 14243, 'Product15946');
INSERT INTO products (id, item_id, price) VALUES (15946, 27161, 0);
INSERT INTO items (id, venue_id, name) VALUES (27162, 14243, 'Product15947');
INSERT INTO products (id, item_id, price) VALUES (15947, 27162, 0);
INSERT INTO items (id, venue_id, name) VALUES (27163, 14243, 'Product15948');
INSERT INTO products (id, item_id, price) VALUES (15948, 27163, 0);
INSERT INTO items (id, venue_id, name) VALUES (27164, 14243, 'Product15949');
INSERT INTO products (id, item_id, price) VALUES (15949, 27164, 0);
INSERT INTO items (id, venue_id, name) VALUES (27165, 14243, 'Product15950');
INSERT INTO products (id, item_id, price) VALUES (15950, 27165, 0);
INSERT INTO items (id, venue_id, name) VALUES (27166, 14243, 'Product15951');
INSERT INTO products (id, item_id, price) VALUES (15951, 27166, 0);
INSERT INTO items (id, venue_id, name) VALUES (27167, 14243, 'Product15952');
INSERT INTO products (id, item_id, price) VALUES (15952, 27167, 0);
INSERT INTO items (id, venue_id, name) VALUES (27168, 14243, 'Product15953');
INSERT INTO products (id, item_id, price) VALUES (15953, 27168, 0);
INSERT INTO items (id, venue_id, name) VALUES (27169, 14243, 'Product15954');
INSERT INTO products (id, item_id, price) VALUES (15954, 27169, 0);
INSERT INTO items (id, venue_id, name) VALUES (27170, 14243, 'Product15955');
INSERT INTO products (id, item_id, price) VALUES (15955, 27170, 0);
INSERT INTO items (id, venue_id, name) VALUES (27171, 14243, 'Product15956');
INSERT INTO products (id, item_id, price) VALUES (15956, 27171, 0);
INSERT INTO items (id, venue_id, name) VALUES (27172, 14243, 'Product15957');
INSERT INTO products (id, item_id, price) VALUES (15957, 27172, 0);
INSERT INTO items (id, venue_id, name) VALUES (27173, 14243, 'Product15958');
INSERT INTO products (id, item_id, price) VALUES (15958, 27173, 0);
INSERT INTO venues (id, name) VALUES (14247, 'Venue14247');
INSERT INTO items (id, venue_id, name) VALUES (27184, 14247, 'Space21209');
INSERT INTO spaces (id, item_id, hour_price) VALUES (21209, 27184, 0);
INSERT INTO items (id, venue_id, name) VALUES (27185, 14247, 'Space21210');
INSERT INTO spaces (id, item_id, hour_price) VALUES (21210, 27185, 0);
INSERT INTO items (id, venue_id, name) VALUES (27186, 14247, 'Space21211');
INSERT INTO spaces (id, item_id, hour_price) VALUES (21211, 27186, 0);
INSERT INTO items (id, venue_id, name) VALUES (27187, 14247, 'Space21212');
INSERT INTO spaces (id, item_id, hour_price) VALUES (21212, 27187, 0);
INSERT INTO items (id, venue_id, name) VALUES (27188, 14247, 'Space21213');
INSERT INTO spaces (id, item_id, hour_price) VALUES (21213, 27188, 0);
INSERT INTO items (id, venue_id, name) VALUES (27189, 14247, 'Space21214');
INSERT INTO spaces (id, item_id, hour_price) VALUES (21214, 27189, 0);
INSERT INTO items (id, venue_id, name) VALUES (27190, 14247, 'Space21215');
INSERT INTO spaces (id, item_id, hour_price) VALUES (21215, 27190, 31.25);
INSERT INTO items (id, venue_id, name) VALUES (27191, 14247, 'Product15968');
INSERT INTO products (id, item_id, price) VALUES (15968, 27191, 1.25);
INSERT INTO items (id, venue_id, name) VALUES (27192, 14247, 'Product15969');
INSERT INTO products (id, item_id, price) VALUES (15969, 27192, 1.25);
INSERT INTO items (id, venue_id, name) VALUES (27193, 14247, 'Product15970');
INSERT INTO products (id, item_id, price) VALUES (15970, 27193, 7.5);
INSERT INTO items (id, venue_id, name) VALUES (27194, 14247, 'Product15971');
INSERT INTO products (id, item_id, price) VALUES (15971, 27194, 7.5);
INSERT INTO items (id, venue_id, name) VALUES (27196, 14247, 'Product15973');
INSERT INTO products (id, item_id, price) VALUES (15973, 27196, 6.95);
INSERT INTO items (id, venue_id, name) VALUES (27197, 14247, 'Product15974');
INSERT INTO products (id, item_id, price) VALUES (15974, 27197, 50);
INSERT INTO items (id, venue_id, name) VALUES (27198, 14247, 'Product15975');
INSERT INTO products (id, item_id, price) VALUES (15975, 27198, 0);
INSERT INTO items (id, venue_id, name) VALUES (27199, 14247, 'Product15976');
INSERT INTO products (id, item_id, price) VALUES (15976, 27199, 0);
INSERT INTO items (id, venue_id, name) VALUES (27200, 14247, 'Product15977');
INSERT INTO products (id, item_id, price) VALUES (15977, 27200, 0);
INSERT INTO items (id, venue_id, name) VALUES (27201, 14247, 'Product15978');
INSERT INTO products (id, item_id, price) VALUES (15978, 27201, 12.5);
INSERT INTO venues (id, name) VALUES (14252, 'Venue14252');
INSERT INTO items (id, venue_id, name) VALUES (27208, 14252, 'Space21222');
INSERT INTO spaces (id, item_id, hour_price) VALUES (21222, 27208, 0);
INSERT INTO items (id, venue_id, name) VALUES (27209, 14252, 'Space21223');
INSERT INTO spaces (id, item_id, hour_price) VALUES (21223, 27209, 0);
INSERT INTO items (id, venue_id, name) VALUES (27210, 14252, 'Space21224');
INSERT INTO spaces (id, item_id, hour_price) VALUES (21224, 27210, 0);
INSERT INTO items (id, venue_id, name) VALUES (27211, 14252, 'Space21225');
INSERT INTO spaces (id, item_id, hour_price) VALUES (21225, 27211, 0);
INSERT INTO items (id, venue_id, name) VALUES (27212, 14252, 'Space21226');
INSERT INTO spaces (id, item_id, hour_price) VALUES (21226, 27212, 0);
INSERT INTO items (id, venue_id, name) VALUES (27213, 14252, 'Space21227');
INSERT INTO spaces (id, item_id, hour_price) VALUES (21227, 27213, 0);
INSERT INTO items (id, venue_id, name) VALUES (27214, 14252, 'Space21228');
INSERT INTO spaces (id, item_id, hour_price) VALUES (21228, 27214, 25);
INSERT INTO items (id, venue_id, name) VALUES (27215, 14252, 'Product15979');
INSERT INTO products (id, item_id, price) VALUES (15979, 27215, 1.65);
INSERT INTO items (id, venue_id, name) VALUES (27216, 14252, 'Product15980');
INSERT INTO products (id, item_id, price) VALUES (15980, 27216, 1.5);
INSERT INTO items (id, venue_id, name) VALUES (27217, 14252, 'Product15981');
INSERT INTO products (id, item_id, price) VALUES (15981, 27217, 0);
INSERT INTO items (id, venue_id, name) VALUES (27218, 14252, 'Product15982');
INSERT INTO products (id, item_id, price) VALUES (15982, 27218, 0);
INSERT INTO items (id, venue_id, name) VALUES (27219, 14252, 'Product15983');
INSERT INTO products (id, item_id, price) VALUES (15983, 27219, 0);
INSERT INTO items (id, venue_id, name) VALUES (27220, 14252, 'Product15984');
INSERT INTO products (id, item_id, price) VALUES (15984, 27220, 0);
INSERT INTO items (id, venue_id, name) VALUES (27221, 14252, 'Product15985');
INSERT INTO products (id, item_id, price) VALUES (15985, 27221, 16.5);
INSERT INTO items (id, venue_id, name) VALUES (27222, 14252, 'Product15986');
INSERT INTO products (id, item_id, price) VALUES (15986, 27222, 0);
INSERT INTO items (id, venue_id, name) VALUES (27223, 14252, 'Product15987');
INSERT INTO products (id, item_id, price) VALUES (15987, 27223, 30);
INSERT INTO items (id, venue_id, name) VALUES (27224, 14252, 'Product15988');
INSERT INTO products (id, item_id, price) VALUES (15988, 27224, 0);
INSERT INTO items (id, venue_id, name) VALUES (27225, 14252, 'Product15989');
INSERT INTO products (id, item_id, price) VALUES (15989, 27225, 20);
INSERT INTO items (id, venue_id, name) VALUES (27226, 14252, 'Product15990');
INSERT INTO products (id, item_id, price) VALUES (15990, 27226, 0);
INSERT INTO items (id, venue_id, name) VALUES (27227, 14252, 'Product15991');
INSERT INTO products (id, item_id, price) VALUES (15991, 27227, 0);
INSERT INTO items (id, venue_id, name) VALUES (27228, 14252, 'Product15992');
INSERT INTO products (id, item_id, price) VALUES (15992, 27228, 0);
INSERT INTO items (id, venue_id, name) VALUES (27229, 14252, 'Product15993');
INSERT INTO products (id, item_id, price) VALUES (15993, 27229, 0);
INSERT INTO items (id, venue_id, name) VALUES (27230, 14252, 'Product15994');
INSERT INTO products (id, item_id, price) VALUES (15994, 27230, 0);
INSERT INTO items (id, venue_id, name) VALUES (27231, 14252, 'Product15995');
INSERT INTO products (id, item_id, price) VALUES (15995, 27231, 0);
INSERT INTO venues (id, name) VALUES (14259, 'Venue14259');
INSERT INTO items (id, venue_id, name) VALUES (27271, 14259, 'Space21250');
INSERT INTO spaces (id, item_id, hour_price) VALUES (21250, 27271, 0);
INSERT INTO items (id, venue_id, name) VALUES (27272, 14259, 'Space21251');
INSERT INTO spaces (id, item_id, hour_price) VALUES (21251, 27272, 0);
INSERT INTO items (id, venue_id, name) VALUES (27273, 14259, 'Space21252');
INSERT INTO spaces (id, item_id, hour_price) VALUES (21252, 27273, 0);
INSERT INTO items (id, venue_id, name) VALUES (27274, 14259, 'Space21253');
INSERT INTO spaces (id, item_id, hour_price) VALUES (21253, 27274, 0);
INSERT INTO items (id, venue_id, name) VALUES (27275, 14259, 'Space21254');
INSERT INTO spaces (id, item_id, hour_price) VALUES (21254, 27275, 0);
INSERT INTO items (id, venue_id, name) VALUES (27276, 14259, 'Space21255');
INSERT INTO spaces (id, item_id, hour_price) VALUES (21255, 27276, 0);
INSERT INTO items (id, venue_id, name) VALUES (27277, 14259, 'Space21256');
INSERT INTO spaces (id, item_id, hour_price) VALUES (21256, 27277, 110);
INSERT INTO items (id, venue_id, name) VALUES (27278, 14259, 'Space21257');
INSERT INTO spaces (id, item_id, hour_price) VALUES (21257, 27278, 144);
INSERT INTO items (id, venue_id, name) VALUES (27279, 14259, 'Space21258');
INSERT INTO spaces (id, item_id, hour_price) VALUES (21258, 27279, 290);
INSERT INTO items (id, venue_id, name) VALUES (27280, 14259, 'Space21259');
INSERT INTO spaces (id, item_id, hour_price) VALUES (21259, 27280, 226);
INSERT INTO items (id, venue_id, name) VALUES (27281, 14259, 'Product16014');
INSERT INTO products (id, item_id, price) VALUES (16014, 27281, 3);
INSERT INTO items (id, venue_id, name) VALUES (27282, 14259, 'Product16015');
INSERT INTO products (id, item_id, price) VALUES (16015, 27282, 10);
INSERT INTO items (id, venue_id, name) VALUES (27283, 14259, 'Product16016');
INSERT INTO products (id, item_id, price) VALUES (16016, 27283, 25);
INSERT INTO items (id, venue_id, name) VALUES (27284, 14259, 'Product16017');
INSERT INTO products (id, item_id, price) VALUES (16017, 27284, 99);
INSERT INTO items (id, venue_id, name) VALUES (27285, 14259, 'Product16018');
INSERT INTO products (id, item_id, price) VALUES (16018, 27285, 0);
INSERT INTO items (id, venue_id, name) VALUES (27286, 14259, 'Product16019');
INSERT INTO products (id, item_id, price) VALUES (16019, 27286, 0);
INSERT INTO items (id, venue_id, name) VALUES (27287, 14259, 'Product16020');
INSERT INTO products (id, item_id, price) VALUES (16020, 27287, 0);
INSERT INTO items (id, venue_id, name) VALUES (27288, 14259, 'Product16021');
INSERT INTO products (id, item_id, price) VALUES (16021, 27288, 0);
INSERT INTO items (id, venue_id, name) VALUES (27289, 14259, 'Product16022');
INSERT INTO products (id, item_id, price) VALUES (16022, 27289, 0);
INSERT INTO items (id, venue_id, name) VALUES (27290, 14259, 'Product16023');
INSERT INTO products (id, item_id, price) VALUES (16023, 27290, 0);
INSERT INTO venues (id, name) VALUES (14264, 'Venue14264');
INSERT INTO items (id, venue_id, name) VALUES (27323, 14264, 'Space21270');
INSERT INTO spaces (id, item_id, hour_price) VALUES (21270, 27323, 0);
INSERT INTO items (id, venue_id, name) VALUES (27324, 14264, 'Space21271');
INSERT INTO spaces (id, item_id, hour_price) VALUES (21271, 27324, 0);
INSERT INTO items (id, venue_id, name) VALUES (27325, 14264, 'Space21272');
INSERT INTO spaces (id, item_id, hour_price) VALUES (21272, 27325, 0);
INSERT INTO items (id, venue_id, name) VALUES (27326, 14264, 'Space21273');
INSERT INTO spaces (id, item_id, hour_price) VALUES (21273, 27326, 0);
INSERT INTO items (id, venue_id, name) VALUES (27327, 14264, 'Space21274');
INSERT INTO spaces (id, item_id, hour_price) VALUES (21274, 27327, 0);
INSERT INTO items (id, venue_id, name) VALUES (27328, 14264, 'Space21275');
INSERT INTO spaces (id, item_id, hour_price) VALUES (21275, 27328, 0);
INSERT INTO items (id, venue_id, name) VALUES (27329, 14264, 'Space21276');
INSERT INTO spaces (id, item_id, hour_price) VALUES (21276, 27329, 10);
INSERT INTO items (id, venue_id, name) VALUES (27330, 14264, 'Product16046');
INSERT INTO products (id, item_id, price) VALUES (16046, 27330, 0);
INSERT INTO items (id, venue_id, name) VALUES (27331, 14264, 'Product16047');
INSERT INTO products (id, item_id, price) VALUES (16047, 27331, 0);
INSERT INTO items (id, venue_id, name) VALUES (27332, 14264, 'Product16048');
INSERT INTO products (id, item_id, price) VALUES (16048, 27332, 0);
INSERT INTO items (id, venue_id, name) VALUES (27333, 14264, 'Product16049');
INSERT INTO products (id, item_id, price) VALUES (16049, 27333, 0);
INSERT INTO items (id, venue_id, name) VALUES (27334, 14264, 'Product16050');
INSERT INTO products (id, item_id, price) VALUES (16050, 27334, 0);
INSERT INTO items (id, venue_id, name) VALUES (27335, 14264, 'Product16051');
INSERT INTO products (id, item_id, price) VALUES (16051, 27335, 0);
INSERT INTO items (id, venue_id, name) VALUES (27336, 14264, 'Product16052');
INSERT INTO products (id, item_id, price) VALUES (16052, 27336, 5);
INSERT INTO items (id, venue_id, name) VALUES (27337, 14264, 'Product16053');
INSERT INTO products (id, item_id, price) VALUES (16053, 27337, 0);
INSERT INTO items (id, venue_id, name) VALUES (27338, 14264, 'Product16054');
INSERT INTO products (id, item_id, price) VALUES (16054, 27338, 0);
INSERT INTO items (id, venue_id, name) VALUES (27339, 14264, 'Product16055');
INSERT INTO products (id, item_id, price) VALUES (16055, 27339, 0);
INSERT INTO items (id, venue_id, name) VALUES (27340, 14264, 'Product16056');
INSERT INTO products (id, item_id, price) VALUES (16056, 27340, 0);
INSERT INTO items (id, venue_id, name) VALUES (27341, 14264, 'Product16057');
INSERT INTO products (id, item_id, price) VALUES (16057, 27341, 0);
INSERT INTO items (id, venue_id, name) VALUES (27342, 14264, 'Product16058');
INSERT INTO products (id, item_id, price) VALUES (16058, 27342, 0);
INSERT INTO items (id, venue_id, name) VALUES (27343, 14264, 'Product16059');
INSERT INTO products (id, item_id, price) VALUES (16059, 27343, 0);
INSERT INTO venues (id, name) VALUES (14270, 'Venue14270');
INSERT INTO items (id, venue_id, name) VALUES (27344, 14270, 'Space21277');
INSERT INTO spaces (id, item_id, hour_price) VALUES (21277, 27344, 0);
INSERT INTO items (id, venue_id, name) VALUES (27345, 14270, 'Space21278');
INSERT INTO spaces (id, item_id, hour_price) VALUES (21278, 27345, 0);
INSERT INTO items (id, venue_id, name) VALUES (27346, 14270, 'Space21279');
INSERT INTO spaces (id, item_id, hour_price) VALUES (21279, 27346, 0);
INSERT INTO items (id, venue_id, name) VALUES (27347, 14270, 'Space21280');
INSERT INTO spaces (id, item_id, hour_price) VALUES (21280, 27347, 0);
INSERT INTO items (id, venue_id, name) VALUES (27348, 14270, 'Space21281');
INSERT INTO spaces (id, item_id, hour_price) VALUES (21281, 27348, 0);
INSERT INTO items (id, venue_id, name) VALUES (27349, 14270, 'Space21282');
INSERT INTO spaces (id, item_id, hour_price) VALUES (21282, 27349, 0);
INSERT INTO items (id, venue_id, name) VALUES (27350, 14270, 'Space21283');
INSERT INTO spaces (id, item_id, hour_price) VALUES (21283, 27350, 25);
INSERT INTO items (id, venue_id, name) VALUES (27351, 14270, 'Product16060');
INSERT INTO products (id, item_id, price) VALUES (16060, 27351, 1.3);
INSERT INTO items (id, venue_id, name) VALUES (27352, 14270, 'Product16061');
INSERT INTO products (id, item_id, price) VALUES (16061, 27352, 1.3);
INSERT INTO items (id, venue_id, name) VALUES (27353, 14270, 'Product16062');
INSERT INTO products (id, item_id, price) VALUES (16062, 27353, 20);
INSERT INTO items (id, venue_id, name) VALUES (27354, 14270, 'Product16063');
INSERT INTO products (id, item_id, price) VALUES (16063, 27354, 5);
INSERT INTO items (id, venue_id, name) VALUES (27355, 14270, 'Product16064');
INSERT INTO products (id, item_id, price) VALUES (16064, 27355, 5);
INSERT INTO items (id, venue_id, name) VALUES (27356, 14270, 'Product16065');
INSERT INTO products (id, item_id, price) VALUES (16065, 27356, 1.3);
INSERT INTO items (id, venue_id, name) VALUES (27357, 14270, 'Product16066');
INSERT INTO products (id, item_id, price) VALUES (16066, 27357, 1.8);
INSERT INTO items (id, venue_id, name) VALUES (27358, 14270, 'Product16067');
INSERT INTO products (id, item_id, price) VALUES (16067, 27358, 1.8);
INSERT INTO items (id, venue_id, name) VALUES (27359, 14270, 'Product16068');
INSERT INTO products (id, item_id, price) VALUES (16068, 27359, 2);
INSERT INTO items (id, venue_id, name) VALUES (27360, 14270, 'Product16069');
INSERT INTO products (id, item_id, price) VALUES (16069, 27360, 2);
INSERT INTO items (id, venue_id, name) VALUES (27361, 14270, 'Product16070');
INSERT INTO products (id, item_id, price) VALUES (16070, 27361, 2);
INSERT INTO items (id, venue_id, name) VALUES (27362, 14270, 'Product16071');
INSERT INTO products (id, item_id, price) VALUES (16071, 27362, 2.5);
INSERT INTO venues (id, name) VALUES (14271, 'Venue14271');
INSERT INTO items (id, venue_id, name) VALUES (27374, 14271, 'Space21292');
INSERT INTO spaces (id, item_id, hour_price) VALUES (21292, 27374, 0);
INSERT INTO items (id, venue_id, name) VALUES (27375, 14271, 'Space21293');
INSERT INTO spaces (id, item_id, hour_price) VALUES (21293, 27375, 0);
INSERT INTO items (id, venue_id, name) VALUES (27376, 14271, 'Space21294');
INSERT INTO spaces (id, item_id, hour_price) VALUES (21294, 27376, 0);
INSERT INTO items (id, venue_id, name) VALUES (27377, 14271, 'Space21295');
INSERT INTO spaces (id, item_id, hour_price) VALUES (21295, 27377, 0);
INSERT INTO items (id, venue_id, name) VALUES (27378, 14271, 'Space21296');
INSERT INTO spaces (id, item_id, hour_price) VALUES (21296, 27378, 0);
INSERT INTO items (id, venue_id, name) VALUES (27379, 14271, 'Space21297');
INSERT INTO spaces (id, item_id, hour_price) VALUES (21297, 27379, 0);
INSERT INTO venues (id, name) VALUES (14272, 'Venue14272');
INSERT INTO items (id, venue_id, name) VALUES (27380, 14272, 'Space21298');
INSERT INTO spaces (id, item_id, hour_price) VALUES (21298, 27380, 0);
INSERT INTO items (id, venue_id, name) VALUES (27381, 14272, 'Space21299');
INSERT INTO spaces (id, item_id, hour_price) VALUES (21299, 27381, 0);
INSERT INTO items (id, venue_id, name) VALUES (27382, 14272, 'Space21300');
INSERT INTO spaces (id, item_id, hour_price) VALUES (21300, 27382, 0);
INSERT INTO items (id, venue_id, name) VALUES (27383, 14272, 'Space21301');
INSERT INTO spaces (id, item_id, hour_price) VALUES (21301, 27383, 0);
INSERT INTO items (id, venue_id, name) VALUES (27384, 14272, 'Space21302');
INSERT INTO spaces (id, item_id, hour_price) VALUES (21302, 27384, 0);
INSERT INTO items (id, venue_id, name) VALUES (27385, 14272, 'Space21303');
INSERT INTO spaces (id, item_id, hour_price) VALUES (21303, 27385, 0);
INSERT INTO venues (id, name) VALUES (14274, 'Venue14274');
INSERT INTO items (id, venue_id, name) VALUES (27386, 14274, 'Space21304');
INSERT INTO spaces (id, item_id, hour_price) VALUES (21304, 27386, 0);
INSERT INTO items (id, venue_id, name) VALUES (27387, 14274, 'Space21305');
INSERT INTO spaces (id, item_id, hour_price) VALUES (21305, 27387, 0);
INSERT INTO items (id, venue_id, name) VALUES (27388, 14274, 'Space21306');
INSERT INTO spaces (id, item_id, hour_price) VALUES (21306, 27388, 0);
INSERT INTO items (id, venue_id, name) VALUES (27389, 14274, 'Space21307');
INSERT INTO spaces (id, item_id, hour_price) VALUES (21307, 27389, 0);
INSERT INTO items (id, venue_id, name) VALUES (27390, 14274, 'Space21308');
INSERT INTO spaces (id, item_id, hour_price) VALUES (21308, 27390, 0);
INSERT INTO items (id, venue_id, name) VALUES (27391, 14274, 'Space21309');
INSERT INTO spaces (id, item_id, hour_price) VALUES (21309, 27391, 0);
INSERT INTO venues (id, name) VALUES (14277, 'Venue14277');
INSERT INTO items (id, venue_id, name) VALUES (27392, 14277, 'Space21310');
INSERT INTO spaces (id, item_id, hour_price) VALUES (21310, 27392, 0);
INSERT INTO items (id, venue_id, name) VALUES (27393, 14277, 'Space21311');
INSERT INTO spaces (id, item_id, hour_price) VALUES (21311, 27393, 0);
INSERT INTO items (id, venue_id, name) VALUES (27394, 14277, 'Space21312');
INSERT INTO spaces (id, item_id, hour_price) VALUES (21312, 27394, 0);
INSERT INTO items (id, venue_id, name) VALUES (27395, 14277, 'Space21313');
INSERT INTO spaces (id, item_id, hour_price) VALUES (21313, 27395, 0);
INSERT INTO items (id, venue_id, name) VALUES (27396, 14277, 'Space21314');
INSERT INTO spaces (id, item_id, hour_price) VALUES (21314, 27396, 0);
INSERT INTO items (id, venue_id, name) VALUES (27397, 14277, 'Space21315');
INSERT INTO spaces (id, item_id, hour_price) VALUES (21315, 27397, 0);
INSERT INTO venues (id, name) VALUES (14279, 'Venue14279');
INSERT INTO items (id, venue_id, name) VALUES (27398, 14279, 'Space21316');
INSERT INTO spaces (id, item_id, hour_price) VALUES (21316, 27398, 0);
INSERT INTO items (id, venue_id, name) VALUES (27399, 14279, 'Space21317');
INSERT INTO spaces (id, item_id, hour_price) VALUES (21317, 27399, 0);
INSERT INTO items (id, venue_id, name) VALUES (27400, 14279, 'Space21318');
INSERT INTO spaces (id, item_id, hour_price) VALUES (21318, 27400, 0);
INSERT INTO items (id, venue_id, name) VALUES (27401, 14279, 'Space21319');
INSERT INTO spaces (id, item_id, hour_price) VALUES (21319, 27401, 0);
INSERT INTO items (id, venue_id, name) VALUES (27402, 14279, 'Space21320');
INSERT INTO spaces (id, item_id, hour_price) VALUES (21320, 27402, 0);
INSERT INTO items (id, venue_id, name) VALUES (27403, 14279, 'Space21321');
INSERT INTO spaces (id, item_id, hour_price) VALUES (21321, 27403, 0);
INSERT INTO items (id, venue_id, name) VALUES (27404, 14279, 'Space21322');
INSERT INTO spaces (id, item_id, hour_price) VALUES (21322, 27404, 20);
INSERT INTO items (id, venue_id, name) VALUES (27417, 14279, 'Space21335');
INSERT INTO spaces (id, item_id, hour_price) VALUES (21335, 27417, 15);
INSERT INTO items (id, venue_id, name) VALUES (27418, 14279, 'Space21336');
INSERT INTO spaces (id, item_id, hour_price) VALUES (21336, 27418, 10);
INSERT INTO venues (id, name) VALUES (14280, 'Venue14280');
INSERT INTO items (id, venue_id, name) VALUES (27405, 14280, 'Space21323');
INSERT INTO spaces (id, item_id, hour_price) VALUES (21323, 27405, 0);
INSERT INTO items (id, venue_id, name) VALUES (27406, 14280, 'Space21324');
INSERT INTO spaces (id, item_id, hour_price) VALUES (21324, 27406, 0);
INSERT INTO items (id, venue_id, name) VALUES (27407, 14280, 'Space21325');
INSERT INTO spaces (id, item_id, hour_price) VALUES (21325, 27407, 0);
INSERT INTO items (id, venue_id, name) VALUES (27408, 14280, 'Space21326');
INSERT INTO spaces (id, item_id, hour_price) VALUES (21326, 27408, 0);
INSERT INTO items (id, venue_id, name) VALUES (27409, 14280, 'Space21327');
INSERT INTO spaces (id, item_id, hour_price) VALUES (21327, 27409, 0);
INSERT INTO items (id, venue_id, name) VALUES (27410, 14280, 'Space21328');
INSERT INTO spaces (id, item_id, hour_price) VALUES (21328, 27410, 0);
INSERT INTO venues (id, name) VALUES (14284, 'Venue14284');
INSERT INTO items (id, venue_id, name) VALUES (27411, 14284, 'Space21329');
INSERT INTO spaces (id, item_id, hour_price) VALUES (21329, 27411, 0);
INSERT INTO items (id, venue_id, name) VALUES (27412, 14284, 'Space21330');
INSERT INTO spaces (id, item_id, hour_price) VALUES (21330, 27412, 0);
INSERT INTO items (id, venue_id, name) VALUES (27413, 14284, 'Space21331');
INSERT INTO spaces (id, item_id, hour_price) VALUES (21331, 27413, 0);
INSERT INTO items (id, venue_id, name) VALUES (27414, 14284, 'Space21332');
INSERT INTO spaces (id, item_id, hour_price) VALUES (21332, 27414, 0);
INSERT INTO items (id, venue_id, name) VALUES (27415, 14284, 'Space21333');
INSERT INTO spaces (id, item_id, hour_price) VALUES (21333, 27415, 0);
INSERT INTO items (id, venue_id, name) VALUES (27416, 14284, 'Space21334');
INSERT INTO spaces (id, item_id, hour_price) VALUES (21334, 27416, 0);
INSERT INTO venues (id, name) VALUES (14285, 'Venue14285');
INSERT INTO items (id, venue_id, name) VALUES (27419, 14285, 'Space21337');
INSERT INTO spaces (id, item_id, hour_price) VALUES (21337, 27419, 0);
INSERT INTO items (id, venue_id, name) VALUES (27420, 14285, 'Space21338');
INSERT INTO spaces (id, item_id, hour_price) VALUES (21338, 27420, 0);
INSERT INTO items (id, venue_id, name) VALUES (27421, 14285, 'Space21339');
INSERT INTO spaces (id, item_id, hour_price) VALUES (21339, 27421, 0);
INSERT INTO items (id, venue_id, name) VALUES (27422, 14285, 'Space21340');
INSERT INTO spaces (id, item_id, hour_price) VALUES (21340, 27422, 0);
INSERT INTO items (id, venue_id, name) VALUES (27423, 14285, 'Space21341');
INSERT INTO spaces (id, item_id, hour_price) VALUES (21341, 27423, 0);
INSERT INTO items (id, venue_id, name) VALUES (27424, 14285, 'Space21342');
INSERT INTO spaces (id, item_id, hour_price) VALUES (21342, 27424, 0);
INSERT INTO items (id, venue_id, name) VALUES (27503, 14285, 'Space21381');
INSERT INTO spaces (id, item_id, hour_price) VALUES (21381, 27503, 10);
INSERT INTO items (id, venue_id, name) VALUES (27505, 14285, 'Space21383');
INSERT INTO spaces (id, item_id, hour_price) VALUES (21383, 27505, 37.5);
INSERT INTO items (id, venue_id, name) VALUES (27506, 14285, 'Product16115');
INSERT INTO products (id, item_id, price) VALUES (16115, 27506, 6);
INSERT INTO venues (id, name) VALUES (14291, 'Venue14291');
INSERT INTO items (id, venue_id, name) VALUES (27425, 14291, 'Space21343');
INSERT INTO spaces (id, item_id, hour_price) VALUES (21343, 27425, 0);
INSERT INTO items (id, venue_id, name) VALUES (27426, 14291, 'Space21344');
INSERT INTO spaces (id, item_id, hour_price) VALUES (21344, 27426, 0);
INSERT INTO items (id, venue_id, name) VALUES (27427, 14291, 'Space21345');
INSERT INTO spaces (id, item_id, hour_price) VALUES (21345, 27427, 0);
INSERT INTO items (id, venue_id, name) VALUES (27428, 14291, 'Space21346');
INSERT INTO spaces (id, item_id, hour_price) VALUES (21346, 27428, 0);
INSERT INTO items (id, venue_id, name) VALUES (27429, 14291, 'Space21347');
INSERT INTO spaces (id, item_id, hour_price) VALUES (21347, 27429, 0);
INSERT INTO items (id, venue_id, name) VALUES (27430, 14291, 'Space21348');
INSERT INTO spaces (id, item_id, hour_price) VALUES (21348, 27430, 0);
INSERT INTO items (id, venue_id, name) VALUES (27431, 14291, 'Space21349');
INSERT INTO spaces (id, item_id, hour_price) VALUES (21349, 27431, 18);
INSERT INTO items (id, venue_id, name) VALUES (27432, 14291, 'Product16075');
INSERT INTO products (id, item_id, price) VALUES (16075, 27432, 6);
INSERT INTO venues (id, name) VALUES (14295, 'Venue14295');
INSERT INTO items (id, venue_id, name) VALUES (27434, 14295, 'Space21350');
INSERT INTO spaces (id, item_id, hour_price) VALUES (21350, 27434, 0);
INSERT INTO items (id, venue_id, name) VALUES (27435, 14295, 'Space21351');
INSERT INTO spaces (id, item_id, hour_price) VALUES (21351, 27435, 0);
INSERT INTO items (id, venue_id, name) VALUES (27436, 14295, 'Space21352');
INSERT INTO spaces (id, item_id, hour_price) VALUES (21352, 27436, 0);
INSERT INTO items (id, venue_id, name) VALUES (27437, 14295, 'Space21353');
INSERT INTO spaces (id, item_id, hour_price) VALUES (21353, 27437, 0);
INSERT INTO items (id, venue_id, name) VALUES (27438, 14295, 'Space21354');
INSERT INTO spaces (id, item_id, hour_price) VALUES (21354, 27438, 0);
INSERT INTO items (id, venue_id, name) VALUES (27439, 14295, 'Space21355');
INSERT INTO spaces (id, item_id, hour_price) VALUES (21355, 27439, 0);
INSERT INTO items (id, venue_id, name) VALUES (27440, 14295, 'Space21356');
INSERT INTO spaces (id, item_id, hour_price) VALUES (21356, 27440, 15);
INSERT INTO items (id, venue_id, name) VALUES (27441, 14295, 'Space21357');
INSERT INTO spaces (id, item_id, hour_price) VALUES (21357, 27441, 32);
INSERT INTO items (id, venue_id, name) VALUES (27442, 14295, 'Space21358');
INSERT INTO spaces (id, item_id, hour_price) VALUES (21358, 27442, 16);
INSERT INTO items (id, venue_id, name) VALUES (27443, 14295, 'Product16077');
INSERT INTO products (id, item_id, price) VALUES (16077, 27443, 2);
INSERT INTO items (id, venue_id, name) VALUES (27444, 14295, 'Product16078');
INSERT INTO products (id, item_id, price) VALUES (16078, 27444, 5);
INSERT INTO items (id, venue_id, name) VALUES (27445, 14295, 'Product16079');
INSERT INTO products (id, item_id, price) VALUES (16079, 27445, 15);
INSERT INTO items (id, venue_id, name) VALUES (27446, 14295, 'Product16080');
INSERT INTO products (id, item_id, price) VALUES (16080, 27446, 0);
INSERT INTO items (id, venue_id, name) VALUES (27447, 14295, 'Product16081');
INSERT INTO products (id, item_id, price) VALUES (16081, 27447, 0);
INSERT INTO items (id, venue_id, name) VALUES (27448, 14295, 'Product16082');
INSERT INTO products (id, item_id, price) VALUES (16082, 27448, 0);
INSERT INTO items (id, venue_id, name) VALUES (27449, 14295, 'Product16083');
INSERT INTO products (id, item_id, price) VALUES (16083, 27449, 0);
INSERT INTO items (id, venue_id, name) VALUES (27450, 14295, 'Product16084');
INSERT INTO products (id, item_id, price) VALUES (16084, 27450, 0);
INSERT INTO items (id, venue_id, name) VALUES (27451, 14295, 'Product16085');
INSERT INTO products (id, item_id, price) VALUES (16085, 27451, 0);
INSERT INTO venues (id, name) VALUES (14301, 'Venue14301');
INSERT INTO items (id, venue_id, name) VALUES (27452, 14301, 'Space21359');
INSERT INTO spaces (id, item_id, hour_price) VALUES (21359, 27452, 0);
INSERT INTO items (id, venue_id, name) VALUES (27453, 14301, 'Space21360');
INSERT INTO spaces (id, item_id, hour_price) VALUES (21360, 27453, 0);
INSERT INTO items (id, venue_id, name) VALUES (27454, 14301, 'Space21361');
INSERT INTO spaces (id, item_id, hour_price) VALUES (21361, 27454, 0);
INSERT INTO items (id, venue_id, name) VALUES (27455, 14301, 'Space21362');
INSERT INTO spaces (id, item_id, hour_price) VALUES (21362, 27455, 0);
INSERT INTO items (id, venue_id, name) VALUES (27456, 14301, 'Space21363');
INSERT INTO spaces (id, item_id, hour_price) VALUES (21363, 27456, 0);
INSERT INTO items (id, venue_id, name) VALUES (27457, 14301, 'Space21364');
INSERT INTO spaces (id, item_id, hour_price) VALUES (21364, 27457, 0);
INSERT INTO items (id, venue_id, name) VALUES (27458, 14301, 'Space21365');
INSERT INTO spaces (id, item_id, hour_price) VALUES (21365, 27458, 2);
INSERT INTO venues (id, name) VALUES (14306, 'Venue14306');
INSERT INTO items (id, venue_id, name) VALUES (27459, 14306, 'Space21366');
INSERT INTO spaces (id, item_id, hour_price) VALUES (21366, 27459, 0);
INSERT INTO items (id, venue_id, name) VALUES (27460, 14306, 'Space21367');
INSERT INTO spaces (id, item_id, hour_price) VALUES (21367, 27460, 0);
INSERT INTO items (id, venue_id, name) VALUES (27461, 14306, 'Space21368');
INSERT INTO spaces (id, item_id, hour_price) VALUES (21368, 27461, 0);
INSERT INTO items (id, venue_id, name) VALUES (27462, 14306, 'Space21369');
INSERT INTO spaces (id, item_id, hour_price) VALUES (21369, 27462, 0);
INSERT INTO items (id, venue_id, name) VALUES (27463, 14306, 'Space21370');
INSERT INTO spaces (id, item_id, hour_price) VALUES (21370, 27463, 0);
INSERT INTO items (id, venue_id, name) VALUES (27464, 14306, 'Space21371');
INSERT INTO spaces (id, item_id, hour_price) VALUES (21371, 27464, 0);
INSERT INTO items (id, venue_id, name) VALUES (27465, 14306, 'Space21372');
INSERT INTO spaces (id, item_id, hour_price) VALUES (21372, 27465, 60);
INSERT INTO items (id, venue_id, name) VALUES (27466, 14306, 'Product16086');
INSERT INTO products (id, item_id, price) VALUES (16086, 27466, 2);
INSERT INTO items (id, venue_id, name) VALUES (27467, 14306, 'Product16087');
INSERT INTO products (id, item_id, price) VALUES (16087, 27467, 1.8);
INSERT INTO items (id, venue_id, name) VALUES (27468, 14306, 'Product16088');
INSERT INTO products (id, item_id, price) VALUES (16088, 27468, 4);
INSERT INTO items (id, venue_id, name) VALUES (27469, 14306, 'Product16089');
INSERT INTO products (id, item_id, price) VALUES (16089, 27469, 15);
INSERT INTO items (id, venue_id, name) VALUES (27470, 14306, 'Product16090');
INSERT INTO products (id, item_id, price) VALUES (16090, 27470, 12.5);
INSERT INTO items (id, venue_id, name) VALUES (27471, 14306, 'Product16091');
INSERT INTO products (id, item_id, price) VALUES (16091, 27471, 0);
INSERT INTO items (id, venue_id, name) VALUES (27472, 14306, 'Product16092');
INSERT INTO products (id, item_id, price) VALUES (16092, 27472, 0);
INSERT INTO items (id, venue_id, name) VALUES (27473, 14306, 'Product16093');
INSERT INTO products (id, item_id, price) VALUES (16093, 27473, 0);
INSERT INTO items (id, venue_id, name) VALUES (27474, 14306, 'Product16094');
INSERT INTO products (id, item_id, price) VALUES (16094, 27474, 0);
INSERT INTO items (id, venue_id, name) VALUES (27475, 14306, 'Product16095');
INSERT INTO products (id, item_id, price) VALUES (16095, 27475, 0);
INSERT INTO items (id, venue_id, name) VALUES (27476, 14306, 'Product16096');
INSERT INTO products (id, item_id, price) VALUES (16096, 27476, 0);
INSERT INTO items (id, venue_id, name) VALUES (27477, 14306, 'Product16097');
INSERT INTO products (id, item_id, price) VALUES (16097, 27477, 20);
INSERT INTO items (id, venue_id, name) VALUES (27478, 14306, 'Product16098');
INSERT INTO products (id, item_id, price) VALUES (16098, 27478, 2.5);
INSERT INTO items (id, venue_id, name) VALUES (27479, 14306, 'Product16099');
INSERT INTO products (id, item_id, price) VALUES (16099, 27479, 3.5);
INSERT INTO items (id, venue_id, name) VALUES (27480, 14306, 'Product16100');
INSERT INTO products (id, item_id, price) VALUES (16100, 27480, 100);
INSERT INTO venues (id, name) VALUES (14310, 'Venue14310');
INSERT INTO items (id, venue_id, name) VALUES (27481, 14310, 'Space21373');
INSERT INTO spaces (id, item_id, hour_price) VALUES (21373, 27481, 0);
INSERT INTO items (id, venue_id, name) VALUES (27482, 14310, 'Space21374');
INSERT INTO spaces (id, item_id, hour_price) VALUES (21374, 27482, 0);
INSERT INTO items (id, venue_id, name) VALUES (27483, 14310, 'Space21375');
INSERT INTO spaces (id, item_id, hour_price) VALUES (21375, 27483, 0);
INSERT INTO items (id, venue_id, name) VALUES (27484, 14310, 'Space21376');
INSERT INTO spaces (id, item_id, hour_price) VALUES (21376, 27484, 0);
INSERT INTO items (id, venue_id, name) VALUES (27485, 14310, 'Space21377');
INSERT INTO spaces (id, item_id, hour_price) VALUES (21377, 27485, 0);
INSERT INTO items (id, venue_id, name) VALUES (27486, 14310, 'Space21378');
INSERT INTO spaces (id, item_id, hour_price) VALUES (21378, 27486, 0);
INSERT INTO items (id, venue_id, name) VALUES (27487, 14310, 'Space21379');
INSERT INTO spaces (id, item_id, hour_price) VALUES (21379, 27487, 5);
INSERT INTO items (id, venue_id, name) VALUES (27488, 14310, 'Product16101');
INSERT INTO products (id, item_id, price) VALUES (16101, 27488, 1.95);
INSERT INTO items (id, venue_id, name) VALUES (27489, 14310, 'Product16102');
INSERT INTO products (id, item_id, price) VALUES (16102, 27489, 1.95);
INSERT INTO items (id, venue_id, name) VALUES (27490, 14310, 'Product16103');
INSERT INTO products (id, item_id, price) VALUES (16103, 27490, 15);
INSERT INTO items (id, venue_id, name) VALUES (27491, 14310, 'Product16104');
INSERT INTO products (id, item_id, price) VALUES (16104, 27491, 15);
INSERT INTO items (id, venue_id, name) VALUES (27492, 14310, 'Product16105');
INSERT INTO products (id, item_id, price) VALUES (16105, 27492, 12.95);
INSERT INTO items (id, venue_id, name) VALUES (27493, 14310, 'Product16106');
INSERT INTO products (id, item_id, price) VALUES (16106, 27493, 0);
INSERT INTO items (id, venue_id, name) VALUES (27494, 14310, 'Product16107');
INSERT INTO products (id, item_id, price) VALUES (16107, 27494, 12.5);
INSERT INTO items (id, venue_id, name) VALUES (27495, 14310, 'Product16108');
INSERT INTO products (id, item_id, price) VALUES (16108, 27495, 0);
INSERT INTO items (id, venue_id, name) VALUES (27496, 14310, 'Product16109');
INSERT INTO products (id, item_id, price) VALUES (16109, 27496, 0);
INSERT INTO items (id, venue_id, name) VALUES (27497, 14310, 'Product16110');
INSERT INTO products (id, item_id, price) VALUES (16110, 27497, 0);
INSERT INTO items (id, venue_id, name) VALUES (27498, 14310, 'Product16111');
INSERT INTO products (id, item_id, price) VALUES (16111, 27498, 0);
INSERT INTO items (id, venue_id, name) VALUES (27499, 14310, 'Product16112');
INSERT INTO products (id, item_id, price) VALUES (16112, 27499, 0);
INSERT INTO items (id, venue_id, name) VALUES (27500, 14310, 'Product16113');
INSERT INTO products (id, item_id, price) VALUES (16113, 27500, 0);
INSERT INTO venues (id, name) VALUES (14312, 'Venue14312');
INSERT INTO items (id, venue_id, name) VALUES (27524, 14312, 'Space21388');
INSERT INTO spaces (id, item_id, hour_price) VALUES (21388, 27524, 0);
INSERT INTO items (id, venue_id, name) VALUES (27525, 14312, 'Space21389');
INSERT INTO spaces (id, item_id, hour_price) VALUES (21389, 27525, 0);
INSERT INTO items (id, venue_id, name) VALUES (27526, 14312, 'Space21390');
INSERT INTO spaces (id, item_id, hour_price) VALUES (21390, 27526, 0);
INSERT INTO items (id, venue_id, name) VALUES (27527, 14312, 'Space21391');
INSERT INTO spaces (id, item_id, hour_price) VALUES (21391, 27527, 0);
INSERT INTO items (id, venue_id, name) VALUES (27528, 14312, 'Space21392');
INSERT INTO spaces (id, item_id, hour_price) VALUES (21392, 27528, 0);
INSERT INTO items (id, venue_id, name) VALUES (27529, 14312, 'Space21393');
INSERT INTO spaces (id, item_id, hour_price) VALUES (21393, 27529, 0);
INSERT INTO items (id, venue_id, name) VALUES (27532, 14312, 'Space21396');
INSERT INTO spaces (id, item_id, hour_price) VALUES (21396, 27532, 30);
INSERT INTO venues (id, name) VALUES (14318, 'Venue14318');
INSERT INTO items (id, venue_id, name) VALUES (27535, 14318, 'Space21398');
INSERT INTO spaces (id, item_id, hour_price) VALUES (21398, 27535, 0);
INSERT INTO items (id, venue_id, name) VALUES (27536, 14318, 'Space21399');
INSERT INTO spaces (id, item_id, hour_price) VALUES (21399, 27536, 0);
INSERT INTO items (id, venue_id, name) VALUES (27537, 14318, 'Space21400');
INSERT INTO spaces (id, item_id, hour_price) VALUES (21400, 27537, 0);
INSERT INTO items (id, venue_id, name) VALUES (27538, 14318, 'Space21401');
INSERT INTO spaces (id, item_id, hour_price) VALUES (21401, 27538, 0);
INSERT INTO items (id, venue_id, name) VALUES (27539, 14318, 'Space21402');
INSERT INTO spaces (id, item_id, hour_price) VALUES (21402, 27539, 0);
INSERT INTO items (id, venue_id, name) VALUES (27540, 14318, 'Space21403');
INSERT INTO spaces (id, item_id, hour_price) VALUES (21403, 27540, 0);
INSERT INTO items (id, venue_id, name) VALUES (27541, 14318, 'Space21404');
INSERT INTO spaces (id, item_id, hour_price) VALUES (21404, 27541, 20);
INSERT INTO items (id, venue_id, name) VALUES (27604, 14318, 'Space21450');
INSERT INTO spaces (id, item_id, hour_price) VALUES (21450, 27604, 4.4);
INSERT INTO items (id, venue_id, name) VALUES (27681, 14318, 'Product16191');
INSERT INTO products (id, item_id, price) VALUES (16191, 27681, 1);
INSERT INTO items (id, venue_id, name) VALUES (27682, 14318, 'Product16192');
INSERT INTO products (id, item_id, price) VALUES (16192, 27682, 1.5);
INSERT INTO items (id, venue_id, name) VALUES (27683, 14318, 'Product16193');
INSERT INTO products (id, item_id, price) VALUES (16193, 27683, 10);
INSERT INTO venues (id, name) VALUES (14324, 'Venue14324');
INSERT INTO items (id, venue_id, name) VALUES (27545, 14324, 'Space21405');
INSERT INTO spaces (id, item_id, hour_price) VALUES (21405, 27545, 0);
INSERT INTO items (id, venue_id, name) VALUES (27546, 14324, 'Space21406');
INSERT INTO spaces (id, item_id, hour_price) VALUES (21406, 27546, 0);
INSERT INTO items (id, venue_id, name) VALUES (27547, 14324, 'Space21407');
INSERT INTO spaces (id, item_id, hour_price) VALUES (21407, 27547, 0);
INSERT INTO items (id, venue_id, name) VALUES (27548, 14324, 'Space21408');
INSERT INTO spaces (id, item_id, hour_price) VALUES (21408, 27548, 0);
INSERT INTO items (id, venue_id, name) VALUES (27549, 14324, 'Space21409');
INSERT INTO spaces (id, item_id, hour_price) VALUES (21409, 27549, 0);
INSERT INTO items (id, venue_id, name) VALUES (27550, 14324, 'Space21410');
INSERT INTO spaces (id, item_id, hour_price) VALUES (21410, 27550, 0);
INSERT INTO items (id, venue_id, name) VALUES (27551, 14324, 'Space21411');
INSERT INTO spaces (id, item_id, hour_price) VALUES (21411, 27551, 5);
INSERT INTO items (id, venue_id, name) VALUES (27552, 14324, 'Product16133');
INSERT INTO products (id, item_id, price) VALUES (16133, 27552, 1.5);
INSERT INTO items (id, venue_id, name) VALUES (27553, 14324, 'Product16134');
INSERT INTO products (id, item_id, price) VALUES (16134, 27553, 1);
INSERT INTO venues (id, name) VALUES (14330, 'Venue14330');
INSERT INTO items (id, venue_id, name) VALUES (27555, 14330, 'Space21413');
INSERT INTO spaces (id, item_id, hour_price) VALUES (21413, 27555, 0);
INSERT INTO items (id, venue_id, name) VALUES (27556, 14330, 'Space21414');
INSERT INTO spaces (id, item_id, hour_price) VALUES (21414, 27556, 0);
INSERT INTO items (id, venue_id, name) VALUES (27557, 14330, 'Space21415');
INSERT INTO spaces (id, item_id, hour_price) VALUES (21415, 27557, 0);
INSERT INTO items (id, venue_id, name) VALUES (27558, 14330, 'Space21416');
INSERT INTO spaces (id, item_id, hour_price) VALUES (21416, 27558, 0);
INSERT INTO items (id, venue_id, name) VALUES (27559, 14330, 'Space21417');
INSERT INTO spaces (id, item_id, hour_price) VALUES (21417, 27559, 0);
INSERT INTO items (id, venue_id, name) VALUES (27560, 14330, 'Space21418');
INSERT INTO spaces (id, item_id, hour_price) VALUES (21418, 27560, 0);
INSERT INTO items (id, venue_id, name) VALUES (27561, 14330, 'Space21419');
INSERT INTO spaces (id, item_id, hour_price) VALUES (21419, 27561, 5);
INSERT INTO items (id, venue_id, name) VALUES (27994, 14330, 'Space21636');
INSERT INTO spaces (id, item_id, hour_price) VALUES (21636, 27994, 5.33);
INSERT INTO items (id, venue_id, name) VALUES (28019, 14330, 'Space21650');
INSERT INTO spaces (id, item_id, hour_price) VALUES (21650, 28019, 5.33);
INSERT INTO venues (id, name) VALUES (14335, 'Venue14335');
INSERT INTO items (id, venue_id, name) VALUES (27562, 14335, 'Space21420');
INSERT INTO spaces (id, item_id, hour_price) VALUES (21420, 27562, 0);
INSERT INTO items (id, venue_id, name) VALUES (27563, 14335, 'Space21421');
INSERT INTO spaces (id, item_id, hour_price) VALUES (21421, 27563, 0);
INSERT INTO items (id, venue_id, name) VALUES (27564, 14335, 'Space21422');
INSERT INTO spaces (id, item_id, hour_price) VALUES (21422, 27564, 0);
INSERT INTO items (id, venue_id, name) VALUES (27565, 14335, 'Space21423');
INSERT INTO spaces (id, item_id, hour_price) VALUES (21423, 27565, 0);
INSERT INTO items (id, venue_id, name) VALUES (27566, 14335, 'Space21424');
INSERT INTO spaces (id, item_id, hour_price) VALUES (21424, 27566, 0);
INSERT INTO items (id, venue_id, name) VALUES (27567, 14335, 'Space21425');
INSERT INTO spaces (id, item_id, hour_price) VALUES (21425, 27567, 0);
INSERT INTO items (id, venue_id, name) VALUES (27568, 14335, 'Space21426');
INSERT INTO spaces (id, item_id, hour_price) VALUES (21426, 27568, 20);
INSERT INTO items (id, venue_id, name) VALUES (27569, 14335, 'Product16135');
INSERT INTO products (id, item_id, price) VALUES (16135, 27569, 9.5);
INSERT INTO items (id, venue_id, name) VALUES (27570, 14335, 'Product16136');
INSERT INTO products (id, item_id, price) VALUES (16136, 27570, 9.5);
INSERT INTO items (id, venue_id, name) VALUES (27571, 14335, 'Product16137');
INSERT INTO products (id, item_id, price) VALUES (16137, 27571, 12.5);
INSERT INTO items (id, venue_id, name) VALUES (27572, 14335, 'Product16138');
INSERT INTO products (id, item_id, price) VALUES (16138, 27572, 0);
INSERT INTO items (id, venue_id, name) VALUES (27573, 14335, 'Product16139');
INSERT INTO products (id, item_id, price) VALUES (16139, 27573, 0);
INSERT INTO items (id, venue_id, name) VALUES (27574, 14335, 'Product16140');
INSERT INTO products (id, item_id, price) VALUES (16140, 27574, 0);
INSERT INTO items (id, venue_id, name) VALUES (27575, 14335, 'Product16141');
INSERT INTO products (id, item_id, price) VALUES (16141, 27575, 0);
INSERT INTO items (id, venue_id, name) VALUES (27576, 14335, 'Product16142');
INSERT INTO products (id, item_id, price) VALUES (16142, 27576, 0);
INSERT INTO items (id, venue_id, name) VALUES (27577, 14335, 'Product16143');
INSERT INTO products (id, item_id, price) VALUES (16143, 27577, 0);
INSERT INTO items (id, venue_id, name) VALUES (27578, 14335, 'Product16144');
INSERT INTO products (id, item_id, price) VALUES (16144, 27578, 0);
INSERT INTO items (id, venue_id, name) VALUES (27579, 14335, 'Product16145');
INSERT INTO products (id, item_id, price) VALUES (16145, 27579, 0);
INSERT INTO items (id, venue_id, name) VALUES (27580, 14335, 'Product16146');
INSERT INTO products (id, item_id, price) VALUES (16146, 27580, 17.5);
INSERT INTO items (id, venue_id, name) VALUES (27581, 14335, 'Space21427');
INSERT INTO spaces (id, item_id, hour_price) VALUES (21427, 27581, 15);
INSERT INTO items (id, venue_id, name) VALUES (27582, 14335, 'Space21428');
INSERT INTO spaces (id, item_id, hour_price) VALUES (21428, 27582, 45);
INSERT INTO venues (id, name) VALUES (14336, 'Venue14336');
INSERT INTO items (id, venue_id, name) VALUES (27584, 14336, 'Space21430');
INSERT INTO spaces (id, item_id, hour_price) VALUES (21430, 27584, 0);
INSERT INTO items (id, venue_id, name) VALUES (27585, 14336, 'Space21431');
INSERT INTO spaces (id, item_id, hour_price) VALUES (21431, 27585, 0);
INSERT INTO items (id, venue_id, name) VALUES (27586, 14336, 'Space21432');
INSERT INTO spaces (id, item_id, hour_price) VALUES (21432, 27586, 0);
INSERT INTO items (id, venue_id, name) VALUES (27588, 14336, 'Space21434');
INSERT INTO spaces (id, item_id, hour_price) VALUES (21434, 27588, 0);
INSERT INTO items (id, venue_id, name) VALUES (27590, 14336, 'Space21436');
INSERT INTO spaces (id, item_id, hour_price) VALUES (21436, 27590, 0);
INSERT INTO items (id, venue_id, name) VALUES (27593, 14336, 'Space21439');
INSERT INTO spaces (id, item_id, hour_price) VALUES (21439, 27593, 0);
INSERT INTO venues (id, name) VALUES (14337, 'Venue14337');
INSERT INTO items (id, venue_id, name) VALUES (27587, 14337, 'Space21433');
INSERT INTO spaces (id, item_id, hour_price) VALUES (21433, 27587, 0);
INSERT INTO items (id, venue_id, name) VALUES (27592, 14337, 'Space21438');
INSERT INTO spaces (id, item_id, hour_price) VALUES (21438, 27592, 0);
INSERT INTO items (id, venue_id, name) VALUES (27595, 14337, 'Space21441');
INSERT INTO spaces (id, item_id, hour_price) VALUES (21441, 27595, 0);
INSERT INTO items (id, venue_id, name) VALUES (27597, 14337, 'Space21443');
INSERT INTO spaces (id, item_id, hour_price) VALUES (21443, 27597, 0);
INSERT INTO items (id, venue_id, name) VALUES (27599, 14337, 'Space21445');
INSERT INTO spaces (id, item_id, hour_price) VALUES (21445, 27599, 0);
INSERT INTO items (id, venue_id, name) VALUES (27601, 14337, 'Space21447');
INSERT INTO spaces (id, item_id, hour_price) VALUES (21447, 27601, 0);
INSERT INTO venues (id, name) VALUES (14338, 'Venue14338');
INSERT INTO items (id, venue_id, name) VALUES (27589, 14338, 'Space21435');
INSERT INTO spaces (id, item_id, hour_price) VALUES (21435, 27589, 0);
INSERT INTO items (id, venue_id, name) VALUES (27591, 14338, 'Space21437');
INSERT INTO spaces (id, item_id, hour_price) VALUES (21437, 27591, 0);
INSERT INTO items (id, venue_id, name) VALUES (27594, 14338, 'Space21440');
INSERT INTO spaces (id, item_id, hour_price) VALUES (21440, 27594, 0);
INSERT INTO items (id, venue_id, name) VALUES (27596, 14338, 'Space21442');
INSERT INTO spaces (id, item_id, hour_price) VALUES (21442, 27596, 0);
INSERT INTO items (id, venue_id, name) VALUES (27598, 14338, 'Space21444');
INSERT INTO spaces (id, item_id, hour_price) VALUES (21444, 27598, 0);
INSERT INTO items (id, venue_id, name) VALUES (27600, 14338, 'Space21446');
INSERT INTO spaces (id, item_id, hour_price) VALUES (21446, 27600, 0);
INSERT INTO venues (id, name) VALUES (14342, 'Venue14342');
INSERT INTO items (id, venue_id, name) VALUES (27605, 14342, 'Space21451');
INSERT INTO spaces (id, item_id, hour_price) VALUES (21451, 27605, 0);
INSERT INTO items (id, venue_id, name) VALUES (27606, 14342, 'Space21452');
INSERT INTO spaces (id, item_id, hour_price) VALUES (21452, 27606, 0);
INSERT INTO items (id, venue_id, name) VALUES (27607, 14342, 'Space21453');
INSERT INTO spaces (id, item_id, hour_price) VALUES (21453, 27607, 0);
INSERT INTO items (id, venue_id, name) VALUES (27608, 14342, 'Space21454');
INSERT INTO spaces (id, item_id, hour_price) VALUES (21454, 27608, 0);
INSERT INTO items (id, venue_id, name) VALUES (27609, 14342, 'Space21455');
INSERT INTO spaces (id, item_id, hour_price) VALUES (21455, 27609, 0);
INSERT INTO items (id, venue_id, name) VALUES (27610, 14342, 'Space21456');
INSERT INTO spaces (id, item_id, hour_price) VALUES (21456, 27610, 0);
INSERT INTO items (id, venue_id, name) VALUES (27611, 14342, 'Space21457');
INSERT INTO spaces (id, item_id, hour_price) VALUES (21457, 27611, 25);
INSERT INTO items (id, venue_id, name) VALUES (27612, 14342, 'Space21458');
INSERT INTO spaces (id, item_id, hour_price) VALUES (21458, 27612, 25);
INSERT INTO items (id, venue_id, name) VALUES (27613, 14342, 'Space21459');
INSERT INTO spaces (id, item_id, hour_price) VALUES (21459, 27613, 5);
INSERT INTO items (id, venue_id, name) VALUES (27614, 14342, 'Product16147');
INSERT INTO products (id, item_id, price) VALUES (16147, 27614, 0);
INSERT INTO items (id, venue_id, name) VALUES (27615, 14342, 'Product16148');
INSERT INTO products (id, item_id, price) VALUES (16148, 27615, 0);
INSERT INTO items (id, venue_id, name) VALUES (27616, 14342, 'Product16149');
INSERT INTO products (id, item_id, price) VALUES (16149, 27616, 0);
INSERT INTO items (id, venue_id, name) VALUES (27617, 14342, 'Product16150');
INSERT INTO products (id, item_id, price) VALUES (16150, 27617, 0);
INSERT INTO items (id, venue_id, name) VALUES (27618, 14342, 'Product16151');
INSERT INTO products (id, item_id, price) VALUES (16151, 27618, 0);
INSERT INTO items (id, venue_id, name) VALUES (27619, 14342, 'Product16152');
INSERT INTO products (id, item_id, price) VALUES (16152, 27619, 0);
INSERT INTO items (id, venue_id, name) VALUES (27620, 14342, 'Product16153');
INSERT INTO products (id, item_id, price) VALUES (16153, 27620, 0);
INSERT INTO items (id, venue_id, name) VALUES (27621, 14342, 'Product16154');
INSERT INTO products (id, item_id, price) VALUES (16154, 27621, 0);
INSERT INTO items (id, venue_id, name) VALUES (27622, 14342, 'Product16155');
INSERT INTO products (id, item_id, price) VALUES (16155, 27622, 0);
INSERT INTO items (id, venue_id, name) VALUES (27623, 14342, 'Product16156');
INSERT INTO products (id, item_id, price) VALUES (16156, 27623, 0);
INSERT INTO venues (id, name) VALUES (14348, 'Venue14348');
INSERT INTO items (id, venue_id, name) VALUES (27624, 14348, 'Space21460');
INSERT INTO spaces (id, item_id, hour_price) VALUES (21460, 27624, 0);
INSERT INTO items (id, venue_id, name) VALUES (27625, 14348, 'Space21461');
INSERT INTO spaces (id, item_id, hour_price) VALUES (21461, 27625, 0);
INSERT INTO items (id, venue_id, name) VALUES (27626, 14348, 'Space21462');
INSERT INTO spaces (id, item_id, hour_price) VALUES (21462, 27626, 0);
INSERT INTO items (id, venue_id, name) VALUES (27627, 14348, 'Space21463');
INSERT INTO spaces (id, item_id, hour_price) VALUES (21463, 27627, 0);
INSERT INTO items (id, venue_id, name) VALUES (27628, 14348, 'Space21464');
INSERT INTO spaces (id, item_id, hour_price) VALUES (21464, 27628, 0);
INSERT INTO items (id, venue_id, name) VALUES (27629, 14348, 'Space21465');
INSERT INTO spaces (id, item_id, hour_price) VALUES (21465, 27629, 0);
INSERT INTO items (id, venue_id, name) VALUES (27630, 14348, 'Space21466');
INSERT INTO spaces (id, item_id, hour_price) VALUES (21466, 27630, 80);
INSERT INTO items (id, venue_id, name) VALUES (27631, 14348, 'Product16157');
INSERT INTO products (id, item_id, price) VALUES (16157, 27631, 0);
INSERT INTO items (id, venue_id, name) VALUES (27632, 14348, 'Product16158');
INSERT INTO products (id, item_id, price) VALUES (16158, 27632, 0);
INSERT INTO items (id, venue_id, name) VALUES (27633, 14348, 'Product16159');
INSERT INTO products (id, item_id, price) VALUES (16159, 27633, 0);
INSERT INTO items (id, venue_id, name) VALUES (27634, 14348, 'Product16160');
INSERT INTO products (id, item_id, price) VALUES (16160, 27634, 0);
INSERT INTO items (id, venue_id, name) VALUES (27635, 14348, 'Product16161');
INSERT INTO products (id, item_id, price) VALUES (16161, 27635, 0);
INSERT INTO items (id, venue_id, name) VALUES (27636, 14348, 'Product16162');
INSERT INTO products (id, item_id, price) VALUES (16162, 27636, 0);
INSERT INTO items (id, venue_id, name) VALUES (27637, 14348, 'Product16163');
INSERT INTO products (id, item_id, price) VALUES (16163, 27637, 0);
INSERT INTO items (id, venue_id, name) VALUES (27638, 14348, 'Product16164');
INSERT INTO products (id, item_id, price) VALUES (16164, 27638, 0);
INSERT INTO items (id, venue_id, name) VALUES (27639, 14348, 'Product16165');
INSERT INTO products (id, item_id, price) VALUES (16165, 27639, 0);
INSERT INTO items (id, venue_id, name) VALUES (27640, 14348, 'Product16166');
INSERT INTO products (id, item_id, price) VALUES (16166, 27640, 0);
INSERT INTO items (id, venue_id, name) VALUES (27641, 14348, 'Product16167');
INSERT INTO products (id, item_id, price) VALUES (16167, 27641, 0);
INSERT INTO items (id, venue_id, name) VALUES (27642, 14348, 'Product16168');
INSERT INTO products (id, item_id, price) VALUES (16168, 27642, 0);
INSERT INTO items (id, venue_id, name) VALUES (27643, 14348, 'Product16169');
INSERT INTO products (id, item_id, price) VALUES (16169, 27643, 0);
INSERT INTO items (id, venue_id, name) VALUES (27644, 14348, 'Product16170');
INSERT INTO products (id, item_id, price) VALUES (16170, 27644, 0);
INSERT INTO items (id, venue_id, name) VALUES (27645, 14348, 'Product16171');
INSERT INTO products (id, item_id, price) VALUES (16171, 27645, 0);
INSERT INTO items (id, venue_id, name) VALUES (27646, 14348, 'Product16172');
INSERT INTO products (id, item_id, price) VALUES (16172, 27646, 0);
INSERT INTO venues (id, name) VALUES (14353, 'Venue14353');
INSERT INTO items (id, venue_id, name) VALUES (27647, 14353, 'Space21467');
INSERT INTO spaces (id, item_id, hour_price) VALUES (21467, 27647, 0);
INSERT INTO items (id, venue_id, name) VALUES (27648, 14353, 'Space21468');
INSERT INTO spaces (id, item_id, hour_price) VALUES (21468, 27648, 0);
INSERT INTO items (id, venue_id, name) VALUES (27649, 14353, 'Space21469');
INSERT INTO spaces (id, item_id, hour_price) VALUES (21469, 27649, 0);
INSERT INTO items (id, venue_id, name) VALUES (27650, 14353, 'Space21470');
INSERT INTO spaces (id, item_id, hour_price) VALUES (21470, 27650, 0);
INSERT INTO items (id, venue_id, name) VALUES (27651, 14353, 'Space21471');
INSERT INTO spaces (id, item_id, hour_price) VALUES (21471, 27651, 0);
INSERT INTO items (id, venue_id, name) VALUES (27652, 14353, 'Space21472');
INSERT INTO spaces (id, item_id, hour_price) VALUES (21472, 27652, 0);
INSERT INTO items (id, venue_id, name) VALUES (27653, 14353, 'Space21473');
INSERT INTO spaces (id, item_id, hour_price) VALUES (21473, 27653, 50);
INSERT INTO venues (id, name) VALUES (14357, 'Venue14357');
INSERT INTO items (id, venue_id, name) VALUES (27654, 14357, 'Space21474');
INSERT INTO spaces (id, item_id, hour_price) VALUES (21474, 27654, 0);
INSERT INTO items (id, venue_id, name) VALUES (27655, 14357, 'Space21475');
INSERT INTO spaces (id, item_id, hour_price) VALUES (21475, 27655, 0);
INSERT INTO items (id, venue_id, name) VALUES (27656, 14357, 'Space21476');
INSERT INTO spaces (id, item_id, hour_price) VALUES (21476, 27656, 0);
INSERT INTO items (id, venue_id, name) VALUES (27657, 14357, 'Space21477');
INSERT INTO spaces (id, item_id, hour_price) VALUES (21477, 27657, 0);
INSERT INTO items (id, venue_id, name) VALUES (27658, 14357, 'Space21478');
INSERT INTO spaces (id, item_id, hour_price) VALUES (21478, 27658, 0);
INSERT INTO items (id, venue_id, name) VALUES (27659, 14357, 'Space21479');
INSERT INTO spaces (id, item_id, hour_price) VALUES (21479, 27659, 0);
INSERT INTO items (id, venue_id, name) VALUES (27661, 14357, 'Product16173');
INSERT INTO products (id, item_id, price) VALUES (16173, 27661, 10);
INSERT INTO items (id, venue_id, name) VALUES (27662, 14357, 'Product16174');
INSERT INTO products (id, item_id, price) VALUES (16174, 27662, 7.5);
INSERT INTO items (id, venue_id, name) VALUES (27663, 14357, 'Product16175');
INSERT INTO products (id, item_id, price) VALUES (16175, 27663, 0);
INSERT INTO items (id, venue_id, name) VALUES (27664, 14357, 'Product16176');
INSERT INTO products (id, item_id, price) VALUES (16176, 27664, 0);
INSERT INTO items (id, venue_id, name) VALUES (27665, 14357, 'Product16177');
INSERT INTO products (id, item_id, price) VALUES (16177, 27665, 0);
INSERT INTO items (id, venue_id, name) VALUES (27666, 14357, 'Product16178');
INSERT INTO products (id, item_id, price) VALUES (16178, 27666, 0);
INSERT INTO items (id, venue_id, name) VALUES (27667, 14357, 'Product16179');
INSERT INTO products (id, item_id, price) VALUES (16179, 27667, 0);
INSERT INTO items (id, venue_id, name) VALUES (27668, 14357, 'Product16180');
INSERT INTO products (id, item_id, price) VALUES (16180, 27668, 0);
INSERT INTO items (id, venue_id, name) VALUES (27669, 14357, 'Product16181');
INSERT INTO products (id, item_id, price) VALUES (16181, 27669, 0);
INSERT INTO items (id, venue_id, name) VALUES (27670, 14357, 'Product16182');
INSERT INTO products (id, item_id, price) VALUES (16182, 27670, 0);
INSERT INTO items (id, venue_id, name) VALUES (27671, 14357, 'Product16183');
INSERT INTO products (id, item_id, price) VALUES (16183, 27671, 0);
INSERT INTO items (id, venue_id, name) VALUES (27672, 14357, 'Product16184');
INSERT INTO products (id, item_id, price) VALUES (16184, 27672, 0);
INSERT INTO items (id, venue_id, name) VALUES (27955, 14357, 'Space21620');
INSERT INTO spaces (id, item_id, hour_price) VALUES (21620, 27955, 70);
INSERT INTO items (id, venue_id, name) VALUES (27956, 14357, 'Space21621');
INSERT INTO spaces (id, item_id, hour_price) VALUES (21621, 27956, 54);
INSERT INTO venues (id, name) VALUES (14367, 'Venue14367');
INSERT INTO items (id, venue_id, name) VALUES (27684, 14367, 'Space21483');
INSERT INTO spaces (id, item_id, hour_price) VALUES (21483, 27684, 0);
INSERT INTO items (id, venue_id, name) VALUES (27685, 14367, 'Space21484');
INSERT INTO spaces (id, item_id, hour_price) VALUES (21484, 27685, 0);
INSERT INTO items (id, venue_id, name) VALUES (27686, 14367, 'Space21485');
INSERT INTO spaces (id, item_id, hour_price) VALUES (21485, 27686, 0);
INSERT INTO items (id, venue_id, name) VALUES (27687, 14367, 'Space21486');
INSERT INTO spaces (id, item_id, hour_price) VALUES (21486, 27687, 0);
INSERT INTO items (id, venue_id, name) VALUES (27688, 14367, 'Space21487');
INSERT INTO spaces (id, item_id, hour_price) VALUES (21487, 27688, 0);
INSERT INTO items (id, venue_id, name) VALUES (27689, 14367, 'Space21488');
INSERT INTO spaces (id, item_id, hour_price) VALUES (21488, 27689, 0);
INSERT INTO items (id, venue_id, name) VALUES (27690, 14367, 'Space21489');
INSERT INTO spaces (id, item_id, hour_price) VALUES (21489, 27690, 35);
INSERT INTO items (id, venue_id, name) VALUES (27691, 14367, 'Space21490');
INSERT INTO spaces (id, item_id, hour_price) VALUES (21490, 27691, 25);
INSERT INTO items (id, venue_id, name) VALUES (27693, 14367, 'Product16194');
INSERT INTO products (id, item_id, price) VALUES (16194, 27693, 1);
INSERT INTO items (id, venue_id, name) VALUES (27695, 14367, 'Product16195');
INSERT INTO products (id, item_id, price) VALUES (16195, 27695, 1);
INSERT INTO items (id, venue_id, name) VALUES (27697, 14367, 'Product16196');
INSERT INTO products (id, item_id, price) VALUES (16196, 27697, 3);
INSERT INTO items (id, venue_id, name) VALUES (27700, 14367, 'Product16197');
INSERT INTO products (id, item_id, price) VALUES (16197, 27700, 3);
INSERT INTO items (id, venue_id, name) VALUES (27702, 14367, 'Product16198');
INSERT INTO products (id, item_id, price) VALUES (16198, 27702, 30);
INSERT INTO items (id, venue_id, name) VALUES (27703, 14367, 'Product16199');
INSERT INTO products (id, item_id, price) VALUES (16199, 27703, 4);
INSERT INTO items (id, venue_id, name) VALUES (27705, 14367, 'Product16200');
INSERT INTO products (id, item_id, price) VALUES (16200, 27705, 0);
INSERT INTO items (id, venue_id, name) VALUES (27707, 14367, 'Product16202');
INSERT INTO products (id, item_id, price) VALUES (16202, 27707, 0);
INSERT INTO items (id, venue_id, name) VALUES (27709, 14367, 'Product16204');
INSERT INTO products (id, item_id, price) VALUES (16204, 27709, 0);
INSERT INTO items (id, venue_id, name) VALUES (27711, 14367, 'Product16206');
INSERT INTO products (id, item_id, price) VALUES (16206, 27711, 0);
INSERT INTO items (id, venue_id, name) VALUES (27741, 14367, 'Space21514');
INSERT INTO spaces (id, item_id, hour_price) VALUES (21514, 27741, 25);
INSERT INTO venues (id, name) VALUES (14373, 'Venue14373');
INSERT INTO items (id, venue_id, name) VALUES (27692, 14373, 'Space21491');
INSERT INTO spaces (id, item_id, hour_price) VALUES (21491, 27692, 0);
INSERT INTO items (id, venue_id, name) VALUES (27694, 14373, 'Space21492');
INSERT INTO spaces (id, item_id, hour_price) VALUES (21492, 27694, 0);
INSERT INTO items (id, venue_id, name) VALUES (27696, 14373, 'Space21493');
INSERT INTO spaces (id, item_id, hour_price) VALUES (21493, 27696, 0);
INSERT INTO items (id, venue_id, name) VALUES (27698, 14373, 'Space21494');
INSERT INTO spaces (id, item_id, hour_price) VALUES (21494, 27698, 0);
INSERT INTO items (id, venue_id, name) VALUES (27699, 14373, 'Space21495');
INSERT INTO spaces (id, item_id, hour_price) VALUES (21495, 27699, 0);
INSERT INTO items (id, venue_id, name) VALUES (27701, 14373, 'Space21496');
INSERT INTO spaces (id, item_id, hour_price) VALUES (21496, 27701, 0);
INSERT INTO items (id, venue_id, name) VALUES (27704, 14373, 'Space21497');
INSERT INTO spaces (id, item_id, hour_price) VALUES (21497, 27704, 25);
INSERT INTO items (id, venue_id, name) VALUES (27706, 14373, 'Product16201');
INSERT INTO products (id, item_id, price) VALUES (16201, 27706, 8.5);
INSERT INTO items (id, venue_id, name) VALUES (27708, 14373, 'Product16203');
INSERT INTO products (id, item_id, price) VALUES (16203, 27708, 20);
INSERT INTO items (id, venue_id, name) VALUES (27710, 14373, 'Product16205');
INSERT INTO products (id, item_id, price) VALUES (16205, 27710, 15);
INSERT INTO items (id, venue_id, name) VALUES (27712, 14373, 'Product16207');
INSERT INTO products (id, item_id, price) VALUES (16207, 27712, 5);
INSERT INTO items (id, venue_id, name) VALUES (27713, 14373, 'Product16208');
INSERT INTO products (id, item_id, price) VALUES (16208, 27713, 8);
INSERT INTO items (id, venue_id, name) VALUES (27759, 14373, 'Product16230');
INSERT INTO products (id, item_id, price) VALUES (16230, 27759, 20);
INSERT INTO items (id, venue_id, name) VALUES (27760, 14373, 'Product16231');
INSERT INTO products (id, item_id, price) VALUES (16231, 27760, 0);
INSERT INTO items (id, venue_id, name) VALUES (27761, 14373, 'Product16232');
INSERT INTO products (id, item_id, price) VALUES (16232, 27761, 0);
INSERT INTO items (id, venue_id, name) VALUES (27795, 14373, 'Space21536');
INSERT INTO spaces (id, item_id, hour_price) VALUES (21536, 27795, 15);
INSERT INTO venues (id, name) VALUES (14379, 'Venue14379');
INSERT INTO items (id, venue_id, name) VALUES (27714, 14379, 'Space21498');
INSERT INTO spaces (id, item_id, hour_price) VALUES (21498, 27714, 0);
INSERT INTO items (id, venue_id, name) VALUES (27715, 14379, 'Space21499');
INSERT INTO spaces (id, item_id, hour_price) VALUES (21499, 27715, 0);
INSERT INTO items (id, venue_id, name) VALUES (27716, 14379, 'Space21500');
INSERT INTO spaces (id, item_id, hour_price) VALUES (21500, 27716, 0);
INSERT INTO items (id, venue_id, name) VALUES (27717, 14379, 'Space21501');
INSERT INTO spaces (id, item_id, hour_price) VALUES (21501, 27717, 0);
INSERT INTO items (id, venue_id, name) VALUES (27718, 14379, 'Space21502');
INSERT INTO spaces (id, item_id, hour_price) VALUES (21502, 27718, 0);
INSERT INTO items (id, venue_id, name) VALUES (27719, 14379, 'Space21503');
INSERT INTO spaces (id, item_id, hour_price) VALUES (21503, 27719, 0);
INSERT INTO items (id, venue_id, name) VALUES (27720, 14379, 'Space21504');
INSERT INTO spaces (id, item_id, hour_price) VALUES (21504, 27720, 17);
INSERT INTO items (id, venue_id, name) VALUES (28485, 14379, 'Space21815');
INSERT INTO spaces (id, item_id, hour_price) VALUES (21815, 28485, 5);
INSERT INTO venues (id, name) VALUES (14384, 'Venue14384');
INSERT INTO items (id, venue_id, name) VALUES (27721, 14384, 'Space21505');
INSERT INTO spaces (id, item_id, hour_price) VALUES (21505, 27721, 0);
INSERT INTO items (id, venue_id, name) VALUES (27722, 14384, 'Space21506');
INSERT INTO spaces (id, item_id, hour_price) VALUES (21506, 27722, 0);
INSERT INTO items (id, venue_id, name) VALUES (27723, 14384, 'Space21507');
INSERT INTO spaces (id, item_id, hour_price) VALUES (21507, 27723, 0);
INSERT INTO items (id, venue_id, name) VALUES (27724, 14384, 'Space21508');
INSERT INTO spaces (id, item_id, hour_price) VALUES (21508, 27724, 0);
INSERT INTO items (id, venue_id, name) VALUES (27725, 14384, 'Space21509');
INSERT INTO spaces (id, item_id, hour_price) VALUES (21509, 27725, 0);
INSERT INTO items (id, venue_id, name) VALUES (27726, 14384, 'Space21510');
INSERT INTO spaces (id, item_id, hour_price) VALUES (21510, 27726, 0);
INSERT INTO items (id, venue_id, name) VALUES (27727, 14384, 'Space21511');
INSERT INTO spaces (id, item_id, hour_price) VALUES (21511, 27727, 10);
INSERT INTO items (id, venue_id, name) VALUES (27728, 14384, 'Space21512');
INSERT INTO spaces (id, item_id, hour_price) VALUES (21512, 27728, 10);
INSERT INTO items (id, venue_id, name) VALUES (27730, 14384, 'Product16209');
INSERT INTO products (id, item_id, price) VALUES (16209, 27730, 0);
INSERT INTO items (id, venue_id, name) VALUES (27731, 14384, 'Product16210');
INSERT INTO products (id, item_id, price) VALUES (16210, 27731, 0);
INSERT INTO items (id, venue_id, name) VALUES (27732, 14384, 'Product16211');
INSERT INTO products (id, item_id, price) VALUES (16211, 27732, 0);
INSERT INTO items (id, venue_id, name) VALUES (27733, 14384, 'Product16212');
INSERT INTO products (id, item_id, price) VALUES (16212, 27733, 0);
INSERT INTO items (id, venue_id, name) VALUES (27734, 14384, 'Product16213');
INSERT INTO products (id, item_id, price) VALUES (16213, 27734, 0);
INSERT INTO items (id, venue_id, name) VALUES (27735, 14384, 'Product16214');
INSERT INTO products (id, item_id, price) VALUES (16214, 27735, 0);
INSERT INTO items (id, venue_id, name) VALUES (27736, 14384, 'Product16215');
INSERT INTO products (id, item_id, price) VALUES (16215, 27736, 0);
INSERT INTO items (id, venue_id, name) VALUES (27737, 14384, 'Product16216');
INSERT INTO products (id, item_id, price) VALUES (16216, 27737, 0);
INSERT INTO items (id, venue_id, name) VALUES (27738, 14384, 'Product16217');
INSERT INTO products (id, item_id, price) VALUES (16217, 27738, 0);
INSERT INTO items (id, venue_id, name) VALUES (27739, 14384, 'Product16218');
INSERT INTO products (id, item_id, price) VALUES (16218, 27739, 0);
INSERT INTO items (id, venue_id, name) VALUES (27740, 14384, 'Product16219');
INSERT INTO products (id, item_id, price) VALUES (16219, 27740, 0);
INSERT INTO venues (id, name) VALUES (14390, 'Venue14390');
INSERT INTO items (id, venue_id, name) VALUES (27746, 14390, 'Space21515');
INSERT INTO spaces (id, item_id, hour_price) VALUES (21515, 27746, 0);
INSERT INTO items (id, venue_id, name) VALUES (27747, 14390, 'Space21516');
INSERT INTO spaces (id, item_id, hour_price) VALUES (21516, 27747, 0);
INSERT INTO items (id, venue_id, name) VALUES (27748, 14390, 'Space21517');
INSERT INTO spaces (id, item_id, hour_price) VALUES (21517, 27748, 0);
INSERT INTO items (id, venue_id, name) VALUES (27749, 14390, 'Space21518');
INSERT INTO spaces (id, item_id, hour_price) VALUES (21518, 27749, 0);
INSERT INTO items (id, venue_id, name) VALUES (27750, 14390, 'Space21519');
INSERT INTO spaces (id, item_id, hour_price) VALUES (21519, 27750, 0);
INSERT INTO items (id, venue_id, name) VALUES (27752, 14390, 'Space21520');
INSERT INTO spaces (id, item_id, hour_price) VALUES (21520, 27752, 0);
INSERT INTO items (id, venue_id, name) VALUES (27753, 14390, 'Space21521');
INSERT INTO spaces (id, item_id, hour_price) VALUES (21521, 27753, 15);
INSERT INTO items (id, venue_id, name) VALUES (27754, 14390, 'Product16225');
INSERT INTO products (id, item_id, price) VALUES (16225, 27754, 7.5);
INSERT INTO items (id, venue_id, name) VALUES (27755, 14390, 'Product16226');
INSERT INTO products (id, item_id, price) VALUES (16226, 27755, 9.99);
INSERT INTO items (id, venue_id, name) VALUES (27756, 14390, 'Product16227');
INSERT INTO products (id, item_id, price) VALUES (16227, 27756, 24.99);
INSERT INTO items (id, venue_id, name) VALUES (27757, 14390, 'Product16228');
INSERT INTO products (id, item_id, price) VALUES (16228, 27757, 4.99);
INSERT INTO items (id, venue_id, name) VALUES (27758, 14390, 'Product16229');
INSERT INTO products (id, item_id, price) VALUES (16229, 27758, 9.99);
INSERT INTO venues (id, name) VALUES (14391, 'Venue14391');
INSERT INTO items (id, venue_id, name) VALUES (27764, 14391, 'Space21522');
INSERT INTO spaces (id, item_id, hour_price) VALUES (21522, 27764, 0);
INSERT INTO items (id, venue_id, name) VALUES (27765, 14391, 'Space21523');
INSERT INTO spaces (id, item_id, hour_price) VALUES (21523, 27765, 0);
INSERT INTO items (id, venue_id, name) VALUES (27766, 14391, 'Space21524');
INSERT INTO spaces (id, item_id, hour_price) VALUES (21524, 27766, 0);
INSERT INTO items (id, venue_id, name) VALUES (27767, 14391, 'Space21525');
INSERT INTO spaces (id, item_id, hour_price) VALUES (21525, 27767, 0);
INSERT INTO items (id, venue_id, name) VALUES (27768, 14391, 'Space21526');
INSERT INTO spaces (id, item_id, hour_price) VALUES (21526, 27768, 0);
INSERT INTO items (id, venue_id, name) VALUES (27769, 14391, 'Space21527');
INSERT INTO spaces (id, item_id, hour_price) VALUES (21527, 27769, 0);
INSERT INTO items (id, venue_id, name) VALUES (27770, 14391, 'Space21528');
INSERT INTO spaces (id, item_id, hour_price) VALUES (21528, 27770, 20);
INSERT INTO venues (id, name) VALUES (14397, 'Venue14397');
INSERT INTO items (id, venue_id, name) VALUES (27771, 14397, 'Space21529');
INSERT INTO spaces (id, item_id, hour_price) VALUES (21529, 27771, 0);
INSERT INTO items (id, venue_id, name) VALUES (27772, 14397, 'Space21530');
INSERT INTO spaces (id, item_id, hour_price) VALUES (21530, 27772, 0);
INSERT INTO items (id, venue_id, name) VALUES (27773, 14397, 'Space21531');
INSERT INTO spaces (id, item_id, hour_price) VALUES (21531, 27773, 0);
INSERT INTO items (id, venue_id, name) VALUES (27774, 14397, 'Space21532');
INSERT INTO spaces (id, item_id, hour_price) VALUES (21532, 27774, 0);
INSERT INTO items (id, venue_id, name) VALUES (27775, 14397, 'Space21533');
INSERT INTO spaces (id, item_id, hour_price) VALUES (21533, 27775, 0);
INSERT INTO items (id, venue_id, name) VALUES (27776, 14397, 'Space21534');
INSERT INTO spaces (id, item_id, hour_price) VALUES (21534, 27776, 0);
INSERT INTO items (id, venue_id, name) VALUES (27777, 14397, 'Space21535');
INSERT INTO spaces (id, item_id, hour_price) VALUES (21535, 27777, 15);
INSERT INTO items (id, venue_id, name) VALUES (27778, 14397, 'Product16235');
INSERT INTO products (id, item_id, price) VALUES (16235, 27778, 0);
INSERT INTO items (id, venue_id, name) VALUES (27779, 14397, 'Product16236');
INSERT INTO products (id, item_id, price) VALUES (16236, 27779, 0);
INSERT INTO items (id, venue_id, name) VALUES (27780, 14397, 'Product16237');
INSERT INTO products (id, item_id, price) VALUES (16237, 27780, 0);
INSERT INTO items (id, venue_id, name) VALUES (27781, 14397, 'Product16238');
INSERT INTO products (id, item_id, price) VALUES (16238, 27781, 0);
INSERT INTO items (id, venue_id, name) VALUES (27782, 14397, 'Product16239');
INSERT INTO products (id, item_id, price) VALUES (16239, 27782, 0);
INSERT INTO items (id, venue_id, name) VALUES (27783, 14397, 'Product16240');
INSERT INTO products (id, item_id, price) VALUES (16240, 27783, 0);
INSERT INTO items (id, venue_id, name) VALUES (27784, 14397, 'Product16241');
INSERT INTO products (id, item_id, price) VALUES (16241, 27784, 0);
INSERT INTO items (id, venue_id, name) VALUES (27785, 14397, 'Product16242');
INSERT INTO products (id, item_id, price) VALUES (16242, 27785, 0);
INSERT INTO items (id, venue_id, name) VALUES (27786, 14397, 'Product16243');
INSERT INTO products (id, item_id, price) VALUES (16243, 27786, 0);
INSERT INTO items (id, venue_id, name) VALUES (27787, 14397, 'Product16244');
INSERT INTO products (id, item_id, price) VALUES (16244, 27787, 0);
INSERT INTO items (id, venue_id, name) VALUES (27788, 14397, 'Product16245');
INSERT INTO products (id, item_id, price) VALUES (16245, 27788, 0);
INSERT INTO items (id, venue_id, name) VALUES (27789, 14397, 'Product16246');
INSERT INTO products (id, item_id, price) VALUES (16246, 27789, 0);
INSERT INTO items (id, venue_id, name) VALUES (27790, 14397, 'Product16247');
INSERT INTO products (id, item_id, price) VALUES (16247, 27790, 0);
INSERT INTO items (id, venue_id, name) VALUES (27791, 14397, 'Product16248');
INSERT INTO products (id, item_id, price) VALUES (16248, 27791, 0);
INSERT INTO items (id, venue_id, name) VALUES (27792, 14397, 'Product16249');
INSERT INTO products (id, item_id, price) VALUES (16249, 27792, 0);
INSERT INTO items (id, venue_id, name) VALUES (27793, 14397, 'Product16250');
INSERT INTO products (id, item_id, price) VALUES (16250, 27793, 0);
INSERT INTO items (id, venue_id, name) VALUES (27883, 14397, 'Space21575');
INSERT INTO spaces (id, item_id, hour_price) VALUES (21575, 27883, 50);
INSERT INTO items (id, venue_id, name) VALUES (27885, 14397, 'Space21577');
INSERT INTO spaces (id, item_id, hour_price) VALUES (21577, 27885, 15);
INSERT INTO items (id, venue_id, name) VALUES (27886, 14397, 'Space21578');
INSERT INTO spaces (id, item_id, hour_price) VALUES (21578, 27886, 15);
INSERT INTO venues (id, name) VALUES (14403, 'Venue14403');
INSERT INTO items (id, venue_id, name) VALUES (27796, 14403, 'Space21537');
INSERT INTO spaces (id, item_id, hour_price) VALUES (21537, 27796, 0);
INSERT INTO items (id, venue_id, name) VALUES (27797, 14403, 'Space21538');
INSERT INTO spaces (id, item_id, hour_price) VALUES (21538, 27797, 0);
INSERT INTO items (id, venue_id, name) VALUES (27798, 14403, 'Space21539');
INSERT INTO spaces (id, item_id, hour_price) VALUES (21539, 27798, 0);
INSERT INTO items (id, venue_id, name) VALUES (27799, 14403, 'Space21540');
INSERT INTO spaces (id, item_id, hour_price) VALUES (21540, 27799, 0);
INSERT INTO items (id, venue_id, name) VALUES (27800, 14403, 'Space21541');
INSERT INTO spaces (id, item_id, hour_price) VALUES (21541, 27800, 0);
INSERT INTO items (id, venue_id, name) VALUES (27801, 14403, 'Space21542');
INSERT INTO spaces (id, item_id, hour_price) VALUES (21542, 27801, 0);
INSERT INTO items (id, venue_id, name) VALUES (27802, 14403, 'Space21543');
INSERT INTO spaces (id, item_id, hour_price) VALUES (21543, 27802, 12);
INSERT INTO items (id, venue_id, name) VALUES (27803, 14403, 'Space21544');
INSERT INTO spaces (id, item_id, hour_price) VALUES (21544, 27803, 0);
INSERT INTO items (id, venue_id, name) VALUES (27804, 14403, 'Product16252');
INSERT INTO products (id, item_id, price) VALUES (16252, 27804, 1.2);
INSERT INTO items (id, venue_id, name) VALUES (27805, 14403, 'Product16253');
INSERT INTO products (id, item_id, price) VALUES (16253, 27805, 1.2);
INSERT INTO items (id, venue_id, name) VALUES (27806, 14403, 'Product16254');
INSERT INTO products (id, item_id, price) VALUES (16254, 27806, 25);
INSERT INTO items (id, venue_id, name) VALUES (27807, 14403, 'Product16255');
INSERT INTO products (id, item_id, price) VALUES (16255, 27807, 4.5);
INSERT INTO items (id, venue_id, name) VALUES (27808, 14403, 'Product16256');
INSERT INTO products (id, item_id, price) VALUES (16256, 27808, 12.5);
INSERT INTO items (id, venue_id, name) VALUES (27820, 14403, 'Product16260');
INSERT INTO products (id, item_id, price) VALUES (16260, 27820, 6);
INSERT INTO items (id, venue_id, name) VALUES (27821, 14403, 'Product16261');
INSERT INTO products (id, item_id, price) VALUES (16261, 27821, 13.5);
INSERT INTO items (id, venue_id, name) VALUES (27822, 14403, 'Product16262');
INSERT INTO products (id, item_id, price) VALUES (16262, 27822, 28);
INSERT INTO items (id, venue_id, name) VALUES (27882, 14403, 'Space21574');
INSERT INTO spaces (id, item_id, hour_price) VALUES (21574, 27882, 39);
INSERT INTO items (id, venue_id, name) VALUES (27884, 14403, 'Space21576');
INSERT INTO spaces (id, item_id, hour_price) VALUES (21576, 27884, 25);
INSERT INTO venues (id, name) VALUES (14408, 'Venue14408');
INSERT INTO items (id, venue_id, name) VALUES (27809, 14408, 'Space21545');
INSERT INTO spaces (id, item_id, hour_price) VALUES (21545, 27809, 0);
INSERT INTO items (id, venue_id, name) VALUES (27810, 14408, 'Space21546');
INSERT INTO spaces (id, item_id, hour_price) VALUES (21546, 27810, 0);
INSERT INTO items (id, venue_id, name) VALUES (27811, 14408, 'Space21547');
INSERT INTO spaces (id, item_id, hour_price) VALUES (21547, 27811, 0);
INSERT INTO items (id, venue_id, name) VALUES (27812, 14408, 'Space21548');
INSERT INTO spaces (id, item_id, hour_price) VALUES (21548, 27812, 0);
INSERT INTO items (id, venue_id, name) VALUES (27813, 14408, 'Space21549');
INSERT INTO spaces (id, item_id, hour_price) VALUES (21549, 27813, 0);
INSERT INTO items (id, venue_id, name) VALUES (27814, 14408, 'Space21550');
INSERT INTO spaces (id, item_id, hour_price) VALUES (21550, 27814, 0);
INSERT INTO items (id, venue_id, name) VALUES (27815, 14408, 'Space21551');
INSERT INTO spaces (id, item_id, hour_price) VALUES (21551, 27815, 12.5);
INSERT INTO items (id, venue_id, name) VALUES (27816, 14408, 'Space21552');
INSERT INTO spaces (id, item_id, hour_price) VALUES (21552, 27816, 9);
INSERT INTO items (id, venue_id, name) VALUES (27817, 14408, 'Product16257');
INSERT INTO products (id, item_id, price) VALUES (16257, 27817, 7.5);
INSERT INTO items (id, venue_id, name) VALUES (27818, 14408, 'Product16258');
INSERT INTO products (id, item_id, price) VALUES (16258, 27818, 5);
INSERT INTO items (id, venue_id, name) VALUES (27819, 14408, 'Product16259');
INSERT INTO products (id, item_id, price) VALUES (16259, 27819, 3);
INSERT INTO venues (id, name) VALUES (14412, 'Venue14412');
INSERT INTO items (id, venue_id, name) VALUES (27829, 14412, 'Space21559');
INSERT INTO spaces (id, item_id, hour_price) VALUES (21559, 27829, 0);
INSERT INTO items (id, venue_id, name) VALUES (27830, 14412, 'Space21560');
INSERT INTO spaces (id, item_id, hour_price) VALUES (21560, 27830, 0);
INSERT INTO items (id, venue_id, name) VALUES (27831, 14412, 'Space21561');
INSERT INTO spaces (id, item_id, hour_price) VALUES (21561, 27831, 0);
INSERT INTO items (id, venue_id, name) VALUES (27832, 14412, 'Space21562');
INSERT INTO spaces (id, item_id, hour_price) VALUES (21562, 27832, 0);
INSERT INTO items (id, venue_id, name) VALUES (27833, 14412, 'Space21563');
INSERT INTO spaces (id, item_id, hour_price) VALUES (21563, 27833, 0);
INSERT INTO items (id, venue_id, name) VALUES (27834, 14412, 'Space21564');
INSERT INTO spaces (id, item_id, hour_price) VALUES (21564, 27834, 0);
INSERT INTO items (id, venue_id, name) VALUES (27835, 14412, 'Space21565');
INSERT INTO spaces (id, item_id, hour_price) VALUES (21565, 27835, 37.5);
INSERT INTO items (id, venue_id, name) VALUES (27836, 14412, 'Product16263');
INSERT INTO products (id, item_id, price) VALUES (16263, 27836, 1);
INSERT INTO items (id, venue_id, name) VALUES (27837, 14412, 'Product16264');
INSERT INTO products (id, item_id, price) VALUES (16264, 27837, 1);
INSERT INTO items (id, venue_id, name) VALUES (27838, 14412, 'Product16265');
INSERT INTO products (id, item_id, price) VALUES (16265, 27838, 1);
INSERT INTO items (id, venue_id, name) VALUES (27839, 14412, 'Product16266');
INSERT INTO products (id, item_id, price) VALUES (16266, 27839, 1);
INSERT INTO items (id, venue_id, name) VALUES (27840, 14412, 'Product16267');
INSERT INTO products (id, item_id, price) VALUES (16267, 27840, 1);
INSERT INTO items (id, venue_id, name) VALUES (27841, 14412, 'Product16268');
INSERT INTO products (id, item_id, price) VALUES (16268, 27841, 1);
INSERT INTO items (id, venue_id, name) VALUES (27842, 14412, 'Product16269');
INSERT INTO products (id, item_id, price) VALUES (16269, 27842, 15);
INSERT INTO items (id, venue_id, name) VALUES (27843, 14412, 'Product16270');
INSERT INTO products (id, item_id, price) VALUES (16270, 27843, 30);
INSERT INTO items (id, venue_id, name) VALUES (27844, 14412, 'Product16271');
INSERT INTO products (id, item_id, price) VALUES (16271, 27844, 30);
INSERT INTO items (id, venue_id, name) VALUES (27845, 14412, 'Product16272');
INSERT INTO products (id, item_id, price) VALUES (16272, 27845, 20);
INSERT INTO items (id, venue_id, name) VALUES (27846, 14412, 'Product16273');
INSERT INTO products (id, item_id, price) VALUES (16273, 27846, 20);
INSERT INTO items (id, venue_id, name) VALUES (27847, 14412, 'Product16274');
INSERT INTO products (id, item_id, price) VALUES (16274, 27847, 20);
INSERT INTO items (id, venue_id, name) VALUES (27848, 14412, 'Product16275');
INSERT INTO products (id, item_id, price) VALUES (16275, 27848, 20);
INSERT INTO items (id, venue_id, name) VALUES (27849, 14412, 'Product16276');
INSERT INTO products (id, item_id, price) VALUES (16276, 27849, 10);
INSERT INTO items (id, venue_id, name) VALUES (27850, 14412, 'Product16277');
INSERT INTO products (id, item_id, price) VALUES (16277, 27850, 10);
INSERT INTO items (id, venue_id, name) VALUES (27851, 14412, 'Product16278');
INSERT INTO products (id, item_id, price) VALUES (16278, 27851, 20);
INSERT INTO items (id, venue_id, name) VALUES (27852, 14412, 'Product16279');
INSERT INTO products (id, item_id, price) VALUES (16279, 27852, 20);
INSERT INTO venues (id, name) VALUES (14416, 'Venue14416');
INSERT INTO items (id, venue_id, name) VALUES (27853, 14416, 'Space21566');
INSERT INTO spaces (id, item_id, hour_price) VALUES (21566, 27853, 0);
INSERT INTO items (id, venue_id, name) VALUES (27854, 14416, 'Space21567');
INSERT INTO spaces (id, item_id, hour_price) VALUES (21567, 27854, 0);
INSERT INTO items (id, venue_id, name) VALUES (27855, 14416, 'Space21568');
INSERT INTO spaces (id, item_id, hour_price) VALUES (21568, 27855, 0);
INSERT INTO items (id, venue_id, name) VALUES (27856, 14416, 'Space21569');
INSERT INTO spaces (id, item_id, hour_price) VALUES (21569, 27856, 0);
INSERT INTO items (id, venue_id, name) VALUES (27857, 14416, 'Space21570');
INSERT INTO spaces (id, item_id, hour_price) VALUES (21570, 27857, 0);
INSERT INTO items (id, venue_id, name) VALUES (27858, 14416, 'Space21571');
INSERT INTO spaces (id, item_id, hour_price) VALUES (21571, 27858, 0);
INSERT INTO items (id, venue_id, name) VALUES (27859, 14416, 'Space21572');
INSERT INTO spaces (id, item_id, hour_price) VALUES (21572, 27859, 80);
INSERT INTO items (id, venue_id, name) VALUES (27860, 14416, 'Space21573');
INSERT INTO spaces (id, item_id, hour_price) VALUES (21573, 27860, 80);
INSERT INTO items (id, venue_id, name) VALUES (27861, 14416, 'Product16280');
INSERT INTO products (id, item_id, price) VALUES (16280, 27861, 2.5);
INSERT INTO items (id, venue_id, name) VALUES (27862, 14416, 'Product16281');
INSERT INTO products (id, item_id, price) VALUES (16281, 27862, 2);
INSERT INTO items (id, venue_id, name) VALUES (27866, 14416, 'Product16285');
INSERT INTO products (id, item_id, price) VALUES (16285, 27866, 10);
INSERT INTO items (id, venue_id, name) VALUES (27867, 14416, 'Product16286');
INSERT INTO products (id, item_id, price) VALUES (16286, 27867, 50);
INSERT INTO items (id, venue_id, name) VALUES (27870, 14416, 'Product16289');
INSERT INTO products (id, item_id, price) VALUES (16289, 27870, 10);
INSERT INTO items (id, venue_id, name) VALUES (27871, 14416, 'Product16290');
INSERT INTO products (id, item_id, price) VALUES (16290, 27871, 30);
INSERT INTO items (id, venue_id, name) VALUES (27872, 14416, 'Product16291');
INSERT INTO products (id, item_id, price) VALUES (16291, 27872, 10);
INSERT INTO items (id, venue_id, name) VALUES (27873, 14416, 'Product16292');
INSERT INTO products (id, item_id, price) VALUES (16292, 27873, 30);
INSERT INTO items (id, venue_id, name) VALUES (27874, 14416, 'Product16293');
INSERT INTO products (id, item_id, price) VALUES (16293, 27874, 5.5);
INSERT INTO items (id, venue_id, name) VALUES (27875, 14416, 'Product16294');
INSERT INTO products (id, item_id, price) VALUES (16294, 27875, 5.5);
INSERT INTO venues (id, name) VALUES (14422, 'Venue14422');
INSERT INTO items (id, venue_id, name) VALUES (27887, 14422, 'Space21579');
INSERT INTO spaces (id, item_id, hour_price) VALUES (21579, 27887, 0);
INSERT INTO items (id, venue_id, name) VALUES (27888, 14422, 'Space21580');
INSERT INTO spaces (id, item_id, hour_price) VALUES (21580, 27888, 0);
INSERT INTO items (id, venue_id, name) VALUES (27889, 14422, 'Space21581');
INSERT INTO spaces (id, item_id, hour_price) VALUES (21581, 27889, 0);
INSERT INTO items (id, venue_id, name) VALUES (27890, 14422, 'Space21582');
INSERT INTO spaces (id, item_id, hour_price) VALUES (21582, 27890, 0);
INSERT INTO items (id, venue_id, name) VALUES (27891, 14422, 'Space21583');
INSERT INTO spaces (id, item_id, hour_price) VALUES (21583, 27891, 0);
INSERT INTO items (id, venue_id, name) VALUES (27892, 14422, 'Space21584');
INSERT INTO spaces (id, item_id, hour_price) VALUES (21584, 27892, 0);
INSERT INTO venues (id, name) VALUES (14428, 'Venue14428');
INSERT INTO items (id, venue_id, name) VALUES (27893, 14428, 'Space21585');
INSERT INTO spaces (id, item_id, hour_price) VALUES (21585, 27893, 0);
INSERT INTO items (id, venue_id, name) VALUES (27894, 14428, 'Space21586');
INSERT INTO spaces (id, item_id, hour_price) VALUES (21586, 27894, 0);
INSERT INTO items (id, venue_id, name) VALUES (27895, 14428, 'Space21587');
INSERT INTO spaces (id, item_id, hour_price) VALUES (21587, 27895, 0);
INSERT INTO items (id, venue_id, name) VALUES (27896, 14428, 'Space21588');
INSERT INTO spaces (id, item_id, hour_price) VALUES (21588, 27896, 0);
INSERT INTO items (id, venue_id, name) VALUES (27897, 14428, 'Space21589');
INSERT INTO spaces (id, item_id, hour_price) VALUES (21589, 27897, 0);
INSERT INTO items (id, venue_id, name) VALUES (27898, 14428, 'Space21590');
INSERT INTO spaces (id, item_id, hour_price) VALUES (21590, 27898, 0);
INSERT INTO items (id, venue_id, name) VALUES (27899, 14428, 'Space21591');
INSERT INTO spaces (id, item_id, hour_price) VALUES (21591, 27899, 59);
INSERT INTO venues (id, name) VALUES (14433, 'Venue14433');
INSERT INTO items (id, venue_id, name) VALUES (27900, 14433, 'Space21592');
INSERT INTO spaces (id, item_id, hour_price) VALUES (21592, 27900, 0);
INSERT INTO items (id, venue_id, name) VALUES (27901, 14433, 'Space21593');
INSERT INTO spaces (id, item_id, hour_price) VALUES (21593, 27901, 0);
INSERT INTO items (id, venue_id, name) VALUES (27902, 14433, 'Space21594');
INSERT INTO spaces (id, item_id, hour_price) VALUES (21594, 27902, 0);
INSERT INTO items (id, venue_id, name) VALUES (27903, 14433, 'Space21595');
INSERT INTO spaces (id, item_id, hour_price) VALUES (21595, 27903, 0);
INSERT INTO items (id, venue_id, name) VALUES (27904, 14433, 'Space21596');
INSERT INTO spaces (id, item_id, hour_price) VALUES (21596, 27904, 0);
INSERT INTO items (id, venue_id, name) VALUES (27905, 14433, 'Space21597');
INSERT INTO spaces (id, item_id, hour_price) VALUES (21597, 27905, 0);
INSERT INTO items (id, venue_id, name) VALUES (27906, 14433, 'Space21598');
INSERT INTO spaces (id, item_id, hour_price) VALUES (21598, 27906, 50);
INSERT INTO items (id, venue_id, name) VALUES (27907, 14433, 'Product16301');
INSERT INTO products (id, item_id, price) VALUES (16301, 27907, 29);
INSERT INTO items (id, venue_id, name) VALUES (27908, 14433, 'Product16302');
INSERT INTO products (id, item_id, price) VALUES (16302, 27908, 39);
INSERT INTO items (id, venue_id, name) VALUES (27909, 14433, 'Product16303');
INSERT INTO products (id, item_id, price) VALUES (16303, 27909, 5.5);
INSERT INTO items (id, venue_id, name) VALUES (27910, 14433, 'Product16304');
INSERT INTO products (id, item_id, price) VALUES (16304, 27910, 10.5);
INSERT INTO items (id, venue_id, name) VALUES (28633, 14433, 'Space21903');
INSERT INTO spaces (id, item_id, hour_price) VALUES (21903, 28633, 43);
INSERT INTO items (id, venue_id, name) VALUES (28634, 14433, 'Space21904');
INSERT INTO spaces (id, item_id, hour_price) VALUES (21904, 28634, 40);
INSERT INTO items (id, venue_id, name) VALUES (28635, 14433, 'Space21905');
INSERT INTO spaces (id, item_id, hour_price) VALUES (21905, 28635, 35);
INSERT INTO items (id, venue_id, name) VALUES (28636, 14433, 'Space21906');
INSERT INTO spaces (id, item_id, hour_price) VALUES (21906, 28636, 35);
INSERT INTO items (id, venue_id, name) VALUES (28637, 14433, 'Space21907');
INSERT INTO spaces (id, item_id, hour_price) VALUES (21907, 28637, 35);
INSERT INTO items (id, venue_id, name) VALUES (28638, 14433, 'Space21908');
INSERT INTO spaces (id, item_id, hour_price) VALUES (21908, 28638, 35);
INSERT INTO items (id, venue_id, name) VALUES (28639, 14433, 'Space21909');
INSERT INTO spaces (id, item_id, hour_price) VALUES (21909, 28639, 33);
INSERT INTO items (id, venue_id, name) VALUES (28640, 14433, 'Space21910');
INSERT INTO spaces (id, item_id, hour_price) VALUES (21910, 28640, 33);
INSERT INTO venues (id, name) VALUES (14438, 'Venue14438');
INSERT INTO items (id, venue_id, name) VALUES (27914, 14438, 'Space21602');
INSERT INTO spaces (id, item_id, hour_price) VALUES (21602, 27914, 0);
INSERT INTO items (id, venue_id, name) VALUES (27915, 14438, 'Space21603');
INSERT INTO spaces (id, item_id, hour_price) VALUES (21603, 27915, 0);
INSERT INTO items (id, venue_id, name) VALUES (27916, 14438, 'Space21604');
INSERT INTO spaces (id, item_id, hour_price) VALUES (21604, 27916, 0);
INSERT INTO items (id, venue_id, name) VALUES (27917, 14438, 'Space21605');
INSERT INTO spaces (id, item_id, hour_price) VALUES (21605, 27917, 0);
INSERT INTO items (id, venue_id, name) VALUES (27918, 14438, 'Space21606');
INSERT INTO spaces (id, item_id, hour_price) VALUES (21606, 27918, 0);
INSERT INTO items (id, venue_id, name) VALUES (27919, 14438, 'Space21607');
INSERT INTO spaces (id, item_id, hour_price) VALUES (21607, 27919, 0);
INSERT INTO items (id, venue_id, name) VALUES (27920, 14438, 'Space21608');
INSERT INTO spaces (id, item_id, hour_price) VALUES (21608, 27920, 5);
INSERT INTO items (id, venue_id, name) VALUES (27921, 14438, 'Space21609');
INSERT INTO spaces (id, item_id, hour_price) VALUES (21609, 27921, 25);
INSERT INTO items (id, venue_id, name) VALUES (27922, 14438, 'Space21610');
INSERT INTO spaces (id, item_id, hour_price) VALUES (21610, 27922, 25);
INSERT INTO items (id, venue_id, name) VALUES (27923, 14438, 'Space21611');
INSERT INTO spaces (id, item_id, hour_price) VALUES (21611, 27923, 75);
INSERT INTO items (id, venue_id, name) VALUES (27924, 14438, 'Product16305');
INSERT INTO products (id, item_id, price) VALUES (16305, 27924, 0);
INSERT INTO items (id, venue_id, name) VALUES (27925, 14438, 'Product16306');
INSERT INTO products (id, item_id, price) VALUES (16306, 27925, 0);
INSERT INTO items (id, venue_id, name) VALUES (27926, 14438, 'Product16307');
INSERT INTO products (id, item_id, price) VALUES (16307, 27926, 0);
INSERT INTO items (id, venue_id, name) VALUES (27927, 14438, 'Product16308');
INSERT INTO products (id, item_id, price) VALUES (16308, 27927, 0);
INSERT INTO items (id, venue_id, name) VALUES (27928, 14438, 'Product16309');
INSERT INTO products (id, item_id, price) VALUES (16309, 27928, 0);
INSERT INTO items (id, venue_id, name) VALUES (27929, 14438, 'Product16310');
INSERT INTO products (id, item_id, price) VALUES (16310, 27929, 0);
INSERT INTO items (id, venue_id, name) VALUES (27930, 14438, 'Product16311');
INSERT INTO products (id, item_id, price) VALUES (16311, 27930, 15);
INSERT INTO items (id, venue_id, name) VALUES (27931, 14438, 'Product16312');
INSERT INTO products (id, item_id, price) VALUES (16312, 27931, 0);
INSERT INTO items (id, venue_id, name) VALUES (27932, 14438, 'Product16313');
INSERT INTO products (id, item_id, price) VALUES (16313, 27932, 0);
INSERT INTO items (id, venue_id, name) VALUES (27933, 14438, 'Product16314');
INSERT INTO products (id, item_id, price) VALUES (16314, 27933, 0);
INSERT INTO items (id, venue_id, name) VALUES (27934, 14438, 'Product16315');
INSERT INTO products (id, item_id, price) VALUES (16315, 27934, 0);
INSERT INTO items (id, venue_id, name) VALUES (27935, 14438, 'Product16316');
INSERT INTO products (id, item_id, price) VALUES (16316, 27935, 0);
INSERT INTO items (id, venue_id, name) VALUES (27936, 14438, 'Product16317');
INSERT INTO products (id, item_id, price) VALUES (16317, 27936, 0);
INSERT INTO items (id, venue_id, name) VALUES (27937, 14438, 'Product16318');
INSERT INTO products (id, item_id, price) VALUES (16318, 27937, 150);
INSERT INTO items (id, venue_id, name) VALUES (27938, 14438, 'Product16319');
INSERT INTO products (id, item_id, price) VALUES (16319, 27938, 0);
INSERT INTO items (id, venue_id, name) VALUES (27939, 14438, 'Product16320');
INSERT INTO products (id, item_id, price) VALUES (16320, 27939, 0);
INSERT INTO venues (id, name) VALUES (14443, 'Venue14443');
INSERT INTO items (id, venue_id, name) VALUES (27941, 14443, 'Space21613');
INSERT INTO spaces (id, item_id, hour_price) VALUES (21613, 27941, 0);
INSERT INTO items (id, venue_id, name) VALUES (27942, 14443, 'Space21614');
INSERT INTO spaces (id, item_id, hour_price) VALUES (21614, 27942, 0);
INSERT INTO items (id, venue_id, name) VALUES (27943, 14443, 'Space21615');
INSERT INTO spaces (id, item_id, hour_price) VALUES (21615, 27943, 0);
INSERT INTO items (id, venue_id, name) VALUES (27944, 14443, 'Space21616');
INSERT INTO spaces (id, item_id, hour_price) VALUES (21616, 27944, 0);
INSERT INTO items (id, venue_id, name) VALUES (27945, 14443, 'Space21617');
INSERT INTO spaces (id, item_id, hour_price) VALUES (21617, 27945, 0);
INSERT INTO items (id, venue_id, name) VALUES (27946, 14443, 'Space21618');
INSERT INTO spaces (id, item_id, hour_price) VALUES (21618, 27946, 0);
INSERT INTO items (id, venue_id, name) VALUES (27947, 14443, 'Space21619');
INSERT INTO spaces (id, item_id, hour_price) VALUES (21619, 27947, 12.95);
INSERT INTO items (id, venue_id, name) VALUES (27948, 14443, 'Product16321');
INSERT INTO products (id, item_id, price) VALUES (16321, 27948, 12.95);
INSERT INTO items (id, venue_id, name) VALUES (27949, 14443, 'Product16322');
INSERT INTO products (id, item_id, price) VALUES (16322, 27949, 13.94);
INSERT INTO items (id, venue_id, name) VALUES (27950, 14443, 'Product16323');
INSERT INTO products (id, item_id, price) VALUES (16323, 27950, 45);
INSERT INTO items (id, venue_id, name) VALUES (27951, 14443, 'Product16324');
INSERT INTO products (id, item_id, price) VALUES (16324, 27951, 17.5);
INSERT INTO items (id, venue_id, name) VALUES (27952, 14443, 'Product16325');
INSERT INTO products (id, item_id, price) VALUES (16325, 27952, 2.2);
INSERT INTO items (id, venue_id, name) VALUES (27953, 14443, 'Product16326');
INSERT INTO products (id, item_id, price) VALUES (16326, 27953, 1.95);
INSERT INTO items (id, venue_id, name) VALUES (27954, 14443, 'Product16327');
INSERT INTO products (id, item_id, price) VALUES (16327, 27954, 29);
INSERT INTO venues (id, name) VALUES (14449, 'Venue14449');
INSERT INTO items (id, venue_id, name) VALUES (27959, 14449, 'Space21622');
INSERT INTO spaces (id, item_id, hour_price) VALUES (21622, 27959, 0);
INSERT INTO items (id, venue_id, name) VALUES (27960, 14449, 'Space21623');
INSERT INTO spaces (id, item_id, hour_price) VALUES (21623, 27960, 0);
INSERT INTO items (id, venue_id, name) VALUES (27961, 14449, 'Space21624');
INSERT INTO spaces (id, item_id, hour_price) VALUES (21624, 27961, 0);
INSERT INTO items (id, venue_id, name) VALUES (27962, 14449, 'Space21625');
INSERT INTO spaces (id, item_id, hour_price) VALUES (21625, 27962, 0);
INSERT INTO items (id, venue_id, name) VALUES (27963, 14449, 'Space21626');
INSERT INTO spaces (id, item_id, hour_price) VALUES (21626, 27963, 0);
INSERT INTO items (id, venue_id, name) VALUES (27964, 14449, 'Space21627');
INSERT INTO spaces (id, item_id, hour_price) VALUES (21627, 27964, 0);
INSERT INTO items (id, venue_id, name) VALUES (27965, 14449, 'Space21628');
INSERT INTO spaces (id, item_id, hour_price) VALUES (21628, 27965, 10);
INSERT INTO items (id, venue_id, name) VALUES (27966, 14449, 'Product16330');
INSERT INTO products (id, item_id, price) VALUES (16330, 27966, 0);
INSERT INTO items (id, venue_id, name) VALUES (27967, 14449, 'Product16331');
INSERT INTO products (id, item_id, price) VALUES (16331, 27967, 0);
INSERT INTO items (id, venue_id, name) VALUES (27968, 14449, 'Product16332');
INSERT INTO products (id, item_id, price) VALUES (16332, 27968, 10);
INSERT INTO items (id, venue_id, name) VALUES (27969, 14449, 'Product16333');
INSERT INTO products (id, item_id, price) VALUES (16333, 27969, 0);
INSERT INTO items (id, venue_id, name) VALUES (27970, 14449, 'Product16334');
INSERT INTO products (id, item_id, price) VALUES (16334, 27970, 0);
INSERT INTO venues (id, name) VALUES (14460, 'Venue14460');
INSERT INTO items (id, venue_id, name) VALUES (27976, 14460, 'Space21629');
INSERT INTO spaces (id, item_id, hour_price) VALUES (21629, 27976, 0);
INSERT INTO items (id, venue_id, name) VALUES (27977, 14460, 'Space21630');
INSERT INTO spaces (id, item_id, hour_price) VALUES (21630, 27977, 0);
INSERT INTO items (id, venue_id, name) VALUES (27978, 14460, 'Space21631');
INSERT INTO spaces (id, item_id, hour_price) VALUES (21631, 27978, 0);
INSERT INTO items (id, venue_id, name) VALUES (27979, 14460, 'Space21632');
INSERT INTO spaces (id, item_id, hour_price) VALUES (21632, 27979, 0);
INSERT INTO items (id, venue_id, name) VALUES (27980, 14460, 'Space21633');
INSERT INTO spaces (id, item_id, hour_price) VALUES (21633, 27980, 0);
INSERT INTO items (id, venue_id, name) VALUES (27981, 14460, 'Space21634');
INSERT INTO spaces (id, item_id, hour_price) VALUES (21634, 27981, 0);
INSERT INTO items (id, venue_id, name) VALUES (27982, 14460, 'Space21635');
INSERT INTO spaces (id, item_id, hour_price) VALUES (21635, 27982, 150);
INSERT INTO items (id, venue_id, name) VALUES (27983, 14460, 'Product16340');
INSERT INTO products (id, item_id, price) VALUES (16340, 27983, 7);
INSERT INTO items (id, venue_id, name) VALUES (27984, 14460, 'Product16341');
INSERT INTO products (id, item_id, price) VALUES (16341, 27984, 5);
INSERT INTO items (id, venue_id, name) VALUES (27985, 14460, 'Product16342');
INSERT INTO products (id, item_id, price) VALUES (16342, 27985, 2.7);
INSERT INTO items (id, venue_id, name) VALUES (27986, 14460, 'Product16343');
INSERT INTO products (id, item_id, price) VALUES (16343, 27986, 23);
INSERT INTO items (id, venue_id, name) VALUES (27987, 14460, 'Product16344');
INSERT INTO products (id, item_id, price) VALUES (16344, 27987, 17.5);
INSERT INTO items (id, venue_id, name) VALUES (27988, 14460, 'Product16345');
INSERT INTO products (id, item_id, price) VALUES (16345, 27988, 0);
INSERT INTO items (id, venue_id, name) VALUES (27989, 14460, 'Product16346');
INSERT INTO products (id, item_id, price) VALUES (16346, 27989, 0);
INSERT INTO items (id, venue_id, name) VALUES (27990, 14460, 'Product16347');
INSERT INTO products (id, item_id, price) VALUES (16347, 27990, 0);
INSERT INTO items (id, venue_id, name) VALUES (27991, 14460, 'Product16348');
INSERT INTO products (id, item_id, price) VALUES (16348, 27991, 0);
INSERT INTO items (id, venue_id, name) VALUES (27992, 14460, 'Product16349');
INSERT INTO products (id, item_id, price) VALUES (16349, 27992, 15);
INSERT INTO items (id, venue_id, name) VALUES (27993, 14460, 'Product16350');
INSERT INTO products (id, item_id, price) VALUES (16350, 27993, 25);
INSERT INTO venues (id, name) VALUES (14466, 'Venue14466');
INSERT INTO items (id, venue_id, name) VALUES (28006, 14466, 'Space21644');
INSERT INTO spaces (id, item_id, hour_price) VALUES (21644, 28006, 0);
INSERT INTO items (id, venue_id, name) VALUES (28008, 14466, 'Space21645');
INSERT INTO spaces (id, item_id, hour_price) VALUES (21645, 28008, 0);
INSERT INTO items (id, venue_id, name) VALUES (28010, 14466, 'Space21646');
INSERT INTO spaces (id, item_id, hour_price) VALUES (21646, 28010, 0);
INSERT INTO items (id, venue_id, name) VALUES (28012, 14466, 'Space21647');
INSERT INTO spaces (id, item_id, hour_price) VALUES (21647, 28012, 0);
INSERT INTO items (id, venue_id, name) VALUES (28014, 14466, 'Space21648');
INSERT INTO spaces (id, item_id, hour_price) VALUES (21648, 28014, 0);
INSERT INTO items (id, venue_id, name) VALUES (28016, 14466, 'Space21649');
INSERT INTO spaces (id, item_id, hour_price) VALUES (21649, 28016, 0);
INSERT INTO venues (id, name) VALUES (14537, 'Venue14537');
INSERT INTO items (id, venue_id, name) VALUES (28237, 14537, 'Space21729');
INSERT INTO spaces (id, item_id, hour_price) VALUES (21729, 28237, 0);
INSERT INTO items (id, venue_id, name) VALUES (28239, 14537, 'Space21730');
INSERT INTO spaces (id, item_id, hour_price) VALUES (21730, 28239, 0);
INSERT INTO items (id, venue_id, name) VALUES (28241, 14537, 'Space21731');
INSERT INTO spaces (id, item_id, hour_price) VALUES (21731, 28241, 0);
INSERT INTO items (id, venue_id, name) VALUES (28243, 14537, 'Space21732');
INSERT INTO spaces (id, item_id, hour_price) VALUES (21732, 28243, 0);
INSERT INTO items (id, venue_id, name) VALUES (28245, 14537, 'Space21733');
INSERT INTO spaces (id, item_id, hour_price) VALUES (21733, 28245, 0);
INSERT INTO items (id, venue_id, name) VALUES (28247, 14537, 'Space21734');
INSERT INTO spaces (id, item_id, hour_price) VALUES (21734, 28247, 0);
INSERT INTO items (id, venue_id, name) VALUES (28250, 14537, 'Space21735');
INSERT INTO spaces (id, item_id, hour_price) VALUES (21735, 28250, 170);
INSERT INTO items (id, venue_id, name) VALUES (28252, 14537, 'Space21736');
INSERT INTO spaces (id, item_id, hour_price) VALUES (21736, 28252, 120);
INSERT INTO items (id, venue_id, name) VALUES (28254, 14537, 'Space21737');
INSERT INTO spaces (id, item_id, hour_price) VALUES (21737, 28254, 70);
INSERT INTO items (id, venue_id, name) VALUES (28257, 14537, 'Product16512');
INSERT INTO products (id, item_id, price) VALUES (16512, 28257, 5);
INSERT INTO items (id, venue_id, name) VALUES (28258, 14537, 'Product16513');
INSERT INTO products (id, item_id, price) VALUES (16513, 28258, 15);
INSERT INTO items (id, venue_id, name) VALUES (28260, 14537, 'Product16515');
INSERT INTO products (id, item_id, price) VALUES (16515, 28260, 60);
INSERT INTO items (id, venue_id, name) VALUES (28262, 14537, 'Product16517');
INSERT INTO products (id, item_id, price) VALUES (16517, 28262, 100);
INSERT INTO items (id, venue_id, name) VALUES (28264, 14537, 'Product16519');
INSERT INTO products (id, item_id, price) VALUES (16519, 28264, 45);
INSERT INTO items (id, venue_id, name) VALUES (28266, 14537, 'Product16521');
INSERT INTO products (id, item_id, price) VALUES (16521, 28266, 60);
INSERT INTO items (id, venue_id, name) VALUES (28268, 14537, 'Product16523');
INSERT INTO products (id, item_id, price) VALUES (16523, 28268, 70);
INSERT INTO venues (id, name) VALUES (14579, 'Venue14579');
INSERT INTO items (id, venue_id, name) VALUES (28406, 14579, 'Space21779');
INSERT INTO spaces (id, item_id, hour_price) VALUES (21779, 28406, 0);
INSERT INTO items (id, venue_id, name) VALUES (28407, 14579, 'Space21780');
INSERT INTO spaces (id, item_id, hour_price) VALUES (21780, 28407, 0);
INSERT INTO items (id, venue_id, name) VALUES (28408, 14579, 'Space21781');
INSERT INTO spaces (id, item_id, hour_price) VALUES (21781, 28408, 0);
INSERT INTO items (id, venue_id, name) VALUES (28409, 14579, 'Space21782');
INSERT INTO spaces (id, item_id, hour_price) VALUES (21782, 28409, 0);
INSERT INTO items (id, venue_id, name) VALUES (28410, 14579, 'Space21783');
INSERT INTO spaces (id, item_id, hour_price) VALUES (21783, 28410, 0);
INSERT INTO items (id, venue_id, name) VALUES (28411, 14579, 'Space21784');
INSERT INTO spaces (id, item_id, hour_price) VALUES (21784, 28411, 0);
INSERT INTO items (id, venue_id, name) VALUES (28412, 14579, 'Space21785');
INSERT INTO spaces (id, item_id, hour_price) VALUES (21785, 28412, 24);
INSERT INTO items (id, venue_id, name) VALUES (28413, 14579, 'Space21786');
INSERT INTO spaces (id, item_id, hour_price) VALUES (21786, 28413, 30);
INSERT INTO items (id, venue_id, name) VALUES (28414, 14579, 'Product16620');
INSERT INTO products (id, item_id, price) VALUES (16620, 28414, 1);
INSERT INTO items (id, venue_id, name) VALUES (28415, 14579, 'Product16621');
INSERT INTO products (id, item_id, price) VALUES (16621, 28415, 1);
INSERT INTO items (id, venue_id, name) VALUES (28416, 14579, 'Product16622');
INSERT INTO products (id, item_id, price) VALUES (16622, 28416, 5);
INSERT INTO items (id, venue_id, name) VALUES (28417, 14579, 'Product16623');
INSERT INTO products (id, item_id, price) VALUES (16623, 28417, 5);
INSERT INTO items (id, venue_id, name) VALUES (28418, 14579, 'Product16624');
INSERT INTO products (id, item_id, price) VALUES (16624, 28418, 15);
INSERT INTO items (id, venue_id, name) VALUES (28419, 14579, 'Product16625');
INSERT INTO products (id, item_id, price) VALUES (16625, 28419, 15);
INSERT INTO items (id, venue_id, name) VALUES (28420, 14579, 'Product16626');
INSERT INTO products (id, item_id, price) VALUES (16626, 28420, 25);
INSERT INTO items (id, venue_id, name) VALUES (28421, 14579, 'Product16627');
INSERT INTO products (id, item_id, price) VALUES (16627, 28421, 25);
INSERT INTO items (id, venue_id, name) VALUES (28422, 14579, 'Product16628');
INSERT INTO products (id, item_id, price) VALUES (16628, 28422, 20);
INSERT INTO venues (id, name) VALUES (14585, 'Venue14585');
INSERT INTO items (id, venue_id, name) VALUES (28423, 14585, 'Space21787');
INSERT INTO spaces (id, item_id, hour_price) VALUES (21787, 28423, 0);
INSERT INTO items (id, venue_id, name) VALUES (28424, 14585, 'Space21788');
INSERT INTO spaces (id, item_id, hour_price) VALUES (21788, 28424, 0);
INSERT INTO items (id, venue_id, name) VALUES (28425, 14585, 'Space21789');
INSERT INTO spaces (id, item_id, hour_price) VALUES (21789, 28425, 0);
INSERT INTO items (id, venue_id, name) VALUES (28426, 14585, 'Space21790');
INSERT INTO spaces (id, item_id, hour_price) VALUES (21790, 28426, 0);
INSERT INTO items (id, venue_id, name) VALUES (28427, 14585, 'Space21791');
INSERT INTO spaces (id, item_id, hour_price) VALUES (21791, 28427, 0);
INSERT INTO items (id, venue_id, name) VALUES (28428, 14585, 'Space21792');
INSERT INTO spaces (id, item_id, hour_price) VALUES (21792, 28428, 0);
INSERT INTO items (id, venue_id, name) VALUES (28429, 14585, 'Space21793');
INSERT INTO spaces (id, item_id, hour_price) VALUES (21793, 28429, 215);
INSERT INTO items (id, venue_id, name) VALUES (28430, 14585, 'Product16629');
INSERT INTO products (id, item_id, price) VALUES (16629, 28430, 10);
INSERT INTO items (id, venue_id, name) VALUES (28431, 14585, 'Product16630');
INSERT INTO products (id, item_id, price) VALUES (16630, 28431, 8.5);
INSERT INTO venues (id, name) VALUES (14590, 'Venue14590');
INSERT INTO items (id, venue_id, name) VALUES (28432, 14590, 'Space21794');
INSERT INTO spaces (id, item_id, hour_price) VALUES (21794, 28432, 0);
INSERT INTO items (id, venue_id, name) VALUES (28433, 14590, 'Space21795');
INSERT INTO spaces (id, item_id, hour_price) VALUES (21795, 28433, 0);
INSERT INTO items (id, venue_id, name) VALUES (28434, 14590, 'Space21796');
INSERT INTO spaces (id, item_id, hour_price) VALUES (21796, 28434, 0);
INSERT INTO items (id, venue_id, name) VALUES (28435, 14590, 'Space21797');
INSERT INTO spaces (id, item_id, hour_price) VALUES (21797, 28435, 0);
INSERT INTO items (id, venue_id, name) VALUES (28436, 14590, 'Space21798');
INSERT INTO spaces (id, item_id, hour_price) VALUES (21798, 28436, 0);
INSERT INTO items (id, venue_id, name) VALUES (28437, 14590, 'Space21799');
INSERT INTO spaces (id, item_id, hour_price) VALUES (21799, 28437, 0);
INSERT INTO items (id, venue_id, name) VALUES (28438, 14590, 'Space21800');
INSERT INTO spaces (id, item_id, hour_price) VALUES (21800, 28438, 50);
INSERT INTO items (id, venue_id, name) VALUES (28439, 14590, 'Product16631');
INSERT INTO products (id, item_id, price) VALUES (16631, 28439, 2.05);
INSERT INTO items (id, venue_id, name) VALUES (28440, 14590, 'Product16632');
INSERT INTO products (id, item_id, price) VALUES (16632, 28440, 2.05);
INSERT INTO items (id, venue_id, name) VALUES (28441, 14590, 'Product16633');
INSERT INTO products (id, item_id, price) VALUES (16633, 28441, 9.9);
INSERT INTO items (id, venue_id, name) VALUES (28442, 14590, 'Product16634');
INSERT INTO products (id, item_id, price) VALUES (16634, 28442, 9.9);
INSERT INTO items (id, venue_id, name) VALUES (28443, 14590, 'Product16635');
INSERT INTO products (id, item_id, price) VALUES (16635, 28443, 4.1);
INSERT INTO items (id, venue_id, name) VALUES (28444, 14590, 'Product16636');
INSERT INTO products (id, item_id, price) VALUES (16636, 28444, 9.9);
INSERT INTO items (id, venue_id, name) VALUES (28445, 14590, 'Product16637');
INSERT INTO products (id, item_id, price) VALUES (16637, 28445, 13.95);
INSERT INTO items (id, venue_id, name) VALUES (28446, 14590, 'Product16638');
INSERT INTO products (id, item_id, price) VALUES (16638, 28446, 0);
INSERT INTO items (id, venue_id, name) VALUES (28447, 14590, 'Product16639');
INSERT INTO products (id, item_id, price) VALUES (16639, 28447, 0);
INSERT INTO items (id, venue_id, name) VALUES (28448, 14590, 'Product16640');
INSERT INTO products (id, item_id, price) VALUES (16640, 28448, 0);
INSERT INTO items (id, venue_id, name) VALUES (28449, 14590, 'Product16641');
INSERT INTO products (id, item_id, price) VALUES (16641, 28449, 0);
INSERT INTO items (id, venue_id, name) VALUES (28450, 14590, 'Product16642');
INSERT INTO products (id, item_id, price) VALUES (16642, 28450, 0);
INSERT INTO items (id, venue_id, name) VALUES (28451, 14590, 'Product16643');
INSERT INTO products (id, item_id, price) VALUES (16643, 28451, 0);
INSERT INTO items (id, venue_id, name) VALUES (28452, 14590, 'Product16644');
INSERT INTO products (id, item_id, price) VALUES (16644, 28452, 2.05);
INSERT INTO items (id, venue_id, name) VALUES (28453, 14590, 'Product16645');
INSERT INTO products (id, item_id, price) VALUES (16645, 28453, 2.25);
INSERT INTO items (id, venue_id, name) VALUES (28454, 14590, 'Product16646');
INSERT INTO products (id, item_id, price) VALUES (16646, 28454, 2.25);
INSERT INTO items (id, venue_id, name) VALUES (28455, 14590, 'Product16647');
INSERT INTO products (id, item_id, price) VALUES (16647, 28455, 2.25);
INSERT INTO items (id, venue_id, name) VALUES (28456, 14590, 'Product16648');
INSERT INTO products (id, item_id, price) VALUES (16648, 28456, 2.05);
INSERT INTO items (id, venue_id, name) VALUES (28457, 14590, 'Product16649');
INSERT INTO products (id, item_id, price) VALUES (16649, 28457, 2.25);
INSERT INTO items (id, venue_id, name) VALUES (28458, 14590, 'Product16650');
INSERT INTO products (id, item_id, price) VALUES (16650, 28458, 2);
INSERT INTO items (id, venue_id, name) VALUES (28459, 14590, 'Product16651');
INSERT INTO products (id, item_id, price) VALUES (16651, 28459, 2.4);
INSERT INTO items (id, venue_id, name) VALUES (28460, 14590, 'Product16652');
INSERT INTO products (id, item_id, price) VALUES (16652, 28460, 2.6);
INSERT INTO items (id, venue_id, name) VALUES (28461, 14590, 'Product16653');
INSERT INTO products (id, item_id, price) VALUES (16653, 28461, 2.4);
INSERT INTO items (id, venue_id, name) VALUES (28462, 14590, 'Product16654');
INSERT INTO products (id, item_id, price) VALUES (16654, 28462, 2);
INSERT INTO items (id, venue_id, name) VALUES (28463, 14590, 'Product16655');
INSERT INTO products (id, item_id, price) VALUES (16655, 28463, 2.7);
INSERT INTO items (id, venue_id, name) VALUES (28464, 14590, 'Product16656');
INSERT INTO products (id, item_id, price) VALUES (16656, 28464, 3);
INSERT INTO items (id, venue_id, name) VALUES (28465, 14590, 'Product16657');
INSERT INTO products (id, item_id, price) VALUES (16657, 28465, 3.5);
INSERT INTO venues (id, name) VALUES (14596, 'Venue14596');
INSERT INTO items (id, venue_id, name) VALUES (28470, 14596, 'Space21801');
INSERT INTO spaces (id, item_id, hour_price) VALUES (21801, 28470, 0);
INSERT INTO items (id, venue_id, name) VALUES (28471, 14596, 'Space21802');
INSERT INTO spaces (id, item_id, hour_price) VALUES (21802, 28471, 0);
INSERT INTO items (id, venue_id, name) VALUES (28472, 14596, 'Space21803');
INSERT INTO spaces (id, item_id, hour_price) VALUES (21803, 28472, 0);
INSERT INTO items (id, venue_id, name) VALUES (28473, 14596, 'Space21804');
INSERT INTO spaces (id, item_id, hour_price) VALUES (21804, 28473, 0);
INSERT INTO items (id, venue_id, name) VALUES (28474, 14596, 'Space21805');
INSERT INTO spaces (id, item_id, hour_price) VALUES (21805, 28474, 0);
INSERT INTO items (id, venue_id, name) VALUES (28475, 14596, 'Space21806');
INSERT INTO spaces (id, item_id, hour_price) VALUES (21806, 28475, 0);
INSERT INTO items (id, venue_id, name) VALUES (28476, 14596, 'Space21807');
INSERT INTO spaces (id, item_id, hour_price) VALUES (21807, 28476, 30);
INSERT INTO venues (id, name) VALUES (14602, 'Venue14602');
INSERT INTO items (id, venue_id, name) VALUES (28477, 14602, 'Space21808');
INSERT INTO spaces (id, item_id, hour_price) VALUES (21808, 28477, 0);
INSERT INTO items (id, venue_id, name) VALUES (28478, 14602, 'Space21809');
INSERT INTO spaces (id, item_id, hour_price) VALUES (21809, 28478, 0);
INSERT INTO items (id, venue_id, name) VALUES (28479, 14602, 'Space21810');
INSERT INTO spaces (id, item_id, hour_price) VALUES (21810, 28479, 0);
INSERT INTO items (id, venue_id, name) VALUES (28480, 14602, 'Space21811');
INSERT INTO spaces (id, item_id, hour_price) VALUES (21811, 28480, 0);
INSERT INTO items (id, venue_id, name) VALUES (28481, 14602, 'Space21812');
INSERT INTO spaces (id, item_id, hour_price) VALUES (21812, 28481, 0);
INSERT INTO items (id, venue_id, name) VALUES (28482, 14602, 'Space21813');
INSERT INTO spaces (id, item_id, hour_price) VALUES (21813, 28482, 0);
INSERT INTO items (id, venue_id, name) VALUES (28483, 14602, 'Space21814');
INSERT INTO spaces (id, item_id, hour_price) VALUES (21814, 28483, 18);
INSERT INTO venues (id, name) VALUES (14609, 'Venue14609');
INSERT INTO items (id, venue_id, name) VALUES (28486, 14609, 'Space21816');
INSERT INTO spaces (id, item_id, hour_price) VALUES (21816, 28486, 0);
INSERT INTO items (id, venue_id, name) VALUES (28487, 14609, 'Space21817');
INSERT INTO spaces (id, item_id, hour_price) VALUES (21817, 28487, 0);
INSERT INTO items (id, venue_id, name) VALUES (28488, 14609, 'Space21818');
INSERT INTO spaces (id, item_id, hour_price) VALUES (21818, 28488, 0);
INSERT INTO items (id, venue_id, name) VALUES (28489, 14609, 'Space21819');
INSERT INTO spaces (id, item_id, hour_price) VALUES (21819, 28489, 0);
INSERT INTO items (id, venue_id, name) VALUES (28490, 14609, 'Space21820');
INSERT INTO spaces (id, item_id, hour_price) VALUES (21820, 28490, 0);
INSERT INTO items (id, venue_id, name) VALUES (28491, 14609, 'Space21821');
INSERT INTO spaces (id, item_id, hour_price) VALUES (21821, 28491, 0);
INSERT INTO items (id, venue_id, name) VALUES (28492, 14609, 'Space21822');
INSERT INTO spaces (id, item_id, hour_price) VALUES (21822, 28492, 30);
INSERT INTO items (id, venue_id, name) VALUES (28493, 14609, 'Product16663');
INSERT INTO products (id, item_id, price) VALUES (16663, 28493, 0);
INSERT INTO items (id, venue_id, name) VALUES (28494, 14609, 'Product16664');
INSERT INTO products (id, item_id, price) VALUES (16664, 28494, 0);
INSERT INTO items (id, venue_id, name) VALUES (28495, 14609, 'Product16665');
INSERT INTO products (id, item_id, price) VALUES (16665, 28495, 0);
INSERT INTO items (id, venue_id, name) VALUES (28496, 14609, 'Product16666');
INSERT INTO products (id, item_id, price) VALUES (16666, 28496, 0);
INSERT INTO items (id, venue_id, name) VALUES (28497, 14609, 'Product16667');
INSERT INTO products (id, item_id, price) VALUES (16667, 28497, 2);
INSERT INTO items (id, venue_id, name) VALUES (28498, 14609, 'Product16668');
INSERT INTO products (id, item_id, price) VALUES (16668, 28498, 6);
INSERT INTO items (id, venue_id, name) VALUES (28499, 14609, 'Product16669');
INSERT INTO products (id, item_id, price) VALUES (16669, 28499, 0);
INSERT INTO items (id, venue_id, name) VALUES (28500, 14609, 'Product16670');
INSERT INTO products (id, item_id, price) VALUES (16670, 28500, 0);
INSERT INTO items (id, venue_id, name) VALUES (28501, 14609, 'Product16671');
INSERT INTO products (id, item_id, price) VALUES (16671, 28501, 0);
INSERT INTO items (id, venue_id, name) VALUES (28502, 14609, 'Product16672');
INSERT INTO products (id, item_id, price) VALUES (16672, 28502, 0);
INSERT INTO items (id, venue_id, name) VALUES (28524, 14609, 'Space21832');
INSERT INTO spaces (id, item_id, hour_price) VALUES (21832, 28524, 2);
INSERT INTO venues (id, name) VALUES (14616, 'Venue14616');
INSERT INTO items (id, venue_id, name) VALUES (28503, 14616, 'Space21823');
INSERT INTO spaces (id, item_id, hour_price) VALUES (21823, 28503, 0);
INSERT INTO items (id, venue_id, name) VALUES (28504, 14616, 'Space21824');
INSERT INTO spaces (id, item_id, hour_price) VALUES (21824, 28504, 0);
INSERT INTO items (id, venue_id, name) VALUES (28505, 14616, 'Space21825');
INSERT INTO spaces (id, item_id, hour_price) VALUES (21825, 28505, 0);
INSERT INTO items (id, venue_id, name) VALUES (28506, 14616, 'Space21826');
INSERT INTO spaces (id, item_id, hour_price) VALUES (21826, 28506, 0);
INSERT INTO items (id, venue_id, name) VALUES (28507, 14616, 'Space21827');
INSERT INTO spaces (id, item_id, hour_price) VALUES (21827, 28507, 0);
INSERT INTO items (id, venue_id, name) VALUES (28508, 14616, 'Space21828');
INSERT INTO spaces (id, item_id, hour_price) VALUES (21828, 28508, 0);
INSERT INTO items (id, venue_id, name) VALUES (28509, 14616, 'Space21829');
INSERT INTO spaces (id, item_id, hour_price) VALUES (21829, 28509, 11.9);
INSERT INTO items (id, venue_id, name) VALUES (28510, 14616, 'Space21830');
INSERT INTO spaces (id, item_id, hour_price) VALUES (21830, 28510, 1);
INSERT INTO items (id, venue_id, name) VALUES (28511, 14616, 'Space21831');
INSERT INTO spaces (id, item_id, hour_price) VALUES (21831, 28511, 41.65);
INSERT INTO items (id, venue_id, name) VALUES (28512, 14616, 'Product16673');
INSERT INTO products (id, item_id, price) VALUES (16673, 28512, 1);
INSERT INTO items (id, venue_id, name) VALUES (28513, 14616, 'Product16674');
INSERT INTO products (id, item_id, price) VALUES (16674, 28513, 10);
INSERT INTO items (id, venue_id, name) VALUES (28514, 14616, 'Product16675');
INSERT INTO products (id, item_id, price) VALUES (16675, 28514, 5);
INSERT INTO items (id, venue_id, name) VALUES (28515, 14616, 'Product16676');
INSERT INTO products (id, item_id, price) VALUES (16676, 28515, 50);
INSERT INTO items (id, venue_id, name) VALUES (28516, 14616, 'Product16677');
INSERT INTO products (id, item_id, price) VALUES (16677, 28516, 0);
INSERT INTO items (id, venue_id, name) VALUES (28517, 14616, 'Product16678');
INSERT INTO products (id, item_id, price) VALUES (16678, 28517, 0);
INSERT INTO items (id, venue_id, name) VALUES (28518, 14616, 'Product16679');
INSERT INTO products (id, item_id, price) VALUES (16679, 28518, 3);
INSERT INTO items (id, venue_id, name) VALUES (28519, 14616, 'Product16680');
INSERT INTO products (id, item_id, price) VALUES (16680, 28519, 30);
INSERT INTO items (id, venue_id, name) VALUES (28520, 14616, 'Product16681');
INSERT INTO products (id, item_id, price) VALUES (16681, 28520, 3);
INSERT INTO items (id, venue_id, name) VALUES (28521, 14616, 'Product16682');
INSERT INTO products (id, item_id, price) VALUES (16682, 28521, 30);
INSERT INTO venues (id, name) VALUES (14627, 'Venue14627');
INSERT INTO items (id, venue_id, name) VALUES (28525, 14627, 'Space21833');
INSERT INTO spaces (id, item_id, hour_price) VALUES (21833, 28525, 0);
INSERT INTO items (id, venue_id, name) VALUES (28526, 14627, 'Space21834');
INSERT INTO spaces (id, item_id, hour_price) VALUES (21834, 28526, 0);
INSERT INTO items (id, venue_id, name) VALUES (28527, 14627, 'Space21835');
INSERT INTO spaces (id, item_id, hour_price) VALUES (21835, 28527, 0);
INSERT INTO items (id, venue_id, name) VALUES (28528, 14627, 'Space21836');
INSERT INTO spaces (id, item_id, hour_price) VALUES (21836, 28528, 0);
INSERT INTO items (id, venue_id, name) VALUES (28529, 14627, 'Space21837');
INSERT INTO spaces (id, item_id, hour_price) VALUES (21837, 28529, 0);
INSERT INTO items (id, venue_id, name) VALUES (28530, 14627, 'Space21838');
INSERT INTO spaces (id, item_id, hour_price) VALUES (21838, 28530, 0);
INSERT INTO items (id, venue_id, name) VALUES (28531, 14627, 'Space21839');
INSERT INTO spaces (id, item_id, hour_price) VALUES (21839, 28531, 107);
INSERT INTO items (id, venue_id, name) VALUES (28545, 14627, 'Product16691');
INSERT INTO products (id, item_id, price) VALUES (16691, 28545, 65);
INSERT INTO items (id, venue_id, name) VALUES (28546, 14627, 'Product16692');
INSERT INTO products (id, item_id, price) VALUES (16692, 28546, 32);
INSERT INTO venues (id, name) VALUES (14633, 'Venue14633');
INSERT INTO items (id, venue_id, name) VALUES (28532, 14633, 'Space21840');
INSERT INTO spaces (id, item_id, hour_price) VALUES (21840, 28532, 0);
INSERT INTO items (id, venue_id, name) VALUES (28533, 14633, 'Space21841');
INSERT INTO spaces (id, item_id, hour_price) VALUES (21841, 28533, 0);
INSERT INTO items (id, venue_id, name) VALUES (28534, 14633, 'Space21842');
INSERT INTO spaces (id, item_id, hour_price) VALUES (21842, 28534, 0);
INSERT INTO items (id, venue_id, name) VALUES (28535, 14633, 'Space21843');
INSERT INTO spaces (id, item_id, hour_price) VALUES (21843, 28535, 0);
INSERT INTO items (id, venue_id, name) VALUES (28536, 14633, 'Space21844');
INSERT INTO spaces (id, item_id, hour_price) VALUES (21844, 28536, 0);
INSERT INTO items (id, venue_id, name) VALUES (28537, 14633, 'Space21845');
INSERT INTO spaces (id, item_id, hour_price) VALUES (21845, 28537, 0);
INSERT INTO items (id, venue_id, name) VALUES (28538, 14633, 'Space21846');
INSERT INTO spaces (id, item_id, hour_price) VALUES (21846, 28538, 40);
INSERT INTO items (id, venue_id, name) VALUES (28539, 14633, 'Product16685');
INSERT INTO products (id, item_id, price) VALUES (16685, 28539, 30);
INSERT INTO items (id, venue_id, name) VALUES (28540, 14633, 'Product16686');
INSERT INTO products (id, item_id, price) VALUES (16686, 28540, 100);
INSERT INTO items (id, venue_id, name) VALUES (28541, 14633, 'Product16687');
INSERT INTO products (id, item_id, price) VALUES (16687, 28541, 15);
INSERT INTO items (id, venue_id, name) VALUES (28542, 14633, 'Product16688');
INSERT INTO products (id, item_id, price) VALUES (16688, 28542, 50);
INSERT INTO items (id, venue_id, name) VALUES (28543, 14633, 'Product16689');
INSERT INTO products (id, item_id, price) VALUES (16689, 28543, 0);
INSERT INTO items (id, venue_id, name) VALUES (28544, 14633, 'Product16690');
INSERT INTO products (id, item_id, price) VALUES (16690, 28544, 0);
INSERT INTO venues (id, name) VALUES (14639, 'Venue14639');
INSERT INTO items (id, venue_id, name) VALUES (28549, 14639, 'Space21847');
INSERT INTO spaces (id, item_id, hour_price) VALUES (21847, 28549, 0);
INSERT INTO items (id, venue_id, name) VALUES (28550, 14639, 'Space21848');
INSERT INTO spaces (id, item_id, hour_price) VALUES (21848, 28550, 0);
INSERT INTO items (id, venue_id, name) VALUES (28551, 14639, 'Space21849');
INSERT INTO spaces (id, item_id, hour_price) VALUES (21849, 28551, 0);
INSERT INTO items (id, venue_id, name) VALUES (28552, 14639, 'Space21850');
INSERT INTO spaces (id, item_id, hour_price) VALUES (21850, 28552, 0);
INSERT INTO items (id, venue_id, name) VALUES (28553, 14639, 'Space21851');
INSERT INTO spaces (id, item_id, hour_price) VALUES (21851, 28553, 0);
INSERT INTO items (id, venue_id, name) VALUES (28554, 14639, 'Space21852');
INSERT INTO spaces (id, item_id, hour_price) VALUES (21852, 28554, 0);
INSERT INTO items (id, venue_id, name) VALUES (28555, 14639, 'Space21853');
INSERT INTO spaces (id, item_id, hour_price) VALUES (21853, 28555, 60);
INSERT INTO items (id, venue_id, name) VALUES (28556, 14639, 'Product16695');
INSERT INTO products (id, item_id, price) VALUES (16695, 28556, 5);
INSERT INTO items (id, venue_id, name) VALUES (28557, 14639, 'Product16696');
INSERT INTO products (id, item_id, price) VALUES (16696, 28557, 15);
INSERT INTO venues (id, name) VALUES (14645, 'Venue14645');
INSERT INTO items (id, venue_id, name) VALUES (28558, 14645, 'Space21854');
INSERT INTO spaces (id, item_id, hour_price) VALUES (21854, 28558, 0);
INSERT INTO items (id, venue_id, name) VALUES (28559, 14645, 'Space21855');
INSERT INTO spaces (id, item_id, hour_price) VALUES (21855, 28559, 0);
INSERT INTO items (id, venue_id, name) VALUES (28560, 14645, 'Space21856');
INSERT INTO spaces (id, item_id, hour_price) VALUES (21856, 28560, 0);
INSERT INTO items (id, venue_id, name) VALUES (28561, 14645, 'Space21857');
INSERT INTO spaces (id, item_id, hour_price) VALUES (21857, 28561, 0);
INSERT INTO items (id, venue_id, name) VALUES (28562, 14645, 'Space21858');
INSERT INTO spaces (id, item_id, hour_price) VALUES (21858, 28562, 0);
INSERT INTO items (id, venue_id, name) VALUES (28563, 14645, 'Space21859');
INSERT INTO spaces (id, item_id, hour_price) VALUES (21859, 28563, 0);
INSERT INTO items (id, venue_id, name) VALUES (28564, 14645, 'Space21860');
INSERT INTO spaces (id, item_id, hour_price) VALUES (21860, 28564, 12.5);
INSERT INTO items (id, venue_id, name) VALUES (28565, 14645, 'Product16697');
INSERT INTO products (id, item_id, price) VALUES (16697, 28565, 20);
INSERT INTO venues (id, name) VALUES (14649, 'Venue14649');
INSERT INTO items (id, venue_id, name) VALUES (28566, 14649, 'Space21861');
INSERT INTO spaces (id, item_id, hour_price) VALUES (21861, 28566, 0);
INSERT INTO items (id, venue_id, name) VALUES (28567, 14649, 'Space21862');
INSERT INTO spaces (id, item_id, hour_price) VALUES (21862, 28567, 0);
INSERT INTO items (id, venue_id, name) VALUES (28568, 14649, 'Space21863');
INSERT INTO spaces (id, item_id, hour_price) VALUES (21863, 28568, 0);
INSERT INTO items (id, venue_id, name) VALUES (28569, 14649, 'Space21864');
INSERT INTO spaces (id, item_id, hour_price) VALUES (21864, 28569, 0);
INSERT INTO items (id, venue_id, name) VALUES (28570, 14649, 'Space21865');
INSERT INTO spaces (id, item_id, hour_price) VALUES (21865, 28570, 0);
INSERT INTO items (id, venue_id, name) VALUES (28571, 14649, 'Space21866');
INSERT INTO spaces (id, item_id, hour_price) VALUES (21866, 28571, 0);
INSERT INTO items (id, venue_id, name) VALUES (28572, 14649, 'Space21867');
INSERT INTO spaces (id, item_id, hour_price) VALUES (21867, 28572, 25);
INSERT INTO items (id, venue_id, name) VALUES (28573, 14649, 'Space21868');
INSERT INTO spaces (id, item_id, hour_price) VALUES (21868, 28573, 50);
INSERT INTO items (id, venue_id, name) VALUES (28574, 14649, 'Product16698');
INSERT INTO products (id, item_id, price) VALUES (16698, 28574, 2);
INSERT INTO items (id, venue_id, name) VALUES (28575, 14649, 'Product16699');
INSERT INTO products (id, item_id, price) VALUES (16699, 28575, 2);
INSERT INTO items (id, venue_id, name) VALUES (28576, 14649, 'Product16700');
INSERT INTO products (id, item_id, price) VALUES (16700, 28576, 20);
INSERT INTO items (id, venue_id, name) VALUES (28577, 14649, 'Product16701');
INSERT INTO products (id, item_id, price) VALUES (16701, 28577, 20);
INSERT INTO items (id, venue_id, name) VALUES (28578, 14649, 'Product16702');
INSERT INTO products (id, item_id, price) VALUES (16702, 28578, 4);
INSERT INTO items (id, venue_id, name) VALUES (28579, 14649, 'Product16703');
INSERT INTO products (id, item_id, price) VALUES (16703, 28579, 8);
INSERT INTO items (id, venue_id, name) VALUES (28580, 14649, 'Product16704');
INSERT INTO products (id, item_id, price) VALUES (16704, 28580, 7.5);
INSERT INTO items (id, venue_id, name) VALUES (28581, 14649, 'Product16705');
INSERT INTO products (id, item_id, price) VALUES (16705, 28581, 5);
INSERT INTO items (id, venue_id, name) VALUES (28582, 14649, 'Product16706');
INSERT INTO products (id, item_id, price) VALUES (16706, 28582, 20);
INSERT INTO items (id, venue_id, name) VALUES (28583, 14649, 'Product16707');
INSERT INTO products (id, item_id, price) VALUES (16707, 28583, 5);
INSERT INTO items (id, venue_id, name) VALUES (28584, 14649, 'Product16708');
INSERT INTO products (id, item_id, price) VALUES (16708, 28584, 20);
INSERT INTO items (id, venue_id, name) VALUES (28585, 14649, 'Product16709');
INSERT INTO products (id, item_id, price) VALUES (16709, 28585, 0);
INSERT INTO items (id, venue_id, name) VALUES (28586, 14649, 'Product16710');
INSERT INTO products (id, item_id, price) VALUES (16710, 28586, 0);
INSERT INTO items (id, venue_id, name) VALUES (28587, 14649, 'Product16711');
INSERT INTO products (id, item_id, price) VALUES (16711, 28587, 0);
INSERT INTO items (id, venue_id, name) VALUES (28588, 14649, 'Product16712');
INSERT INTO products (id, item_id, price) VALUES (16712, 28588, 0);
INSERT INTO items (id, venue_id, name) VALUES (28589, 14649, 'Product16713');
INSERT INTO products (id, item_id, price) VALUES (16713, 28589, 16.5);
INSERT INTO venues (id, name) VALUES (14652, 'Venue14652');
INSERT INTO items (id, venue_id, name) VALUES (28593, 14652, 'Space21872');
INSERT INTO spaces (id, item_id, hour_price) VALUES (21872, 28593, 0);
INSERT INTO items (id, venue_id, name) VALUES (28594, 14652, 'Space21873');
INSERT INTO spaces (id, item_id, hour_price) VALUES (21873, 28594, 0);
INSERT INTO items (id, venue_id, name) VALUES (28595, 14652, 'Space21874');
INSERT INTO spaces (id, item_id, hour_price) VALUES (21874, 28595, 0);
INSERT INTO items (id, venue_id, name) VALUES (28596, 14652, 'Space21875');
INSERT INTO spaces (id, item_id, hour_price) VALUES (21875, 28596, 0);
INSERT INTO items (id, venue_id, name) VALUES (28597, 14652, 'Space21876');
INSERT INTO spaces (id, item_id, hour_price) VALUES (21876, 28597, 0);
INSERT INTO items (id, venue_id, name) VALUES (28598, 14652, 'Space21877');
INSERT INTO spaces (id, item_id, hour_price) VALUES (21877, 28598, 0);
INSERT INTO items (id, venue_id, name) VALUES (28605, 14652, 'Space21884');
INSERT INTO spaces (id, item_id, hour_price) VALUES (21884, 28605, 33);
INSERT INTO items (id, venue_id, name) VALUES (28608, 14652, 'Space21887');
INSERT INTO spaces (id, item_id, hour_price) VALUES (21887, 28608, 25);
INSERT INTO items (id, venue_id, name) VALUES (28609, 14652, 'Space21888');
INSERT INTO spaces (id, item_id, hour_price) VALUES (21888, 28609, 23);
INSERT INTO items (id, venue_id, name) VALUES (28641, 14652, 'Product16723');
INSERT INTO products (id, item_id, price) VALUES (16723, 28641, 39);
INSERT INTO items (id, venue_id, name) VALUES (28642, 14652, 'Product16724');
INSERT INTO products (id, item_id, price) VALUES (16724, 28642, 29);
INSERT INTO items (id, venue_id, name) VALUES (28643, 14652, 'Product16725');
INSERT INTO products (id, item_id, price) VALUES (16725, 28643, 5.5);
INSERT INTO items (id, venue_id, name) VALUES (28644, 14652, 'Product16726');
INSERT INTO products (id, item_id, price) VALUES (16726, 28644, 10.5);
INSERT INTO venues (id, name) VALUES (14658, 'Venue14658');
INSERT INTO items (id, venue_id, name) VALUES (28599, 14658, 'Space21878');
INSERT INTO spaces (id, item_id, hour_price) VALUES (21878, 28599, 0);
INSERT INTO items (id, venue_id, name) VALUES (28600, 14658, 'Space21879');
INSERT INTO spaces (id, item_id, hour_price) VALUES (21879, 28600, 0);
INSERT INTO items (id, venue_id, name) VALUES (28601, 14658, 'Space21880');
INSERT INTO spaces (id, item_id, hour_price) VALUES (21880, 28601, 0);
INSERT INTO items (id, venue_id, name) VALUES (28602, 14658, 'Space21881');
INSERT INTO spaces (id, item_id, hour_price) VALUES (21881, 28602, 0);
INSERT INTO items (id, venue_id, name) VALUES (28603, 14658, 'Space21882');
INSERT INTO spaces (id, item_id, hour_price) VALUES (21882, 28603, 0);
INSERT INTO items (id, venue_id, name) VALUES (28604, 14658, 'Space21883');
INSERT INTO spaces (id, item_id, hour_price) VALUES (21883, 28604, 0);
INSERT INTO items (id, venue_id, name) VALUES (28606, 14658, 'Space21885');
INSERT INTO spaces (id, item_id, hour_price) VALUES (21885, 28606, 18);
INSERT INTO items (id, venue_id, name) VALUES (28607, 14658, 'Space21886');
INSERT INTO spaces (id, item_id, hour_price) VALUES (21886, 28607, 36);
INSERT INTO venues (id, name) VALUES (14662, 'Venue14662');
INSERT INTO items (id, venue_id, name) VALUES (28610, 14662, 'Space21889');
INSERT INTO spaces (id, item_id, hour_price) VALUES (21889, 28610, 0);
INSERT INTO items (id, venue_id, name) VALUES (28611, 14662, 'Space21890');
INSERT INTO spaces (id, item_id, hour_price) VALUES (21890, 28611, 0);
INSERT INTO items (id, venue_id, name) VALUES (28612, 14662, 'Space21891');
INSERT INTO spaces (id, item_id, hour_price) VALUES (21891, 28612, 0);
INSERT INTO items (id, venue_id, name) VALUES (28613, 14662, 'Space21892');
INSERT INTO spaces (id, item_id, hour_price) VALUES (21892, 28613, 0);
INSERT INTO items (id, venue_id, name) VALUES (28614, 14662, 'Space21893');
INSERT INTO spaces (id, item_id, hour_price) VALUES (21893, 28614, 0);
INSERT INTO items (id, venue_id, name) VALUES (28615, 14662, 'Space21894');
INSERT INTO spaces (id, item_id, hour_price) VALUES (21894, 28615, 0);
INSERT INTO items (id, venue_id, name) VALUES (28616, 14662, 'Space21895');
INSERT INTO spaces (id, item_id, hour_price) VALUES (21895, 28616, 5);
INSERT INTO items (id, venue_id, name) VALUES (28617, 14662, 'Product16714');
INSERT INTO products (id, item_id, price) VALUES (16714, 28617, 0);
INSERT INTO items (id, venue_id, name) VALUES (28618, 14662, 'Product16715');
INSERT INTO products (id, item_id, price) VALUES (16715, 28618, 0);
INSERT INTO items (id, venue_id, name) VALUES (28619, 14662, 'Product16716');
INSERT INTO products (id, item_id, price) VALUES (16716, 28619, 0);
INSERT INTO items (id, venue_id, name) VALUES (28620, 14662, 'Product16717');
INSERT INTO products (id, item_id, price) VALUES (16717, 28620, 0);
INSERT INTO items (id, venue_id, name) VALUES (28621, 14662, 'Product16718');
INSERT INTO products (id, item_id, price) VALUES (16718, 28621, 0);
INSERT INTO items (id, venue_id, name) VALUES (28622, 14662, 'Product16719');
INSERT INTO products (id, item_id, price) VALUES (16719, 28622, 5);
INSERT INTO venues (id, name) VALUES (14671, 'Venue14671');
INSERT INTO items (id, venue_id, name) VALUES (28626, 14671, 'Space21896');
INSERT INTO spaces (id, item_id, hour_price) VALUES (21896, 28626, 0);
INSERT INTO items (id, venue_id, name) VALUES (28627, 14671, 'Space21897');
INSERT INTO spaces (id, item_id, hour_price) VALUES (21897, 28627, 0);
INSERT INTO items (id, venue_id, name) VALUES (28628, 14671, 'Space21898');
INSERT INTO spaces (id, item_id, hour_price) VALUES (21898, 28628, 0);
INSERT INTO items (id, venue_id, name) VALUES (28629, 14671, 'Space21899');
INSERT INTO spaces (id, item_id, hour_price) VALUES (21899, 28629, 0);
INSERT INTO items (id, venue_id, name) VALUES (28630, 14671, 'Space21900');
INSERT INTO spaces (id, item_id, hour_price) VALUES (21900, 28630, 0);
INSERT INTO items (id, venue_id, name) VALUES (28631, 14671, 'Space21901');
INSERT INTO spaces (id, item_id, hour_price) VALUES (21901, 28631, 0);
INSERT INTO items (id, venue_id, name) VALUES (28632, 14671, 'Space21902');
INSERT INTO spaces (id, item_id, hour_price) VALUES (21902, 28632, 82);
